,date,open,high,low,close,volume
0,2021-01-01 00:00:00,37.35960000,38.10000000,36.96360000,37.92500000,471487.94300000
1,2021-01-01 04:00:00,37.92400000,38.07650000,37.37810000,37.68120000,307025.59300000
2,2021-01-01 08:00:00,37.68500000,38.95900000,37.34250000,38.39040000,473363.61700000
3,2021-01-01 12:00:00,38.39410000,38.88140000,37.87750000,38.13180000,387627.26900000
4,2021-01-01 16:00:00,38.13180000,38.33970000,36.95550000,37.40000000,525741.43200000
5,2021-01-01 20:00:00,37.40000000,37.98280000,37.08480000,37.77620000,270743.27300000
6,2021-01-02 00:00:00,37.76370000,37.81560000,36.80000000,37.55670000,415731.52700000
7,2021-01-02 04:00:00,37.55660000,37.80000000,37.32300000,37.33120000,263594.95400000
8,2021-01-02 08:00:00,37.33100000,37.50000000,36.93000000,37.31760000,231553.59900000
9,2021-01-02 12:00:00,37.31430000,38.26240000,36.85710000,38.09470000,711423.23800000
10,2021-01-02 16:00:00,38.09470000,38.87980000,37.87120000,38.04170000,818225.38300000
11,2021-01-02 20:00:00,38.04170000,38.36210000,37.10940000,38.23310000,577533.50500000
12,2021-01-03 00:00:00,38.23310000,38.38930000,37.87750000,37.96220000,332695.95600000
13,2021-01-03 04:00:00,37.96590000,38.21750000,37.76300000,38.03920000,514990.34800000
14,2021-01-03 08:00:00,38.03910000,39.86000000,37.95920000,39.84440000,895943.65500000
15,2021-01-03 12:00:00,39.85310000,41.53720000,39.45220000,40.30330000,1694216.31700000
16,2021-01-03 16:00:00,40.31810000,41.67900000,40.07040000,40.31990000,908379.20400000
17,2021-01-03 20:00:00,40.32000000,41.70170000,40.25020000,41.25750000,557401.21700000
18,2021-01-04 00:00:00,41.25600000,42.22330000,41.14630000,41.23060000,1030866.74000000
19,2021-01-04 04:00:00,41.23060000,43.20390000,40.31090000,40.77160000,1076489.98400000
20,2021-01-04 08:00:00,40.76880000,41.19940000,38.02000000,39.05280000,1469215.85000000
21,2021-01-04 12:00:00,39.05280000,40.18800000,38.29000000,39.85150000,678890.87100000
22,2021-01-04 16:00:00,39.85150000,40.14350000,38.81750000,39.91920000,504497.61400000
23,2021-01-04 20:00:00,39.92040000,41.20900000,39.25000000,41.13330000,546287.10700000
24,2021-01-05 00:00:00,41.13000000,41.29850000,39.60010000,39.78810000,826598.10700000
25,2021-01-05 04:00:00,39.78810000,40.17290000,38.80140000,39.65930000,591021.79300000
26,2021-01-05 08:00:00,39.65930000,40.65000000,39.62830000,40.63670000,438969.47500000
27,2021-01-05 12:00:00,40.64000000,40.70000000,39.50080000,40.17910000,392102.48800000
28,2021-01-05 16:00:00,40.17750000,40.50000000,39.68090000,40.33600000,486282.18300000
29,2021-01-05 20:00:00,40.35000000,41.83750000,40.04540000,41.82190000,778167.30000000
30,2021-01-06 00:00:00,41.82710000,41.86750000,40.45310000,40.83960000,520020.02700000
31,2021-01-06 04:00:00,40.83130000,41.45210000,40.55960000,40.89450000,632567.49200000
32,2021-01-06 08:00:00,40.88960000,41.75990000,40.50000000,41.51030000,730327.51700000
33,2021-01-06 12:00:00,41.50650000,42.20000000,41.14220000,41.35700000,630064.54000000
34,2021-01-06 16:00:00,41.36140000,42.18500000,41.01440000,41.02010000,642101.99700000
35,2021-01-06 20:00:00,41.02010000,42.26700000,40.83290000,42.24170000,629363.11400000
36,2021-01-07 00:00:00,42.24400000,42.33990000,41.36800000,42.09460000,719431.81700000
37,2021-01-07 04:00:00,42.09630000,44.90000000,41.58350000,43.13820000,1286458.88500000
38,2021-01-07 08:00:00,43.13830000,44.29340000,42.10040000,43.89460000,834461.78500000
39,2021-01-07 12:00:00,43.89180000,44.43000000,43.54610000,44.35880000,607696.47400000
40,2021-01-07 16:00:00,44.36190000,44.50000000,41.36600000,43.25410000,1018678.38600000
41,2021-01-07 20:00:00,43.25160000,43.80000000,42.66220000,43.57280000,560019.32200000
42,2021-01-08 00:00:00,43.57280000,43.72200000,40.23130000,41.50210000,867950.46100000
43,2021-01-08 04:00:00,41.50900000,42.53010000,41.01800000,42.52130000,513241.03600000
44,2021-01-08 08:00:00,42.52130000,43.50000000,42.10020000,43.08540000,600512.12500000
45,2021-01-08 12:00:00,43.07780000,43.17380000,41.62050000,42.40990000,669077.86000000
46,2021-01-08 16:00:00,42.40400000,42.75700000,41.53010000,41.77940000,469862.21300000
47,2021-01-08 20:00:00,41.77950000,42.45270000,41.00000000,42.35600000,428280.09300000
48,2021-01-09 00:00:00,42.34500000,43.10650000,41.90000000,42.87070000,712912.95400000
49,2021-01-09 04:00:00,42.87070000,42.89740000,41.50000000,41.90390000,418087.04500000
50,2021-01-09 08:00:00,41.90390000,42.99000000,41.65000000,42.74020000,405849.29300000
51,2021-01-09 12:00:00,42.76400000,43.25880000,42.33700000,42.87030000,348031.31100000
52,2021-01-09 16:00:00,42.87030000,43.94760000,42.53120000,43.75810000,456694.85000000
53,2021-01-09 20:00:00,43.74990000,44.05520000,43.30000000,43.84790000,378788.18300000
54,2021-01-10 00:00:00,43.84790000,45.16200000,43.83500000,43.88000000,813895.23300000
55,2021-01-10 04:00:00,43.88640000,44.57020000,43.61400000,44.55020000,625330.28400000
56,2021-01-10 08:00:00,44.54480000,44.76760000,42.46320000,42.55450000,756447.49500000
57,2021-01-10 12:00:00,42.55210000,43.66350000,42.18700000,43.54230000,636871.52500000
58,2021-01-10 16:00:00,43.54230000,43.68960000,41.68760000,42.03300000,704245.57800000
59,2021-01-10 20:00:00,42.08020000,42.72750000,40.00000000,42.40310000,740616.17500000
60,2021-01-11 00:00:00,42.40330000,42.50940000,37.50000000,39.42740000,1312471.91500000
61,2021-01-11 04:00:00,39.42750000,40.24070000,37.80000000,39.24200000,1146702.26800000
62,2021-01-11 08:00:00,39.24780000,40.24510000,38.33150000,38.47730000,723048.38200000
63,2021-01-11 12:00:00,38.49960000,39.08000000,36.16810000,36.41310000,1268564.36600000
64,2021-01-11 16:00:00,36.43890000,37.70760000,35.03740000,36.51140000,1332874.05600000
65,2021-01-11 20:00:00,36.50690000,38.47950000,35.95310000,38.16740000,588938.00700000
66,2021-01-12 00:00:00,38.16230000,38.60850000,37.20520000,38.57750000,496342.40100000
67,2021-01-12 04:00:00,38.57760000,40.19890000,38.05000000,39.68650000,811764.60700000
68,2021-01-12 08:00:00,39.68330000,39.72440000,38.15780000,39.03480000,532148.98000000
69,2021-01-12 12:00:00,39.03580000,39.27680000,37.00000000,38.30820000,559389.00100000
70,2021-01-12 16:00:00,38.30910000,39.17530000,38.28340000,38.67920000,472051.80500000
71,2021-01-12 20:00:00,38.69770000,38.79160000,37.74320000,38.25410000,389565.01600000
72,2021-01-13 00:00:00,38.27030000,38.32180000,37.02000000,38.10120000,717761.13800000
73,2021-01-13 04:00:00,38.10120000,38.45000000,37.44840000,38.30430000,581031.85600000
74,2021-01-13 08:00:00,38.30430000,38.73720000,37.88930000,38.22790000,458538.00500000
75,2021-01-13 12:00:00,38.23960000,38.89080000,38.00260000,38.82900000,414533.80800000
76,2021-01-13 16:00:00,38.82890000,39.58720000,38.65690000,39.44630000,499539.12400000
77,2021-01-13 20:00:00,39.45190000,40.44990000,39.22330000,40.11140000,840685.45400000
78,2021-01-14 00:00:00,40.11140000,41.51620000,39.57390000,39.87810000,1071474.28500000
79,2021-01-14 04:00:00,39.87750000,41.12860000,39.81820000,40.69830000,502411.16700000
80,2021-01-14 08:00:00,40.69610000,41.34740000,40.32550000,41.15880000,362681.10400000
81,2021-01-14 12:00:00,41.15550000,42.00000000,40.72080000,41.62670000,502665.59100000
82,2021-01-14 16:00:00,41.63260000,41.93520000,41.30320000,41.51450000,390487.25100000
83,2021-01-14 20:00:00,41.51340000,41.95000000,40.32090000,41.87230000,476970.53500000
84,2021-01-15 00:00:00,41.87210000,42.56220000,41.09060000,41.41650000,631933.51300000
85,2021-01-15 04:00:00,41.43040000,41.91420000,40.66700000,41.77440000,577588.48000000
86,2021-01-15 08:00:00,41.78670000,41.91950000,41.11980000,41.20190000,388710.32300000
87,2021-01-15 12:00:00,41.20960000,41.45700000,39.50000000,39.87140000,737060.58500000
88,2021-01-15 16:00:00,39.89680000,40.89820000,38.66160000,40.12110000,796609.17900000
89,2021-01-15 20:00:00,40.14040000,41.19600000,39.80630000,40.86680000,299456.85600000
90,2021-01-16 00:00:00,40.89510000,41.67910000,40.85280000,41.65770000,359462.07400000
91,2021-01-16 04:00:00,41.65790000,41.81790000,40.62500000,41.57450000,492814.97300000
92,2021-01-16 08:00:00,41.58730000,43.11620000,41.39440000,43.08310000,567773.43300000
93,2021-01-16 12:00:00,43.08310000,44.12000000,42.38580000,43.81160000,742565.65300000
94,2021-01-16 16:00:00,43.81160000,44.00000000,42.00000000,42.85160000,722327.41000000
95,2021-01-16 20:00:00,42.86300000,43.49340000,41.89160000,43.14200000,358110.87100000
96,2021-01-17 00:00:00,43.14130000,44.38000000,42.27000000,43.24440000,816722.12300000
97,2021-01-17 04:00:00,43.26020000,44.39790000,41.26000000,41.48670000,585562.99100000
98,2021-01-17 08:00:00,41.50380000,42.26420000,40.91920000,42.19410000,452259.95300000
99,2021-01-17 12:00:00,42.19290000,43.60100000,41.34870000,43.46910000,407982.98900000
100,2021-01-17 16:00:00,43.48730000,46.21440000,43.30780000,45.56020000,1038862.92400000
101,2021-01-17 20:00:00,45.56010000,46.72280000,45.45000000,45.86750000,577523.31900000
102,2021-01-18 00:00:00,45.86450000,46.88880000,44.77770000,45.19230000,799198.86000000
103,2021-01-18 04:00:00,45.19380000,46.26770000,45.05560000,46.07860000,540300.88900000
104,2021-01-18 08:00:00,46.07740000,46.50000000,44.13770000,44.74580000,718530.48000000
105,2021-01-18 12:00:00,44.75310000,45.43670000,44.02780000,44.74660000,599422.90600000
106,2021-01-18 16:00:00,44.76230000,44.98000000,44.08000000,44.74210000,236135.00100000
107,2021-01-18 20:00:00,44.74770000,45.39990000,44.56970000,45.34120000,175861.80200000
108,2021-01-19 00:00:00,45.35920000,45.63700000,44.53920000,44.75070000,528334.66200000
109,2021-01-19 04:00:00,44.76000000,45.84440000,44.76000000,45.79680000,587988.86600000
110,2021-01-19 08:00:00,45.82720000,46.00000000,45.43050000,45.97010000,539493.58700000
111,2021-01-19 12:00:00,45.97530000,47.21870000,43.83030000,44.25700000,1588461.17000000
112,2021-01-19 16:00:00,44.27390000,44.49990000,41.70000000,42.52860000,1112959.59900000
113,2021-01-19 20:00:00,42.52260000,43.42640000,41.92000000,42.52410000,794308.98800000
114,2021-01-20 00:00:00,42.52410000,43.09920000,41.24210000,41.34210000,739883.39300000
115,2021-01-20 04:00:00,41.34190000,42.57160000,41.01000000,42.26120000,446327.66400000
116,2021-01-20 08:00:00,42.26070000,42.40000000,40.20000000,40.77050000,778751.76700000
117,2021-01-20 12:00:00,40.77020000,41.80070000,40.26290000,40.96630000,606414.30100000
118,2021-01-20 16:00:00,40.96480000,42.30890000,40.29000000,42.22860000,757500.53400000
119,2021-01-20 20:00:00,42.22860000,42.63270000,41.40730000,42.60690000,381058.83300000
120,2021-01-21 00:00:00,42.60560000,42.71760000,41.20380000,41.65510000,493880.85900000
121,2021-01-21 04:00:00,41.64950000,42.12090000,40.86860000,41.56760000,447054.30600000
122,2021-01-21 08:00:00,41.56570000,41.59980000,39.65720000,39.72110000,739823.62000000
123,2021-01-21 12:00:00,39.72110000,40.72000000,39.05550000,39.71950000,852906.50900000
124,2021-01-21 16:00:00,39.71800000,41.08200000,39.47020000,40.59390000,466657.72700000
125,2021-01-21 20:00:00,40.59380000,40.65920000,38.20000000,38.63430000,460252.22100000
126,2021-01-22 00:00:00,38.65960000,39.33000000,36.85180000,39.31440000,1040461.24500000
127,2021-01-22 04:00:00,39.31440000,39.99900000,39.00000000,39.30720000,372402.75200000
128,2021-01-22 08:00:00,39.30650000,40.72140000,39.00130000,40.44550000,451563.94300000
129,2021-01-22 12:00:00,40.45530000,41.29110000,40.16290000,40.67160000,501901.48500000
130,2021-01-22 16:00:00,40.66880000,41.52800000,40.29190000,41.11070000,416874.80300000
131,2021-01-22 20:00:00,41.10190000,41.18000000,40.01000000,40.89360000,305481.06700000
132,2021-01-23 00:00:00,40.89380000,41.03100000,40.14490000,40.73790000,358544.23900000
133,2021-01-23 04:00:00,40.74040000,41.46760000,40.63710000,41.16520000,558116.90600000
134,2021-01-23 08:00:00,41.18310000,41.88000000,39.71180000,39.83630000,581752.44300000
135,2021-01-23 12:00:00,39.84380000,40.69810000,39.45550000,40.44180000,518304.78900000
136,2021-01-23 16:00:00,40.45460000,41.05410000,40.25000000,40.95190000,262449.60800000
137,2021-01-23 20:00:00,40.95120000,40.99900000,40.23850000,40.91090000,252641.66300000
138,2021-01-24 00:00:00,40.91130000,41.45000000,40.51030000,41.42280000,336759.06300000
139,2021-01-24 04:00:00,41.42280000,42.00000000,41.30050000,41.88850000,557384.40400000
140,2021-01-24 08:00:00,41.88700000,42.20000000,41.77680000,42.06420000,425740.84500000
141,2021-01-24 12:00:00,42.06420000,42.13900000,41.00000000,41.13700000,389075.16200000
142,2021-01-24 16:00:00,41.14610000,41.27900000,40.31440000,40.75700000,393615.32600000
143,2021-01-24 20:00:00,40.76450000,41.87420000,40.70280000,41.82630000,238172.82300000
144,2021-01-25 00:00:00,41.82700000,42.85490000,41.80000000,42.66530000,585359.02700000
145,2021-01-25 04:00:00,42.66530000,42.90000000,41.97280000,42.21110000,358951.55400000
146,2021-01-25 08:00:00,42.20730000,42.65590000,41.67880000,42.52130000,363448.88200000
147,2021-01-25 12:00:00,42.52960000,43.42410000,42.34400000,43.02710000,507204.78800000
148,2021-01-25 16:00:00,43.03420000,43.15000000,41.93770000,41.94230000,395611.60900000
149,2021-01-25 20:00:00,41.95300000,42.01740000,40.53640000,41.83470000,567662.16000000
150,2021-01-26 00:00:00,41.83470000,42.59800000,40.95230000,40.95950000,820741.65300000
151,2021-01-26 04:00:00,40.95950000,41.43470000,40.57970000,40.86510000,298815.29200000
152,2021-01-26 08:00:00,40.87490000,41.51940000,40.12990000,40.52840000,473005.66700000
153,2021-01-26 12:00:00,40.51690000,40.76740000,39.69550000,40.65660000,513909.06500000
154,2021-01-26 16:00:00,40.65440000,41.28570000,40.30260000,41.17940000,356113.03400000
155,2021-01-26 20:00:00,41.18930000,41.99900000,40.86460000,41.83960000,295523.91100000
156,2021-01-27 00:00:00,41.83970000,42.09840000,41.12610000,41.28790000,539014.92200000
157,2021-01-27 04:00:00,41.28800000,41.75000000,40.64350000,41.67330000,308553.10900000
158,2021-01-27 08:00:00,41.67810000,41.87500000,40.38500000,40.70670000,491583.88400000
159,2021-01-27 12:00:00,40.68880000,41.12000000,39.61020000,40.51940000,558540.30000000
160,2021-01-27 16:00:00,40.51920000,40.94190000,39.94330000,40.65980000,403021.10500000
161,2021-01-27 20:00:00,40.66780000,41.41520000,40.54660000,40.88260000,337688.05800000
162,2021-01-28 00:00:00,40.89570000,41.93870000,40.31700000,41.88230000,523749.85600000
163,2021-01-28 04:00:00,41.88230000,42.42000000,41.55550000,41.90880000,442658.41100000
164,2021-01-28 08:00:00,41.91370000,42.77000000,41.84650000,42.25640000,578587.90700000
165,2021-01-28 12:00:00,42.26020000,42.49270000,41.90000000,42.23700000,438691.95500000
166,2021-01-28 16:00:00,42.23700000,42.50430000,41.94950000,42.44900000,431436.77300000
167,2021-01-28 20:00:00,42.45320000,43.08500000,42.26850000,42.52540000,568973.74900000
168,2021-01-29 00:00:00,42.52770000,42.89530000,42.08660000,42.38220000,750214.51500000
169,2021-01-29 04:00:00,42.39650000,42.74990000,41.80170000,42.58660000,499296.59700000
170,2021-01-29 08:00:00,42.58660000,44.00000000,42.10490000,43.77870000,929243.12700000
171,2021-01-29 12:00:00,43.77870000,43.95000000,43.15810000,43.52310000,435320.10000000
172,2021-01-29 16:00:00,43.53430000,43.92000000,42.06400000,42.29500000,490023.44600000
173,2021-01-29 20:00:00,42.31040000,43.05380000,42.00000000,42.86180000,329591.69900000
174,2021-01-30 00:00:00,42.86530000,43.19820000,42.59110000,43.01130000,435163.10800000
175,2021-01-30 04:00:00,43.01020000,43.46840000,42.85760000,43.43920000,412379.18000000
176,2021-01-30 08:00:00,43.44420000,44.01880000,43.33700000,43.85650000,385286.63600000
177,2021-01-30 12:00:00,43.86580000,45.10710000,43.84050000,44.88970000,605593.82600000
178,2021-01-30 16:00:00,44.88800000,44.93000000,43.86300000,44.79510000,549380.20700000
179,2021-01-30 20:00:00,44.79510000,45.06150000,44.56040000,44.78490000,380151.33400000
180,2021-01-31 00:00:00,44.80220000,45.82690000,44.44520000,44.66410000,556210.24300000
181,2021-01-31 04:00:00,44.66900000,45.00000000,43.51270000,44.27350000,338780.34100000
182,2021-01-31 08:00:00,44.28480000,45.24900000,43.90000000,45.15640000,328225.15100000
183,2021-01-31 12:00:00,45.16560000,45.16560000,43.30000000,43.62420000,565181.65200000
184,2021-01-31 16:00:00,43.62380000,44.26380000,43.40000000,44.04780000,365298.95100000
185,2021-01-31 20:00:00,44.04780000,44.41170000,43.44830000,44.32920000,277995.86000000
186,2021-02-01 00:00:00,44.32910000,44.74000000,43.43310000,44.57790000,449214.93600000
187,2021-02-01 04:00:00,44.57790000,46.00000000,44.52410000,45.69430000,544688.65900000
188,2021-02-01 08:00:00,45.69430000,49.70000000,45.53960000,48.82080000,1269255.74400000
189,2021-02-01 12:00:00,48.81880000,50.60000000,47.36150000,48.30880000,2063390.92300000
190,2021-02-01 16:00:00,48.30880000,49.92900000,48.27870000,49.65000000,837761.95600000
191,2021-02-01 20:00:00,49.64120000,52.37360000,48.83670000,51.47810000,930743.19500000
192,2021-02-02 00:00:00,51.47620000,51.74130000,50.06270000,50.18370000,782000.27800000
193,2021-02-02 04:00:00,50.18740000,50.83750000,49.15720000,50.12850000,819428.56100000
194,2021-02-02 08:00:00,50.11240000,53.00000000,50.01920000,52.05060000,1248507.56100000
195,2021-02-02 12:00:00,52.07510000,52.49950000,50.08150000,50.26350000,772844.98800000
196,2021-02-02 16:00:00,50.27930000,50.58410000,49.60000000,50.34560000,490503.75200000
197,2021-02-02 20:00:00,50.34550000,51.40000000,49.86000000,51.00710000,561755.73700000
198,2021-02-03 00:00:00,51.02900000,52.06090000,50.70000000,50.97410000,651260.75000000
199,2021-02-03 04:00:00,50.97410000,51.09800000,50.10000000,50.25930000,405166.80900000
200,2021-02-03 08:00:00,50.25970000,51.29000000,49.78230000,51.08120000,438216.40300000
201,2021-02-03 12:00:00,51.08120000,51.44100000,50.29550000,51.17110000,573467.96100000
202,2021-02-03 16:00:00,51.17100000,51.60000000,50.70000000,51.38970000,447283.59600000
203,2021-02-03 20:00:00,51.38970000,52.70000000,51.01580000,52.12000000,434339.51700000
204,2021-02-04 00:00:00,52.12000000,53.59200000,52.10520000,52.26090000,660448.32100000
205,2021-02-04 04:00:00,52.28210000,53.35000000,52.27130000,52.95640000,502256.44900000
206,2021-02-04 08:00:00,52.96740000,53.67340000,51.25000000,52.77560000,798595.73500000
207,2021-02-04 12:00:00,52.77560000,54.47690000,52.39910000,53.15290000,842443.59400000
208,2021-02-04 16:00:00,53.15300000,56.16190000,53.00000000,56.12840000,579572.38000000
209,2021-02-04 20:00:00,56.12840000,57.05470000,54.65000000,55.95990000,621424.81500000
210,2021-02-05 00:00:00,55.95930000,57.81920000,55.92020000,56.79840000,752427.47700000
211,2021-02-05 04:00:00,56.79870000,58.11000000,56.27090000,57.79490000,512991.78400000
212,2021-02-05 08:00:00,57.79460000,59.92170000,57.02030000,59.54170000,640303.29300000
213,2021-02-05 12:00:00,59.54700000,61.55340000,59.00000000,60.75970000,936000.12200000
214,2021-02-05 16:00:00,60.78940000,62.84630000,59.24350000,62.58940000,836780.89800000
215,2021-02-05 20:00:00,62.57500000,68.73000000,62.21200000,67.70050000,1362041.64900000
216,2021-02-06 00:00:00,67.62170000,67.80540000,61.70000000,65.32510000,1953211.15000000
217,2021-02-06 04:00:00,65.32700000,72.74210000,64.45530000,70.40450000,1476794.60800000
218,2021-02-06 08:00:00,70.40430000,75.50000000,70.38750000,73.94930000,2077075.61300000
219,2021-02-06 12:00:00,73.94810000,75.35000000,71.22620000,71.26270000,1160977.17300000
220,2021-02-06 16:00:00,71.26310000,74.17720000,69.71170000,71.35960000,1076740.31000000
221,2021-02-06 20:00:00,71.35720000,73.41550000,69.60370000,72.83560000,737729.67700000
222,2021-02-07 00:00:00,72.86930000,74.81990000,68.55000000,69.88480000,1325562.24200000
223,2021-02-07 04:00:00,69.88090000,71.45000000,68.00630000,71.31490000,1008782.76900000
224,2021-02-07 08:00:00,71.34930000,71.39040000,69.38190000,70.21140000,868918.02900000
225,2021-02-07 12:00:00,70.21000000,71.01000000,65.00000000,66.74430000,1044007.24200000
226,2021-02-07 16:00:00,66.74840000,68.79560000,64.18030000,67.55530000,1048820.32100000
227,2021-02-07 20:00:00,67.59200000,69.00000000,66.61250000,68.35420000,673817.83900000
228,2021-02-08 00:00:00,68.35500000,70.00000000,67.61520000,69.61640000,1118036.22800000
229,2021-02-08 04:00:00,69.61640000,75.12680000,69.40570000,73.38460000,1436679.30700000
230,2021-02-08 08:00:00,73.41120000,73.41130000,70.84000000,72.44840000,1636594.03500000
231,2021-02-08 12:00:00,72.44700000,75.59970000,71.40000000,73.69200000,1609818.76200000
232,2021-02-08 16:00:00,73.68050000,76.21250000,73.14390000,75.83530000,948612.00300000
233,2021-02-08 20:00:00,75.86470000,79.88230000,74.50000000,79.83740000,1110827.05400000
234,2021-02-09 00:00:00,79.87340000,82.25770000,78.03810000,80.87100000,1356171.82000000
235,2021-02-09 04:00:00,80.87650000,97.00000000,80.82100000,92.47220000,2173189.65500000
236,2021-02-09 08:00:00,92.48790000,95.50000000,90.80230000,94.58770000,1577082.85500000
237,2021-02-09 12:00:00,94.56220000,106.24940000,91.60000000,105.16380000,2993323.59800000
238,2021-02-09 16:00:00,105.17980000,116.24000000,101.22000000,107.74650000,3178737.34700000
239,2021-02-09 20:00:00,107.83990000,112.61950000,104.35350000,107.34690000,1208800.59300000
240,2021-02-10 00:00:00,107.34960000,118.00000000,107.28110000,117.21520000,1448245.66300000
241,2021-02-10 04:00:00,117.28370000,144.00000000,113.25000000,142.68970000,4049372.04500000
242,2021-02-10 08:00:00,142.38400000,148.40000000,132.18000000,133.00490000,3278061.17600000
243,2021-02-10 12:00:00,132.99840000,137.00930000,116.00000000,121.56140000,4936066.13800000
244,2021-02-10 16:00:00,121.56140000,132.94090000,119.75640000,127.70610000,1849498.44600000
245,2021-02-10 20:00:00,127.71380000,130.93960000,120.45120000,128.97110000,1052290.80600000
246,2021-02-11 00:00:00,128.94630000,129.67730000,121.74330000,126.26060000,668736.85400000
247,2021-02-11 04:00:00,126.27290000,130.00000000,121.00000000,122.59090000,876366.83000000
248,2021-02-11 08:00:00,122.55630000,125.59070000,117.72890000,118.52570000,1122804.06300000
249,2021-02-11 12:00:00,118.54000000,132.80000000,118.52620000,126.92520000,1536659.83200000
250,2021-02-11 16:00:00,126.92620000,128.16310000,121.01410000,121.89400000,814677.64100000
251,2021-02-11 20:00:00,121.91070000,125.66030000,120.00000000,124.08500000,901155.03500000
252,2021-02-12 00:00:00,124.11290000,128.00000000,121.84210000,123.71990000,633702.22200000
253,2021-02-12 04:00:00,123.71990000,126.46040000,120.89000000,123.88750000,645974.10000000
254,2021-02-12 08:00:00,123.88760000,131.16000000,123.72840000,131.14610000,863875.45200000
255,2021-02-12 12:00:00,131.16000000,141.32000000,126.41980000,133.90030000,2096477.01400000
256,2021-02-12 16:00:00,133.89550000,138.88000000,133.47800000,135.43520000,863057.84300000
257,2021-02-12 20:00:00,135.41940000,137.00000000,133.21360000,136.61390000,522934.19300000
258,2021-02-13 00:00:00,136.73210000,138.50670000,132.50000000,133.34350000,555547.10600000
259,2021-02-13 04:00:00,133.34640000,134.47510000,130.30000000,130.41150000,450996.21400000
260,2021-02-13 08:00:00,130.48940000,133.53000000,125.00000000,127.60920000,931307.81300000
261,2021-02-13 12:00:00,127.62770000,132.50000000,126.01010000,130.70320000,881889.54800000
262,2021-02-13 16:00:00,130.71570000,133.68380000,129.29110000,133.01060000,496106.05200000
263,2021-02-13 20:00:00,133.01050000,134.90000000,130.20000000,133.34960000,469876.66900000
264,2021-02-14 00:00:00,133.34980000,134.65000000,128.82280000,129.03160000,559837.57400000
265,2021-02-14 04:00:00,128.98570000,132.72840000,128.46150000,130.15700000,465340.61400000
266,2021-02-14 08:00:00,130.10110000,136.09840000,130.03550000,135.98080000,712952.58300000
267,2021-02-14 12:00:00,135.98050000,139.00000000,129.36770000,131.48930000,1420731.04300000
268,2021-02-14 16:00:00,131.58490000,134.96300000,131.14820000,133.61320000,615067.40900000
269,2021-02-14 20:00:00,133.63080000,138.00000000,133.20520000,135.86230000,631578.66200000
270,2021-02-15 00:00:00,135.86230000,139.36900000,118.00000000,126.85390000,1777612.62900000
271,2021-02-15 04:00:00,126.88460000,131.59870000,121.29350000,129.78770000,845347.59500000
272,2021-02-15 08:00:00,129.78610000,133.80000000,127.56420000,132.00000000,649455.25500000
273,2021-02-15 12:00:00,132.00000000,133.14490000,130.00010000,131.40190000,547156.78300000
274,2021-02-15 16:00:00,131.40190000,133.50000000,131.34090000,132.45120000,441126.95900000
275,2021-02-15 20:00:00,132.42620000,133.35940000,128.81360000,130.30300000,512053.58500000
276,2021-02-16 00:00:00,129.94930000,131.98000000,126.00000000,130.80320000,762189.28700000
277,2021-02-16 04:00:00,130.79650000,132.25090000,128.21040000,130.52000000,518569.05900000
278,2021-02-16 08:00:00,130.46900000,133.49250000,128.50000000,130.37640000,570288.63600000
279,2021-02-16 12:00:00,130.40570000,132.01510000,128.43490000,130.38370000,518869.39500000
280,2021-02-16 16:00:00,130.39280000,131.15000000,127.13480000,128.98240000,493185.56900000
281,2021-02-16 20:00:00,128.98200000,130.26220000,126.35240000,130.18300000,395174.76800000
282,2021-02-17 00:00:00,130.18300000,131.16000000,128.07700000,128.82920000,420645.07400000
283,2021-02-17 04:00:00,128.82920000,130.90960000,126.75460000,130.86610000,533021.22500000
284,2021-02-17 08:00:00,130.88950000,145.37840000,129.86250000,140.04530000,1583531.42000000
285,2021-02-17 12:00:00,140.04520000,148.68880000,138.25640000,147.10690000,2292147.46200000
286,2021-02-17 16:00:00,147.19800000,168.95000000,146.91290000,168.93610000,2794025.60300000
287,2021-02-17 20:00:00,168.93610000,175.99970000,159.34160000,165.32330000,2562291.47600000
288,2021-02-18 00:00:00,165.31760000,172.79800000,164.33980000,165.78200000,1287389.92700000
289,2021-02-18 04:00:00,165.82850000,180.60000000,162.79690000,180.02390000,1455606.32300000
290,2021-02-18 08:00:00,179.99990000,196.00000000,179.94980000,186.86270000,3201195.23900000
291,2021-02-18 12:00:00,186.87540000,198.88400000,182.00000000,195.04730000,2558502.91700000
292,2021-02-18 16:00:00,195.17010000,199.88000000,189.40520000,193.70590000,1814825.22400000
293,2021-02-18 20:00:00,193.70930000,198.40000000,190.65000000,195.60000000,909373.74300000
294,2021-02-19 00:00:00,195.55490000,238.00000000,194.92790000,232.04880000,3397201.16800000
295,2021-02-19 04:00:00,231.96640000,284.08000000,226.33880000,261.26430000,4880231.67600000
296,2021-02-19 08:00:00,261.28300000,270.93020000,248.58060000,265.23040000,2370567.57400000
297,2021-02-19 12:00:00,265.23040000,348.69690000,260.00000000,311.77420000,5316252.58800000
298,2021-02-19 16:00:00,311.78990000,330.00000000,277.00000000,325.15170000,2064686.73900000
299,2021-02-19 20:00:00,325.01300000,340.00000000,312.58880000,333.11100000,2159918.45300000
300,2021-02-20 00:00:00,333.22120000,335.00000000,269.14010000,286.69370000,3513018.38200000
301,2021-02-20 04:00:00,286.69110000,306.00000000,280.00000000,292.21770000,1483980.59800000
302,2021-02-20 08:00:00,292.18010000,305.33190000,291.55500000,303.81450000,1352340.18700000
303,2021-02-20 12:00:00,303.84540000,303.86380000,266.11110000,274.05730000,2381139.45600000
304,2021-02-20 16:00:00,274.04810000,288.75850000,270.00000000,272.39510000,1373001.38600000
305,2021-02-20 20:00:00,272.39500000,273.10810000,223.00000000,253.00000000,3394176.23800000
306,2021-02-21 00:00:00,253.01000000,284.12890000,249.70440000,268.67470000,2230673.69300000
307,2021-02-21 04:00:00,268.55260000,270.58070000,252.63750000,256.86660000,1069687.93200000
308,2021-02-21 08:00:00,256.88220000,295.68300000,256.37980000,284.45680000,2467311.82200000
309,2021-02-21 12:00:00,284.47760000,309.49950000,283.02140000,301.59670000,2252863.50100000
310,2021-02-21 16:00:00,301.60500000,302.68920000,286.00040000,298.78490000,1350390.66100000
311,2021-02-21 20:00:00,298.77030000,298.83720000,280.61190000,295.25970000,1275494.69800000
312,2021-02-22 00:00:00,294.91670000,296.00000000,273.32700000,274.25680000,1223438.90900000
313,2021-02-22 04:00:00,274.24150000,283.42920000,267.76520000,277.93940000,1375229.70500000
314,2021-02-22 08:00:00,277.92620000,279.16310000,251.10000000,258.81530000,2141775.05100000
315,2021-02-22 12:00:00,258.88060000,274.45580000,220.50000000,262.75870000,4584908.87000000
316,2021-02-22 16:00:00,262.74830000,268.18480000,241.45730000,259.39540000,1952597.20500000
317,2021-02-22 20:00:00,259.26820000,275.99000000,258.18780000,267.51470000,1326449.66200000
318,2021-02-23 00:00:00,267.17210000,269.44400000,237.00000000,246.98650000,1816422.45900000
319,2021-02-23 04:00:00,246.98910000,252.00000000,228.00000000,231.55790000,2122629.01400000
320,2021-02-23 08:00:00,231.52360000,234.15160000,186.10000000,205.02710000,5403596.96400000
321,2021-02-23 12:00:00,205.02710000,235.00000000,196.37940000,230.42750000,3632946.54400000
322,2021-02-23 16:00:00,230.52490000,235.81980000,205.76800000,205.86860000,1735269.65500000
323,2021-02-23 20:00:00,206.20080000,231.86590000,203.00000000,231.36460000,1168902.92300000
324,2021-02-24 00:00:00,231.36460000,248.49850000,213.02570000,247.39420000,1845711.28900000
325,2021-02-24 04:00:00,247.43790000,256.99880000,235.53440000,253.79770000,2199601.10400000
326,2021-02-24 08:00:00,253.82840000,281.00000000,249.27130000,265.63260000,2850141.59500000
327,2021-02-24 12:00:00,265.63280000,277.53310000,236.18610000,257.35180000,2738779.09000000
328,2021-02-24 16:00:00,257.12680000,261.00000000,241.40000000,243.90210000,1068910.79700000
329,2021-02-24 20:00:00,243.99810000,255.20000000,235.00000000,254.50560000,1074681.31200000
330,2021-02-25 00:00:00,254.38260000,265.40140000,245.32100000,251.65470000,1142477.12400000
331,2021-02-25 04:00:00,251.68070000,254.41750000,241.68920000,247.75060000,931498.86300000
332,2021-02-25 08:00:00,247.75000000,250.25460000,237.62070000,247.88560000,1049209.34500000
333,2021-02-25 12:00:00,247.89870000,265.00000000,245.40010000,254.70660000,1577378.24300000
334,2021-02-25 16:00:00,254.70690000,260.30000000,243.11200000,246.80810000,1098399.63000000
335,2021-02-25 20:00:00,246.80810000,248.29320000,231.50000000,234.91460000,1073029.58900000
336,2021-02-26 00:00:00,234.76050000,236.88990000,219.39920000,228.37940000,1773402.01100000
337,2021-02-26 04:00:00,228.34260000,233.20280000,209.10500000,215.14380000,1480685.54600000
338,2021-02-26 08:00:00,215.14290000,232.53010000,214.99980000,224.77860000,1350936.09800000
339,2021-02-26 12:00:00,224.78070000,234.50000000,221.32000000,231.48520000,1128331.49000000
340,2021-02-26 16:00:00,231.48520000,239.40000000,224.60000000,225.44380000,934222.60000000
341,2021-02-26 20:00:00,225.46420000,227.95820000,214.00000000,221.71700000,743128.64000000
342,2021-02-27 00:00:00,221.95920000,232.06570000,220.40350000,228.16640000,777236.65300000
343,2021-02-27 04:00:00,228.12100000,237.77000000,226.01210000,231.81110000,773020.01900000
344,2021-02-27 08:00:00,231.78600000,233.50000000,222.32300000,229.15200000,863791.25200000
345,2021-02-27 12:00:00,229.20740000,232.38210000,222.01390000,223.44700000,710173.75900000
346,2021-02-27 16:00:00,223.47860000,230.00000000,222.00000000,229.43710000,467082.04700000
347,2021-02-27 20:00:00,229.38050000,230.80000000,219.01100000,225.38530000,601393.42200000
348,2021-02-28 00:00:00,225.45670000,229.40000000,210.00000000,211.50160000,869089.04300000
349,2021-02-28 04:00:00,211.50220000,216.38550000,204.16360000,209.49930000,1129543.08700000
350,2021-02-28 08:00:00,209.54860000,218.50000000,209.24480000,216.50050000,752578.52200000
351,2021-02-28 12:00:00,216.54690000,217.20000000,196.40000000,198.30370000,1192138.88700000
352,2021-02-28 16:00:00,198.27390000,205.49990000,195.00000000,205.05490000,943573.33800000
353,2021-02-28 20:00:00,205.09750000,214.93580000,202.27050000,210.21380000,787450.37200000
354,2021-03-01 00:00:00,210.11770000,229.66200000,209.12040000,224.62220000,1065049.95200000
355,2021-03-01 04:00:00,224.64310000,225.75690000,216.70010000,222.73950000,757179.23200000
356,2021-03-01 08:00:00,222.73950000,258.00000000,222.43710000,251.59280000,2267555.02100000
357,2021-03-01 12:00:00,251.65560000,260.00000000,244.50000000,256.40530000,1822541.71200000
358,2021-03-01 16:00:00,256.49350000,257.20380000,240.32000000,244.24980000,1209494.01700000
359,2021-03-01 20:00:00,244.28770000,256.94700000,242.29550000,254.96370000,789748.26000000
360,2021-03-02 00:00:00,254.94860000,264.90000000,246.30370000,248.66280000,1150621.99100000
361,2021-03-02 04:00:00,248.66280000,253.15020000,243.20060000,246.37710000,646050.77800000
362,2021-03-02 08:00:00,246.35190000,255.92120000,246.33540000,250.01230000,737838.61000000
363,2021-03-02 12:00:00,250.07890000,255.40000000,245.50500000,247.18610000,793827.14500000
364,2021-03-02 16:00:00,247.20060000,247.29350000,227.00000000,230.34450000,1350014.65400000
365,2021-03-02 20:00:00,230.48470000,240.99230000,228.00000000,239.68410000,707660.61600000
366,2021-03-03 00:00:00,239.72040000,242.50000000,236.00200000,238.14850000,513099.73100000
367,2021-03-03 04:00:00,238.13630000,251.00000000,237.69480000,249.10500000,758870.76400000
368,2021-03-03 08:00:00,249.10500000,254.50000000,247.40490000,249.45780000,967641.02100000
369,2021-03-03 12:00:00,249.52400000,254.84810000,241.06740000,245.28710000,1053878.45200000
370,2021-03-03 16:00:00,245.28710000,249.50000000,241.67130000,245.50000000,538675.64200000
371,2021-03-03 20:00:00,245.50000000,246.52620000,240.00520000,240.57010000,446223.12300000
372,2021-03-04 00:00:00,240.48010000,249.98850000,238.00000000,240.31690000,726457.50300000
373,2021-03-04 04:00:00,240.28040000,244.00000000,238.00040000,243.31610000,514174.39000000
374,2021-03-04 08:00:00,243.37010000,247.00000000,236.00000000,238.13960000,775406.48900000
375,2021-03-04 12:00:00,238.16180000,241.99900000,233.38420000,238.91530000,707213.22600000
376,2021-03-04 16:00:00,238.88190000,240.48000000,225.53080000,228.59640000,807480.24300000
377,2021-03-04 20:00:00,228.71500000,231.20750000,226.00000000,229.63690000,469251.98500000
378,2021-03-05 00:00:00,229.63690000,229.72800000,215.64390000,221.34800000,852941.23300000
379,2021-03-05 04:00:00,221.41530000,226.80000000,217.45030000,224.24880000,552821.41100000
380,2021-03-05 08:00:00,224.24880000,225.20000000,217.00070000,223.94680000,451525.99700000
381,2021-03-05 12:00:00,223.94680000,232.20000000,221.51690000,223.58390000,733565.14500000
382,2021-03-05 16:00:00,223.52420000,228.46140000,218.00000000,227.75280000,603257.54700000
383,2021-03-05 20:00:00,227.78030000,230.76080000,223.93230000,225.47140000,460731.47200000
384,2021-03-06 00:00:00,225.53910000,228.71770000,224.30000000,225.02530000,227577.53600000
385,2021-03-06 04:00:00,225.02530000,230.83180000,222.09370000,228.75370000,445813.53100000
386,2021-03-06 08:00:00,228.79790000,232.49960000,224.22030000,225.26630000,603614.29300000
387,2021-03-06 12:00:00,225.22010000,225.56260000,219.15140000,221.70530000,551410.76200000
388,2021-03-06 16:00:00,221.67970000,226.16000000,220.00000000,224.28510000,470911.54800000
389,2021-03-06 20:00:00,224.28500000,227.50000000,222.83230000,226.38140000,364047.86600000
390,2021-03-07 00:00:00,226.38120000,230.33000000,226.22460000,227.79760000,425027.67600000
391,2021-03-07 04:00:00,227.79760000,230.28450000,224.95420000,230.13750000,390478.76300000
392,2021-03-07 08:00:00,230.04700000,243.95000000,228.00000000,240.80000000,1080230.25800000
393,2021-03-07 12:00:00,240.80000000,241.00000000,234.80700000,235.33910000,598114.62100000
394,2021-03-07 16:00:00,235.33910000,239.22980000,232.07610000,233.16830000,535961.56900000
395,2021-03-07 20:00:00,233.16830000,240.90630000,230.20000000,240.11000000,490150.04200000
396,2021-03-08 00:00:00,240.10390000,243.09860000,233.49490000,236.71420000,631365.10500000
397,2021-03-08 04:00:00,236.73920000,240.69570000,231.58000000,232.44050000,512313.22600000
398,2021-03-08 08:00:00,232.43950000,234.98000000,228.70290000,234.32270000,537446.41200000
399,2021-03-08 12:00:00,234.36750000,236.00000000,231.39000000,235.51770000,467302.57300000
400,2021-03-08 16:00:00,235.52680000,236.59340000,232.58120000,235.72360000,343847.94600000
401,2021-03-08 20:00:00,235.74400000,240.80000000,234.51130000,240.55090000,553716.70600000
402,2021-03-09 00:00:00,240.78520000,248.44240000,235.60010000,244.79140000,911138.19300000
403,2021-03-09 04:00:00,244.80180000,246.62660000,240.30910000,242.56780000,538358.91300000
404,2021-03-09 08:00:00,242.54110000,277.62620000,242.02020000,267.80000000,2376498.29600000
405,2021-03-09 12:00:00,267.80000000,281.00000000,264.00440000,276.44440000,1726983.77500000
406,2021-03-09 16:00:00,276.44440000,278.03030000,270.00000000,277.08010000,821046.45000000
407,2021-03-09 20:00:00,277.08710000,297.29620000,275.68660000,293.20520000,1563273.08100000
408,2021-03-10 00:00:00,293.13050000,295.50000000,263.81840000,273.24280000,1593482.81700000
409,2021-03-10 04:00:00,273.23240000,288.00000000,270.47450000,286.20010000,909285.13000000
410,2021-03-10 08:00:00,286.20010000,289.64990000,275.00000000,279.56090000,992562.47800000
411,2021-03-10 12:00:00,279.57860000,287.95000000,279.22300000,284.99980000,849184.87500000
412,2021-03-10 16:00:00,284.99950000,289.00000000,282.00000000,285.58270000,773831.65000000
413,2021-03-10 20:00:00,285.68430000,286.12230000,270.60000000,278.44990000,893957.19800000
414,2021-03-11 00:00:00,278.35220000,285.81270000,275.00000000,285.32500000,653867.17300000
415,2021-03-11 04:00:00,285.32500000,287.82960000,277.00000000,278.51820000,630327.32000000
416,2021-03-11 08:00:00,278.51850000,283.32000000,272.12000000,282.19990000,849089.75800000
417,2021-03-11 12:00:00,282.21480000,315.28550000,279.70310000,291.63970000,3097317.33100000
418,2021-03-11 16:00:00,291.59820000,297.96750000,286.58720000,287.32160000,865034.43900000
419,2021-03-11 20:00:00,287.31080000,294.46300000,287.00000000,290.03010000,503026.18600000
420,2021-03-12 00:00:00,289.78600000,290.50000000,280.61220000,282.40000000,578225.73900000
421,2021-03-12 04:00:00,282.40710000,284.16720000,277.00000000,279.16890000,587077.54200000
422,2021-03-12 08:00:00,279.22730000,288.00960000,277.52760000,279.29590000,867528.59600000
423,2021-03-12 12:00:00,279.35430000,279.74980000,247.55470000,272.73560000,2362177.55200000
424,2021-03-12 16:00:00,272.73550000,274.82740000,260.27660000,261.39600000,849884.58400000
425,2021-03-12 20:00:00,261.39600000,266.23910000,255.80000000,263.22010000,660986.85700000
426,2021-03-13 00:00:00,263.19200000,264.00000000,255.42060000,260.42150000,578902.97200000
427,2021-03-13 04:00:00,260.42150000,271.80000000,258.53060000,270.49510000,491817.71700000
428,2021-03-13 08:00:00,270.49510000,284.28570000,266.44970000,281.14810000,1093038.40000000
429,2021-03-13 12:00:00,281.14100000,282.56750000,272.40850000,276.15570000,779828.08900000
430,2021-03-13 16:00:00,276.14620000,279.40710000,273.91310000,277.96520000,428832.13900000
431,2021-03-13 20:00:00,277.96520000,281.85510000,272.00010000,276.28220000,529979.06900000
432,2021-03-14 00:00:00,276.28920000,276.88470000,268.00000000,274.61470000,485607.88400000
433,2021-03-14 04:00:00,274.61470000,275.00000000,267.48550000,268.67600000,343719.45500000
434,2021-03-14 08:00:00,268.69910000,276.48800000,265.00000000,270.47710000,562132.37000000
435,2021-03-14 12:00:00,270.48450000,271.79480000,265.20000000,266.65390000,421359.07100000
436,2021-03-14 16:00:00,266.64300000,269.55630000,264.10010000,268.74860000,297606.06500000
437,2021-03-14 20:00:00,268.63700000,269.45000000,263.00030000,263.23800000,321771.69000000
438,2021-03-15 00:00:00,263.35000000,267.08870000,260.85620000,266.40010000,395445.48500000
439,2021-03-15 04:00:00,266.40010000,267.74530000,249.60010000,255.21050000,751658.99200000
440,2021-03-15 08:00:00,255.21050000,259.52320000,249.53270000,254.99350000,810448.64500000
441,2021-03-15 12:00:00,254.96160000,261.57890000,250.88000000,254.78310000,634030.57000000
442,2021-03-15 16:00:00,254.83810000,258.65900000,252.04710000,257.61780000,481170.91100000
443,2021-03-15 20:00:00,257.62440000,258.97990000,253.20000000,254.51440000,289979.54000000
444,2021-03-16 00:00:00,254.38940000,256.30000000,240.19900000,246.55170000,644586.12300000
445,2021-03-16 04:00:00,246.51490000,253.33000000,243.00010000,253.26200000,560369.08000000
446,2021-03-16 08:00:00,253.21840000,259.78470000,252.08400000,254.32150000,576149.28800000
447,2021-03-16 12:00:00,254.32150000,258.30210000,251.90170000,257.92450000,434343.10600000
448,2021-03-16 16:00:00,258.03580000,258.40000000,250.00000000,253.86150000,457693.33300000
449,2021-03-16 20:00:00,253.86030000,258.77120000,253.60000000,258.53520000,340088.07000000
450,2021-03-17 00:00:00,258.56110000,260.00000000,252.55570000,253.00000000,358670.41500000
451,2021-03-17 04:00:00,253.05070000,255.48560000,252.20640000,254.54360000,312662.03000000
452,2021-03-17 08:00:00,254.56620000,255.21140000,248.20010000,251.25920000,385342.90800000
453,2021-03-17 12:00:00,251.26520000,252.93080000,248.79310000,252.00030000,504557.27800000
454,2021-03-17 16:00:00,252.01630000,266.37540000,250.59330000,263.51450000,764635.60800000
455,2021-03-17 20:00:00,263.51800000,272.17870000,260.00000000,269.78960000,530968.68000000
456,2021-03-18 00:00:00,269.85780000,276.67000000,269.01820000,272.01420000,612337.34200000
457,2021-03-18 04:00:00,272.05350000,276.69600000,271.55610000,274.59940000,542499.26000000
458,2021-03-18 08:00:00,274.59930000,277.80000000,265.60440000,266.60000000,643198.78200000
459,2021-03-18 12:00:00,266.59720000,270.48020000,262.40000000,269.39520000,621455.47200000
460,2021-03-18 16:00:00,269.39510000,270.71420000,257.60000000,258.68820000,494069.27200000
461,2021-03-18 20:00:00,258.67390000,265.00000000,257.01000000,261.48160000,238949.46100000
462,2021-03-19 00:00:00,261.51570000,264.50000000,255.00000000,263.58310000,435133.41900000
463,2021-03-19 04:00:00,263.61860000,267.33330000,261.30000000,261.81850000,424604.33100000
464,2021-03-19 08:00:00,261.86890000,269.00000000,260.61100000,266.89670000,429285.18300000
465,2021-03-19 12:00:00,266.90480000,268.50000000,263.00000000,266.68810000,387077.31100000
466,2021-03-19 16:00:00,266.68810000,267.46940000,264.60000000,265.77660000,282897.61100000
467,2021-03-19 20:00:00,265.74680000,267.53950000,262.13360000,262.93500000,303872.79800000
468,2021-03-20 00:00:00,263.10830000,267.10000000,261.40000000,264.79340000,393060.73300000
469,2021-03-20 04:00:00,264.84620000,270.50000000,263.24880000,269.94350000,326498.23500000
470,2021-03-20 08:00:00,269.94790000,272.16070000,266.75920000,269.11460000,461663.75400000
471,2021-03-20 12:00:00,269.11470000,274.68050000,267.61750000,271.37160000,548863.46500000
472,2021-03-20 16:00:00,271.37160000,271.85550000,269.00000000,270.90680000,316108.41800000
473,2021-03-20 20:00:00,270.90940000,271.00000000,263.11110000,264.30230000,330823.50500000
474,2021-03-21 00:00:00,264.22130000,268.03050000,261.40000000,267.03260000,371354.83000000
475,2021-03-21 04:00:00,267.08220000,267.13280000,261.04180000,263.61050000,335286.63400000
476,2021-03-21 08:00:00,263.58530000,265.18570000,258.11660000,260.05900000,382152.92200000
477,2021-03-21 12:00:00,260.08650000,264.59640000,257.00010000,263.02670000,335187.99500000
478,2021-03-21 16:00:00,263.00010000,265.75790000,262.10320000,264.84760000,273276.31800000
479,2021-03-21 20:00:00,264.84760000,267.42590000,263.17110000,264.65130000,276218.05500000
480,2021-03-22 00:00:00,264.71520000,268.79460000,259.88000000,267.94670000,408774.57100000
481,2021-03-22 04:00:00,267.94250000,269.34670000,265.14000000,265.47620000,378013.09500000
482,2021-03-22 08:00:00,265.51770000,269.09840000,263.30010000,266.94590000,377888.42500000
483,2021-03-22 12:00:00,266.96510000,268.30000000,264.13790000,267.47250000,395979.85400000
484,2021-03-22 16:00:00,267.52520000,277.00000000,263.00000000,265.79710000,946379.55000000
485,2021-03-22 20:00:00,265.89120000,268.31970000,252.91640000,254.79760000,758620.33600000
486,2021-03-23 00:00:00,254.96890000,262.08810000,252.56000000,259.27750000,433955.69500000
487,2021-03-23 04:00:00,259.30310000,260.21930000,251.83800000,257.24240000,504344.56300000
488,2021-03-23 08:00:00,257.28210000,260.00000000,255.00010000,255.89840000,452262.08300000
489,2021-03-23 12:00:00,255.95060000,262.97000000,255.89940000,260.08140000,525347.23800000
490,2021-03-23 16:00:00,260.08140000,261.50000000,256.00000000,257.21180000,351905.96800000
491,2021-03-23 20:00:00,257.12710000,257.55560000,252.55000000,255.46460000,319635.18500000
492,2021-03-24 00:00:00,255.51910000,256.99960000,250.81040000,256.13070000,434961.85300000
493,2021-03-24 04:00:00,256.12420000,259.89000000,252.82690000,259.66120000,423093.44700000
494,2021-03-24 08:00:00,259.66120000,265.11000000,259.20320000,263.24450000,537840.50100000
495,2021-03-24 12:00:00,263.25060000,268.70620000,260.56460000,262.89450000,594537.51800000
496,2021-03-24 16:00:00,262.90290000,263.74280000,254.00000000,255.03620000,430358.35600000
497,2021-03-24 20:00:00,255.03650000,258.60000000,240.33330000,248.52360000,849900.12000000
498,2021-03-25 00:00:00,248.53450000,250.09120000,238.16000000,240.74040000,718360.37600000
499,2021-03-25 04:00:00,240.73270000,249.09370000,238.76840000,241.88700000,397750.79300000
500,2021-03-25 08:00:00,241.90970000,247.61900000,241.25010000,242.03140000,282575.60000000
501,2021-03-25 12:00:00,242.08410000,243.40000000,224.96860000,231.17870000,1169110.66000000
502,2021-03-25 16:00:00,231.16210000,238.80770000,228.58920000,235.99640000,574986.56700000
503,2021-03-25 20:00:00,235.94120000,240.00000000,233.00000000,233.94660000,355298.83100000
504,2021-03-26 00:00:00,234.00240000,243.75470000,233.81140000,241.80900000,413880.45600000
505,2021-03-26 04:00:00,241.80890000,246.49980000,239.91050000,246.08400000,424492.81900000
506,2021-03-26 08:00:00,246.08670000,248.66990000,244.07220000,247.31780000,518072.80100000
507,2021-03-26 12:00:00,247.29650000,251.72220000,245.81960000,247.99810000,521205.79900000
508,2021-03-26 16:00:00,247.97910000,251.94550000,246.00000000,250.32050000,419087.43500000
509,2021-03-26 20:00:00,250.36990000,255.21130000,250.33680000,255.21050000,338589.84500000
510,2021-03-27 00:00:00,255.12010000,256.75000000,249.50010000,252.07950000,379735.54100000
511,2021-03-27 04:00:00,252.12050000,254.62590000,251.41250000,252.40470000,303949.58700000
512,2021-03-27 08:00:00,252.40470000,261.93080000,251.73910000,255.96680000,606381.33400000
513,2021-03-27 12:00:00,255.95740000,262.32060000,252.49270000,260.84130000,557799.34100000
514,2021-03-27 16:00:00,260.84060000,268.32440000,260.84060000,263.86980000,617279.93800000
515,2021-03-27 20:00:00,263.88530000,276.00000000,263.86970000,269.22340000,624036.10700000
516,2021-03-28 00:00:00,269.28640000,278.43170000,266.12690000,277.98150000,672391.00500000
517,2021-03-28 04:00:00,277.99000000,281.39390000,271.98030000,277.37720000,646305.66500000
518,2021-03-28 08:00:00,277.33800000,277.85000000,268.20000000,269.13480000,582105.22800000
519,2021-03-28 12:00:00,269.13640000,273.20000000,266.00000000,272.14640000,555019.85700000
520,2021-03-28 16:00:00,272.13440000,272.80860000,261.00000000,265.78220000,515634.23600000
521,2021-03-28 20:00:00,265.83270000,269.45940000,262.48990000,268.42630000,301157.76400000
522,2021-03-29 00:00:00,268.62340000,271.43250000,264.45850000,269.33960000,410109.34300000
523,2021-03-29 04:00:00,269.33960000,275.57870000,267.11410000,273.66390000,480151.05500000
524,2021-03-29 08:00:00,273.67910000,277.98130000,271.67570000,275.35460000,666857.22000000
525,2021-03-29 12:00:00,275.43790000,276.94000000,269.20000000,272.27350000,490694.51200000
526,2021-03-29 16:00:00,272.34630000,275.76490000,270.11000000,272.94180000,387240.57900000
527,2021-03-29 20:00:00,272.94180000,275.67500000,271.49980000,275.29910000,293444.28100000
528,2021-03-30 00:00:00,275.29860000,276.00000000,271.28570000,272.39690000,261310.51300000
529,2021-03-30 04:00:00,272.39600000,279.48990000,271.50000000,278.96280000,406530.18800000
530,2021-03-30 08:00:00,278.96280000,299.57000000,278.95830000,297.07700000,2069060.16900000
531,2021-03-30 12:00:00,297.07700000,304.85000000,294.80000000,296.30930000,1152855.02300000
532,2021-03-30 16:00:00,296.40350000,311.20250000,292.77760000,311.19300000,851511.35500000
533,2021-03-30 20:00:00,311.17590000,311.53250000,301.11280000,311.29620000,791501.08200000
534,2021-03-31 00:00:00,311.29620000,316.69970000,298.74360000,301.45990000,1175494.81900000
535,2021-03-31 04:00:00,301.44880000,310.69170000,298.15220000,302.34840000,738599.43700000
536,2021-03-31 08:00:00,302.34390000,302.96700000,284.00000000,298.60000000,1055492.70800000
537,2021-03-31 12:00:00,298.69710000,309.21540000,295.56290000,306.43930000,767394.63500000
538,2021-03-31 16:00:00,306.50000000,308.37500000,300.83760000,300.83790000,561014.91100000
539,2021-03-31 20:00:00,300.99940000,303.44670000,296.08280000,302.37240000,421338.99600000
540,2021-04-01 00:00:00,302.45910000,309.00000000,300.70000000,306.57150000,494595.57400000
541,2021-04-01 04:00:00,306.56870000,315.00000000,304.19330000,313.22380000,631852.86600000
542,2021-04-01 08:00:00,313.29250000,320.56570000,310.30600000,313.70710000,918518.47100000
543,2021-04-01 12:00:00,313.70710000,330.88800000,311.73740000,327.44930000,862167.85000000
544,2021-04-01 16:00:00,327.45830000,329.95000000,314.93550000,327.91050000,718923.53300000
545,2021-04-01 20:00:00,327.91050000,339.00000000,326.98210000,334.79910000,764650.28700000
546,2021-04-02 00:00:00,334.67060000,356.98820000,334.40000000,343.92620000,1223879.45900000
547,2021-04-02 04:00:00,343.90530000,356.90000000,341.00000000,351.52840000,684145.06900000
548,2021-04-02 08:00:00,351.50880000,355.43210000,346.00000000,346.83850000,494845.25800000
549,2021-04-02 12:00:00,346.81360000,352.62280000,337.76750000,346.88530000,677902.96000000
550,2021-04-02 16:00:00,346.80160000,348.04110000,324.61620000,337.36120000,661176.49100000
551,2021-04-02 20:00:00,337.37840000,341.55100000,331.30000000,338.29320000,463909.24100000
552,2021-04-03 00:00:00,338.29320000,346.78320000,334.17140000,339.05700000,516047.93500000
553,2021-04-03 04:00:00,338.99980000,345.00000000,338.56610000,342.59970000,316460.97000000
554,2021-04-03 08:00:00,342.58240000,346.30520000,336.22040000,345.99990000,452157.81200000
555,2021-04-03 12:00:00,345.94710000,349.13470000,338.51720000,338.75220000,457975.01000000
556,2021-04-03 16:00:00,338.79920000,343.55720000,323.74720000,336.40780000,728770.11100000
557,2021-04-03 20:00:00,336.43970000,336.43970000,315.91000000,321.94970000,628459.01000000
558,2021-04-04 00:00:00,321.95970000,335.00000000,316.00000000,334.00000000,494604.72600000
559,2021-04-04 04:00:00,334.00000000,337.66770000,330.48680000,336.50000000,355891.90600000
560,2021-04-04 08:00:00,336.50000000,346.86970000,335.82770000,337.67360000,440464.02500000
561,2021-04-04 12:00:00,337.76540000,348.36000000,334.50000000,344.39940000,508443.06300000
562,2021-04-04 16:00:00,344.38900000,351.98550000,343.00000000,347.24960000,466755.89300000
563,2021-04-04 20:00:00,347.24960000,352.32750000,345.49850000,348.86170000,464716.41700000
564,2021-04-05 00:00:00,348.87050000,350.00000000,341.66000000,344.80030000,354034.62900000
565,2021-04-05 04:00:00,344.79100000,346.57300000,335.84420000,340.36460000,504573.73400000
566,2021-04-05 08:00:00,340.40440000,367.59410000,337.32300000,363.20630000,853428.64600000
567,2021-04-05 12:00:00,363.24470000,380.00000000,358.62360000,377.35210000,913123.24100000
568,2021-04-05 16:00:00,377.34300000,378.43000000,366.43790000,373.73160000,509809.28900000
569,2021-04-05 20:00:00,373.73160000,376.91040000,363.62960000,368.02630000,338810.51600000
570,2021-04-06 00:00:00,368.15060000,374.63540000,363.83330000,370.09660000,409557.28400000
571,2021-04-06 04:00:00,370.13490000,388.43650000,370.02920000,376.70760000,616370.82000000
572,2021-04-06 08:00:00,376.64960000,400.00000000,376.38200000,396.92640000,1078444.74900000
573,2021-04-06 12:00:00,396.92640000,401.00000000,373.60000000,386.55470000,1057325.86200000
574,2021-04-06 16:00:00,386.52020000,399.91000000,385.50000000,397.85500000,629369.38400000
575,2021-04-06 20:00:00,397.85490000,411.75500000,394.20270000,403.36480000,689988.33700000
576,2021-04-07 00:00:00,403.26070000,408.74000000,392.00000000,401.86590000,683425.78800000
577,2021-04-07 04:00:00,401.86590000,414.38030000,394.00000000,403.91330000,1023990.04600000
578,2021-04-07 08:00:00,403.88770000,404.22610000,356.00000000,370.96070000,1924582.47400000
579,2021-04-07 12:00:00,370.96070000,390.00000000,356.00000000,374.31540000,1437567.86900000
580,2021-04-07 16:00:00,374.31540000,386.80000000,364.21010000,375.96410000,725311.21100000
581,2021-04-07 20:00:00,375.96410000,386.46080000,369.10000000,375.55380000,384982.32000000
582,2021-04-08 00:00:00,375.55380000,397.30590000,371.78000000,396.83740000,580902.58400000
583,2021-04-08 04:00:00,396.82000000,404.90000000,393.97750000,397.59750000,677467.04100000
584,2021-04-08 08:00:00,397.90380000,404.13130000,390.14750000,394.50480000,681316.55600000
585,2021-04-08 12:00:00,394.53900000,420.00000000,393.90490000,418.12600000,1080035.73300000
586,2021-04-08 16:00:00,418.20510000,422.63230000,412.00070000,420.13410000,662691.96900000
587,2021-04-08 20:00:00,420.21500000,420.70380000,409.68040000,418.70480000,410084.75500000
588,2021-04-09 00:00:00,418.70470000,419.34110000,403.19000000,407.58260000,467135.03500000
589,2021-04-09 04:00:00,407.57020000,421.66880000,407.16540000,421.42070000,447769.98200000
590,2021-04-09 08:00:00,421.47520000,439.79050000,416.90000000,437.31450000,771655.50400000
591,2021-04-09 12:00:00,437.45710000,448.90000000,432.50000000,437.67930000,971251.28900000
592,2021-04-09 16:00:00,437.69030000,446.69480000,432.00000000,438.59380000,569225.54700000
593,2021-04-09 20:00:00,438.52210000,453.99370000,435.83590000,453.99370000,443387.07600000
594,2021-04-10 00:00:00,453.98980000,485.50000000,450.00000000,474.27310000,1188642.32600000
595,2021-04-10 04:00:00,474.26120000,483.00000000,457.97090000,473.69360000,921328.62600000
596,2021-04-10 08:00:00,473.69360000,487.40620000,471.00000000,484.51930000,650096.85200000
597,2021-04-10 12:00:00,484.51930000,486.46240000,469.16790000,474.77300000,687391.43200000
598,2021-04-10 16:00:00,474.77770000,478.00000000,453.43000000,470.78230000,787199.18300000
599,2021-04-10 20:00:00,470.78230000,481.00000000,463.00000000,471.29750000,424448.79300000
600,2021-04-11 00:00:00,471.29740000,472.40450000,458.01650000,463.61460000,499463.34000000
601,2021-04-11 04:00:00,463.61460000,479.88890000,461.90630000,473.53850000,489520.28200000
602,2021-04-11 08:00:00,473.53420000,477.34330000,465.00000000,470.98150000,420023.03800000
603,2021-04-11 12:00:00,471.00000000,496.23900000,467.33000000,492.97330000,748204.33400000
604,2021-04-11 16:00:00,492.97330000,508.96930000,487.77770000,500.01410000,747196.79100000
605,2021-04-11 20:00:00,500.08680000,529.21100000,499.55000000,525.92750000,739988.32500000
606,2021-04-12 00:00:00,525.92750000,552.00000000,515.10000000,551.31300000,975249.34300000
607,2021-04-12 04:00:00,551.27370000,584.00000000,545.81480000,580.79140000,1577451.40600000
608,2021-04-12 08:00:00,580.78380000,638.56730000,536.00000000,594.14710000,3753260.88500000
609,2021-04-12 12:00:00,594.14710000,594.32550000,556.40390000,570.71350000,1175507.88100000
610,2021-04-12 16:00:00,570.71360000,588.72410000,565.50450000,588.64080000,703166.35000000
611,2021-04-12 20:00:00,588.63340000,614.30000000,583.97910000,596.71040000,1094692.97500000
612,2021-04-13 00:00:00,596.78780000,602.78710000,567.91780000,570.79410000,933514.93700000
613,2021-04-13 04:00:00,570.83840000,577.25460000,535.03000000,550.28470000,1247714.18300000
614,2021-04-13 08:00:00,550.28470000,562.79360000,530.22880000,549.89800000,1190739.84900000
615,2021-04-13 12:00:00,549.89800000,582.23700000,548.64770000,560.27630000,1028614.05300000
616,2021-04-13 16:00:00,560.27630000,566.74340000,543.97270000,560.67780000,685110.34600000
617,2021-04-13 20:00:00,560.77480000,565.42800000,548.65010000,551.64420000,362053.17600000
618,2021-04-14 00:00:00,551.39560000,571.81360000,549.90410000,568.32660000,509359.31700000
619,2021-04-14 04:00:00,568.35330000,590.53690000,565.98530000,575.76930000,699012.25000000
620,2021-04-14 08:00:00,575.73290000,589.50000000,559.26990000,574.71380000,724586.60700000
621,2021-04-14 12:00:00,574.71380000,575.65940000,521.13130000,546.03640000,960126.85500000
622,2021-04-14 16:00:00,545.95320000,570.50720000,525.00000000,536.57590000,913676.63800000
623,2021-04-14 20:00:00,536.58690000,552.85080000,532.36000000,550.01820000,406575.58400000
624,2021-04-15 00:00:00,550.01820000,551.21230000,533.71660000,545.39200000,458271.33300000
625,2021-04-15 04:00:00,545.39900000,554.64150000,541.85810000,550.28980000,403081.01100000
626,2021-04-15 08:00:00,550.28980000,556.90000000,539.00000000,542.09520000,515014.40100000
627,2021-04-15 12:00:00,542.13540000,552.85710000,541.51450000,550.87360000,358687.89600000
628,2021-04-15 16:00:00,550.88730000,555.00000000,547.00000000,550.79820000,294389.71700000
629,2021-04-15 20:00:00,550.88760000,552.98730000,541.00000000,541.88240000,277405.68700000
630,2021-04-16 00:00:00,541.83510000,544.59790000,520.00000000,531.17360000,616978.38500000
631,2021-04-16 04:00:00,531.17340000,545.00000000,505.55000000,540.75770000,915526.60300000
632,2021-04-16 08:00:00,540.74260000,547.60740000,505.12000000,521.87950000,923304.11500000
633,2021-04-16 12:00:00,521.87870000,521.93450000,489.73560000,517.17990000,998369.77700000
634,2021-04-16 16:00:00,517.18100000,527.11860000,509.12770000,514.19880000,467607.45300000
635,2021-04-16 20:00:00,514.39080000,523.00000000,507.41770000,508.27430000,270432.12900000
636,2021-04-17 00:00:00,508.26140000,535.00000000,506.92300000,533.32990000,404731.94700000
637,2021-04-17 04:00:00,533.32750000,547.95000000,531.63900000,536.58120000,538490.50100000
638,2021-04-17 08:00:00,536.58120000,545.00000000,512.73770000,515.81290000,621747.92400000
639,2021-04-17 12:00:00,515.81300000,525.68990000,508.00000000,511.07060000,637057.80000000
640,2021-04-17 16:00:00,511.05770000,519.96120000,506.00000000,518.13170000,396179.77900000
641,2021-04-17 20:00:00,518.38600000,530.39100000,513.88000000,514.68610000,350832.27000000
642,2021-04-18 00:00:00,514.81780000,520.42370000,428.00000000,481.62440000,995390.53000000
643,2021-04-18 04:00:00,480.64270000,490.00000000,452.89570000,481.36110000,1022193.16100000
644,2021-04-18 08:00:00,481.31320000,484.32730000,428.00010000,431.99940000,875487.49800000
645,2021-04-18 12:00:00,431.99940000,469.89610000,430.80130000,467.45410000,712497.73500000
646,2021-04-18 16:00:00,467.41590000,480.32360000,460.91650000,474.30910000,472474.04400000
647,2021-04-18 20:00:00,474.34460000,484.25540000,465.60000000,481.43670000,390554.49200000
648,2021-04-19 00:00:00,481.51120000,539.00000000,467.88460000,531.75890000,1093334.82600000
649,2021-04-19 04:00:00,531.75890000,540.00000000,518.46370000,533.61250000,748788.57900000
650,2021-04-19 08:00:00,533.61250000,536.25940000,504.34270000,530.56070000,821973.34900000
651,2021-04-19 12:00:00,530.56070000,530.96480000,478.00000000,483.83500000,1194879.56400000
652,2021-04-19 16:00:00,483.66170000,510.40000000,480.00000000,504.98530000,721240.78200000
653,2021-04-19 20:00:00,504.86460000,517.71640000,498.10000000,504.03220000,451108.61300000
654,2021-04-20 00:00:00,504.03220000,508.98680000,470.20700000,487.21960000,455081.95000000
655,2021-04-20 04:00:00,487.30610000,514.00000000,475.20210000,493.91170000,690801.59800000
656,2021-04-20 08:00:00,493.91170000,530.00000000,493.26880000,527.50000000,823905.37400000
657,2021-04-20 12:00:00,527.50000000,541.54650000,515.88230000,533.62900000,1153158.44900000
658,2021-04-20 16:00:00,533.89270000,588.18440000,527.12700000,587.18420000,1578279.09300000
659,2021-04-20 20:00:00,587.16940000,589.50000000,553.40420000,586.36350000,1029668.86100000
660,2021-04-21 00:00:00,586.52010000,599.00000000,573.00000000,581.60710000,1138074.68100000
661,2021-04-21 04:00:00,581.56800000,613.89750000,576.58000000,593.22440000,1219698.01300000
662,2021-04-21 08:00:00,593.32140000,596.90020000,555.00000000,563.86640000,1177404.94000000
663,2021-04-21 12:00:00,563.86760000,592.42360000,557.00000000,582.46500000,933383.65800000
664,2021-04-21 16:00:00,582.46500000,589.23460000,566.66660000,576.82130000,453123.13700000
665,2021-04-21 20:00:00,577.11600000,577.11600000,535.91860000,543.63270000,763383.46500000
666,2021-04-22 00:00:00,543.68270000,567.77850000,531.70980000,542.40610000,1227497.10100000
667,2021-04-22 04:00:00,542.35390000,568.36730000,541.20360000,555.39340000,605219.36700000
668,2021-04-22 08:00:00,555.20700000,572.73880000,538.00000000,569.90000000,886069.15500000
669,2021-04-22 12:00:00,569.90000000,579.80000000,563.50000000,577.11170000,706753.31600000
670,2021-04-22 16:00:00,577.11170000,582.70510000,511.65900000,526.47860000,1346567.46500000
671,2021-04-22 20:00:00,526.47860000,526.47860000,480.00000000,505.24110000,1603476.73500000
672,2021-04-23 00:00:00,505.22820000,518.96550000,450.00000000,506.18160000,1947110.42900000
673,2021-04-23 04:00:00,506.18160000,511.27950000,462.34100000,466.18430000,1465759.51400000
674,2021-04-23 08:00:00,466.77870000,521.12490000,458.10000000,517.73700000,1316448.84800000
675,2021-04-23 12:00:00,517.77220000,523.65550000,486.00860000,505.01650000,979528.46100000
676,2021-04-23 16:00:00,505.27800000,521.00000000,497.22150000,519.41180000,585986.14700000
677,2021-04-23 20:00:00,519.41170000,530.00000000,505.17350000,526.53570000,560751.52200000
678,2021-04-24 00:00:00,526.43190000,528.80880000,494.54020000,523.13280000,759088.34000000
679,2021-04-24 04:00:00,523.11970000,526.81780000,510.00000000,514.40000000,409640.89600000
680,2021-04-24 08:00:00,514.58400000,520.77170000,482.30520000,490.52800000,679808.81700000
681,2021-04-24 12:00:00,490.45680000,508.29010000,487.01650000,505.84400000,559689.57900000
682,2021-04-24 16:00:00,505.78010000,509.80000000,495.30140000,505.10290000,299483.61600000
683,2021-04-24 20:00:00,505.10290000,510.90000000,493.90000000,496.99200000,297617.82700000
684,2021-04-25 00:00:00,496.99200000,504.41500000,485.89750000,486.40450000,353369.24600000
685,2021-04-25 04:00:00,486.16000000,487.71730000,485.63060000,487.70970000,520.52700000
686,2021-04-25 08:00:00,487.70930000,503.33140000,487.53970000,500.68000000,334827.25550000
687,2021-04-25 12:00:00,500.75000000,517.74000000,500.73000000,512.06000000,582258.07170000
688,2021-04-25 16:00:00,512.02000000,514.30000000,494.33000000,495.55000000,396596.06790000
689,2021-04-25 20:00:00,495.55000000,509.00000000,478.01000000,505.00000000,822185.45710000
690,2021-04-26 00:00:00,505.00000000,534.43000000,501.50000000,533.19000000,875658.00290000
691,2021-04-26 04:00:00,533.19000000,550.00000000,523.20000000,538.89000000,538246.84910000
692,2021-04-26 08:00:00,538.80000000,545.00000000,530.51000000,541.53000000,429707.99240000
693,2021-04-26 12:00:00,541.54000000,543.82000000,530.55000000,538.00000000,406460.74730000
694,2021-04-26 16:00:00,538.01000000,542.69000000,526.01000000,537.73000000,329563.39430000
695,2021-04-26 20:00:00,537.74000000,537.74000000,515.00000000,535.33000000,519013.64910000
696,2021-04-27 00:00:00,535.33000000,536.36000000,525.00000000,530.06000000,262845.66660000
697,2021-04-27 04:00:00,530.07000000,544.80000000,525.91000000,540.23000000,351314.39080000
698,2021-04-27 08:00:00,540.17000000,576.00000000,538.83000000,575.35000000,739810.26130000
699,2021-04-27 12:00:00,575.41000000,579.50000000,551.50000000,566.74000000,774351.77280000
700,2021-04-27 16:00:00,566.74000000,569.00000000,555.23000000,561.91000000,341879.42000000
701,2021-04-27 20:00:00,562.09000000,575.00000000,559.61000000,568.78000000,337107.10830000
702,2021-04-28 00:00:00,568.78000000,578.88000000,559.18000000,559.68000000,441659.49150000
703,2021-04-28 04:00:00,559.77000000,565.33000000,538.00000000,554.56000000,545627.10660000
704,2021-04-28 08:00:00,554.59000000,564.25000000,543.51000000,560.14000000,385108.02950000
705,2021-04-28 12:00:00,560.16000000,566.02000000,549.00000000,555.20000000,366312.63460000
706,2021-04-28 16:00:00,555.20000000,564.13000000,550.86000000,563.69000000,268510.77110000
707,2021-04-28 20:00:00,563.69000000,567.34000000,553.85000000,562.78000000,377296.85190000
708,2021-04-29 00:00:00,562.78000000,575.01000000,558.51000000,569.22000000,549713.20830000
709,2021-04-29 04:00:00,569.24000000,577.83000000,554.00000000,577.46000000,522324.82770000
710,2021-04-29 08:00:00,577.41000000,607.00000000,569.58000000,595.74000000,1124803.97070000
711,2021-04-29 12:00:00,595.77000000,615.29000000,585.50000000,589.46000000,1038369.94570000
712,2021-04-29 16:00:00,589.43000000,591.00000000,567.14000000,580.52000000,658635.70050000
713,2021-04-29 20:00:00,580.52000000,601.99000000,571.00000000,599.70000000,442668.68180000
714,2021-04-30 00:00:00,599.66000000,611.00000000,585.72000000,605.13000000,596176.05600000
715,2021-04-30 04:00:00,605.13000000,620.00000000,601.39000000,616.89000000,621565.40980000
716,2021-04-30 08:00:00,616.90000000,622.91000000,598.23000000,602.93000000,772801.92030000
717,2021-04-30 12:00:00,602.93000000,611.85000000,596.26000000,606.38000000,545192.80620000
718,2021-04-30 16:00:00,606.39000000,628.00000000,603.30000000,625.73000000,563979.24390000
719,2021-04-30 20:00:00,625.78000000,626.12000000,615.00000000,622.65000000,330796.96630000
720,2021-05-01 00:00:00,622.64000000,645.57000000,616.50000000,635.97000000,659945.41380000
721,2021-05-01 04:00:00,635.97000000,638.40000000,622.26000000,625.90000000,359854.01000000
722,2021-05-01 08:00:00,625.90000000,631.63000000,609.21000000,627.00000000,484071.36330000
723,2021-05-01 12:00:00,627.00000000,629.70000000,612.22000000,619.25000000,345229.50880000
724,2021-05-01 16:00:00,619.25000000,627.25000000,618.61000000,621.77000000,354083.34100000
725,2021-05-01 20:00:00,621.76000000,623.32000000,615.63000000,620.00000000,224384.75400000
726,2021-05-02 00:00:00,620.00000000,627.00000000,600.00000000,603.20000000,431223.21010000
727,2021-05-02 04:00:00,603.18000000,617.86000000,595.30000000,609.61000000,367908.85250000
728,2021-05-02 08:00:00,609.61000000,619.94000000,600.00000000,619.93000000,341359.32310000
729,2021-05-02 12:00:00,619.93000000,629.00000000,615.00000000,622.66000000,439684.56490000
730,2021-05-02 16:00:00,622.67000000,627.60000000,619.67000000,627.31000000,249497.99160000
731,2021-05-02 20:00:00,627.31000000,628.68000000,616.00000000,621.78000000,236584.34220000
732,2021-05-03 00:00:00,621.77000000,631.77000000,621.22000000,624.98000000,345901.21380000
733,2021-05-03 04:00:00,624.99000000,638.28000000,623.28000000,635.88000000,298328.43820000
734,2021-05-03 08:00:00,635.92000000,654.30000000,628.97000000,647.52000000,533953.44800000
735,2021-05-03 12:00:00,647.52000000,666.00000000,643.73000000,660.58000000,760810.33390000
736,2021-05-03 16:00:00,660.57000000,680.00000000,655.03000000,676.07000000,516691.06790000
737,2021-05-03 20:00:00,676.15000000,677.65000000,659.69000000,676.15000000,417695.11520000
738,2021-05-04 00:00:00,676.15000000,677.71000000,626.87000000,638.71000000,890759.88100000
739,2021-05-04 04:00:00,638.72000000,666.28000000,635.27000000,654.09000000,481962.32860000
740,2021-05-04 08:00:00,654.08000000,659.24000000,641.00000000,652.86000000,472137.82400000
741,2021-05-04 12:00:00,652.87000000,653.22000000,604.14000000,612.85000000,967890.66320000
742,2021-05-04 16:00:00,612.97000000,633.92000000,605.00000000,630.70000000,612918.72560000
743,2021-05-04 20:00:00,630.70000000,632.97000000,608.00000000,609.30000000,339646.27270000
744,2021-05-05 00:00:00,609.41000000,637.80000000,605.00000000,627.77000000,439664.19620000
745,2021-05-05 04:00:00,627.72000000,643.09000000,620.26000000,642.59000000,378884.63610000
746,2021-05-05 08:00:00,642.59000000,654.42000000,637.62000000,642.69000000,430175.65350000
747,2021-05-05 12:00:00,642.69000000,656.67000000,641.06000000,646.42000000,440841.80110000
748,2021-05-05 16:00:00,646.42000000,650.18000000,640.10000000,649.74000000,333977.54870000
749,2021-05-05 20:00:00,649.74000000,654.60000000,640.33000000,651.10000000,246593.63760000
750,2021-05-06 00:00:00,651.10000000,653.77000000,630.01000000,641.23000000,396461.14850000
751,2021-05-06 04:00:00,641.64000000,647.25000000,633.00000000,640.74000000,269648.60230000
752,2021-05-06 08:00:00,640.71000000,652.60000000,639.12000000,648.12000000,288432.26550000
753,2021-05-06 12:00:00,648.13000000,648.80000000,635.56000000,639.54000000,329194.37790000
754,2021-05-06 16:00:00,639.42000000,641.99000000,620.00000000,631.90000000,503351.66750000
755,2021-05-06 20:00:00,631.91000000,638.49000000,623.51000000,633.99000000,278288.48250000
756,2021-05-07 00:00:00,634.03000000,636.83000000,613.10000000,618.74000000,444191.76440000
757,2021-05-07 04:00:00,618.74000000,626.31000000,611.43000000,620.98000000,352353.81540000
758,2021-05-07 08:00:00,620.97000000,630.63000000,618.51000000,625.13000000,286589.23350000
759,2021-05-07 12:00:00,625.13000000,637.59000000,622.24000000,635.95000000,302218.71180000
760,2021-05-07 16:00:00,635.95000000,644.02000000,625.01000000,626.20000000,308477.76680000
761,2021-05-07 20:00:00,626.19000000,631.75000000,613.58000000,624.30000000,285604.66650000
762,2021-05-08 00:00:00,624.30000000,635.00000000,618.36000000,632.44000000,234124.76320000
763,2021-05-08 04:00:00,632.44000000,635.26000000,623.84000000,629.22000000,318755.73380000
764,2021-05-08 08:00:00,629.22000000,637.10000000,628.74000000,631.40000000,356422.92940000
765,2021-05-08 12:00:00,631.40000000,653.91000000,627.90000000,639.19000000,598742.59920000
766,2021-05-08 16:00:00,639.16000000,657.91000000,638.89000000,653.98000000,443495.11270000
767,2021-05-08 20:00:00,653.99000000,655.00000000,640.83000000,646.10000000,234543.63660000
768,2021-05-09 00:00:00,646.07000000,651.00000000,639.00000000,641.68000000,253141.67380000
769,2021-05-09 04:00:00,641.67000000,650.61000000,630.54000000,644.94000000,319610.13460000
770,2021-05-09 08:00:00,644.98000000,679.00000000,643.00000000,668.61000000,774905.17210000
771,2021-05-09 12:00:00,668.61000000,669.90000000,649.74000000,665.60000000,516995.58490000
772,2021-05-09 16:00:00,665.56000000,667.34000000,653.94000000,658.55000000,261045.91920000
773,2021-05-09 20:00:00,658.55000000,666.48000000,656.77000000,661.74000000,217703.63730000
774,2021-05-10 00:00:00,661.74000000,685.00000000,661.01000000,677.90000000,564600.38370000
775,2021-05-10 04:00:00,677.88000000,691.77000000,671.00000000,677.74000000,461894.05100000
776,2021-05-10 08:00:00,677.80000000,679.98000000,654.00000000,664.77000000,432271.41720000
777,2021-05-10 12:00:00,664.55000000,669.26000000,651.50000000,665.41000000,396190.88620000
778,2021-05-10 16:00:00,665.41000000,669.00000000,632.00000000,640.21000000,395808.52240000
779,2021-05-10 20:00:00,640.42000000,645.20000000,588.00000000,631.10000000,823879.80870000
780,2021-05-11 00:00:00,631.16000000,649.23000000,621.11000000,633.06000000,578946.23320000
781,2021-05-11 04:00:00,633.10000000,656.43000000,630.50000000,654.56000000,445740.69210000
782,2021-05-11 08:00:00,654.74000000,667.00000000,640.00000000,654.70000000,468461.27560000
783,2021-05-11 12:00:00,654.70000000,668.30000000,643.01000000,668.10000000,513711.63500000
784,2021-05-11 16:00:00,668.09000000,672.00000000,655.75000000,668.78000000,320917.31380000
785,2021-05-11 20:00:00,668.91000000,673.00000000,658.00000000,671.91000000,312936.17730000
786,2021-05-12 00:00:00,671.90000000,684.91000000,668.00000000,683.23000000,312440.60210000
787,2021-05-12 04:00:00,683.24000000,684.40000000,667.50000000,670.58000000,252442.85520000
788,2021-05-12 08:00:00,670.65000000,672.51000000,657.11000000,663.99000000,297350.09570000
789,2021-05-12 12:00:00,663.99000000,670.00000000,649.63000000,649.72000000,413626.80410000
790,2021-05-12 16:00:00,649.72000000,650.86000000,624.00000000,642.16000000,704682.66890000
791,2021-05-12 20:00:00,642.14000000,651.00000000,581.40000000,594.65000000,833291.79250000
792,2021-05-13 00:00:00,594.20000000,624.00000000,541.83000000,607.54000000,1267056.55900000
793,2021-05-13 04:00:00,607.56000000,633.50000000,604.12000000,622.83000000,426622.18000000
794,2021-05-13 08:00:00,622.84000000,626.78000000,565.27000000,591.72000000,1067262.65970000
795,2021-05-13 12:00:00,591.71000000,617.87000000,583.50000000,593.70000000,620920.66520000
796,2021-05-13 16:00:00,593.67000000,607.59000000,526.60000000,551.07000000,1621546.32200000
797,2021-05-13 20:00:00,550.64000000,574.50000000,545.60000000,571.10000000,481915.31880000
798,2021-05-14 00:00:00,571.10000000,591.30000000,566.00000000,574.73000000,446478.37670000
799,2021-05-14 04:00:00,574.74000000,598.99000000,568.52000000,597.57000000,423705.50450000
800,2021-05-14 08:00:00,597.56000000,612.00000000,591.00000000,607.15000000,397635.93830000
801,2021-05-14 12:00:00,607.15000000,615.00000000,596.51000000,611.69000000,368947.12490000
802,2021-05-14 16:00:00,611.79000000,615.00000000,597.33000000,598.90000000,282580.66230000
803,2021-05-14 20:00:00,598.90000000,604.99000000,584.99000000,602.61000000,268222.69290000
804,2021-05-15 00:00:00,602.61000000,611.31000000,595.00000000,602.35000000,354817.47340000
805,2021-05-15 04:00:00,602.35000000,604.49000000,579.44000000,581.82000000,383790.53570000
806,2021-05-15 08:00:00,581.79000000,590.88000000,574.13000000,587.32000000,386046.24440000
807,2021-05-15 12:00:00,587.32000000,594.18000000,582.00000000,586.01000000,341439.03150000
808,2021-05-15 16:00:00,586.14000000,586.33000000,560.00000000,574.66000000,508832.16570000
809,2021-05-15 20:00:00,574.72000000,584.38000000,562.00000000,563.41000000,284868.13180000
810,2021-05-16 00:00:00,563.42000000,584.00000000,562.01000000,579.10000000,361375.34510000
811,2021-05-16 04:00:00,579.08000000,592.67000000,572.29000000,592.54000000,305677.01510000
812,2021-05-16 08:00:00,592.54000000,606.78000000,585.61000000,598.81000000,391282.86330000
813,2021-05-16 12:00:00,598.81000000,600.69000000,571.38000000,571.96000000,419684.95370000
814,2021-05-16 16:00:00,571.97000000,578.55000000,539.32000000,550.19000000,788647.36700000
815,2021-05-16 20:00:00,550.20000000,565.60000000,534.88000000,564.32000000,672860.63320000
816,2021-05-17 00:00:00,564.66000000,564.66000000,500.00000000,507.31000000,803627.19760000
817,2021-05-17 04:00:00,507.32000000,539.42000000,483.00000000,537.61000000,1174243.09190000
818,2021-05-17 08:00:00,537.56000000,542.50000000,522.00000000,539.08000000,453726.80970000
819,2021-05-17 12:00:00,539.10000000,540.30000000,501.11000000,505.00000000,485030.81860000
820,2021-05-17 16:00:00,505.07000000,520.18000000,492.02000000,519.02000000,651207.14750000
821,2021-05-17 20:00:00,519.03000000,528.41000000,500.98000000,512.07000000,461283.28740000
822,2021-05-18 00:00:00,512.06000000,527.69000000,507.31000000,523.74000000,459945.94290000
823,2021-05-18 04:00:00,523.70000000,534.00000000,521.67000000,525.21000000,364175.41960000
824,2021-05-18 08:00:00,525.30000000,533.80000000,510.76000000,529.56000000,349637.31000000
825,2021-05-18 12:00:00,529.53000000,530.42000000,490.00000000,503.29000000,607805.28040000
826,2021-05-18 16:00:00,503.32000000,522.01000000,500.02000000,512.65000000,589155.21770000
827,2021-05-18 20:00:00,512.66000000,515.50000000,500.51000000,507.88000000,349877.26680000
828,2021-05-19 00:00:00,507.90000000,516.50000000,450.28000000,453.23000000,1253486.90790000
829,2021-05-19 04:00:00,453.29000000,460.58000000,407.37000000,438.42000000,2193960.69770000
830,2021-05-19 08:00:00,438.35000000,443.00000000,360.00000000,394.52000000,1583939.94880000
831,2021-05-19 12:00:00,394.50000000,408.68000000,280.00000000,378.96000000,3582681.02940000
832,2021-05-19 16:00:00,379.14000000,414.20000000,356.20000000,384.50000000,1809772.36620000
833,2021-05-19 20:00:00,384.61000000,394.29000000,333.94000000,334.80000000,1073890.42740000
834,2021-05-20 00:00:00,334.80000000,354.22000000,284.27000000,341.53000000,2528357.37500000
835,2021-05-20 04:00:00,341.53000000,381.26000000,338.86000000,370.70000000,1188052.75210000
836,2021-05-20 08:00:00,370.69000000,376.00000000,351.43000000,373.83000000,924919.72180000
837,2021-05-20 12:00:00,373.84000000,423.83000000,366.28000000,401.29000000,1615111.09710000
838,2021-05-20 16:00:00,401.29000000,401.54000000,364.43000000,390.10000000,1205531.66980000
839,2021-05-20 20:00:00,390.10000000,399.10000000,381.17000000,391.17000000,654888.80660000
840,2021-05-21 00:00:00,391.37000000,415.71000000,390.01000000,392.10000000,720306.41010000
841,2021-05-21 04:00:00,392.09000000,395.00000000,376.14000000,383.88000000,656143.75490000
842,2021-05-21 08:00:00,383.95000000,398.00000000,368.64000000,381.40000000,813441.99010000
843,2021-05-21 12:00:00,381.39000000,387.89000000,315.60000000,327.59000000,2335612.81110000
844,2021-05-21 16:00:00,327.58000000,345.87000000,304.24000000,316.14000000,2216968.16700000
845,2021-05-21 20:00:00,316.11000000,326.82000000,274.00000000,326.01000000,2085372.25260000
846,2021-05-22 00:00:00,326.23000000,335.82000000,308.84000000,314.40000000,779523.72600000
847,2021-05-22 04:00:00,314.40000000,318.11000000,284.55000000,300.35000000,1396427.96710000
848,2021-05-22 08:00:00,300.39000000,330.00000000,300.06000000,321.89000000,939883.97640000
849,2021-05-22 12:00:00,321.89000000,332.23000000,307.68000000,316.91000000,946059.29100000
850,2021-05-22 16:00:00,316.98000000,319.49000000,298.00000000,298.96000000,773621.20530000
851,2021-05-22 20:00:00,298.96000000,311.99000000,298.37000000,299.76000000,467529.84620000
852,2021-05-23 00:00:00,299.75000000,313.45000000,293.35000000,299.63000000,576474.47510000
853,2021-05-23 04:00:00,299.67000000,299.67000000,275.00000000,279.22000000,867470.32830000
854,2021-05-23 08:00:00,279.21000000,279.25000000,250.00000000,257.93000000,2198170.78470000
855,2021-05-23 12:00:00,257.92000000,261.05000000,230.00000000,236.55000000,2165171.52610000
856,2021-05-23 16:00:00,236.54000000,240.08000000,211.70000000,236.37000000,1969896.24330000
857,2021-05-23 20:00:00,236.32000000,264.45000000,236.20000000,260.72000000,1023964.82570000
858,2021-05-24 00:00:00,260.72000000,282.43000000,257.40000000,273.48000000,1038457.21400000
859,2021-05-24 04:00:00,273.48000000,297.29000000,264.30000000,296.05000000,1237409.92580000
860,2021-05-24 08:00:00,296.05000000,313.00000000,284.82000000,306.25000000,1457589.62910000
861,2021-05-24 12:00:00,306.24000000,325.00000000,302.23000000,318.63000000,1636125.49240000
862,2021-05-24 16:00:00,318.69000000,346.51000000,305.60000000,344.44000000,1352699.78850000
863,2021-05-24 20:00:00,344.44000000,350.00000000,327.44000000,345.64000000,1071721.59120000
864,2021-05-25 00:00:00,345.64000000,378.12000000,333.81000000,345.53000000,1758894.26460000
865,2021-05-25 04:00:00,345.49000000,360.84000000,329.30000000,356.44000000,1255661.59940000
866,2021-05-25 08:00:00,356.42000000,357.87000000,306.61000000,309.65000000,1789941.31450000
867,2021-05-25 12:00:00,309.66000000,339.20000000,307.80000000,338.14000000,1555141.43180000
868,2021-05-25 16:00:00,338.14000000,338.76000000,319.05000000,322.32000000,708039.38640000
869,2021-05-25 20:00:00,322.32000000,350.00000000,320.83000000,343.18000000,571308.01650000
870,2021-05-26 00:00:00,343.18000000,364.85000000,336.21000000,364.02000000,826930.31570000
871,2021-05-26 04:00:00,364.03000000,385.00000000,354.61000000,383.46000000,947543.42260000
872,2021-05-26 08:00:00,383.45000000,388.28000000,364.06000000,377.60000000,1073157.21790000
873,2021-05-26 12:00:00,377.59000000,381.00000000,355.85000000,365.88000000,1122653.99500000
874,2021-05-26 16:00:00,365.85000000,378.00000000,358.65000000,366.57000000,868248.14870000
875,2021-05-26 20:00:00,366.58000000,380.95000000,363.56000000,379.16000000,498382.97230000
876,2021-05-27 00:00:00,379.16000000,379.37000000,340.00000000,348.00000000,1051782.41790000
877,2021-05-27 04:00:00,347.98000000,363.65000000,343.44000000,361.94000000,664786.21330000
878,2021-05-27 08:00:00,361.85000000,378.00000000,355.69000000,376.92000000,655639.16630000
879,2021-05-27 12:00:00,376.80000000,387.56000000,371.01000000,379.37000000,942049.38720000
880,2021-05-27 16:00:00,379.37000000,382.04000000,368.00000000,373.15000000,552381.45090000
881,2021-05-27 20:00:00,373.14000000,375.93000000,362.11000000,369.67000000,409162.86580000
882,2021-05-28 00:00:00,369.83000000,373.68000000,356.34000000,364.82000000,548112.63370000
883,2021-05-28 04:00:00,364.83000000,364.83000000,333.08000000,343.39000000,1090118.42880000
884,2021-05-28 08:00:00,343.17000000,343.95000000,312.30000000,317.14000000,1247256.36160000
885,2021-05-28 12:00:00,317.14000000,346.66000000,314.66000000,337.66000000,1051311.99210000
886,2021-05-28 16:00:00,337.68000000,338.50000000,324.00000000,333.44000000,649054.76910000
887,2021-05-28 20:00:00,333.52000000,336.98000000,316.28000000,328.82000000,667589.17660000
888,2021-05-29 00:00:00,328.86000000,347.00000000,328.60000000,345.14000000,530993.75570000
889,2021-05-29 04:00:00,345.03000000,346.66000000,333.71000000,335.77000000,502054.78490000
890,2021-05-29 08:00:00,335.76000000,337.16000000,320.00000000,328.99000000,638064.96020000
891,2021-05-29 12:00:00,328.99000000,329.23000000,303.00000000,309.65000000,843418.16930000
892,2021-05-29 16:00:00,309.67000000,315.28000000,295.22000000,299.98000000,735761.98690000
893,2021-05-29 20:00:00,299.97000000,311.05000000,296.41000000,305.04000000,513789.63530000
894,2021-05-30 00:00:00,305.18000000,311.75000000,291.06000000,309.82000000,707867.58000000
895,2021-05-30 04:00:00,309.80000000,333.82000000,307.00000000,331.37000000,832893.93430000
896,2021-05-30 08:00:00,331.39000000,338.18000000,326.10000000,337.99000000,676355.58080000
897,2021-05-30 12:00:00,337.95000000,338.32000000,318.76000000,323.04000000,735223.66840000
898,2021-05-30 16:00:00,323.03000000,333.70000000,320.61000000,331.57000000,429568.78540000
899,2021-05-30 20:00:00,331.57000000,335.74000000,324.00000000,325.57000000,357763.56490000
900,2021-05-31 00:00:00,325.55000000,329.99000000,307.55000000,310.59000000,631469.62690000
901,2021-05-31 04:00:00,310.59000000,330.00000000,308.50000000,328.25000000,673102.30000000
902,2021-05-31 08:00:00,328.23000000,352.87000000,325.00000000,346.55000000,956327.84220000
903,2021-05-31 12:00:00,346.57000000,353.45000000,336.11000000,346.77000000,907746.37590000
904,2021-05-31 16:00:00,346.78000000,353.52000000,338.31000000,344.41000000,554871.53850000
905,2021-05-31 20:00:00,344.42000000,356.00000000,341.99000000,353.33000000,386619.19090000
906,2021-06-01 00:00:00,353.37000000,364.40000000,343.42000000,345.77000000,727379.14530000
907,2021-06-01 04:00:00,345.74000000,360.00000000,343.74000000,349.06000000,599663.41600000
908,2021-06-01 08:00:00,349.14000000,357.21000000,339.48000000,353.79000000,802504.29160000
909,2021-06-01 12:00:00,353.83000000,358.18000000,342.00000000,348.85000000,700365.91200000
910,2021-06-01 16:00:00,348.85000000,355.19000000,345.77000000,349.74000000,377847.01700000
911,2021-06-01 20:00:00,349.77000000,364.00000000,348.95000000,362.39000000,444520.90970000
912,2021-06-02 00:00:00,362.36000000,366.12000000,350.43000000,359.01000000,464706.79930000
913,2021-06-02 04:00:00,359.01000000,376.58000000,358.66000000,375.15000000,545730.12790000
914,2021-06-02 08:00:00,375.14000000,389.99000000,373.64000000,388.07000000,885757.00240000
915,2021-06-02 12:00:00,388.07000000,419.43000000,388.06000000,414.02000000,1474555.28440000
916,2021-06-02 16:00:00,414.00000000,415.72000000,403.62000000,411.24000000,602278.73150000
917,2021-06-02 20:00:00,411.25000000,411.25000000,397.19000000,401.54000000,403996.72300000
918,2021-06-03 00:00:00,401.52000000,407.97000000,391.32000000,407.92000000,590714.16770000
919,2021-06-03 04:00:00,407.96000000,421.00000000,404.44000000,411.72000000,879210.11210000
920,2021-06-03 08:00:00,411.73000000,433.00000000,409.88000000,422.14000000,991887.60120000
921,2021-06-03 12:00:00,422.14000000,426.76000000,407.22000000,414.12000000,913536.68490000
922,2021-06-03 16:00:00,414.12000000,421.40000000,408.89000000,414.05000000,453912.48660000
923,2021-06-03 20:00:00,414.12000000,431.00000000,413.50000000,428.48000000,385208.36250000
924,2021-06-04 00:00:00,428.46000000,429.50000000,393.70000000,408.14000000,948337.81860000
925,2021-06-04 04:00:00,408.14000000,409.22000000,365.00000000,376.15000000,1315211.22630000
926,2021-06-04 08:00:00,376.15000000,391.88000000,370.00000000,379.00000000,904350.75700000
927,2021-06-04 12:00:00,379.11000000,390.96000000,367.00000000,388.89000000,1006222.58340000
928,2021-06-04 16:00:00,388.89000000,397.43000000,385.19000000,391.21000000,431364.28240000
929,2021-06-04 20:00:00,391.17000000,398.88000000,385.00000000,390.70000000,321306.78220000
930,2021-06-05 00:00:00,390.68000000,415.73000000,387.60000000,410.17000000,534106.94040000
931,2021-06-05 04:00:00,410.17000000,426.00000000,410.17000000,418.38000000,584117.36120000
932,2021-06-05 08:00:00,418.38000000,423.50000000,386.23000000,391.00000000,1181605.36270000
933,2021-06-05 12:00:00,391.00000000,402.79000000,384.01000000,402.21000000,748656.79260000
934,2021-06-05 16:00:00,402.20000000,402.30000000,386.30000000,387.42000000,385215.74660000
935,2021-06-05 20:00:00,387.34000000,393.00000000,373.80000000,390.08000000,543877.14350000
936,2021-06-06 00:00:00,390.05000000,400.29000000,387.11000000,392.78000000,389639.66170000
937,2021-06-06 04:00:00,392.77000000,399.99000000,387.12000000,394.22000000,321357.05920000
938,2021-06-06 08:00:00,394.26000000,396.58000000,386.21000000,388.99000000,274712.37870000
939,2021-06-06 12:00:00,388.91000000,395.00000000,381.50000000,392.37000000,385695.27790000
940,2021-06-06 16:00:00,392.37000000,394.67000000,385.30000000,386.55000000,223482.33400000
941,2021-06-06 20:00:00,386.55000000,394.32000000,385.23000000,393.73000000,267178.72030000
942,2021-06-07 00:00:00,393.82000000,407.42000000,390.00000000,398.84000000,450444.85000000
943,2021-06-07 04:00:00,398.85000000,402.00000000,390.13000000,395.30000000,332931.90290000
944,2021-06-07 08:00:00,395.29000000,404.90000000,392.30000000,398.70000000,381323.84770000
945,2021-06-07 12:00:00,398.66000000,405.23000000,393.50000000,394.76000000,387880.77280000
946,2021-06-07 16:00:00,394.75000000,395.00000000,381.62000000,388.96000000,460613.58260000
947,2021-06-07 20:00:00,388.95000000,390.14000000,353.53000000,357.96000000,1015743.88850000
948,2021-06-08 00:00:00,357.94000000,366.33000000,331.37000000,346.33000000,1032628.54080000
949,2021-06-08 04:00:00,346.29000000,353.80000000,336.28000000,349.62000000,801936.96590000
950,2021-06-08 08:00:00,349.62000000,359.87000000,345.45000000,354.50000000,733245.89700000
951,2021-06-08 12:00:00,354.50000000,356.00000000,319.18000000,331.24000000,1188870.93150000
952,2021-06-08 16:00:00,331.27000000,349.18000000,328.77000000,347.70000000,788306.74440000
953,2021-06-08 20:00:00,347.83000000,355.95000000,345.26000000,352.50000000,441860.77160000
954,2021-06-09 00:00:00,352.50000000,354.29000000,333.56000000,341.39000000,483472.09800000
955,2021-06-09 04:00:00,341.43000000,361.88000000,336.15000000,353.05000000,646832.54270000
956,2021-06-09 08:00:00,353.06000000,360.38000000,347.56000000,358.87000000,570516.22610000
957,2021-06-09 12:00:00,358.86000000,369.90000000,350.69000000,368.26000000,822329.89430000
958,2021-06-09 16:00:00,368.32000000,378.77000000,362.28000000,366.64000000,668285.73580000
959,2021-06-09 20:00:00,366.64000000,378.36000000,364.47000000,375.54000000,302849.17210000
960,2021-06-10 00:00:00,375.56000000,377.55000000,366.80000000,369.75000000,324117.81220000
961,2021-06-10 04:00:00,369.66000000,372.38000000,359.76000000,365.52000000,344247.83400000
962,2021-06-10 08:00:00,365.52000000,372.35000000,353.25000000,366.16000000,589040.54090000
963,2021-06-10 12:00:00,366.15000000,366.53000000,353.70000000,357.12000000,482189.38360000
964,2021-06-10 16:00:00,357.07000000,359.17000000,348.60000000,350.56000000,353111.60570000
965,2021-06-10 20:00:00,350.55000000,356.66000000,344.13000000,351.94000000,325267.47350000
966,2021-06-11 00:00:00,351.96000000,356.60000000,341.22000000,355.50000000,412600.95490000
967,2021-06-11 04:00:00,355.54000000,362.29000000,350.28000000,354.23000000,408998.26500000
968,2021-06-11 08:00:00,354.23000000,366.28000000,353.34000000,360.12000000,412585.25590000
969,2021-06-11 12:00:00,360.13000000,365.07000000,354.06000000,355.18000000,357819.31060000
970,2021-06-11 16:00:00,355.18000000,357.80000000,351.52000000,354.68000000,269758.97050000
971,2021-06-11 20:00:00,354.68000000,356.71000000,340.84000000,345.75000000,353589.96610000
972,2021-06-12 00:00:00,345.76000000,346.49000000,326.40000000,332.26000000,544724.72830000
973,2021-06-12 04:00:00,332.25000000,337.03000000,325.30000000,334.71000000,411672.93610000
974,2021-06-12 08:00:00,334.69000000,339.93000000,327.67000000,338.05000000,350460.33220000
975,2021-06-12 12:00:00,338.12000000,347.43000000,336.87000000,341.01000000,359168.77650000
976,2021-06-12 16:00:00,341.02000000,348.88000000,339.46000000,345.80000000,245200.51030000
977,2021-06-12 20:00:00,345.81000000,348.40000000,342.36000000,343.70000000,163609.71780000
978,2021-06-13 00:00:00,343.68000000,348.63000000,337.53000000,338.47000000,218710.11540000
979,2021-06-13 04:00:00,338.47000000,340.71000000,335.51000000,335.68000000,228163.00380000
980,2021-06-13 08:00:00,335.69000000,340.00000000,334.55000000,336.75000000,235560.33510000
981,2021-06-13 12:00:00,336.74000000,338.69000000,330.48000000,334.50000000,234583.06250000
982,2021-06-13 16:00:00,334.52000000,354.57000000,333.31000000,353.43000000,512406.66620000
983,2021-06-13 20:00:00,353.43000000,369.00000000,353.43000000,365.80000000,528648.18260000
984,2021-06-14 00:00:00,365.81000000,368.78000000,356.66000000,359.19000000,349145.89500000
985,2021-06-14 04:00:00,359.24000000,365.00000000,357.50000000,360.92000000,257758.93280000
986,2021-06-14 08:00:00,360.91000000,361.40000000,356.09000000,357.42000000,227616.07620000
987,2021-06-14 12:00:00,357.43000000,377.33000000,355.07000000,375.21000000,612371.86990000
988,2021-06-14 16:00:00,375.22000000,376.00000000,362.52000000,365.64000000,355882.82510000
989,2021-06-14 20:00:00,365.66000000,370.85000000,363.65000000,370.19000000,175837.63940000
990,2021-06-15 00:00:00,370.20000000,374.40000000,366.69000000,372.51000000,214032.66360000
991,2021-06-15 04:00:00,372.51000000,379.58000000,372.50000000,376.21000000,298580.63960000
992,2021-06-15 08:00:00,376.21000000,379.10000000,366.81000000,369.33000000,316815.18640000
993,2021-06-15 12:00:00,369.31000000,371.68000000,364.00000000,366.23000000,267083.94540000
994,2021-06-15 16:00:00,366.29000000,374.50000000,365.00000000,365.85000000,282371.37020000
995,2021-06-15 20:00:00,365.86000000,369.00000000,363.23000000,366.48000000,166306.63170000
996,2021-06-16 00:00:00,366.48000000,366.49000000,357.04000000,361.09000000,226051.53200000
997,2021-06-16 04:00:00,361.09000000,366.77000000,360.61000000,364.37000000,164126.03860000
998,2021-06-16 08:00:00,364.42000000,366.00000000,351.13000000,352.88000000,302356.26560000
999,2021-06-16 12:00:00,352.92000000,356.70000000,346.19000000,349.59000000,298649.16730000
1000,2021-06-16 16:00:00,349.59000000,355.00000000,343.35000000,351.54000000,370550.80810000
1001,2021-06-16 20:00:00,351.58000000,353.44000000,345.00000000,347.22000000,169788.39460000
1002,2021-06-17 00:00:00,347.22000000,357.42000000,345.85000000,356.99000000,192878.59030000
1003,2021-06-17 04:00:00,357.00000000,362.47000000,355.30000000,360.25000000,226351.05290000
1004,2021-06-17 08:00:00,360.30000000,361.97000000,357.83000000,358.50000000,160361.73810000
1005,2021-06-17 12:00:00,358.50000000,358.77000000,351.60000000,357.05000000,228852.00650000
1006,2021-06-17 16:00:00,357.04000000,357.95000000,346.33000000,348.68000000,287328.94640000
1007,2021-06-17 20:00:00,348.66000000,353.11000000,346.25000000,352.85000000,143374.19310000
1008,2021-06-18 00:00:00,352.84000000,354.71000000,345.55000000,353.24000000,190621.36160000
1009,2021-06-18 04:00:00,353.28000000,357.12000000,350.72000000,353.57000000,197158.70520000
1010,2021-06-18 08:00:00,353.59000000,356.40000000,347.58000000,352.42000000,241500.14880000
1011,2021-06-18 12:00:00,352.44000000,353.50000000,333.17000000,334.15000000,422257.03330000
1012,2021-06-18 16:00:00,334.19000000,339.14000000,327.22000000,329.08000000,351839.62200000
1013,2021-06-18 20:00:00,329.08000000,338.35000000,328.52000000,337.16000000,180520.40820000
1014,2021-06-19 00:00:00,337.21000000,341.17000000,331.11000000,333.26000000,189275.26970000
1015,2021-06-19 04:00:00,333.29000000,340.25000000,331.80000000,340.18000000,202606.71790000
1016,2021-06-19 08:00:00,340.18000000,342.41000000,337.28000000,340.64000000,160209.38890000
1017,2021-06-19 12:00:00,340.59000000,345.00000000,337.50000000,340.82000000,233482.11520000
1018,2021-06-19 16:00:00,340.77000000,341.60000000,334.81000000,340.08000000,158103.31670000
1019,2021-06-19 20:00:00,340.06000000,341.00000000,333.54000000,334.01000000,123779.40350000
1020,2021-06-20 00:00:00,334.03000000,335.99000000,330.70000000,334.12000000,157366.27840000
1021,2021-06-20 04:00:00,334.08000000,337.98000000,332.90000000,336.57000000,125792.24950000
1022,2021-06-20 08:00:00,336.58000000,337.19000000,316.47000000,317.17000000,392280.62150000
1023,2021-06-20 12:00:00,317.17000000,326.24000000,310.13000000,323.84000000,481944.21290000
1024,2021-06-20 16:00:00,323.85000000,336.00000000,323.05000000,335.38000000,247216.42840000
1025,2021-06-20 20:00:00,335.42000000,340.57000000,334.67000000,339.08000000,213806.21440000
1026,2021-06-21 00:00:00,339.09000000,342.00000000,328.28000000,328.35000000,206690.71970000
1027,2021-06-21 04:00:00,328.35000000,330.48000000,310.00000000,317.55000000,656089.78030000
1028,2021-06-21 08:00:00,317.60000000,321.84000000,291.14000000,303.93000000,1001560.86810000
1029,2021-06-21 12:00:00,303.87000000,311.91000000,294.34000000,304.70000000,622262.95860000
1030,2021-06-21 16:00:00,304.71000000,307.29000000,292.56000000,298.92000000,454823.19460000
1031,2021-06-21 20:00:00,298.91000000,301.93000000,268.57000000,270.76000000,788111.49540000
1032,2021-06-22 00:00:00,270.76000000,291.50000000,260.55000000,287.88000000,728934.92970000
1033,2021-06-22 04:00:00,287.88000000,290.18000000,279.28000000,281.26000000,308086.02910000
1034,2021-06-22 08:00:00,281.29000000,282.37000000,254.02000000,255.38000000,877153.89380000
1035,2021-06-22 12:00:00,255.38000000,265.00000000,225.42000000,260.10000000,2184147.15380000
1036,2021-06-22 16:00:00,260.08000000,276.00000000,258.01000000,265.44000000,1037878.46350000
1037,2021-06-22 20:00:00,265.38000000,274.89000000,257.42000000,262.10000000,434373.01520000
1038,2021-06-23 00:00:00,262.10000000,292.58000000,251.41000000,286.78000000,895594.23480000
1039,2021-06-23 04:00:00,286.78000000,293.33000000,284.00000000,289.91000000,452730.38410000
1040,2021-06-23 08:00:00,289.92000000,297.79000000,285.00000000,289.73000000,425480.61400000
1041,2021-06-23 12:00:00,289.75000000,309.75000000,288.80000000,291.80000000,721392.11110000
1042,2021-06-23 16:00:00,291.79000000,298.78000000,282.12000000,282.19000000,451340.62580000
1043,2021-06-23 20:00:00,282.20000000,297.16000000,281.52000000,296.25000000,372551.80720000
1044,2021-06-24 00:00:00,296.17000000,300.00000000,281.50000000,283.41000000,435227.19240000
1045,2021-06-24 04:00:00,283.36000000,302.97000000,282.01000000,296.31000000,530433.97650000
1046,2021-06-24 08:00:00,296.33000000,306.99000000,295.80000000,306.04000000,577071.81620000
1047,2021-06-24 12:00:00,306.07000000,312.00000000,301.53000000,305.04000000,498514.59480000
1048,2021-06-24 16:00:00,305.02000000,316.49000000,303.06000000,312.50000000,388079.35740000
1049,2021-06-24 20:00:00,312.49000000,314.28000000,307.13000000,308.62000000,206472.25870000
1050,2021-06-25 00:00:00,308.60000000,314.84000000,303.11000000,308.18000000,370687.37660000
1051,2021-06-25 04:00:00,308.26000000,308.26000000,293.12000000,296.35000000,381726.00080000
1052,2021-06-25 08:00:00,296.33000000,297.93000000,286.52000000,289.46000000,501624.44070000
1053,2021-06-25 12:00:00,289.43000000,294.43000000,284.52000000,286.89000000,555590.15100000
1054,2021-06-25 16:00:00,286.89000000,289.10000000,275.24000000,286.20000000,628325.86030000
1055,2021-06-25 20:00:00,286.22000000,287.70000000,278.21000000,280.81000000,273935.04150000
1056,2021-06-26 00:00:00,280.89000000,286.91000000,278.52000000,282.96000000,295870.61230000
1057,2021-06-26 04:00:00,283.03000000,290.33000000,267.07000000,269.52000000,456894.67220000
1058,2021-06-26 08:00:00,269.50000000,281.00000000,264.26000000,279.30000000,556817.07590000
1059,2021-06-26 12:00:00,279.30000000,280.99000000,266.54000000,273.34000000,468126.11790000
1060,2021-06-26 16:00:00,273.33000000,275.12000000,265.40000000,272.08000000,305537.19280000
1061,2021-06-26 20:00:00,272.12000000,279.80000000,268.37000000,279.65000000,179818.69220000
1062,2021-06-27 00:00:00,279.58000000,286.99000000,277.83000000,286.17000000,293762.09190000
1063,2021-06-27 04:00:00,286.18000000,287.39000000,277.41000000,281.96000000,268788.66760000
1064,2021-06-27 08:00:00,281.97000000,284.33000000,275.51000000,279.02000000,239023.25340000
1065,2021-06-27 12:00:00,279.03000000,281.57000000,273.69000000,277.11000000,201015.60920000
1066,2021-06-27 16:00:00,277.11000000,277.93000000,269.72000000,272.14000000,202805.95710000
1067,2021-06-27 20:00:00,272.16000000,291.70000000,270.39000000,290.87000000,334507.44760000
1068,2021-06-28 00:00:00,290.89000000,292.00000000,284.52000000,285.06000000,274606.87930000
1069,2021-06-28 04:00:00,285.06000000,296.13000000,283.91000000,294.45000000,276202.86320000
1070,2021-06-28 08:00:00,294.48000000,296.99000000,283.55000000,285.51000000,381318.03270000
1071,2021-06-28 12:00:00,285.50000000,298.98000000,284.01000000,298.94000000,349666.18630000
1072,2021-06-28 16:00:00,298.94000000,299.96000000,291.81000000,294.12000000,382743.97620000
1073,2021-06-28 20:00:00,294.13000000,296.96000000,286.87000000,290.00000000,220042.21800000
1074,2021-06-29 00:00:00,290.00000000,298.20000000,289.19000000,294.27000000,234679.90080000
1075,2021-06-29 04:00:00,294.27000000,302.02000000,292.17000000,296.41000000,277959.03720000
1076,2021-06-29 08:00:00,296.46000000,308.84000000,294.38000000,307.63000000,395519.36750000
1077,2021-06-29 12:00:00,307.62000000,315.60000000,304.56000000,309.58000000,592415.79460000
1078,2021-06-29 16:00:00,309.56000000,310.75000000,304.07000000,307.07000000,369233.92540000
1079,2021-06-29 20:00:00,307.07000000,307.99000000,297.93000000,300.79000000,256271.31610000
1080,2021-06-30 00:00:00,300.79000000,303.00000000,292.95000000,294.10000000,296833.92910000
1081,2021-06-30 04:00:00,294.10000000,301.13000000,291.43000000,300.62000000,362834.40050000
1082,2021-06-30 08:00:00,300.62000000,300.67000000,289.17000000,293.52000000,423142.30610000
1083,2021-06-30 12:00:00,293.55000000,294.27000000,281.53000000,283.53000000,342446.87920000
1084,2021-06-30 16:00:00,283.47000000,298.00000000,281.61000000,297.11000000,329539.11760000
1085,2021-06-30 20:00:00,297.15000000,304.88000000,293.81000000,303.71000000,307069.83750000
1086,2021-07-01 00:00:00,303.75000000,304.00000000,291.51000000,291.59000000,227814.40380000
1087,2021-07-01 04:00:00,291.56000000,295.93000000,284.12000000,284.49000000,297687.29830000
1088,2021-07-01 08:00:00,284.46000000,290.58000000,283.62000000,290.13000000,307489.56160000
1089,2021-07-01 12:00:00,290.16000000,291.80000000,285.03000000,288.66000000,228657.33970000
1090,2021-07-01 16:00:00,288.65000000,289.99000000,281.00000000,283.73000000,217532.70420000
1091,2021-07-01 20:00:00,283.78000000,289.40000000,283.72000000,287.43000000,108969.71890000
1092,2021-07-02 00:00:00,287.49000000,290.74000000,277.11000000,278.18000000,201439.86370000
1093,2021-07-02 04:00:00,278.18000000,287.55000000,277.20000000,283.25000000,210888.73240000
1094,2021-07-02 08:00:00,283.27000000,284.16000000,276.97000000,278.45000000,186895.06270000
1095,2021-07-02 12:00:00,278.46000000,284.96000000,276.40000000,284.67000000,198309.21460000
1096,2021-07-02 16:00:00,284.66000000,284.99000000,281.20000000,283.28000000,99232.09450000
1097,2021-07-02 20:00:00,283.33000000,288.01000000,280.83000000,287.17000000,106566.25900000
1098,2021-07-03 00:00:00,287.17000000,288.08000000,282.77000000,284.61000000,86067.49970000
1099,2021-07-03 04:00:00,284.65000000,295.40000000,283.88000000,293.92000000,176555.67300000
1100,2021-07-03 08:00:00,293.92000000,296.30000000,292.53000000,294.15000000,220041.57330000
1101,2021-07-03 12:00:00,294.15000000,299.29000000,293.00000000,297.55000000,174484.97270000
1102,2021-07-03 16:00:00,297.55000000,303.21000000,296.81000000,299.30000000,193343.95250000
1103,2021-07-03 20:00:00,299.30000000,301.71000000,294.50000000,298.13000000,166237.89500000
1104,2021-07-04 00:00:00,298.18000000,298.18000000,292.58000000,295.78000000,110694.48530000
1105,2021-07-04 04:00:00,295.79000000,308.97000000,295.51000000,308.15000000,278030.52870000
1106,2021-07-04 08:00:00,308.20000000,309.00000000,303.96000000,306.06000000,186682.52560000
1107,2021-07-04 12:00:00,306.02000000,309.79000000,301.64000000,309.39000000,239578.31370000
1108,2021-07-04 16:00:00,309.46000000,313.75000000,307.12000000,312.46000000,282791.59290000
1109,2021-07-04 20:00:00,312.47000000,314.91000000,305.71000000,307.62000000,211636.57930000
1110,2021-07-05 00:00:00,307.63000000,307.68000000,297.43000000,299.95000000,267003.85710000
1111,2021-07-05 04:00:00,299.92000000,301.59000000,297.00000000,300.19000000,182508.81660000
1112,2021-07-05 08:00:00,300.20000000,306.07000000,291.00000000,293.36000000,321538.60110000
1113,2021-07-05 12:00:00,293.40000000,298.53000000,292.24000000,296.11000000,227467.55590000
1114,2021-07-05 16:00:00,296.11000000,303.72000000,293.00000000,302.77000000,203702.99960000
1115,2021-07-05 20:00:00,302.75000000,307.12000000,300.25000000,302.02000000,200996.41050000
1116,2021-07-06 00:00:00,302.04000000,306.97000000,301.80000000,305.33000000,145516.91940000
1117,2021-07-06 04:00:00,305.32000000,322.50000000,305.19000000,320.29000000,616127.94640000
1118,2021-07-06 08:00:00,320.25000000,321.34000000,306.06000000,311.65000000,521225.97270000
1119,2021-07-06 12:00:00,311.64000000,318.83000000,309.03000000,315.94000000,358331.04190000
1120,2021-07-06 16:00:00,315.94000000,320.88000000,312.42000000,319.40000000,265411.14900000
1121,2021-07-06 20:00:00,319.41000000,321.48000000,313.37000000,319.92000000,160299.33010000
1122,2021-07-07 00:00:00,319.91000000,330.00000000,318.23000000,328.48000000,337656.90880000
1123,2021-07-07 04:00:00,328.49000000,336.65000000,326.85000000,331.70000000,388159.87440000
1124,2021-07-07 08:00:00,331.71000000,335.40000000,328.13000000,333.39000000,253605.57470000
1125,2021-07-07 12:00:00,333.39000000,340.00000000,332.98000000,334.42000000,376249.82350000
1126,2021-07-07 16:00:00,334.42000000,339.02000000,330.83000000,337.66000000,180101.78240000
1127,2021-07-07 20:00:00,337.69000000,337.71000000,323.89000000,327.51000000,243284.32990000
1128,2021-07-08 00:00:00,327.51000000,328.21000000,317.13000000,321.97000000,347654.16780000
1129,2021-07-08 04:00:00,321.96000000,322.81000000,310.03000000,312.90000000,365471.51840000
1130,2021-07-08 08:00:00,312.94000000,317.50000000,310.00000000,317.11000000,283546.98870000
1131,2021-07-08 12:00:00,317.13000000,318.30000000,311.54000000,316.22000000,279953.14960000
1132,2021-07-08 16:00:00,316.18000000,318.00000000,312.58000000,317.00000000,152537.45090000
1133,2021-07-08 20:00:00,317.05000000,317.69000000,304.40000000,310.14000000,214927.57470000
1134,2021-07-09 00:00:00,310.08000000,310.49000000,301.43000000,308.76000000,263391.98350000
1135,2021-07-09 04:00:00,308.79000000,313.26000000,308.14000000,310.53000000,175371.85470000
1136,2021-07-09 08:00:00,310.48000000,310.70000000,305.88000000,307.54000000,146452.68230000
1137,2021-07-09 12:00:00,307.55000000,317.05000000,304.51000000,316.07000000,286228.75070000
1138,2021-07-09 16:00:00,316.08000000,317.80000000,311.64000000,313.48000000,111553.89880000
1139,2021-07-09 20:00:00,313.52000000,319.69000000,312.51000000,317.09000000,123412.61600000
1140,2021-07-10 00:00:00,317.09000000,321.44000000,314.26000000,315.30000000,175252.22760000
1141,2021-07-10 04:00:00,315.23000000,315.69000000,310.82000000,313.54000000,130981.01440000
1142,2021-07-10 08:00:00,313.56000000,315.97000000,310.57000000,313.66000000,138970.68620000
1143,2021-07-10 12:00:00,313.68000000,317.55000000,312.41000000,317.00000000,117853.15910000
1144,2021-07-10 16:00:00,317.05000000,320.10000000,312.02000000,314.00000000,166475.98650000
1145,2021-07-10 20:00:00,314.00000000,317.43000000,311.71000000,316.12000000,89437.84870000
1146,2021-07-11 00:00:00,316.12000000,318.49000000,313.23000000,313.93000000,103619.36250000
1147,2021-07-11 04:00:00,313.93000000,316.62000000,312.21000000,316.00000000,87911.04900000
1148,2021-07-11 08:00:00,316.00000000,321.38000000,315.00000000,321.16000000,146260.56110000
1149,2021-07-11 12:00:00,321.17000000,325.92000000,319.22000000,325.35000000,209580.77920000
1150,2021-07-11 16:00:00,325.36000000,325.80000000,321.44000000,322.60000000,126565.64550000
1151,2021-07-11 20:00:00,322.63000000,326.82000000,320.07000000,322.16000000,125680.43770000
1152,2021-07-12 00:00:00,322.17000000,330.00000000,320.44000000,328.79000000,164326.70450000
1153,2021-07-12 04:00:00,328.83000000,334.17000000,326.09000000,331.45000000,218088.89790000
1154,2021-07-12 08:00:00,331.46000000,334.37000000,320.77000000,320.78000000,275058.36720000
1155,2021-07-12 12:00:00,320.77000000,324.57000000,320.23000000,320.90000000,213756.50210000
1156,2021-07-12 16:00:00,320.92000000,322.07000000,309.14000000,311.67000000,296540.78870000
1157,2021-07-12 20:00:00,311.61000000,317.67000000,308.57000000,316.12000000,155065.39710000
1158,2021-07-13 00:00:00,316.11000000,318.33000000,313.88000000,315.91000000,113975.40150000
1159,2021-07-13 04:00:00,315.92000000,316.59000000,308.10000000,314.57000000,205299.43790000
1160,2021-07-13 08:00:00,314.59000000,316.36000000,310.50000000,311.69000000,157717.50160000
1161,2021-07-13 12:00:00,311.69000000,313.20000000,305.23000000,311.79000000,223698.82900000
1162,2021-07-13 16:00:00,311.85000000,313.00000000,305.36000000,305.95000000,126377.55380000
1163,2021-07-13 20:00:00,305.99000000,309.70000000,305.20000000,308.94000000,102963.59170000
1164,2021-07-14 00:00:00,308.98000000,309.44000000,291.53000000,294.54000000,351781.85670000
1165,2021-07-14 04:00:00,294.52000000,297.00000000,291.66000000,295.35000000,179415.86580000
1166,2021-07-14 08:00:00,295.41000000,306.84000000,290.24000000,303.44000000,329935.03020000
1167,2021-07-14 12:00:00,303.45000000,313.46000000,300.80000000,309.52000000,316773.67880000
1168,2021-07-14 16:00:00,309.51000000,312.50000000,306.87000000,308.42000000,156466.24430000
1169,2021-07-14 20:00:00,308.42000000,311.42000000,307.62000000,309.40000000,95915.72680000
1170,2021-07-15 00:00:00,309.33000000,314.64000000,305.65000000,306.14000000,212123.27860000
1171,2021-07-15 04:00:00,306.13000000,306.77000000,301.32000000,303.07000000,187377.04640000
1172,2021-07-15 08:00:00,303.07000000,324.33000000,302.81000000,312.00000000,832887.86080000
1173,2021-07-15 12:00:00,311.97000000,316.00000000,306.51000000,312.70000000,418050.06990000
1174,2021-07-15 16:00:00,312.70000000,316.78000000,308.36000000,316.01000000,266346.92870000
1175,2021-07-15 20:00:00,316.01000000,322.00000000,312.45000000,316.11000000,268425.65540000
1176,2021-07-16 00:00:00,316.12000000,323.50000000,311.25000000,320.28000000,293402.66400000
1177,2021-07-16 04:00:00,320.30000000,322.00000000,309.57000000,312.96000000,234312.59780000
1178,2021-07-16 08:00:00,312.98000000,313.23000000,301.50000000,302.90000000,343147.37230000
1179,2021-07-16 12:00:00,302.91000000,312.47000000,302.58000000,311.75000000,286656.63440000
1180,2021-07-16 16:00:00,311.76000000,312.37000000,306.14000000,307.36000000,150742.56920000
1181,2021-07-16 20:00:00,307.35000000,308.51000000,302.53000000,302.88000000,147843.56420000
1182,2021-07-17 00:00:00,302.94000000,306.71000000,295.00000000,297.23000000,314419.46990000
1183,2021-07-17 04:00:00,297.23000000,302.81000000,296.50000000,299.49000000,147158.41470000
1184,2021-07-17 08:00:00,299.49000000,305.77000000,296.80000000,299.37000000,209637.18070000
1185,2021-07-17 12:00:00,299.40000000,303.62000000,298.32000000,300.26000000,134357.18690000
1186,2021-07-17 16:00:00,300.27000000,304.21000000,299.19000000,303.52000000,130110.85660000
1187,2021-07-17 20:00:00,303.51000000,304.15000000,299.45000000,300.52000000,95196.85230000
1188,2021-07-18 00:00:00,300.56000000,309.18000000,299.96000000,306.00000000,191500.74830000
1189,2021-07-18 04:00:00,306.00000000,306.64000000,302.26000000,303.43000000,92139.57380000
1190,2021-07-18 08:00:00,303.43000000,306.49000000,303.18000000,306.09000000,109158.00240000
1191,2021-07-18 12:00:00,306.09000000,307.01000000,298.70000000,302.09000000,185185.90280000
1192,2021-07-18 16:00:00,302.07000000,306.19000000,300.76000000,304.10000000,112015.86700000
1193,2021-07-18 20:00:00,304.04000000,308.10000000,300.52000000,302.10000000,125497.25840000
1194,2021-07-19 00:00:00,302.04000000,303.94000000,297.44000000,299.01000000,149132.00840000
1195,2021-07-19 04:00:00,298.97000000,303.00000000,298.13000000,299.95000000,102257.23710000
1196,2021-07-19 08:00:00,299.96000000,300.68000000,295.28000000,295.40000000,154042.02140000
1197,2021-07-19 12:00:00,295.39000000,295.49000000,278.85000000,283.90000000,589188.27190000
1198,2021-07-19 16:00:00,283.94000000,286.60000000,280.70000000,283.22000000,193869.21840000
1199,2021-07-19 20:00:00,283.23000000,283.94000000,279.36000000,280.54000000,129552.95020000
1200,2021-07-20 00:00:00,280.54000000,283.60000000,257.92000000,259.51000000,514701.70450000
1201,2021-07-20 04:00:00,259.51000000,267.67000000,259.23000000,266.97000000,294932.53060000
1202,2021-07-20 08:00:00,266.97000000,267.42000000,254.52000000,263.70000000,344224.54610000
1203,2021-07-20 12:00:00,263.70000000,271.50000000,259.26000000,269.25000000,325224.37240000
1204,2021-07-20 16:00:00,269.24000000,271.42000000,264.71000000,268.44000000,169016.05560000
1205,2021-07-20 20:00:00,268.44000000,270.98000000,261.05000000,264.44000000,148501.37110000
1206,2021-07-21 00:00:00,264.43000000,271.00000000,261.02000000,269.87000000,207804.99910000
1207,2021-07-21 04:00:00,269.88000000,284.36000000,269.85000000,280.64000000,401399.45840000
1208,2021-07-21 08:00:00,280.63000000,288.68000000,278.71000000,287.35000000,254415.25150000
1209,2021-07-21 12:00:00,287.35000000,291.70000000,283.75000000,291.27000000,245226.23730000
1210,2021-07-21 16:00:00,291.27000000,298.92000000,284.44000000,285.33000000,454445.71140000
1211,2021-07-21 20:00:00,285.33000000,293.67000000,284.44000000,293.26000000,177444.36490000
1212,2021-07-22 00:00:00,293.27000000,297.26000000,287.30000000,290.75000000,206093.85710000
1213,2021-07-22 04:00:00,290.73000000,297.24000000,289.24000000,295.56000000,223175.71900000
1214,2021-07-22 08:00:00,295.56000000,297.50000000,290.00000000,293.60000000,214470.03650000
1215,2021-07-22 12:00:00,293.58000000,297.70000000,289.61000000,296.88000000,225965.87550000
1216,2021-07-22 16:00:00,296.86000000,298.44000000,293.02000000,295.08000000,158630.79520000
1217,2021-07-22 20:00:00,295.07000000,295.49000000,288.50000000,293.36000000,145171.65990000
1218,2021-07-23 00:00:00,293.39000000,297.80000000,291.88000000,295.31000000,194041.16250000
1219,2021-07-23 04:00:00,295.31000000,301.50000000,295.01000000,298.09000000,298896.89710000
1220,2021-07-23 08:00:00,298.02000000,298.18000000,289.01000000,289.02000000,248761.54700000
1221,2021-07-23 12:00:00,289.02000000,292.00000000,285.94000000,287.17000000,378260.95160000
1222,2021-07-23 16:00:00,287.20000000,287.33000000,281.01000000,284.22000000,212871.00520000
1223,2021-07-23 20:00:00,284.23000000,299.36000000,283.83000000,299.27000000,308167.97550000
1224,2021-07-24 00:00:00,299.29000000,300.29000000,295.79000000,299.80000000,249078.12270000
1225,2021-07-24 04:00:00,299.80000000,305.15000000,299.66000000,302.36000000,279763.23390000
1226,2021-07-24 08:00:00,302.36000000,303.99000000,300.09000000,302.91000000,236748.03020000
1227,2021-07-24 12:00:00,302.91000000,304.50000000,300.97000000,302.29000000,199788.80910000
1228,2021-07-24 16:00:00,302.28000000,307.79000000,297.03000000,297.81000000,298308.86840000
1229,2021-07-24 20:00:00,297.86000000,301.88000000,295.43000000,301.56000000,175214.31680000
1230,2021-07-25 00:00:00,301.53000000,303.53000000,295.78000000,298.21000000,197496.40660000
1231,2021-07-25 04:00:00,298.21000000,304.44000000,297.80000000,302.39000000,227980.66280000
1232,2021-07-25 08:00:00,302.40000000,303.70000000,298.94000000,300.19000000,166078.18290000
1233,2021-07-25 12:00:00,300.19000000,300.24000000,292.34000000,296.24000000,216627.31040000
1234,2021-07-25 16:00:00,296.26000000,299.34000000,294.70000000,298.26000000,136172.92760000
1235,2021-07-25 20:00:00,298.27000000,302.78000000,297.08000000,302.56000000,139201.78670000
1236,2021-07-26 00:00:00,302.56000000,328.00000000,302.05000000,322.21000000,830225.85120000
1237,2021-07-26 04:00:00,322.21000000,326.02000000,313.55000000,317.41000000,426075.98660000
1238,2021-07-26 08:00:00,317.46000000,320.39000000,314.24000000,318.72000000,255068.46820000
1239,2021-07-26 12:00:00,318.78000000,321.17000000,314.29000000,318.35000000,290611.07560000
1240,2021-07-26 16:00:00,318.35000000,325.00000000,316.02000000,317.83000000,313619.72400000
1241,2021-07-26 20:00:00,317.82000000,318.29000000,301.00000000,304.00000000,459953.17460000
1242,2021-07-27 00:00:00,304.00000000,307.80000000,297.61000000,301.33000000,298575.68240000
1243,2021-07-27 04:00:00,301.34000000,306.49000000,300.33000000,304.28000000,271104.52150000
1244,2021-07-27 08:00:00,304.28000000,316.20000000,302.86000000,315.58000000,286853.13540000
1245,2021-07-27 12:00:00,315.59000000,318.41000000,310.35000000,312.54000000,341067.85210000
1246,2021-07-27 16:00:00,312.52000000,313.81000000,303.00000000,306.01000000,270790.95120000
1247,2021-07-27 20:00:00,306.04000000,314.82000000,305.71000000,313.48000000,210315.92090000
1248,2021-07-28 00:00:00,313.47000000,317.00000000,308.55000000,311.46000000,259336.31370000
1249,2021-07-28 04:00:00,311.46000000,315.59000000,308.38000000,314.18000000,228790.72110000
1250,2021-07-28 08:00:00,314.19000000,318.68000000,311.73000000,317.33000000,272805.10020000
1251,2021-07-28 12:00:00,317.34000000,317.62000000,311.52000000,314.19000000,181519.13860000
1252,2021-07-28 16:00:00,314.18000000,317.15000000,308.00000000,314.48000000,244823.68880000
1253,2021-07-28 20:00:00,314.49000000,314.84000000,311.40000000,313.80000000,120974.16760000
1254,2021-07-29 00:00:00,313.84000000,314.19000000,308.60000000,310.22000000,174664.93000000
1255,2021-07-29 04:00:00,310.22000000,315.80000000,309.43000000,313.39000000,166893.06400000
1256,2021-07-29 08:00:00,313.45000000,316.00000000,310.69000000,311.63000000,170682.56230000
1257,2021-07-29 12:00:00,311.64000000,315.19000000,310.69000000,314.30000000,178715.32700000
1258,2021-07-29 16:00:00,314.28000000,315.44000000,312.28000000,313.32000000,117961.36380000
1259,2021-07-29 20:00:00,313.32000000,320.31000000,312.84000000,317.03000000,190028.93680000
1260,2021-07-30 00:00:00,317.10000000,325.66000000,315.00000000,321.60000000,246730.32990000
1261,2021-07-30 04:00:00,321.60000000,322.46000000,318.12000000,318.99000000,154150.33020000
1262,2021-07-30 08:00:00,319.00000000,319.21000000,306.16000000,309.24000000,324591.18110000
1263,2021-07-30 12:00:00,309.27000000,312.04000000,308.23000000,311.91000000,148593.30970000
1264,2021-07-30 16:00:00,311.92000000,314.46000000,310.50000000,314.40000000,128422.82710000
1265,2021-07-30 20:00:00,314.44000000,323.00000000,313.87000000,322.58000000,294933.66650000
1266,2021-07-31 00:00:00,322.58000000,324.50000000,320.38000000,322.57000000,226020.05850000
1267,2021-07-31 04:00:00,322.57000000,323.46000000,317.21000000,320.11000000,149862.85920000
1268,2021-07-31 08:00:00,320.10000000,337.75000000,319.66000000,331.90000000,454391.49300000
1269,2021-07-31 12:00:00,331.84000000,332.36000000,326.11000000,329.67000000,206025.30190000
1270,2021-07-31 16:00:00,329.63000000,332.52000000,326.57000000,330.90000000,150216.44990000
1271,2021-07-31 20:00:00,330.90000000,338.44000000,329.83000000,332.38000000,207237.80250000
1272,2021-08-01 00:00:00,332.38000000,347.80000000,330.47000000,346.75000000,344946.86890000
1273,2021-08-01 04:00:00,346.71000000,347.34000000,340.27000000,341.50000000,290878.45450000
1274,2021-08-01 08:00:00,341.50000000,344.69000000,336.58000000,339.99000000,185605.74410000
1275,2021-08-01 12:00:00,339.99000000,342.25000000,336.95000000,338.79000000,177653.92150000
1276,2021-08-01 16:00:00,338.81000000,340.51000000,331.94000000,339.41000000,240144.09020000
1277,2021-08-01 20:00:00,339.41000000,344.15000000,328.99000000,332.59000000,275285.13860000
1278,2021-08-02 00:00:00,332.63000000,334.56000000,326.17000000,329.89000000,211222.25140000
1279,2021-08-02 04:00:00,329.89000000,338.29000000,328.53000000,336.10000000,183282.83020000
1280,2021-08-02 08:00:00,336.10000000,337.00000000,330.01000000,332.85000000,170234.43510000
1281,2021-08-02 12:00:00,332.87000000,335.68000000,327.25000000,334.29000000,193317.19310000
1282,2021-08-02 16:00:00,334.31000000,337.09000000,330.37000000,331.47000000,137619.94880000
1283,2021-08-02 20:00:00,331.46000000,333.68000000,328.00000000,330.55000000,123064.65120000
1284,2021-08-03 00:00:00,330.53000000,334.73000000,325.20000000,326.21000000,199416.36640000
1285,2021-08-03 04:00:00,326.27000000,327.96000000,318.00000000,323.27000000,251100.04440000
1286,2021-08-03 08:00:00,323.26000000,324.47000000,321.01000000,321.08000000,143746.97190000
1287,2021-08-03 12:00:00,321.08000000,324.77000000,317.02000000,321.48000000,225409.24440000
1288,2021-08-03 16:00:00,321.51000000,324.28000000,319.39000000,321.33000000,137555.76630000
1289,2021-08-03 20:00:00,321.33000000,325.00000000,319.70000000,323.43000000,103577.95130000
1290,2021-08-04 00:00:00,323.44000000,325.39000000,320.59000000,321.21000000,118888.99840000
1291,2021-08-04 04:00:00,321.21000000,324.25000000,320.39000000,321.84000000,120498.71800000
1292,2021-08-04 08:00:00,321.84000000,324.12000000,319.78000000,323.54000000,127452.07440000
1293,2021-08-04 12:00:00,323.54000000,333.99000000,323.51000000,332.24000000,269196.62980000
1294,2021-08-04 16:00:00,332.24000000,335.62000000,331.25000000,334.42000000,174292.43090000
1295,2021-08-04 20:00:00,334.43000000,337.39000000,333.06000000,334.77000000,159342.57130000
1296,2021-08-05 00:00:00,334.78000000,336.56000000,331.00000000,334.48000000,134046.20340000
1297,2021-08-05 04:00:00,334.42000000,335.11000000,328.10000000,329.69000000,133913.99360000
1298,2021-08-05 08:00:00,329.69000000,331.38000000,323.55000000,327.14000000,242661.83070000
1299,2021-08-05 12:00:00,327.10000000,333.00000000,323.37000000,330.24000000,318505.36440000
1300,2021-08-05 16:00:00,330.23000000,340.17000000,330.00000000,336.99000000,289017.05420000
1301,2021-08-05 20:00:00,337.00000000,339.66000000,335.00000000,337.91000000,145505.04630000
1302,2021-08-06 00:00:00,337.92000000,339.50000000,333.30000000,333.55000000,151703.21120000
1303,2021-08-06 04:00:00,333.55000000,337.68000000,332.21000000,335.22000000,160714.76680000
1304,2021-08-06 08:00:00,335.22000000,336.60000000,332.33000000,332.85000000,158070.00020000
1305,2021-08-06 12:00:00,332.84000000,343.62000000,331.12000000,343.04000000,277757.28140000
1306,2021-08-06 16:00:00,343.09000000,347.14000000,340.40000000,342.30000000,356021.43990000
1307,2021-08-06 20:00:00,342.34000000,343.67000000,338.27000000,342.39000000,163232.21830000
1308,2021-08-07 00:00:00,342.39000000,351.09000000,340.34000000,350.33000000,274336.14630000
1309,2021-08-07 04:00:00,350.35000000,353.49000000,345.97000000,347.73000000,229061.16930000
1310,2021-08-07 08:00:00,347.73000000,357.79000000,347.00000000,356.28000000,269476.46870000
1311,2021-08-07 12:00:00,356.28000000,359.74000000,348.26000000,351.71000000,350597.03780000
1312,2021-08-07 16:00:00,351.71000000,352.33000000,344.37000000,351.52000000,260002.05940000
1313,2021-08-07 20:00:00,351.51000000,356.84000000,349.31000000,356.18000000,162328.30650000
1314,2021-08-08 00:00:00,356.18000000,358.33000000,347.77000000,353.87000000,237970.29890000
1315,2021-08-08 04:00:00,353.87000000,359.87000000,350.58000000,355.66000000,226961.66450000
1316,2021-08-08 08:00:00,355.62000000,357.27000000,349.53000000,350.46000000,183425.27490000
1317,2021-08-08 12:00:00,350.45000000,355.73000000,344.75000000,346.44000000,234296.81400000
1318,2021-08-08 16:00:00,346.44000000,348.25000000,337.00000000,340.04000000,243977.53140000
1319,2021-08-08 20:00:00,339.98000000,345.51000000,338.02000000,341.79000000,149136.57030000
1320,2021-08-09 00:00:00,341.79000000,343.69000000,333.15000000,339.20000000,199878.05120000
1321,2021-08-09 04:00:00,339.19000000,344.23000000,338.29000000,343.44000000,147871.39140000
1322,2021-08-09 08:00:00,343.46000000,357.46000000,342.12000000,357.36000000,313246.76720000
1323,2021-08-09 12:00:00,357.32000000,357.70000000,351.08000000,355.85000000,255483.46590000
1324,2021-08-09 16:00:00,355.86000000,357.05000000,352.51000000,353.49000000,188297.01050000
1325,2021-08-09 20:00:00,353.50000000,355.53000000,347.20000000,354.32000000,180198.82700000
1326,2021-08-10 00:00:00,354.32000000,356.00000000,350.00000000,350.80000000,148138.82150000
1327,2021-08-10 04:00:00,350.80000000,355.47000000,348.00000000,354.94000000,163840.39010000
1328,2021-08-10 08:00:00,354.94000000,359.10000000,353.31000000,355.55000000,223793.13610000
1329,2021-08-10 12:00:00,355.56000000,376.60000000,354.89000000,369.36000000,720129.31190000
1330,2021-08-10 16:00:00,369.35000000,371.63000000,361.32000000,371.05000000,220361.26040000
1331,2021-08-10 20:00:00,371.05000000,374.95000000,369.39000000,371.92000000,184581.27180000
1332,2021-08-11 00:00:00,371.95000000,382.61000000,371.09000000,379.07000000,330009.04730000
1333,2021-08-11 04:00:00,379.07000000,390.55000000,377.79000000,387.89000000,323440.75670000
1334,2021-08-11 08:00:00,387.94000000,389.84000000,384.17000000,386.14000000,232421.59600000
1335,2021-08-11 12:00:00,386.15000000,401.85000000,384.04000000,396.83000000,433434.70970000
1336,2021-08-11 16:00:00,396.84000000,402.40000000,394.54000000,401.38000000,199739.68240000
1337,2021-08-11 20:00:00,401.36000000,408.72000000,387.15000000,390.96000000,392846.89540000
1338,2021-08-12 00:00:00,390.92000000,406.18000000,388.64000000,399.60000000,312243.12790000
1339,2021-08-12 04:00:00,399.60000000,401.50000000,377.50000000,387.27000000,465497.16430000
1340,2021-08-12 08:00:00,387.31000000,392.62000000,381.30000000,383.11000000,291178.39340000
1341,2021-08-12 12:00:00,383.11000000,386.30000000,371.59000000,376.35000000,333907.22670000
1342,2021-08-12 16:00:00,376.35000000,385.51000000,371.62000000,383.60000000,240940.98260000
1343,2021-08-12 20:00:00,383.59000000,387.20000000,376.06000000,385.66000000,191539.04330000
1344,2021-08-13 00:00:00,385.69000000,394.87000000,382.91000000,392.97000000,168811.24470000
1345,2021-08-13 04:00:00,392.98000000,404.80000000,391.81000000,402.87000000,171678.35490000
1346,2021-08-13 08:00:00,402.87000000,406.40000000,397.33000000,398.67000000,285793.35400000
1347,2021-08-13 12:00:00,398.68000000,403.01000000,392.56000000,395.81000000,223593.33180000
1348,2021-08-13 16:00:00,395.81000000,399.66000000,393.61000000,396.04000000,158929.93030000
1349,2021-08-13 20:00:00,396.04000000,411.46000000,395.13000000,410.76000000,253021.07680000
1350,2021-08-14 00:00:00,410.74000000,411.01000000,404.71000000,407.32000000,194216.82730000
1351,2021-08-14 04:00:00,407.32000000,417.86000000,404.16000000,415.76000000,227117.36880000
1352,2021-08-14 08:00:00,415.77000000,418.80000000,400.00000000,406.93000000,422457.58650000
1353,2021-08-14 12:00:00,406.92000000,411.60000000,401.00000000,409.37000000,271293.65900000
1354,2021-08-14 16:00:00,409.37000000,410.00000000,404.01000000,407.78000000,155265.45520000
1355,2021-08-14 20:00:00,407.83000000,411.17000000,400.00000000,408.67000000,168935.60960000
1356,2021-08-15 00:00:00,408.66000000,411.06000000,404.54000000,404.81000000,193733.35040000
1357,2021-08-15 04:00:00,404.81000000,405.65000000,395.88000000,397.93000000,245200.87730000
1358,2021-08-15 08:00:00,397.93000000,405.00000000,396.16000000,403.34000000,193687.93730000
1359,2021-08-15 12:00:00,403.37000000,406.97000000,397.89000000,403.64000000,204962.91540000
1360,2021-08-15 16:00:00,403.67000000,406.38000000,399.00000000,406.29000000,172523.88760000
1361,2021-08-15 20:00:00,406.36000000,415.16000000,406.01000000,414.05000000,228006.44980000
1362,2021-08-16 00:00:00,414.05000000,418.50000000,410.79000000,410.96000000,223425.74480000
1363,2021-08-16 04:00:00,410.96000000,424.40000000,410.85000000,420.40000000,286314.56280000
1364,2021-08-16 08:00:00,420.40000000,432.81000000,419.59000000,430.11000000,345050.46050000
1365,2021-08-16 12:00:00,430.14000000,437.00000000,420.47000000,426.38000000,490256.16690000
1366,2021-08-16 16:00:00,426.39000000,429.34000000,420.10000000,420.62000000,219852.92310000
1367,2021-08-16 20:00:00,420.59000000,423.31000000,412.76000000,415.72000000,285424.33250000
1368,2021-08-17 00:00:00,415.72000000,429.86000000,408.00000000,426.76000000,339481.15980000
1369,2021-08-17 04:00:00,426.77000000,429.63000000,416.16000000,418.80000000,283497.67470000
1370,2021-08-17 08:00:00,418.80000000,434.75000000,418.72000000,432.60000000,355309.08160000
1371,2021-08-17 12:00:00,432.57000000,435.77000000,418.32000000,418.94000000,348926.93690000
1372,2021-08-17 16:00:00,418.95000000,425.00000000,413.33000000,415.37000000,275262.01890000
1373,2021-08-17 20:00:00,415.37000000,416.20000000,398.77000000,401.80000000,381552.40310000
1374,2021-08-18 00:00:00,401.86000000,406.81000000,385.47000000,396.68000000,471750.98580000
1375,2021-08-18 04:00:00,396.68000000,405.40000000,395.04000000,397.48000000,263039.32940000
1376,2021-08-18 08:00:00,397.46000000,403.14000000,389.50000000,390.59000000,257930.24820000
1377,2021-08-18 12:00:00,390.60000000,408.89000000,390.50000000,408.34000000,281433.22240000
1378,2021-08-18 16:00:00,408.36000000,412.36000000,395.26000000,396.60000000,273700.90680000
1379,2021-08-18 20:00:00,396.59000000,403.49000000,390.10000000,396.15000000,202684.84590000
1380,2021-08-19 00:00:00,396.23000000,405.49000000,392.30000000,393.07000000,310953.99260000
1381,2021-08-19 04:00:00,393.07000000,399.31000000,390.89000000,397.40000000,223431.69070000
1382,2021-08-19 08:00:00,397.40000000,407.74000000,397.39000000,400.21000000,326179.79860000
1383,2021-08-19 12:00:00,400.21000000,423.70000000,400.00000000,422.68000000,474663.89070000
1384,2021-08-19 16:00:00,422.67000000,430.00000000,416.51000000,429.16000000,324723.06390000
1385,2021-08-19 20:00:00,429.15000000,431.70000000,424.77000000,431.27000000,192921.03490000
1386,2021-08-20 00:00:00,431.21000000,436.44000000,427.50000000,430.29000000,285916.52840000
1387,2021-08-20 04:00:00,430.29000000,430.83000000,423.90000000,425.32000000,228491.86850000
1388,2021-08-20 08:00:00,425.32000000,431.54000000,421.84000000,427.32000000,218940.47640000
1389,2021-08-20 12:00:00,427.32000000,449.50000000,427.02000000,447.48000000,434711.86150000
1390,2021-08-20 16:00:00,447.48000000,453.74000000,442.50000000,448.83000000,307671.45900000
1391,2021-08-20 20:00:00,448.84000000,458.00000000,447.89000000,454.93000000,215369.31640000
1392,2021-08-21 00:00:00,454.92000000,455.25000000,443.47000000,455.17000000,243323.59960000
1393,2021-08-21 04:00:00,455.17000000,459.29000000,450.49000000,459.08000000,267179.84880000
1394,2021-08-21 08:00:00,459.08000000,460.00000000,444.72000000,448.32000000,303157.12390000
1395,2021-08-21 12:00:00,448.33000000,459.70000000,447.32000000,454.33000000,263360.84760000
1396,2021-08-21 16:00:00,454.38000000,457.28000000,445.17000000,447.66000000,193327.24050000
1397,2021-08-21 20:00:00,447.69000000,454.35000000,444.62000000,448.74000000,156470.23740000
1398,2021-08-22 00:00:00,448.74000000,454.29000000,447.24000000,448.13000000,165299.14890000
1399,2021-08-22 04:00:00,448.13000000,457.26000000,448.07000000,455.68000000,150566.78840000
1400,2021-08-22 08:00:00,455.60000000,458.34000000,452.00000000,455.64000000,180596.37520000
1401,2021-08-22 12:00:00,455.64000000,456.27000000,438.61000000,444.06000000,313789.16220000
1402,2021-08-22 16:00:00,444.05000000,446.97000000,437.77000000,443.60000000,174170.92850000
1403,2021-08-22 20:00:00,443.51000000,450.00000000,438.52000000,448.68000000,151113.40440000
1404,2021-08-23 00:00:00,448.69000000,463.46000000,445.89000000,463.46000000,320496.27550000
1405,2021-08-23 04:00:00,463.39000000,487.58000000,463.20000000,485.24000000,626031.43180000
1406,2021-08-23 08:00:00,485.24000000,506.72000000,483.69000000,498.70000000,623628.63320000
1407,2021-08-23 12:00:00,498.72000000,505.75000000,489.64000000,497.38000000,496904.56080000
1408,2021-08-23 16:00:00,497.44000000,509.71000000,495.00000000,499.42000000,345580.12430000
1409,2021-08-23 20:00:00,499.52000000,508.46000000,495.62000000,499.06000000,248167.99630000
1410,2021-08-24 00:00:00,499.06000000,504.20000000,491.29000000,494.88000000,275504.59380000
1411,2021-08-24 04:00:00,494.89000000,499.15000000,491.13000000,496.23000000,251757.10040000
1412,2021-08-24 08:00:00,496.21000000,498.40000000,485.00000000,493.89000000,264338.53900000
1413,2021-08-24 12:00:00,493.90000000,493.95000000,470.41000000,472.95000000,497294.33500000
1414,2021-08-24 16:00:00,472.95000000,480.45000000,461.12000000,478.05000000,524447.02320000
1415,2021-08-24 20:00:00,478.06000000,482.91000000,470.40000000,471.62000000,266956.10650000
1416,2021-08-25 00:00:00,471.62000000,484.41000000,471.00000000,476.81000000,280266.16230000
1417,2021-08-25 04:00:00,476.80000000,496.29000000,476.15000000,487.96000000,359829.18640000
1418,2021-08-25 08:00:00,487.89000000,488.74000000,470.00000000,479.74000000,454448.41300000
1419,2021-08-25 12:00:00,479.81000000,505.06000000,477.45000000,502.47000000,642520.16590000
1420,2021-08-25 16:00:00,502.45000000,507.00000000,497.84000000,499.56000000,314313.67110000
1421,2021-08-25 20:00:00,499.56000000,504.75000000,496.61000000,503.19000000,191533.43460000
1422,2021-08-26 00:00:00,503.17000000,518.94000000,491.00000000,493.20000000,505613.89450000
1423,2021-08-26 04:00:00,493.20000000,495.43000000,475.20000000,482.90000000,499027.20810000
1424,2021-08-26 08:00:00,483.10000000,490.60000000,478.00000000,483.60000000,340528.30400000
1425,2021-08-26 12:00:00,483.60000000,493.00000000,475.00000000,481.20000000,417445.20980000
1426,2021-08-26 16:00:00,481.30000000,484.70000000,471.20000000,479.30000000,266023.04560000
1427,2021-08-26 20:00:00,479.30000000,487.80000000,477.40000000,478.10000000,201014.56900000
1428,2021-08-27 00:00:00,478.20000000,489.20000000,467.10000000,474.30000000,405469.70320000
1429,2021-08-27 04:00:00,474.30000000,481.50000000,468.90000000,481.00000000,253945.30000000
1430,2021-08-27 08:00:00,481.00000000,487.80000000,474.50000000,482.20000000,227051.02500000
1431,2021-08-27 12:00:00,482.20000000,494.40000000,477.90000000,489.00000000,341037.10600000
1432,2021-08-27 16:00:00,488.90000000,490.60000000,485.00000000,486.90000000,152556.31000000
1433,2021-08-27 20:00:00,486.90000000,495.00000000,485.00000000,494.50000000,169731.48040000
1434,2021-08-28 00:00:00,494.60000000,497.00000000,486.30000000,487.70000000,171341.01280000
1435,2021-08-28 04:00:00,487.80000000,490.10000000,482.90000000,486.60000000,131497.77600000
1436,2021-08-28 08:00:00,486.70000000,489.90000000,483.10000000,484.20000000,166929.55900000
1437,2021-08-28 12:00:00,484.10000000,490.00000000,482.30000000,486.10000000,175785.45900000
1438,2021-08-28 16:00:00,486.20000000,490.30000000,483.80000000,485.20000000,147264.67300000
1439,2021-08-28 20:00:00,485.30000000,488.90000000,483.70000000,486.20000000,99036.10400000
1440,2021-08-29 00:00:00,486.10000000,495.50000000,480.00000000,481.70000000,224559.95100000
1441,2021-08-29 04:00:00,481.70000000,488.00000000,478.50000000,487.50000000,141030.47400000
1442,2021-08-29 08:00:00,487.40000000,489.80000000,483.50000000,484.50000000,129035.83000000
1443,2021-08-29 12:00:00,484.50000000,487.50000000,480.00000000,483.30000000,127803.01100000
1444,2021-08-29 16:00:00,483.40000000,484.70000000,475.00000000,482.10000000,170799.23300000
1445,2021-08-29 20:00:00,482.10000000,484.20000000,477.90000000,479.70000000,117545.44000000
1446,2021-08-30 00:00:00,479.70000000,480.80000000,471.10000000,473.80000000,162855.59400000
1447,2021-08-30 04:00:00,473.80000000,478.60000000,471.80000000,478.40000000,139406.27000000
1448,2021-08-30 08:00:00,478.40000000,479.70000000,471.90000000,474.40000000,140242.58100000
1449,2021-08-30 12:00:00,474.40000000,474.50000000,462.00000000,472.40000000,254726.56890000
1450,2021-08-30 16:00:00,472.40000000,478.80000000,470.90000000,478.00000000,203602.12500000
1451,2021-08-30 20:00:00,478.10000000,480.90000000,457.00000000,460.30000000,224664.82230000
1452,2021-08-31 00:00:00,460.20000000,462.90000000,451.70000000,461.40000000,216905.03570000
1453,2021-08-31 04:00:00,461.40000000,468.90000000,448.20000000,468.20000000,271223.73050000
1454,2021-08-31 08:00:00,468.20000000,472.50000000,458.90000000,470.40000000,287652.90300000
1455,2021-08-31 12:00:00,470.40000000,477.80000000,467.00000000,472.00000000,320203.34900000
1456,2021-08-31 16:00:00,472.10000000,474.40000000,463.30000000,468.40000000,201734.96100000
1457,2021-08-31 20:00:00,468.50000000,468.90000000,457.40000000,463.90000000,179625.57600000
1458,2021-09-01 00:00:00,463.90000000,465.90000000,455.10000000,463.20000000,201720.89000000
1459,2021-09-01 04:00:00,463.20000000,470.30000000,462.20000000,468.40000000,201952.35500000
1460,2021-09-01 08:00:00,468.50000000,481.70000000,467.60000000,481.50000000,270971.27300000
1461,2021-09-01 12:00:00,481.50000000,484.60000000,477.10000000,479.40000000,242384.17800000
1462,2021-09-01 16:00:00,479.50000000,489.60000000,478.10000000,484.40000000,267658.92600000
1463,2021-09-01 20:00:00,484.30000000,490.00000000,482.50000000,489.40000000,135948.31800000
1464,2021-09-02 00:00:00,489.50000000,504.70000000,486.10000000,493.20000000,376633.68780000
1465,2021-09-02 04:00:00,493.20000000,495.90000000,486.60000000,489.40000000,200198.50700000
1466,2021-09-02 08:00:00,489.50000000,493.50000000,488.30000000,492.10000000,144859.42600000
1467,2021-09-02 12:00:00,492.20000000,494.90000000,478.00000000,482.40000000,274098.71900000
1468,2021-09-02 16:00:00,482.40000000,487.10000000,481.60000000,486.30000000,126850.48100000
1469,2021-09-02 20:00:00,486.30000000,490.90000000,483.10000000,483.70000000,123039.87800000
1470,2021-09-03 00:00:00,483.60000000,487.30000000,473.00000000,486.80000000,186328.40500000
1471,2021-09-03 04:00:00,486.90000000,489.60000000,482.00000000,484.10000000,159702.83200000
1472,2021-09-03 08:00:00,484.10000000,492.80000000,483.30000000,489.30000000,242842.15300000
1473,2021-09-03 12:00:00,489.40000000,495.00000000,487.60000000,493.10000000,237410.52000000
1474,2021-09-03 16:00:00,493.10000000,493.80000000,488.30000000,489.40000000,138526.14700000
1475,2021-09-03 20:00:00,489.40000000,490.50000000,483.40000000,488.50000000,129294.68500000
1476,2021-09-04 00:00:00,488.40000000,493.00000000,485.20000000,489.30000000,142246.08200000
1477,2021-09-04 04:00:00,489.40000000,493.70000000,487.60000000,490.00000000,141689.49500000
1478,2021-09-04 08:00:00,490.10000000,494.80000000,487.30000000,490.00000000,187864.35100000
1479,2021-09-04 12:00:00,490.00000000,509.90000000,489.80000000,500.20000000,465153.12270000
1480,2021-09-04 16:00:00,500.30000000,501.80000000,490.00000000,494.40000000,187385.40400000
1481,2021-09-04 20:00:00,494.40000000,502.50000000,493.90000000,497.70000000,123923.17300000
1482,2021-09-05 00:00:00,497.80000000,500.40000000,491.10000000,493.00000000,152331.02200000
1483,2021-09-05 04:00:00,493.10000000,495.40000000,488.40000000,494.30000000,116580.23600000
1484,2021-09-05 08:00:00,494.30000000,497.50000000,491.60000000,493.60000000,141199.92900000
1485,2021-09-05 12:00:00,493.50000000,499.50000000,492.70000000,495.40000000,153919.06100000
1486,2021-09-05 16:00:00,495.30000000,500.00000000,495.10000000,498.00000000,137269.85300000
1487,2021-09-05 20:00:00,498.10000000,505.20000000,498.00000000,504.80000000,177105.94400000
1488,2021-09-06 00:00:00,504.90000000,509.00000000,497.00000000,498.80000000,179069.90000000
1489,2021-09-06 04:00:00,498.90000000,505.40000000,497.10000000,504.30000000,160506.97500000
1490,2021-09-06 08:00:00,504.20000000,507.10000000,496.30000000,498.00000000,217967.18400000
1491,2021-09-06 12:00:00,498.00000000,499.30000000,486.90000000,497.60000000,286122.46800000
1492,2021-09-06 16:00:00,497.50000000,499.60000000,495.40000000,497.20000000,142142.27400000
1493,2021-09-06 20:00:00,497.20000000,500.20000000,493.50000000,496.10000000,135590.17700000
1494,2021-09-07 00:00:00,496.10000000,504.80000000,494.40000000,495.70000000,224961.52600000
1495,2021-09-07 04:00:00,495.70000000,498.30000000,489.20000000,491.20000000,221428.45100000
1496,2021-09-07 08:00:00,491.30000000,491.30000000,460.00000000,469.30000000,534613.16600000
1497,2021-09-07 12:00:00,469.30000000,473.60000000,369.00000000,416.10000000,1295832.79290000
1498,2021-09-07 16:00:00,416.10000000,437.10000000,406.30000000,413.60000000,797401.33300000
1499,2021-09-07 20:00:00,413.60000000,422.00000000,406.10000000,418.70000000,284450.85400000
1500,2021-09-08 00:00:00,418.70000000,425.50000000,411.10000000,413.10000000,276568.00100000
1501,2021-09-08 04:00:00,413.20000000,420.30000000,390.00000000,390.50000000,474579.30200000
1502,2021-09-08 08:00:00,390.60000000,413.10000000,382.30000000,408.60000000,519763.01900000
1503,2021-09-08 12:00:00,408.60000000,417.60000000,406.10000000,413.70000000,325701.15400000
1504,2021-09-08 16:00:00,413.70000000,420.00000000,410.60000000,419.70000000,258074.49500000
1505,2021-09-08 20:00:00,419.70000000,423.30000000,410.10000000,415.00000000,203821.13900000
1506,2021-09-09 00:00:00,415.20000000,418.70000000,403.40000000,409.50000000,264726.85500000
1507,2021-09-09 04:00:00,409.40000000,418.50000000,407.80000000,416.70000000,219530.19300000
1508,2021-09-09 08:00:00,416.70000000,420.40000000,411.50000000,415.90000000,218488.61200000
1509,2021-09-09 12:00:00,415.90000000,423.60000000,404.70000000,420.10000000,347211.34400000
1510,2021-09-09 16:00:00,420.10000000,436.10000000,417.10000000,420.10000000,350899.53300000
1511,2021-09-09 20:00:00,420.20000000,425.30000000,416.30000000,421.30000000,142436.68400000
1512,2021-09-10 00:00:00,421.30000000,439.40000000,419.50000000,432.40000000,249302.36700000
1513,2021-09-10 04:00:00,432.40000000,433.90000000,415.50000000,417.80000000,226103.33700000
1514,2021-09-10 08:00:00,417.90000000,420.20000000,407.90000000,415.90000000,273027.37900000
1515,2021-09-10 12:00:00,415.90000000,417.00000000,393.20000000,405.60000000,438237.47000000
1516,2021-09-10 16:00:00,405.60000000,409.60000000,401.90000000,407.70000000,156948.80300000
1517,2021-09-10 20:00:00,407.70000000,409.70000000,393.50000000,401.40000000,185287.39500000
1518,2021-09-11 00:00:00,401.40000000,408.90000000,399.30000000,402.60000000,159222.23700000
1519,2021-09-11 04:00:00,402.60000000,408.40000000,400.40000000,406.40000000,158890.63500000
1520,2021-09-11 08:00:00,406.40000000,415.30000000,402.70000000,410.30000000,195693.21100000
1521,2021-09-11 12:00:00,410.30000000,415.10000000,408.30000000,411.00000000,166861.97300000
1522,2021-09-11 16:00:00,411.00000000,414.60000000,408.20000000,408.50000000,126315.22700000
1523,2021-09-11 20:00:00,408.50000000,410.90000000,401.60000000,405.10000000,115783.77200000
1524,2021-09-12 00:00:00,405.00000000,406.30000000,397.40000000,406.30000000,134372.68100000
1525,2021-09-12 04:00:00,406.30000000,408.80000000,404.00000000,406.90000000,97054.56500000
1526,2021-09-12 08:00:00,406.90000000,417.50000000,406.50000000,417.30000000,222035.60300000
1527,2021-09-12 12:00:00,417.30000000,421.50000000,415.70000000,418.20000000,194690.28100000
1528,2021-09-12 16:00:00,418.20000000,419.60000000,414.20000000,417.40000000,123539.93700000
1529,2021-09-12 20:00:00,417.40000000,420.30000000,405.50000000,416.30000000,209709.81600000
1530,2021-09-13 00:00:00,416.40000000,419.70000000,396.70000000,397.50000000,240411.85100000
1531,2021-09-13 04:00:00,397.60000000,402.90000000,390.20000000,393.50000000,255503.27700000
1532,2021-09-13 08:00:00,393.50000000,399.40000000,389.00000000,398.50000000,226272.30500000
1533,2021-09-13 12:00:00,398.50000000,411.80000000,383.00000000,395.20000000,547387.88700000
1534,2021-09-13 16:00:00,395.20000000,399.10000000,392.50000000,398.60000000,140627.53800000
1535,2021-09-13 20:00:00,398.60000000,403.40000000,396.70000000,399.10000000,121451.86100000
1536,2021-09-14 00:00:00,399.10000000,402.80000000,395.70000000,400.80000000,129048.76300000
1537,2021-09-14 04:00:00,400.70000000,404.80000000,398.40000000,402.10000000,133258.35500000
1538,2021-09-14 08:00:00,402.10000000,407.00000000,400.00000000,401.50000000,142161.09300000
1539,2021-09-14 12:00:00,401.50000000,412.40000000,397.90000000,408.90000000,249437.52000000
1540,2021-09-14 16:00:00,408.90000000,409.90000000,403.70000000,405.30000000,145449.76100000
1541,2021-09-14 20:00:00,405.40000000,414.70000000,402.40000000,414.30000000,131280.30000000
1542,2021-09-15 00:00:00,414.30000000,415.30000000,409.60000000,413.00000000,149644.06200000
1543,2021-09-15 04:00:00,413.10000000,424.30000000,412.10000000,422.10000000,214974.77700000
1544,2021-09-15 08:00:00,422.20000000,428.20000000,420.80000000,425.60000000,206022.96200000
1545,2021-09-15 12:00:00,425.50000000,438.00000000,423.80000000,435.20000000,314379.48700000
1546,2021-09-15 16:00:00,435.10000000,436.10000000,426.90000000,429.70000000,183815.02500000
1547,2021-09-15 20:00:00,429.70000000,431.80000000,426.20000000,431.30000000,113219.31800000
1548,2021-09-16 00:00:00,431.20000000,433.00000000,421.90000000,424.60000000,161074.57700000
1549,2021-09-16 04:00:00,424.60000000,433.10000000,424.40000000,429.90000000,162141.51000000
1550,2021-09-16 08:00:00,430.00000000,431.20000000,422.20000000,426.60000000,157127.80700000
1551,2021-09-16 12:00:00,426.60000000,435.00000000,418.90000000,425.70000000,281498.08900000
1552,2021-09-16 16:00:00,425.80000000,428.60000000,421.80000000,423.40000000,135958.43000000
1553,2021-09-16 20:00:00,423.50000000,425.00000000,415.60000000,424.30000000,139248.60700000
1554,2021-09-17 00:00:00,424.20000000,426.00000000,418.40000000,421.40000000,130362.31800000
1555,2021-09-17 04:00:00,421.40000000,423.70000000,416.40000000,417.40000000,126632.76600000
1556,2021-09-17 08:00:00,417.50000000,422.00000000,405.90000000,407.80000000,209181.17500000
1557,2021-09-17 12:00:00,407.90000000,413.20000000,404.60000000,411.90000000,150627.82000000
1558,2021-09-17 16:00:00,412.00000000,414.00000000,405.60000000,411.50000000,106071.78900000
1559,2021-09-17 20:00:00,411.50000000,412.00000000,400.40000000,406.60000000,121261.85900000
1560,2021-09-18 00:00:00,406.80000000,413.00000000,401.50000000,412.70000000,116140.63400000
1561,2021-09-18 04:00:00,412.70000000,420.00000000,412.60000000,417.70000000,154673.51800000
1562,2021-09-18 08:00:00,417.80000000,419.50000000,415.00000000,415.80000000,122613.86800000
1563,2021-09-18 12:00:00,415.70000000,418.00000000,413.70000000,415.50000000,126530.94900000
1564,2021-09-18 16:00:00,415.50000000,416.20000000,410.00000000,411.80000000,109000.54600000
1565,2021-09-18 20:00:00,411.70000000,412.20000000,407.50000000,410.70000000,104520.22400000
1566,2021-09-19 00:00:00,410.80000000,411.30000000,406.00000000,408.50000000,90727.02200000
1567,2021-09-19 04:00:00,408.40000000,411.60000000,407.30000000,410.80000000,65312.04800000
1568,2021-09-19 08:00:00,410.90000000,413.60000000,402.80000000,404.50000000,125011.14700000
1569,2021-09-19 12:00:00,404.50000000,416.20000000,403.20000000,413.50000000,167679.77700000
1570,2021-09-19 16:00:00,413.50000000,419.00000000,412.20000000,412.50000000,163839.98400000
1571,2021-09-19 20:00:00,412.60000000,415.10000000,405.00000000,408.60000000,130525.74300000
1572,2021-09-20 00:00:00,408.50000000,410.10000000,385.60000000,391.20000000,312717.85400000
1573,2021-09-20 04:00:00,391.20000000,394.60000000,377.00000000,382.30000000,248143.75300000
1574,2021-09-20 08:00:00,382.20000000,387.20000000,362.60000000,369.10000000,389721.47510000
1575,2021-09-20 12:00:00,369.10000000,374.80000000,353.70000000,371.10000000,492498.11500000
1576,2021-09-20 16:00:00,371.20000000,374.90000000,361.10000000,368.60000000,248053.13900000
1577,2021-09-20 20:00:00,368.70000000,371.70000000,359.00000000,364.10000000,174539.60400000
1578,2021-09-21 00:00:00,364.10000000,367.20000000,344.00000000,363.50000000,335101.89610000
1579,2021-09-21 04:00:00,363.60000000,370.20000000,355.80000000,370.00000000,176604.84800000
1580,2021-09-21 08:00:00,370.10000000,376.00000000,368.00000000,372.60000000,179029.85000000
1581,2021-09-21 12:00:00,372.60000000,375.50000000,362.00000000,369.90000000,248166.62500000
1582,2021-09-21 16:00:00,369.90000000,370.80000000,355.20000000,357.00000000,226498.12200000
1583,2021-09-21 20:00:00,357.10000000,358.60000000,336.80000000,344.40000000,411657.78500000
1584,2021-09-22 00:00:00,344.40000000,356.60000000,342.30000000,353.30000000,224790.97500000
1585,2021-09-22 04:00:00,353.20000000,362.50000000,350.00000000,361.50000000,152335.71200000
1586,2021-09-22 08:00:00,361.60000000,363.50000000,356.50000000,357.30000000,167526.68600000
1587,2021-09-22 12:00:00,357.30000000,370.40000000,356.40000000,369.90000000,174909.47400000
1588,2021-09-22 16:00:00,369.90000000,379.80000000,368.30000000,376.10000000,239686.73200000
1589,2021-09-22 20:00:00,376.20000000,379.90000000,374.50000000,379.00000000,125963.39300000
1590,2021-09-23 00:00:00,378.90000000,380.00000000,371.50000000,379.90000000,188170.17200000
1591,2021-09-23 04:00:00,379.90000000,384.00000000,376.10000000,382.90000000,161879.69600000
1592,2021-09-23 08:00:00,383.00000000,383.50000000,369.00000000,371.40000000,188951.38100000
1593,2021-09-23 12:00:00,371.50000000,379.20000000,369.40000000,373.50000000,180097.90300000
1594,2021-09-23 16:00:00,373.60000000,383.70000000,373.00000000,382.60000000,160970.43900000
1595,2021-09-23 20:00:00,382.60000000,384.60000000,379.20000000,383.50000000,112145.58500000
1596,2021-09-24 00:00:00,383.50000000,385.30000000,374.10000000,374.90000000,142734.70900000
1597,2021-09-24 04:00:00,374.90000000,379.20000000,370.10000000,376.80000000,195257.95400000
1598,2021-09-24 08:00:00,376.70000000,380.40000000,333.60000000,345.20000000,773990.91400000
1599,2021-09-24 12:00:00,345.20000000,354.90000000,336.50000000,347.70000000,342768.78600000
1600,2021-09-24 16:00:00,347.80000000,354.00000000,346.50000000,352.10000000,124861.55600000
1601,2021-09-24 20:00:00,352.00000000,359.00000000,351.40000000,355.00000000,139336.30000000
1602,2021-09-25 00:00:00,355.00000000,358.70000000,350.60000000,357.20000000,166494.54400000
1603,2021-09-25 04:00:00,357.30000000,360.80000000,351.30000000,351.90000000,131436.00900000
1604,2021-09-25 08:00:00,352.00000000,356.50000000,343.20000000,350.70000000,244208.02200000
1605,2021-09-25 12:00:00,350.60000000,353.20000000,345.90000000,350.80000000,177518.23100000
1606,2021-09-25 16:00:00,350.80000000,351.90000000,346.80000000,350.00000000,122036.14400000
1607,2021-09-25 20:00:00,350.00000000,351.20000000,346.40000000,349.60000000,75104.66700000
1608,2021-09-26 00:00:00,349.60000000,350.60000000,337.20000000,341.70000000,191483.06900000
1609,2021-09-26 04:00:00,341.70000000,343.40000000,322.50000000,324.90000000,292313.42690000
1610,2021-09-26 08:00:00,324.90000000,348.20000000,320.00000000,342.50000000,547633.54690000
1611,2021-09-26 12:00:00,342.50000000,350.00000000,342.50000000,349.80000000,172862.45300000
1612,2021-09-26 16:00:00,349.80000000,353.00000000,345.60000000,349.40000000,161348.23100000
1613,2021-09-26 20:00:00,349.40000000,352.70000000,339.50000000,344.00000000,173118.43500000
1614,2021-09-27 00:00:00,344.00000000,357.60000000,340.60000000,352.30000000,211885.02600000
1615,2021-09-27 04:00:00,352.30000000,356.70000000,348.40000000,349.30000000,145919.21400000
1616,2021-09-27 08:00:00,349.40000000,354.30000000,346.80000000,349.70000000,171182.88000000
1617,2021-09-27 12:00:00,349.60000000,351.10000000,343.00000000,345.80000000,167906.91100000
1618,2021-09-27 16:00:00,345.80000000,346.00000000,339.00000000,340.30000000,132476.95200000
1619,2021-09-27 20:00:00,340.30000000,343.50000000,335.00000000,335.50000000,127173.08600000
1620,2021-09-28 00:00:00,335.50000000,341.10000000,334.00000000,339.80000000,122774.39500000
1621,2021-09-28 04:00:00,339.80000000,341.60000000,333.60000000,334.30000000,117735.66300000
1622,2021-09-28 08:00:00,334.40000000,340.50000000,332.90000000,340.10000000,159334.39900000
1623,2021-09-28 12:00:00,340.10000000,344.60000000,335.00000000,335.60000000,226564.89300000
1624,2021-09-28 16:00:00,335.60000000,337.80000000,330.00000000,335.90000000,170501.29400000
1625,2021-09-28 20:00:00,335.90000000,339.00000000,331.40000000,333.00000000,125166.58300000
1626,2021-09-29 00:00:00,332.90000000,340.80000000,331.20000000,340.50000000,162368.09800000
1627,2021-09-29 04:00:00,340.50000000,345.00000000,340.40000000,344.80000000,115247.04700000
1628,2021-09-29 08:00:00,344.70000000,372.60000000,342.90000000,369.90000000,644504.10100000
1629,2021-09-29 12:00:00,370.00000000,375.40000000,365.10000000,367.60000000,402602.53200000
1630,2021-09-29 16:00:00,367.70000000,369.70000000,363.30000000,364.60000000,206111.29300000
1631,2021-09-29 20:00:00,364.60000000,368.20000000,360.50000000,367.70000000,165586.97400000
1632,2021-09-30 00:00:00,367.70000000,380.40000000,366.40000000,380.20000000,264233.95900000
1633,2021-09-30 04:00:00,380.10000000,383.60000000,373.20000000,375.10000000,198863.34000000
1634,2021-09-30 08:00:00,375.10000000,376.90000000,370.70000000,373.00000000,203857.83900000
1635,2021-09-30 12:00:00,373.00000000,381.30000000,372.40000000,379.30000000,198174.88000000
1636,2021-09-30 16:00:00,379.30000000,387.60000000,376.80000000,382.70000000,185669.81200000
1637,2021-09-30 20:00:00,382.70000000,388.80000000,381.10000000,387.50000000,112874.37600000
1638,2021-10-01 00:00:00,387.50000000,391.70000000,381.50000000,385.50000000,168509.12000000
1639,2021-10-01 04:00:00,385.50000000,399.40000000,383.50000000,398.80000000,228436.25800000
1640,2021-10-01 08:00:00,398.90000000,416.00000000,397.90000000,415.40000000,453428.23100000
1641,2021-10-01 12:00:00,415.40000000,417.30000000,407.20000000,413.50000000,284935.13900000
1642,2021-10-01 16:00:00,413.40000000,420.90000000,412.20000000,420.60000000,161533.93400000
1643,2021-10-01 20:00:00,420.50000000,423.40000000,413.80000000,421.50000000,143493.35900000
1644,2021-10-02 00:00:00,421.40000000,423.20000000,414.30000000,414.80000000,175917.54200000
1645,2021-10-02 04:00:00,414.80000000,419.20000000,410.60000000,418.70000000,128528.57600000
1646,2021-10-02 08:00:00,418.80000000,426.10000000,416.70000000,425.30000000,193362.60500000
1647,2021-10-02 12:00:00,425.20000000,434.00000000,422.20000000,431.80000000,219937.94400000
1648,2021-10-02 16:00:00,431.90000000,438.10000000,430.20000000,438.00000000,164211.41000000
1649,2021-10-02 20:00:00,437.90000000,438.20000000,424.70000000,427.10000000,157048.44100000
1650,2021-10-03 00:00:00,427.00000000,434.00000000,421.50000000,429.70000000,179971.60200000
1651,2021-10-03 04:00:00,429.70000000,434.40000000,428.20000000,429.00000000,103583.74600000
1652,2021-10-03 08:00:00,429.10000000,431.70000000,422.60000000,428.80000000,140079.63800000
1653,2021-10-03 12:00:00,428.80000000,431.70000000,425.60000000,426.80000000,110989.49100000
1654,2021-10-03 16:00:00,426.80000000,437.20000000,426.00000000,433.50000000,176404.41000000
1655,2021-10-03 20:00:00,433.50000000,434.80000000,425.80000000,430.50000000,109881.90500000
1656,2021-10-04 00:00:00,430.50000000,430.90000000,412.50000000,413.80000000,219564.85300000
1657,2021-10-04 04:00:00,413.90000000,422.70000000,411.50000000,422.60000000,124551.22200000
1658,2021-10-04 08:00:00,422.60000000,423.00000000,414.50000000,418.30000000,130144.53000000
1659,2021-10-04 12:00:00,418.30000000,428.90000000,410.90000000,420.60000000,222591.95000000
1660,2021-10-04 16:00:00,420.60000000,429.50000000,419.80000000,427.30000000,185267.18900000
1661,2021-10-04 20:00:00,427.20000000,428.00000000,421.10000000,426.30000000,92303.61500000
1662,2021-10-05 00:00:00,426.40000000,429.70000000,424.00000000,428.70000000,108664.97800000
1663,2021-10-05 04:00:00,428.60000000,434.50000000,425.30000000,434.10000000,107849.14700000
1664,2021-10-05 08:00:00,434.10000000,444.00000000,431.40000000,440.80000000,205184.46500000
1665,2021-10-05 12:00:00,440.80000000,441.70000000,431.60000000,434.80000000,193627.71100000
1666,2021-10-05 16:00:00,434.90000000,440.50000000,432.60000000,440.30000000,157427.40200000
1667,2021-10-05 20:00:00,440.40000000,444.00000000,440.00000000,442.10000000,110946.12500000
1668,2021-10-06 00:00:00,442.00000000,442.80000000,434.10000000,435.90000000,119645.52600000
1669,2021-10-06 04:00:00,436.00000000,437.40000000,428.70000000,432.40000000,171462.64800000
1670,2021-10-06 08:00:00,432.50000000,433.40000000,414.70000000,420.60000000,310044.58800000
1671,2021-10-06 12:00:00,420.60000000,442.70000000,419.80000000,439.60000000,353953.10500000
1672,2021-10-06 16:00:00,439.50000000,440.20000000,435.00000000,436.40000000,151880.73800000
1673,2021-10-06 20:00:00,436.40000000,438.60000000,429.20000000,434.90000000,138102.07800000
1674,2021-10-07 00:00:00,434.90000000,435.20000000,423.60000000,428.60000000,137857.98000000
1675,2021-10-07 04:00:00,428.60000000,446.00000000,427.30000000,444.80000000,240684.49900000
1676,2021-10-07 08:00:00,444.90000000,450.00000000,439.00000000,444.90000000,301162.69070000
1677,2021-10-07 12:00:00,444.90000000,446.60000000,435.10000000,439.50000000,217289.17300000
1678,2021-10-07 16:00:00,439.50000000,442.70000000,435.40000000,442.00000000,141478.07700000
1679,2021-10-07 20:00:00,442.00000000,445.40000000,436.80000000,438.50000000,120626.32500000
1680,2021-10-08 00:00:00,438.50000000,441.60000000,429.00000000,433.40000000,163963.32800000
1681,2021-10-08 04:00:00,433.40000000,440.50000000,430.90000000,437.20000000,222830.17300000
1682,2021-10-08 08:00:00,437.30000000,441.00000000,423.10000000,424.10000000,285044.51400000
1683,2021-10-08 12:00:00,424.20000000,426.00000000,419.00000000,423.70000000,571534.29600000
1684,2021-10-08 16:00:00,423.60000000,425.20000000,421.00000000,423.30000000,144926.40100000
1685,2021-10-08 20:00:00,423.30000000,423.50000000,415.70000000,419.20000000,117700.47600000
1686,2021-10-09 00:00:00,419.30000000,424.90000000,416.00000000,424.10000000,117634.84800000
1687,2021-10-09 04:00:00,424.10000000,426.00000000,421.00000000,423.10000000,116596.37700000
1688,2021-10-09 08:00:00,423.00000000,425.00000000,420.10000000,422.40000000,117238.49900000
1689,2021-10-09 12:00:00,422.40000000,424.50000000,422.10000000,422.70000000,108804.66200000
1690,2021-10-09 16:00:00,422.70000000,423.50000000,419.10000000,419.60000000,105146.84100000
1691,2021-10-09 20:00:00,419.70000000,422.30000000,417.10000000,421.90000000,66702.29900000
1692,2021-10-10 00:00:00,421.90000000,422.30000000,411.20000000,416.60000000,144972.85000000
1693,2021-10-10 04:00:00,416.70000000,421.90000000,416.00000000,420.60000000,112624.15800000
1694,2021-10-10 08:00:00,420.60000000,422.00000000,416.80000000,419.10000000,101837.09500000
1695,2021-10-10 12:00:00,419.20000000,420.70000000,416.30000000,419.80000000,92228.58100000
1696,2021-10-10 16:00:00,419.80000000,420.30000000,413.30000000,415.00000000,89183.96600000
1697,2021-10-10 20:00:00,415.00000000,419.20000000,402.00000000,404.10000000,188534.31300000
1698,2021-10-11 00:00:00,404.00000000,416.00000000,399.80000000,415.70000000,129161.57600000
1699,2021-10-11 04:00:00,415.80000000,420.00000000,414.40000000,419.80000000,112864.17500000
1700,2021-10-11 08:00:00,419.80000000,424.00000000,413.10000000,415.20000000,154544.02200000
1701,2021-10-11 12:00:00,415.20000000,419.80000000,415.10000000,417.40000000,116894.80300000
1702,2021-10-11 16:00:00,417.40000000,418.90000000,409.10000000,409.30000000,117000.97800000
1703,2021-10-11 20:00:00,409.30000000,413.50000000,403.70000000,413.10000000,129459.33000000
1704,2021-10-12 00:00:00,413.20000000,413.20000000,402.60000000,406.40000000,126500.55700000
1705,2021-10-12 04:00:00,406.50000000,410.00000000,403.10000000,404.00000000,104077.62900000
1706,2021-10-12 08:00:00,404.10000000,407.00000000,392.20000000,398.00000000,208097.15800000
1707,2021-10-12 12:00:00,398.00000000,434.30000000,392.30000000,433.80000000,920097.69300000
1708,2021-10-12 16:00:00,433.80000000,440.00000000,429.90000000,434.20000000,395828.63600000
1709,2021-10-12 20:00:00,434.10000000,444.50000000,429.80000000,444.20000000,212028.51000000
1710,2021-10-13 00:00:00,444.10000000,465.00000000,441.00000000,461.10000000,503115.30900000
1711,2021-10-13 04:00:00,461.10000000,467.90000000,432.30000000,441.60000000,891809.71500000
1712,2021-10-13 08:00:00,441.60000000,467.40000000,440.30000000,461.20000000,824123.85400000
1713,2021-10-13 12:00:00,461.10000000,465.50000000,448.00000000,454.20000000,524387.00200000
1714,2021-10-13 16:00:00,454.20000000,461.30000000,453.10000000,460.40000000,324140.25000000
1715,2021-10-13 20:00:00,460.40000000,471.80000000,458.30000000,470.80000000,315727.30900000
1716,2021-10-14 00:00:00,470.70000000,473.00000000,461.20000000,467.60000000,299140.00100000
1717,2021-10-14 04:00:00,467.60000000,479.70000000,466.60000000,475.10000000,284111.11000000
1718,2021-10-14 08:00:00,475.20000000,482.20000000,474.70000000,481.40000000,248533.81200000
1719,2021-10-14 12:00:00,481.50000000,482.80000000,467.30000000,474.30000000,303112.71700000
1720,2021-10-14 16:00:00,474.30000000,474.40000000,465.70000000,469.10000000,182157.22100000
1721,2021-10-14 20:00:00,469.10000000,472.90000000,466.30000000,472.70000000,114251.06400000
1722,2021-10-15 00:00:00,472.70000000,475.00000000,461.60000000,465.60000000,269817.05200000
1723,2021-10-15 04:00:00,465.70000000,470.10000000,460.30000000,466.40000000,269010.90000000
1724,2021-10-15 08:00:00,466.50000000,467.30000000,450.80000000,461.60000000,350520.27400000
1725,2021-10-15 12:00:00,461.60000000,467.20000000,459.00000000,464.50000000,221015.51000000
1726,2021-10-15 16:00:00,464.60000000,476.70000000,461.90000000,474.70000000,242186.56800000
1727,2021-10-15 20:00:00,474.80000000,478.00000000,470.80000000,474.50000000,155638.48300000
1728,2021-10-16 00:00:00,474.50000000,477.30000000,470.40000000,473.90000000,126501.30500000
1729,2021-10-16 04:00:00,474.00000000,481.10000000,468.30000000,478.90000000,206975.94300000
1730,2021-10-16 08:00:00,478.90000000,484.70000000,476.80000000,479.30000000,186593.70500000
1731,2021-10-16 12:00:00,479.20000000,479.60000000,423.00000000,467.40000000,304332.77400000
1732,2021-10-16 16:00:00,467.30000000,470.00000000,462.70000000,465.00000000,111571.94600000
1733,2021-10-16 20:00:00,465.10000000,467.80000000,463.00000000,465.80000000,104501.89800000
1734,2021-10-17 00:00:00,465.80000000,466.60000000,459.40000000,464.90000000,126885.23700000
1735,2021-10-17 04:00:00,464.80000000,468.60000000,463.60000000,465.30000000,109147.94200000
1736,2021-10-17 08:00:00,465.40000000,472.40000000,465.30000000,469.00000000,137341.51700000
1737,2021-10-17 12:00:00,469.00000000,471.00000000,462.90000000,465.40000000,156178.75500000
1738,2021-10-17 16:00:00,465.40000000,467.80000000,459.70000000,461.80000000,115989.82900000
1739,2021-10-17 20:00:00,461.90000000,471.20000000,454.20000000,470.90000000,245066.56900000
1740,2021-10-18 00:00:00,471.00000000,475.50000000,469.30000000,471.90000000,139216.02600000
1741,2021-10-18 04:00:00,471.90000000,475.00000000,469.60000000,471.10000000,94337.66100000
1742,2021-10-18 08:00:00,471.20000000,473.90000000,466.40000000,470.00000000,204702.66500000
1743,2021-10-18 12:00:00,470.10000000,483.30000000,467.50000000,478.40000000,358122.43800000
1744,2021-10-18 16:00:00,478.40000000,481.10000000,475.10000000,479.50000000,157979.17600000
1745,2021-10-18 20:00:00,479.50000000,487.60000000,477.90000000,484.90000000,136648.06500000
1746,2021-10-19 00:00:00,485.00000000,495.00000000,482.30000000,494.50000000,192334.43200000
1747,2021-10-19 04:00:00,494.50000000,497.60000000,488.60000000,493.00000000,141487.92800000
1748,2021-10-19 08:00:00,493.00000000,493.10000000,485.70000000,489.60000000,127396.69900000
1749,2021-10-19 12:00:00,489.60000000,492.70000000,480.30000000,483.80000000,185690.72300000
1750,2021-10-19 16:00:00,483.80000000,486.20000000,480.70000000,483.60000000,159299.46400000
1751,2021-10-19 20:00:00,483.60000000,488.40000000,481.80000000,488.10000000,106285.72300000
1752,2021-10-20 00:00:00,488.10000000,488.30000000,481.30000000,483.90000000,101136.75300000
1753,2021-10-20 04:00:00,483.90000000,487.20000000,483.70000000,486.10000000,90053.28200000
1754,2021-10-20 08:00:00,486.00000000,486.80000000,484.80000000,485.90000000,93729.17400000
1755,2021-10-20 12:00:00,485.90000000,501.10000000,485.70000000,499.80000000,320261.74000000
1756,2021-10-20 16:00:00,499.70000000,505.90000000,497.20000000,503.30000000,224404.50700000
1757,2021-10-20 20:00:00,503.40000000,504.30000000,499.00000000,501.30000000,116827.48400000
1758,2021-10-21 00:00:00,501.30000000,504.90000000,494.50000000,498.20000000,183492.59600000
1759,2021-10-21 04:00:00,498.20000000,498.30000000,485.00000000,492.00000000,291453.27800000
1760,2021-10-21 08:00:00,492.10000000,499.00000000,485.70000000,488.30000000,360319.29100000
1761,2021-10-21 12:00:00,488.40000000,493.60000000,466.00000000,473.70000000,719197.66400000
1762,2021-10-21 16:00:00,473.60000000,480.00000000,470.00000000,474.80000000,189139.39000000
1763,2021-10-21 20:00:00,474.70000000,477.70000000,470.80000000,470.90000000,108233.71000000
1764,2021-10-22 00:00:00,470.90000000,480.80000000,470.70000000,480.40000000,144493.18200000
1765,2021-10-22 04:00:00,480.50000000,490.40000000,476.00000000,489.30000000,177015.22600000
1766,2021-10-22 08:00:00,489.30000000,498.00000000,487.60000000,492.70000000,246143.88700000
1767,2021-10-22 12:00:00,492.70000000,494.80000000,480.00000000,480.70000000,261953.18400000
1768,2021-10-22 16:00:00,480.70000000,484.00000000,473.90000000,479.70000000,188443.83600000
1769,2021-10-22 20:00:00,479.70000000,481.30000000,475.30000000,479.30000000,100827.32300000
1770,2021-10-23 00:00:00,479.30000000,481.90000000,475.40000000,481.80000000,77305.77100000
1771,2021-10-23 04:00:00,481.80000000,484.20000000,479.30000000,480.40000000,87424.13400000
1772,2021-10-23 08:00:00,480.40000000,482.10000000,472.60000000,481.20000000,108554.92900000
1773,2021-10-23 12:00:00,481.10000000,483.20000000,479.10000000,482.40000000,86948.56000000
1774,2021-10-23 16:00:00,482.30000000,484.60000000,479.70000000,481.30000000,102363.17300000
1775,2021-10-23 20:00:00,481.30000000,485.70000000,480.50000000,485.50000000,59374.22800000
1776,2021-10-24 00:00:00,485.50000000,486.50000000,482.10000000,484.20000000,58354.68800000
1777,2021-10-24 04:00:00,484.20000000,484.60000000,479.70000000,480.70000000,75419.94800000
1778,2021-10-24 08:00:00,480.70000000,480.90000000,473.90000000,474.70000000,129444.57700000
1779,2021-10-24 12:00:00,474.70000000,477.70000000,470.60000000,471.80000000,133257.30000000
1780,2021-10-24 16:00:00,471.90000000,475.60000000,467.80000000,474.00000000,114686.11800000
1781,2021-10-24 20:00:00,474.00000000,477.60000000,472.60000000,475.80000000,79776.40000000
1782,2021-10-25 00:00:00,475.80000000,482.50000000,474.70000000,480.10000000,115867.93100000
1783,2021-10-25 04:00:00,480.10000000,484.50000000,479.70000000,483.30000000,107744.87000000
1784,2021-10-25 08:00:00,483.40000000,484.90000000,481.30000000,484.00000000,109836.45100000
1785,2021-10-25 12:00:00,484.10000000,488.00000000,482.10000000,487.80000000,124152.78700000
1786,2021-10-25 16:00:00,487.80000000,488.60000000,482.80000000,483.50000000,104835.54500000
1787,2021-10-25 20:00:00,483.60000000,485.80000000,483.10000000,485.10000000,69679.17700000
1788,2021-10-26 00:00:00,485.10000000,487.30000000,483.50000000,486.60000000,92357.74900000
1789,2021-10-26 04:00:00,486.60000000,487.10000000,482.00000000,485.10000000,91302.51400000
1790,2021-10-26 08:00:00,485.20000000,489.80000000,485.10000000,486.30000000,117935.00900000
1791,2021-10-26 12:00:00,486.30000000,488.10000000,480.00000000,483.30000000,144548.32000000
1792,2021-10-26 16:00:00,483.30000000,485.80000000,480.10000000,484.20000000,112697.30800000
1793,2021-10-26 20:00:00,484.30000000,487.00000000,473.50000000,478.10000000,143769.28400000
1794,2021-10-27 00:00:00,478.20000000,483.60000000,476.30000000,482.80000000,89973.69600000
1795,2021-10-27 04:00:00,482.80000000,486.40000000,473.40000000,474.20000000,189113.03400000
1796,2021-10-27 08:00:00,474.30000000,474.40000000,435.30000000,451.20000000,592479.02400000
1797,2021-10-27 12:00:00,451.20000000,458.70000000,449.80000000,454.80000000,188599.28900000
1798,2021-10-27 16:00:00,454.70000000,458.20000000,446.50000000,452.80000000,184438.06000000
1799,2021-10-27 20:00:00,452.90000000,456.10000000,448.40000000,448.70000000,126347.11100000
1800,2021-10-28 00:00:00,448.70000000,457.00000000,446.40000000,455.40000000,121811.43400000
1801,2021-10-28 04:00:00,455.50000000,459.10000000,451.90000000,455.70000000,221375.92800000
1802,2021-10-28 08:00:00,455.70000000,481.60000000,455.60000000,478.30000000,447572.31000000
1803,2021-10-28 12:00:00,478.30000000,487.60000000,477.70000000,487.00000000,216834.77300000
1804,2021-10-28 16:00:00,487.00000000,492.50000000,478.60000000,491.10000000,300651.91700000
1805,2021-10-28 20:00:00,491.00000000,494.80000000,477.90000000,491.90000000,215653.64400000
1806,2021-10-29 00:00:00,492.00000000,500.00000000,488.30000000,496.70000000,203356.29800000
1807,2021-10-29 04:00:00,496.80000000,497.20000000,487.60000000,492.30000000,155584.65800000
1808,2021-10-29 08:00:00,492.30000000,502.00000000,491.00000000,499.40000000,197153.50200000
1809,2021-10-29 12:00:00,499.50000000,521.00000000,497.10000000,518.00000000,381693.86910000
1810,2021-10-29 16:00:00,518.00000000,533.00000000,517.90000000,530.40000000,326925.46760000
1811,2021-10-29 20:00:00,530.40000000,533.61000000,526.40000000,530.30000000,147137.64470000
1812,2021-10-30 00:00:00,530.30000000,540.50000000,519.90000000,523.90000000,272420.19540000
1813,2021-10-30 04:00:00,523.90000000,535.50000000,523.40000000,531.60000000,142579.39200000
1814,2021-10-30 08:00:00,531.50000000,532.90000000,520.60000000,524.50000000,155934.36100000
1815,2021-10-30 12:00:00,524.50000000,525.90000000,510.20000000,521.10000000,241678.87700000
1816,2021-10-30 16:00:00,521.10000000,525.80000000,517.50000000,525.10000000,127177.36400000
1817,2021-10-30 20:00:00,525.20000000,528.70000000,516.80000000,528.30000000,155242.93700000
1818,2021-10-31 00:00:00,528.40000000,534.40000000,524.40000000,529.20000000,200659.88100000
1819,2021-10-31 04:00:00,529.20000000,535.00000000,524.30000000,530.60000000,174445.42600000
1820,2021-10-31 08:00:00,530.70000000,531.00000000,515.70000000,518.00000000,165827.83200000
1821,2021-10-31 12:00:00,518.10000000,521.60000000,508.90000000,512.40000000,228491.14200000
1822,2021-10-31 16:00:00,512.50000000,518.50000000,510.60000000,518.10000000,130135.87200000
1823,2021-10-31 20:00:00,518.20000000,526.20000000,515.70000000,524.60000000,119431.66600000
1824,2021-11-01 00:00:00,524.60000000,529.80000000,512.80000000,514.20000000,183477.87000000
1825,2021-11-01 04:00:00,514.20000000,528.00000000,511.00000000,527.20000000,180491.98000000
1826,2021-11-01 08:00:00,527.30000000,540.30000000,526.60000000,531.70000000,252304.29200000
1827,2021-11-01 12:00:00,531.80000000,538.20000000,529.20000000,537.90000000,224325.04300000
1828,2021-11-01 16:00:00,538.00000000,547.00000000,532.70000000,546.60000000,260570.85200000
1829,2021-11-01 20:00:00,546.60000000,551.90000000,540.30000000,551.30000000,173102.04810000
1830,2021-11-02 00:00:00,551.30000000,551.30000000,542.10000000,549.50000000,186192.65300000
1831,2021-11-02 04:00:00,549.60000000,549.90000000,540.30000000,541.00000000,166946.09500000
1832,2021-11-02 08:00:00,541.10000000,547.60000000,537.40000000,544.10000000,205485.29600000
1833,2021-11-02 12:00:00,544.10000000,562.00000000,544.00000000,560.50000000,262904.38220000
1834,2021-11-02 16:00:00,560.50000000,564.00000000,557.30000000,562.60000000,193595.30670000
1835,2021-11-02 20:00:00,562.50000000,562.90000000,552.80000000,554.40000000,138795.40700000
1836,2021-11-03 00:00:00,554.40000000,555.40000000,547.00000000,552.20000000,174147.76500000
1837,2021-11-03 04:00:00,552.20000000,554.80000000,544.10000000,554.20000000,176333.12900000
1838,2021-11-03 08:00:00,554.30000000,555.70000000,548.00000000,552.40000000,147631.70500000
1839,2021-11-03 12:00:00,552.40000000,558.90000000,537.50000000,549.70000000,264635.66900000
1840,2021-11-03 16:00:00,549.70000000,563.60000000,547.00000000,561.10000000,256342.06700000
1841,2021-11-03 20:00:00,561.10000000,570.10000000,540.00000000,568.40000000,243676.26460000
1842,2021-11-04 00:00:00,568.40000000,568.90000000,555.70000000,558.50000000,134588.57000000
1843,2021-11-04 04:00:00,558.50000000,561.50000000,552.50000000,553.10000000,158711.55600000
1844,2021-11-04 08:00:00,553.10000000,559.40000000,550.00000000,557.00000000,224542.38000000
1845,2021-11-04 12:00:00,556.90000000,559.90000000,544.40000000,547.00000000,243702.37500000
1846,2021-11-04 16:00:00,547.00000000,553.10000000,543.60000000,552.80000000,176545.15100000
1847,2021-11-04 20:00:00,552.90000000,559.50000000,551.10000000,558.70000000,114860.00100000
1848,2021-11-05 00:00:00,558.80000000,581.10000000,554.10000000,580.30000000,262250.74220000
1849,2021-11-05 04:00:00,580.40000000,595.00000000,579.70000000,594.60000000,342349.00350000
1850,2021-11-05 08:00:00,594.70000000,616.90000000,586.70000000,608.30000000,666483.41860000
1851,2021-11-05 12:00:00,608.30000000,610.70000000,595.50000000,600.40000000,292965.29800000
1852,2021-11-05 16:00:00,600.40000000,614.90000000,600.40000000,607.10000000,266077.90200000
1853,2021-11-05 20:00:00,607.10000000,609.60000000,600.90000000,607.30000000,159819.17900000
1854,2021-11-06 00:00:00,607.30000000,616.00000000,601.50000000,608.40000000,236720.52100000
1855,2021-11-06 04:00:00,608.30000000,623.90000000,606.20000000,618.10000000,249456.58770000
1856,2021-11-06 08:00:00,618.10000000,621.80000000,600.30000000,603.90000000,287675.08300000
1857,2021-11-06 12:00:00,604.00000000,614.00000000,595.10000000,610.90000000,251883.13300000
1858,2021-11-06 16:00:00,610.90000000,625.30000000,609.60000000,624.40000000,178284.54810000
1859,2021-11-06 20:00:00,624.40000000,637.80000000,622.90000000,637.70000000,162366.08420000
1860,2021-11-07 00:00:00,637.70000000,649.20000000,630.50000000,646.20000000,277441.36300000
1861,2021-11-07 04:00:00,646.20000000,668.50000000,646.10000000,658.70000000,335024.77420000
1862,2021-11-07 08:00:00,658.70000000,669.30000000,658.40000000,662.80000000,275112.69450000
1863,2021-11-07 12:00:00,662.70000000,667.60000000,654.30000000,660.30000000,245094.97800000
1864,2021-11-07 16:00:00,660.20000000,662.40000000,648.40000000,655.70000000,207695.09600000
1865,2021-11-07 20:00:00,655.70000000,657.00000000,643.30000000,649.60000000,136004.34300000
1866,2021-11-08 00:00:00,649.50000000,649.90000000,631.40000000,638.20000000,342647.63400000
1867,2021-11-08 04:00:00,638.20000000,648.80000000,635.00000000,641.30000000,221078.39700000
1868,2021-11-08 08:00:00,641.40000000,646.20000000,631.00000000,644.00000000,215172.70900000
1869,2021-11-08 12:00:00,644.10000000,654.90000000,640.30000000,648.90000000,213601.02700000
1870,2021-11-08 16:00:00,648.80000000,651.30000000,644.10000000,645.10000000,150918.76100000
1871,2021-11-08 20:00:00,645.20000000,655.70000000,642.50000000,653.50000000,146677.85600000
1872,2021-11-09 00:00:00,653.60000000,656.70000000,646.20000000,649.50000000,144417.37900000
1873,2021-11-09 04:00:00,649.50000000,649.70000000,642.30000000,645.80000000,132457.10900000
1874,2021-11-09 08:00:00,645.80000000,649.80000000,640.30000000,643.60000000,146030.01800000
1875,2021-11-09 12:00:00,643.60000000,649.70000000,638.00000000,641.80000000,173669.72100000
1876,2021-11-09 16:00:00,641.90000000,644.30000000,632.70000000,634.90000000,183288.53200000
1877,2021-11-09 20:00:00,634.80000000,638.10000000,631.90000000,635.00000000,99256.63900000
1878,2021-11-10 00:00:00,635.00000000,637.50000000,626.00000000,628.60000000,139710.12300000
1879,2021-11-10 04:00:00,628.70000000,646.50000000,624.10000000,644.10000000,172592.84700000
1880,2021-11-10 08:00:00,644.20000000,655.70000000,641.90000000,655.20000000,241049.74900000
1881,2021-11-10 12:00:00,655.30000000,662.90000000,645.70000000,650.90000000,322756.18300000
1882,2021-11-10 16:00:00,650.90000000,652.00000000,631.50000000,632.30000000,255619.09500000
1883,2021-11-10 20:00:00,632.30000000,639.80000000,573.00000000,614.10000000,682926.08900000
1884,2021-11-11 00:00:00,614.20000000,620.60000000,605.70000000,616.80000000,244471.88600000
1885,2021-11-11 04:00:00,616.70000000,631.80000000,613.30000000,630.50000000,157045.47800000
1886,2021-11-11 08:00:00,630.40000000,635.20000000,622.70000000,630.10000000,195646.82800000
1887,2021-11-11 12:00:00,630.10000000,632.30000000,618.30000000,624.90000000,191308.64800000
1888,2021-11-11 16:00:00,625.00000000,629.90000000,622.60000000,629.00000000,111765.29100000
1889,2021-11-11 20:00:00,629.00000000,634.10000000,626.40000000,628.40000000,119502.81800000
1890,2021-11-12 00:00:00,628.40000000,634.50000000,622.80000000,632.80000000,171520.60100000
1891,2021-11-12 04:00:00,632.80000000,633.50000000,620.90000000,623.30000000,127280.37100000
1892,2021-11-12 08:00:00,623.20000000,627.80000000,610.10000000,613.30000000,207345.41100000
1893,2021-11-12 12:00:00,613.20000000,619.60000000,608.50000000,613.30000000,193275.71300000
1894,2021-11-12 16:00:00,613.40000000,624.30000000,602.70000000,620.30000000,209180.85300000
1895,2021-11-12 20:00:00,620.20000000,628.60000000,620.20000000,626.90000000,104306.13900000
1896,2021-11-13 00:00:00,626.80000000,630.30000000,623.30000000,625.80000000,104616.34800000
1897,2021-11-13 04:00:00,625.80000000,627.50000000,619.60000000,627.10000000,99311.48200000
1898,2021-11-13 08:00:00,627.00000000,634.00000000,623.00000000,632.60000000,141461.20800000
1899,2021-11-13 12:00:00,632.60000000,650.00000000,627.70000000,649.10000000,252808.39100000
1900,2021-11-13 16:00:00,649.00000000,655.00000000,642.00000000,646.30000000,209132.97500000
1901,2021-11-13 20:00:00,646.40000000,654.10000000,646.30000000,649.50000000,92777.35300000
1902,2021-11-14 00:00:00,649.50000000,655.60000000,645.20000000,646.30000000,102139.30300000
1903,2021-11-14 04:00:00,646.30000000,648.20000000,641.50000000,645.30000000,122084.58000000
1904,2021-11-14 08:00:00,645.40000000,646.40000000,634.50000000,646.10000000,141739.14200000
1905,2021-11-14 12:00:00,646.20000000,661.00000000,643.30000000,653.40000000,261534.69500000
1906,2021-11-14 16:00:00,653.40000000,659.70000000,639.90000000,646.50000000,198815.88700000
1907,2021-11-14 20:00:00,646.40000000,651.70000000,645.60000000,650.80000000,107375.53200000
1908,2021-11-15 00:00:00,650.70000000,659.50000000,650.70000000,652.90000000,159043.84900000
1909,2021-11-15 04:00:00,652.90000000,655.30000000,650.10000000,653.50000000,129387.26900000
1910,2021-11-15 08:00:00,653.50000000,656.40000000,643.20000000,646.00000000,199901.67300000
1911,2021-11-15 12:00:00,646.00000000,646.40000000,636.00000000,637.10000000,182224.08300000
1912,2021-11-15 16:00:00,637.20000000,641.50000000,632.00000000,638.80000000,162203.75500000
1913,2021-11-15 20:00:00,638.70000000,638.80000000,630.30000000,633.80000000,121229.00500000
1914,2021-11-16 00:00:00,633.90000000,635.20000000,603.30000000,608.80000000,529965.51700000
1915,2021-11-16 04:00:00,608.90000000,614.10000000,596.60000000,608.20000000,324468.49200000
1916,2021-11-16 08:00:00,608.20000000,618.70000000,575.00000000,586.00000000,552766.32600000
1917,2021-11-16 12:00:00,586.00000000,596.80000000,573.90000000,586.10000000,423275.50800000
1918,2021-11-16 16:00:00,586.10000000,593.00000000,579.50000000,585.30000000,164152.38500000
1919,2021-11-16 20:00:00,585.20000000,592.80000000,573.70000000,588.70000000,206326.67500000
1920,2021-11-17 00:00:00,588.80000000,592.60000000,566.40000000,569.80000000,252902.26400000
1921,2021-11-17 04:00:00,570.00000000,573.50000000,561.80000000,568.10000000,330059.33000000
1922,2021-11-17 08:00:00,568.10000000,586.00000000,553.70000000,585.40000000,324740.90300000
1923,2021-11-17 12:00:00,585.40000000,586.30000000,564.50000000,571.00000000,243014.92400000
1924,2021-11-17 16:00:00,571.10000000,582.40000000,566.30000000,576.90000000,165753.43300000
1925,2021-11-17 20:00:00,576.90000000,580.90000000,571.40000000,578.00000000,136937.70100000
1926,2021-11-18 00:00:00,577.90000000,588.20000000,576.60000000,579.60000000,162783.41900000
1927,2021-11-18 04:00:00,579.70000000,581.70000000,569.70000000,573.70000000,174846.55300000
1928,2021-11-18 08:00:00,573.80000000,574.80000000,565.00000000,567.30000000,176661.88400000
1929,2021-11-18 12:00:00,567.30000000,573.10000000,510.00000000,545.60000000,452444.81800000
1930,2021-11-18 16:00:00,545.50000000,548.40000000,515.60000000,540.10000000,575781.64000000
1931,2021-11-18 20:00:00,540.10000000,542.70000000,525.20000000,531.80000000,207820.11400000
1932,2021-11-19 00:00:00,531.90000000,541.90000000,523.90000000,528.10000000,250721.32600000
1933,2021-11-19 04:00:00,528.00000000,555.10000000,527.10000000,545.60000000,265604.72900000
1934,2021-11-19 08:00:00,545.70000000,566.10000000,545.50000000,561.70000000,249890.55300000
1935,2021-11-19 12:00:00,561.70000000,581.00000000,560.50000000,576.50000000,260586.48400000
1936,2021-11-19 16:00:00,576.50000000,584.90000000,576.20000000,584.50000000,166019.52300000
1937,2021-11-19 20:00:00,584.40000000,585.50000000,578.30000000,581.00000000,107965.34300000
1938,2021-11-20 00:00:00,581.00000000,592.30000000,579.50000000,582.30000000,181409.88000000
1939,2021-11-20 04:00:00,582.20000000,585.00000000,579.00000000,581.40000000,143385.52900000
1940,2021-11-20 08:00:00,581.40000000,590.70000000,579.80000000,590.00000000,151049.33500000
1941,2021-11-20 12:00:00,589.90000000,593.80000000,572.60000000,574.20000000,238495.42600000
1942,2021-11-20 16:00:00,574.30000000,598.60000000,573.40000000,597.10000000,267283.35100000
1943,2021-11-20 20:00:00,597.10000000,604.80000000,596.00000000,604.30000000,137893.61000000
1944,2021-11-21 00:00:00,604.40000000,605.20000000,588.70000000,590.00000000,170808.17500000
1945,2021-11-21 04:00:00,590.10000000,596.00000000,586.20000000,587.10000000,124102.50800000
1946,2021-11-21 08:00:00,587.00000000,588.30000000,579.60000000,582.20000000,184493.38400000
1947,2021-11-21 12:00:00,582.30000000,592.60000000,580.70000000,592.20000000,177254.91700000
1948,2021-11-21 16:00:00,592.30000000,594.60000000,584.80000000,587.90000000,178323.33300000
1949,2021-11-21 20:00:00,587.90000000,595.40000000,582.90000000,584.00000000,135151.49000000
1950,2021-11-22 00:00:00,584.00000000,585.50000000,564.20000000,569.10000000,245036.96800000
1951,2021-11-22 04:00:00,569.10000000,572.30000000,561.10000000,568.00000000,163100.16400000
1952,2021-11-22 08:00:00,568.10000000,575.00000000,567.70000000,571.00000000,138364.47800000
1953,2021-11-22 12:00:00,571.00000000,584.30000000,565.30000000,576.00000000,234647.25200000
1954,2021-11-22 16:00:00,576.00000000,577.30000000,554.30000000,556.00000000,207652.23400000
1955,2021-11-22 20:00:00,556.00000000,563.90000000,553.80000000,559.30000000,152201.65900000
1956,2021-11-23 00:00:00,559.40000000,569.30000000,557.90000000,567.20000000,146498.34200000
1957,2021-11-23 04:00:00,567.30000000,568.50000000,561.20000000,563.50000000,132408.61000000
1958,2021-11-23 08:00:00,563.50000000,586.20000000,560.10000000,576.80000000,304404.58200000
1959,2021-11-23 12:00:00,576.80000000,604.40000000,575.70000000,592.60000000,311550.46500000
1960,2021-11-23 16:00:00,592.70000000,605.00000000,592.30000000,604.10000000,178620.53700000
1961,2021-11-23 20:00:00,604.00000000,605.00000000,590.70000000,591.10000000,129059.38100000
1962,2021-11-24 00:00:00,591.10000000,593.90000000,580.10000000,580.80000000,162947.02900000
1963,2021-11-24 04:00:00,580.80000000,590.30000000,577.10000000,586.20000000,174534.07700000
1964,2021-11-24 08:00:00,586.30000000,592.90000000,584.80000000,590.20000000,172312.89500000
1965,2021-11-24 12:00:00,590.20000000,594.30000000,576.80000000,591.30000000,255019.66200000
1966,2021-11-24 16:00:00,591.30000000,593.10000000,580.70000000,582.20000000,185052.96400000
1967,2021-11-24 20:00:00,582.20000000,591.70000000,579.20000000,590.30000000,129801.17600000
1968,2021-11-25 00:00:00,590.40000000,614.50000000,587.40000000,612.40000000,255834.77000000
1969,2021-11-25 04:00:00,612.40000000,613.70000000,599.80000000,609.10000000,203716.45900000
1970,2021-11-25 08:00:00,609.10000000,640.10000000,608.30000000,639.30000000,388706.45600000
1971,2021-11-25 12:00:00,639.30000000,644.50000000,629.80000000,643.10000000,317179.72600000
1972,2021-11-25 16:00:00,643.10000000,646.80000000,634.00000000,636.50000000,226711.89600000
1973,2021-11-25 20:00:00,636.60000000,650.00000000,630.90000000,639.10000000,144044.73500000
1974,2021-11-26 00:00:00,639.10000000,657.90000000,577.00000000,626.80000000,467734.99500000
1975,2021-11-26 04:00:00,626.80000000,630.90000000,597.50000000,609.60000000,376725.32700000
1976,2021-11-26 08:00:00,609.40000000,610.60000000,566.60000000,569.50000000,769507.29400000
1977,2021-11-26 12:00:00,569.50000000,596.50000000,564.20000000,586.30000000,466562.65400000
1978,2021-11-26 16:00:00,586.30000000,596.00000000,581.40000000,592.00000000,181497.80500000
1979,2021-11-26 20:00:00,591.90000000,594.90000000,582.10000000,587.30000000,151525.36400000
1980,2021-11-27 00:00:00,587.20000000,595.50000000,583.90000000,591.40000000,156906.78000000
1981,2021-11-27 04:00:00,591.40000000,595.00000000,582.60000000,591.00000000,143226.83200000
1982,2021-11-27 08:00:00,591.00000000,608.40000000,591.00000000,599.10000000,261654.20100000
1983,2021-11-27 12:00:00,599.10000000,614.00000000,597.40000000,606.70000000,193789.33800000
1984,2021-11-27 16:00:00,606.70000000,621.30000000,606.20000000,608.70000000,221796.33600000
1985,2021-11-27 20:00:00,608.70000000,615.50000000,593.60000000,599.90000000,206475.87300000
1986,2021-11-28 00:00:00,599.90000000,604.00000000,572.40000000,579.50000000,276362.66900000
1987,2021-11-28 04:00:00,579.50000000,593.70000000,575.20000000,590.80000000,183291.69800000
1988,2021-11-28 08:00:00,590.70000000,602.60000000,581.80000000,596.40000000,240719.20000000
1989,2021-11-28 12:00:00,596.40000000,599.50000000,588.90000000,593.10000000,140804.14900000
1990,2021-11-28 16:00:00,593.10000000,594.70000000,571.60000000,589.00000000,211920.25700000
1991,2021-11-28 20:00:00,589.00000000,612.90000000,589.00000000,611.30000000,228032.37800000
1992,2021-11-29 00:00:00,611.40000000,620.00000000,601.60000000,608.50000000,220113.98300000
1993,2021-11-29 04:00:00,608.60000000,619.50000000,606.30000000,617.90000000,124980.31300000
1994,2021-11-29 08:00:00,617.90000000,619.40000000,604.20000000,611.20000000,168296.41300000
1995,2021-11-29 12:00:00,611.20000000,626.70000000,611.00000000,619.10000000,229772.23900000
1996,2021-11-29 16:00:00,619.10000000,629.00000000,615.90000000,617.00000000,224558.10400000
1997,2021-11-29 20:00:00,617.10000000,627.50000000,616.10000000,623.40000000,122799.81200000
1998,2021-11-30 00:00:00,623.50000000,634.20000000,612.40000000,617.80000000,229305.84900000
1999,2021-11-30 04:00:00,617.70000000,619.30000000,602.60000000,614.00000000,195844.06500000
2000,2021-11-30 08:00:00,614.00000000,627.70000000,608.20000000,626.10000000,214539.92900000
2001,2021-11-30 12:00:00,626.20000000,635.00000000,617.60000000,617.60000000,302024.91800000
2002,2021-11-30 16:00:00,617.60000000,627.10000000,612.20000000,623.30000000,261933.75200000
2003,2021-11-30 20:00:00,623.40000000,629.00000000,617.60000000,622.50000000,177007.69200000
2004,2021-12-01 00:00:00,622.50000000,635.70000000,620.00000000,632.10000000,222337.81400000
2005,2021-12-01 04:00:00,632.10000000,636.60000000,626.40000000,636.40000000,216788.58200000
2006,2021-12-01 08:00:00,636.40000000,649.80000000,633.20000000,638.80000000,335009.87300000
2007,2021-12-01 12:00:00,638.80000000,649.20000000,635.40000000,647.20000000,256162.35900000
2008,2021-12-01 16:00:00,647.30000000,648.30000000,630.60000000,635.80000000,160548.74600000
2009,2021-12-01 20:00:00,635.80000000,636.00000000,618.20000000,627.50000000,193253.71300000
2010,2021-12-02 00:00:00,627.50000000,629.10000000,605.50000000,611.40000000,279729.71600000
2011,2021-12-02 04:00:00,611.50000000,627.70000000,610.60000000,627.70000000,171823.16600000
2012,2021-12-02 08:00:00,627.60000000,630.90000000,615.20000000,621.60000000,183385.41600000
2013,2021-12-02 12:00:00,621.70000000,630.00000000,617.00000000,622.80000000,240993.84900000
2014,2021-12-02 16:00:00,622.80000000,623.90000000,614.80000000,619.10000000,141915.33100000
2015,2021-12-02 20:00:00,619.10000000,625.00000000,618.10000000,619.90000000,86749.40300000
2016,2021-12-03 00:00:00,619.90000000,620.50000000,609.20000000,613.00000000,140426.55700000
2017,2021-12-03 04:00:00,613.00000000,622.00000000,609.90000000,621.70000000,127187.45500000
2018,2021-12-03 08:00:00,621.70000000,624.90000000,618.10000000,624.70000000,127053.47700000
2019,2021-12-03 12:00:00,624.70000000,628.00000000,605.80000000,607.60000000,226634.88000000
2020,2021-12-03 16:00:00,607.60000000,607.60000000,590.00000000,591.20000000,311886.17300000
2021,2021-12-03 20:00:00,591.20000000,599.80000000,574.00000000,595.00000000,317761.62500000
2022,2021-12-04 00:00:00,595.10000000,596.00000000,571.00000000,571.10000000,260924.59300000
2023,2021-12-04 04:00:00,571.10000000,579.00000000,489.20000000,535.90000000,1301508.35700000
2024,2021-12-04 08:00:00,535.80000000,545.20000000,524.30000000,532.00000000,361695.36900000
2025,2021-12-04 12:00:00,532.00000000,568.60000000,531.90000000,562.20000000,365306.67800000
2026,2021-12-04 16:00:00,562.20000000,569.90000000,554.10000000,568.00000000,166671.43100000
2027,2021-12-04 20:00:00,568.00000000,570.80000000,559.20000000,568.60000000,155677.21900000
2028,2021-12-05 00:00:00,568.50000000,574.60000000,554.90000000,565.30000000,219323.85800000
2029,2021-12-05 04:00:00,565.40000000,574.70000000,561.20000000,573.90000000,141707.97800000
2030,2021-12-05 08:00:00,573.90000000,582.00000000,569.60000000,573.00000000,196139.74300000
2031,2021-12-05 12:00:00,572.80000000,578.50000000,539.90000000,547.30000000,323664.03400000
2032,2021-12-05 16:00:00,547.40000000,561.00000000,545.30000000,553.40000000,231171.40300000
2033,2021-12-05 20:00:00,553.40000000,559.40000000,547.00000000,557.80000000,146386.70400000
2034,2021-12-06 00:00:00,557.70000000,558.20000000,536.60000000,548.70000000,235015.22400000
2035,2021-12-06 04:00:00,548.80000000,560.40000000,533.00000000,541.80000000,247718.20200000
2036,2021-12-06 08:00:00,541.90000000,564.20000000,538.00000000,556.00000000,641854.36900000
2037,2021-12-06 12:00:00,556.00000000,571.50000000,550.70000000,571.20000000,387324.75500000
2038,2021-12-06 16:00:00,571.20000000,574.50000000,564.00000000,570.70000000,230877.46900000
2039,2021-12-06 20:00:00,570.70000000,593.00000000,569.70000000,587.50000000,263138.91300000
2040,2021-12-07 00:00:00,587.50000000,594.10000000,582.20000000,587.60000000,232541.67000000
2041,2021-12-07 04:00:00,587.60000000,591.90000000,584.00000000,584.80000000,152996.91100000
2042,2021-12-07 08:00:00,584.80000000,591.50000000,581.10000000,588.30000000,182707.04400000
2043,2021-12-07 12:00:00,588.30000000,591.20000000,575.40000000,586.90000000,193443.16700000
2044,2021-12-07 16:00:00,586.90000000,589.00000000,576.30000000,581.20000000,134243.64600000
2045,2021-12-07 20:00:00,581.20000000,583.00000000,572.20000000,578.70000000,121431.50500000
2046,2021-12-08 00:00:00,578.70000000,579.80000000,567.20000000,568.20000000,138830.02200000
2047,2021-12-08 04:00:00,568.20000000,581.60000000,568.00000000,581.00000000,132829.60500000
2048,2021-12-08 08:00:00,581.00000000,589.80000000,567.00000000,574.70000000,243390.99400000
2049,2021-12-08 12:00:00,574.70000000,596.00000000,569.80000000,592.00000000,267073.26600000
2050,2021-12-08 16:00:00,591.90000000,595.80000000,586.70000000,594.20000000,153321.23600000
2051,2021-12-08 20:00:00,594.20000000,607.60000000,593.30000000,607.20000000,177770.32600000
2052,2021-12-09 00:00:00,607.30000000,617.00000000,599.40000000,601.40000000,221554.94300000
2053,2021-12-09 04:00:00,601.30000000,606.00000000,596.00000000,603.80000000,128130.29800000
2054,2021-12-09 08:00:00,603.90000000,603.90000000,590.00000000,591.80000000,192546.97200000
2055,2021-12-09 12:00:00,591.80000000,595.70000000,573.70000000,580.00000000,248903.60100000
2056,2021-12-09 16:00:00,580.00000000,582.30000000,570.20000000,573.60000000,163758.83000000
2057,2021-12-09 20:00:00,573.60000000,580.60000000,567.70000000,570.20000000,141740.36800000
2058,2021-12-10 00:00:00,570.20000000,582.80000000,569.50000000,577.00000000,151646.66100000
2059,2021-12-10 04:00:00,576.90000000,581.80000000,568.70000000,571.20000000,151698.00900000
2060,2021-12-10 08:00:00,571.20000000,582.40000000,569.90000000,581.30000000,122487.38200000
2061,2021-12-10 12:00:00,581.40000000,595.10000000,567.70000000,570.20000000,280675.12600000
2062,2021-12-10 16:00:00,570.20000000,570.50000000,554.20000000,569.10000000,233172.40600000
2063,2021-12-10 20:00:00,569.00000000,571.60000000,550.20000000,552.40000000,143441.98000000
2064,2021-12-11 00:00:00,552.50000000,568.10000000,546.00000000,564.10000000,214168.03300000
2065,2021-12-11 04:00:00,564.10000000,572.70000000,544.10000000,544.90000000,217726.86600000
2066,2021-12-11 08:00:00,544.90000000,557.00000000,542.00000000,551.10000000,196622.22900000
2067,2021-12-11 12:00:00,551.20000000,560.00000000,549.70000000,559.70000000,120038.65500000
2068,2021-12-11 16:00:00,559.80000000,567.00000000,557.00000000,557.70000000,112331.04200000
2069,2021-12-11 20:00:00,557.60000000,566.20000000,554.20000000,564.50000000,89561.64900000
2070,2021-12-12 00:00:00,564.60000000,567.00000000,559.30000000,561.80000000,75526.69600000
2071,2021-12-12 04:00:00,561.80000000,567.00000000,559.30000000,566.40000000,82496.40200000
2072,2021-12-12 08:00:00,566.50000000,568.50000000,559.70000000,564.90000000,108867.72000000
2073,2021-12-12 12:00:00,564.90000000,569.40000000,561.20000000,562.30000000,97236.59400000
2074,2021-12-12 16:00:00,562.20000000,573.60000000,560.50000000,570.10000000,115253.60300000
2075,2021-12-12 20:00:00,570.10000000,574.80000000,567.90000000,570.30000000,65559.32100000
2076,2021-12-13 00:00:00,570.30000000,572.20000000,553.90000000,558.40000000,143664.09200000
2077,2021-12-13 04:00:00,558.40000000,561.50000000,550.20000000,551.30000000,96508.28900000
2078,2021-12-13 08:00:00,551.30000000,556.60000000,544.20000000,549.90000000,125070.91500000
2079,2021-12-13 12:00:00,549.80000000,553.10000000,522.30000000,526.60000000,229606.36000000
2080,2021-12-13 16:00:00,526.50000000,536.70000000,511.10000000,523.80000000,287484.28200000
2081,2021-12-13 20:00:00,523.80000000,530.70000000,518.90000000,521.00000000,154816.76700000
2082,2021-12-14 00:00:00,521.00000000,528.20000000,517.00000000,525.80000000,145206.31100000
2083,2021-12-14 04:00:00,525.80000000,530.30000000,517.80000000,530.30000000,183099.75400000
2084,2021-12-14 08:00:00,530.30000000,535.80000000,517.40000000,523.60000000,306344.78700000
2085,2021-12-14 12:00:00,523.60000000,529.80000000,515.00000000,517.60000000,314673.72300000
2086,2021-12-14 16:00:00,517.60000000,521.90000000,509.70000000,512.70000000,159794.10800000
2087,2021-12-14 20:00:00,512.60000000,529.30000000,512.20000000,528.10000000,154663.41800000
2088,2021-12-15 00:00:00,528.00000000,532.20000000,523.10000000,528.20000000,114523.05900000
2089,2021-12-15 04:00:00,528.20000000,532.90000000,525.50000000,532.10000000,145589.26100000
2090,2021-12-15 08:00:00,532.10000000,535.60000000,525.50000000,526.80000000,132686.23500000
2091,2021-12-15 12:00:00,526.80000000,528.90000000,502.30000000,502.60000000,210810.12700000
2092,2021-12-15 16:00:00,502.60000000,540.00000000,501.60000000,537.40000000,348789.27000000
2093,2021-12-15 20:00:00,537.50000000,546.70000000,535.90000000,541.10000000,195117.35300000
2094,2021-12-16 00:00:00,541.10000000,544.90000000,532.30000000,534.60000000,113526.36100000
2095,2021-12-16 04:00:00,534.60000000,536.60000000,528.60000000,532.10000000,98146.87100000
2096,2021-12-16 08:00:00,532.10000000,545.30000000,531.30000000,544.20000000,124058.27100000
2097,2021-12-16 12:00:00,544.30000000,545.10000000,533.40000000,539.90000000,170669.41700000
2098,2021-12-16 16:00:00,539.90000000,543.20000000,529.60000000,530.90000000,125180.04600000
2099,2021-12-16 20:00:00,530.80000000,536.40000000,524.80000000,526.20000000,103923.71600000
2100,2021-12-17 00:00:00,526.20000000,532.50000000,523.80000000,531.20000000,83073.57000000
2101,2021-12-17 04:00:00,531.10000000,534.20000000,520.90000000,525.50000000,104985.89300000
2102,2021-12-17 08:00:00,525.50000000,531.10000000,524.30000000,526.00000000,159642.70600000
2103,2021-12-17 12:00:00,526.00000000,535.80000000,511.00000000,525.00000000,310531.74600000
2104,2021-12-17 16:00:00,525.10000000,534.70000000,521.30000000,526.80000000,157139.88900000
2105,2021-12-17 20:00:00,526.80000000,530.30000000,518.80000000,525.50000000,106358.95900000
2106,2021-12-18 00:00:00,525.50000000,529.00000000,515.00000000,524.80000000,154871.23500000
2107,2021-12-18 04:00:00,524.70000000,529.50000000,522.60000000,525.90000000,86581.75500000
2108,2021-12-18 08:00:00,525.90000000,535.00000000,524.80000000,532.00000000,107502.00200000
2109,2021-12-18 12:00:00,532.00000000,534.10000000,527.40000000,530.50000000,82819.24700000
2110,2021-12-18 16:00:00,530.50000000,536.70000000,529.30000000,534.30000000,91796.40900000
2111,2021-12-18 20:00:00,534.30000000,537.80000000,532.60000000,533.90000000,56865.45000000
2112,2021-12-19 00:00:00,533.90000000,544.40000000,529.00000000,539.30000000,123442.33200000
2113,2021-12-19 04:00:00,539.20000000,542.60000000,537.50000000,538.70000000,73881.43300000
2114,2021-12-19 08:00:00,538.60000000,540.30000000,532.80000000,535.00000000,86182.42900000
2115,2021-12-19 12:00:00,534.90000000,541.00000000,531.00000000,534.00000000,120132.65600000
2116,2021-12-19 16:00:00,534.00000000,536.50000000,527.10000000,529.10000000,72767.78100000
2117,2021-12-19 20:00:00,529.10000000,534.50000000,527.40000000,529.80000000,63850.05300000
2118,2021-12-20 00:00:00,529.80000000,534.80000000,525.20000000,527.00000000,108856.99500000
2119,2021-12-20 04:00:00,527.00000000,528.60000000,517.80000000,520.60000000,105532.32200000
2120,2021-12-20 08:00:00,520.70000000,521.90000000,510.40000000,514.90000000,128690.69200000
2121,2021-12-20 12:00:00,514.80000000,516.60000000,505.60000000,511.70000000,159156.84600000
2122,2021-12-20 16:00:00,511.70000000,519.20000000,510.80000000,518.80000000,110050.72700000
2123,2021-12-20 20:00:00,518.80000000,527.50000000,518.70000000,524.00000000,115166.63000000
2124,2021-12-21 00:00:00,524.00000000,528.50000000,509.80000000,527.70000000,128914.60100000
2125,2021-12-21 04:00:00,527.80000000,532.50000000,526.40000000,527.90000000,114382.90200000
2126,2021-12-21 08:00:00,528.00000000,535.70000000,527.20000000,531.50000000,132676.34200000
2127,2021-12-21 12:00:00,531.40000000,535.00000000,522.90000000,525.30000000,145616.86200000
2128,2021-12-21 16:00:00,525.30000000,529.00000000,524.90000000,527.30000000,91329.16600000
2129,2021-12-21 20:00:00,527.20000000,531.40000000,525.60000000,528.30000000,73519.83500000
2130,2021-12-22 00:00:00,528.40000000,534.30000000,527.20000000,533.60000000,76300.73100000
2131,2021-12-22 04:00:00,533.70000000,535.90000000,531.40000000,535.00000000,84578.87500000
2132,2021-12-22 08:00:00,535.00000000,537.50000000,531.10000000,535.20000000,100349.59900000
2133,2021-12-22 12:00:00,535.20000000,542.90000000,528.10000000,540.90000000,196624.54200000
2134,2021-12-22 16:00:00,540.80000000,545.00000000,535.10000000,538.60000000,164803.17100000
2135,2021-12-22 20:00:00,538.70000000,540.30000000,530.90000000,533.60000000,99130.19100000
2136,2021-12-23 00:00:00,533.60000000,537.50000000,528.50000000,533.70000000,132127.50300000
2137,2021-12-23 04:00:00,533.80000000,533.80000000,524.30000000,526.70000000,98395.03600000
2138,2021-12-23 08:00:00,526.60000000,529.50000000,524.70000000,527.00000000,113779.72600000
2139,2021-12-23 12:00:00,527.10000000,531.40000000,527.00000000,529.60000000,121168.32400000
2140,2021-12-23 16:00:00,529.60000000,552.60000000,529.50000000,550.20000000,267793.85500000
2141,2021-12-23 20:00:00,550.30000000,551.10000000,546.00000000,549.00000000,111157.51000000
2142,2021-12-24 00:00:00,549.00000000,551.00000000,543.80000000,545.10000000,108085.52500000
2143,2021-12-24 04:00:00,545.20000000,546.30000000,541.10000000,545.90000000,75659.92100000
2144,2021-12-24 08:00:00,545.90000000,551.30000000,544.90000000,546.90000000,95402.10300000
2145,2021-12-24 12:00:00,546.80000000,554.40000000,541.70000000,548.00000000,162051.71100000
2146,2021-12-24 16:00:00,548.10000000,551.00000000,543.40000000,543.90000000,119778.05600000
2147,2021-12-24 20:00:00,543.90000000,545.80000000,537.40000000,542.10000000,104711.09900000
2148,2021-12-25 00:00:00,542.10000000,546.60000000,539.10000000,542.00000000,67465.10100000
2149,2021-12-25 04:00:00,542.00000000,547.90000000,541.60000000,545.80000000,63212.12500000
2150,2021-12-25 08:00:00,545.80000000,547.10000000,542.50000000,544.20000000,81183.39100000
2151,2021-12-25 12:00:00,544.20000000,547.50000000,543.80000000,545.40000000,72945.13600000
2152,2021-12-25 16:00:00,545.50000000,547.90000000,541.40000000,546.70000000,95694.72700000
2153,2021-12-25 20:00:00,546.60000000,550.50000000,545.40000000,547.40000000,74899.31300000
2154,2021-12-26 00:00:00,547.40000000,547.40000000,535.60000000,538.60000000,127247.89600000
2155,2021-12-26 04:00:00,538.70000000,541.60000000,535.70000000,541.20000000,93898.58300000
2156,2021-12-26 08:00:00,541.20000000,545.20000000,539.60000000,542.60000000,79576.94000000
2157,2021-12-26 12:00:00,542.60000000,544.90000000,540.60000000,543.40000000,70244.56700000
2158,2021-12-26 16:00:00,543.40000000,548.60000000,543.30000000,547.50000000,89124.06400000
2159,2021-12-26 20:00:00,547.60000000,549.30000000,543.70000000,546.40000000,76246.72500000
2160,2021-12-27 00:00:00,546.50000000,550.00000000,544.00000000,548.70000000,87114.29600000
2161,2021-12-27 04:00:00,548.70000000,549.20000000,545.10000000,545.50000000,65694.65100000
2162,2021-12-27 08:00:00,545.60000000,548.00000000,543.10000000,547.70000000,78929.06400000
2163,2021-12-27 12:00:00,547.60000000,558.90000000,544.90000000,558.30000000,158390.46900000
2164,2021-12-27 16:00:00,558.20000000,572.00000000,557.60000000,568.70000000,239081.65100000
2165,2021-12-27 20:00:00,568.70000000,571.70000000,563.00000000,563.70000000,174263.02400000
2166,2021-12-28 00:00:00,563.70000000,563.70000000,546.30000000,552.40000000,229416.38200000
2167,2021-12-28 04:00:00,552.30000000,552.40000000,542.40000000,547.80000000,160905.27200000
2168,2021-12-28 08:00:00,547.80000000,553.40000000,545.20000000,553.00000000,146390.63500000
2169,2021-12-28 12:00:00,553.10000000,555.30000000,541.60000000,547.80000000,159657.52900000
2170,2021-12-28 16:00:00,547.80000000,548.40000000,528.40000000,534.70000000,207274.61200000
2171,2021-12-28 20:00:00,534.70000000,539.30000000,531.70000000,534.20000000,98911.84100000
2172,2021-12-29 00:00:00,534.20000000,540.50000000,532.80000000,538.90000000,77352.65200000
2173,2021-12-29 04:00:00,538.90000000,539.90000000,534.30000000,535.70000000,67868.50400000
2174,2021-12-29 08:00:00,535.70000000,539.90000000,533.30000000,536.60000000,86976.68200000
2175,2021-12-29 12:00:00,536.70000000,537.10000000,518.60000000,529.60000000,228313.67000000
2176,2021-12-29 16:00:00,529.60000000,530.00000000,520.00000000,520.50000000,102808.34100000
2177,2021-12-29 20:00:00,520.50000000,524.70000000,510.30000000,514.50000000,176798.01800000
2178,2021-12-30 00:00:00,514.50000000,518.40000000,508.30000000,514.00000000,146473.07500000
2179,2021-12-30 04:00:00,514.00000000,521.70000000,513.60000000,520.10000000,91441.95000000
2180,2021-12-30 08:00:00,520.10000000,525.60000000,517.30000000,524.90000000,112723.30300000
2181,2021-12-30 12:00:00,524.90000000,527.80000000,518.30000000,518.70000000,108718.11000000
2182,2021-12-30 16:00:00,518.70000000,524.20000000,518.30000000,520.00000000,105302.57900000
2183,2021-12-30 20:00:00,520.00000000,521.60000000,515.00000000,518.50000000,74507.70000000
2184,2021-12-31 00:00:00,518.60000000,520.60000000,507.00000000,513.90000000,138027.98000000
2185,2021-12-31 04:00:00,513.90000000,517.20000000,509.50000000,513.40000000,77930.49700000
2186,2021-12-31 08:00:00,513.40000000,528.30000000,512.10000000,522.10000000,180297.07200000
2187,2021-12-31 12:00:00,522.10000000,523.30000000,520.50000000,521.90000000,73252.86700000
2188,2021-12-31 16:00:00,521.90000000,522.90000000,507.10000000,507.40000000,120168.47100000
2189,2021-12-31 20:00:00,507.40000000,514.80000000,506.00000000,511.40000000,88167.86200000
2190,2022-01-01 00:00:00,511.50000000,520.00000000,511.40000000,518.10000000,62579.19000000
2191,2022-01-01 04:00:00,518.10000000,521.80000000,513.70000000,515.80000000,82204.41600000
2192,2022-01-01 08:00:00,515.90000000,517.20000000,512.30000000,513.80000000,68753.80400000
2193,2022-01-01 12:00:00,513.70000000,521.00000000,513.70000000,518.70000000,64535.32400000
2194,2022-01-01 16:00:00,518.70000000,525.00000000,517.50000000,524.20000000,102028.98200000
2195,2022-01-01 20:00:00,524.30000000,527.90000000,524.20000000,527.30000000,66069.82500000
2196,2022-01-02 00:00:00,527.40000000,527.80000000,522.70000000,523.20000000,50153.63900000
2197,2022-01-02 04:00:00,523.20000000,523.30000000,518.00000000,522.10000000,61053.91500000
2198,2022-01-02 08:00:00,522.10000000,524.70000000,519.80000000,523.10000000,49517.66300000
2199,2022-01-02 12:00:00,523.10000000,526.80000000,521.60000000,525.90000000,67920.63400000
2200,2022-01-02 16:00:00,526.00000000,533.90000000,523.40000000,529.00000000,129381.83900000
2201,2022-01-02 20:00:00,528.90000000,532.50000000,528.10000000,531.00000000,46447.85100000
2202,2022-01-03 00:00:00,531.00000000,531.10000000,523.10000000,524.30000000,64257.70800000
2203,2022-01-03 04:00:00,524.30000000,526.90000000,522.70000000,525.50000000,54282.39100000
2204,2022-01-03 08:00:00,525.50000000,532.00000000,524.00000000,531.00000000,71925.43500000
2205,2022-01-03 12:00:00,531.10000000,532.80000000,526.40000000,527.20000000,92601.10800000
2206,2022-01-03 16:00:00,527.30000000,528.40000000,514.10000000,514.10000000,189011.64700000
2207,2022-01-03 20:00:00,514.20000000,515.90000000,510.00000000,511.90000000,191762.73200000
2208,2022-01-04 00:00:00,511.90000000,512.70000000,502.00000000,509.30000000,177731.21500000
2209,2022-01-04 04:00:00,509.30000000,512.40000000,506.40000000,512.40000000,77557.37900000
2210,2022-01-04 08:00:00,512.40000000,515.60000000,509.90000000,515.30000000,101521.83800000
2211,2022-01-04 12:00:00,515.40000000,520.00000000,512.40000000,515.60000000,138245.52900000
2212,2022-01-04 16:00:00,515.60000000,516.90000000,505.70000000,509.80000000,133336.48300000
2213,2022-01-04 20:00:00,509.90000000,512.80000000,506.10000000,506.90000000,59044.19400000
2214,2022-01-05 00:00:00,506.90000000,513.40000000,505.50000000,512.10000000,74733.90100000
2215,2022-01-05 04:00:00,512.10000000,514.40000000,511.10000000,513.30000000,45987.10500000
2216,2022-01-05 08:00:00,513.30000000,516.00000000,509.70000000,511.70000000,80465.36400000
2217,2022-01-05 12:00:00,511.60000000,513.50000000,508.70000000,512.40000000,93827.49000000
2218,2022-01-05 16:00:00,512.50000000,512.80000000,491.40000000,492.80000000,207938.87000000
2219,2022-01-05 20:00:00,492.90000000,495.00000000,457.00000000,474.10000000,482199.27400000
2220,2022-01-06 00:00:00,474.20000000,475.90000000,464.30000000,465.20000000,263150.73000000
2221,2022-01-06 04:00:00,465.30000000,472.30000000,461.60000000,472.10000000,163506.38100000
2222,2022-01-06 08:00:00,472.00000000,472.50000000,458.80000000,462.70000000,173906.44500000
2223,2022-01-06 12:00:00,462.60000000,472.90000000,459.10000000,472.20000000,166954.67700000
2224,2022-01-06 16:00:00,472.30000000,481.30000000,470.00000000,477.60000000,130069.92700000
2225,2022-01-06 20:00:00,477.60000000,478.90000000,472.10000000,472.60000000,89081.74000000
2226,2022-01-07 00:00:00,472.60000000,473.90000000,453.20000000,453.80000000,199109.73500000
2227,2022-01-07 04:00:00,453.90000000,455.20000000,437.50000000,447.30000000,372966.54400000
2228,2022-01-07 08:00:00,447.30000000,457.70000000,445.80000000,453.30000000,194615.80400000
2229,2022-01-07 12:00:00,453.30000000,457.00000000,438.20000000,445.10000000,306293.96100000
2230,2022-01-07 16:00:00,445.00000000,454.60000000,440.70000000,451.00000000,189910.84100000
2231,2022-01-07 20:00:00,451.00000000,453.00000000,445.40000000,448.10000000,68363.14500000
2232,2022-01-08 00:00:00,448.10000000,455.00000000,445.90000000,451.50000000,94003.36000000
2233,2022-01-08 04:00:00,451.50000000,456.80000000,451.00000000,456.40000000,64698.76400000
2234,2022-01-08 08:00:00,456.40000000,459.70000000,453.60000000,456.20000000,85156.47300000
2235,2022-01-08 12:00:00,456.20000000,457.10000000,445.90000000,448.00000000,102787.15400000
2236,2022-01-08 16:00:00,448.00000000,450.20000000,415.00000000,421.60000000,528472.99000000
2237,2022-01-08 20:00:00,421.60000000,437.40000000,418.40000000,429.90000000,187669.84800000
2238,2022-01-09 00:00:00,429.80000000,435.90000000,427.10000000,432.80000000,125331.62700000
2239,2022-01-09 04:00:00,432.80000000,438.40000000,432.60000000,433.80000000,81425.05900000
2240,2022-01-09 08:00:00,433.80000000,435.80000000,428.20000000,435.20000000,111924.35200000
2241,2022-01-09 12:00:00,435.10000000,436.80000000,427.00000000,429.90000000,136097.86300000
2242,2022-01-09 16:00:00,429.90000000,444.20000000,429.40000000,443.60000000,157840.96300000
2243,2022-01-09 20:00:00,443.70000000,444.50000000,437.10000000,438.70000000,76157.48300000
2244,2022-01-10 00:00:00,438.80000000,441.00000000,435.80000000,439.00000000,94361.84700000
2245,2022-01-10 04:00:00,439.00000000,445.50000000,438.90000000,441.90000000,106543.79100000
2246,2022-01-10 08:00:00,441.90000000,442.20000000,432.50000000,433.90000000,110352.62000000
2247,2022-01-10 12:00:00,433.80000000,434.30000000,405.60000000,416.10000000,529526.28200000
2248,2022-01-10 16:00:00,416.10000000,428.30000000,411.60000000,419.40000000,300020.88100000
2249,2022-01-10 20:00:00,419.50000000,425.40000000,417.70000000,424.70000000,80699.31700000
2250,2022-01-11 00:00:00,424.80000000,434.00000000,421.30000000,433.70000000,99907.29200000
2251,2022-01-11 04:00:00,433.80000000,442.40000000,430.60000000,442.10000000,109240.75500000
2252,2022-01-11 08:00:00,442.20000000,455.50000000,442.10000000,448.40000000,396013.81500000
2253,2022-01-11 12:00:00,448.40000000,454.90000000,446.00000000,452.50000000,210847.37100000
2254,2022-01-11 16:00:00,452.60000000,467.70000000,452.10000000,460.00000000,347263.75700000
2255,2022-01-11 20:00:00,460.00000000,464.80000000,459.30000000,463.60000000,102819.82900000
2256,2022-01-12 00:00:00,463.60000000,465.90000000,457.80000000,459.50000000,129035.69800000
2257,2022-01-12 04:00:00,459.50000000,462.20000000,456.60000000,459.00000000,86101.03200000
2258,2022-01-12 08:00:00,459.00000000,471.40000000,458.30000000,468.00000000,157246.13600000
2259,2022-01-12 12:00:00,468.00000000,484.90000000,467.40000000,482.20000000,247883.53600000
2260,2022-01-12 16:00:00,482.20000000,487.60000000,480.20000000,487.20000000,130463.65400000
2261,2022-01-12 20:00:00,487.20000000,489.90000000,484.60000000,487.80000000,85394.87200000
2262,2022-01-13 00:00:00,487.80000000,489.80000000,476.40000000,478.60000000,116838.44400000
2263,2022-01-13 04:00:00,478.70000000,485.00000000,477.80000000,483.00000000,96240.00800000
2264,2022-01-13 08:00:00,483.10000000,487.20000000,477.20000000,478.10000000,139701.81400000
2265,2022-01-13 12:00:00,478.10000000,487.80000000,469.80000000,474.00000000,246988.24700000
2266,2022-01-13 16:00:00,474.00000000,478.90000000,466.50000000,475.10000000,214717.88500000
2267,2022-01-13 20:00:00,475.00000000,479.90000000,470.80000000,475.20000000,93566.53900000
2268,2022-01-14 00:00:00,475.10000000,482.00000000,472.50000000,480.10000000,120678.87000000
2269,2022-01-14 04:00:00,480.10000000,490.00000000,480.00000000,484.30000000,133144.77700000
2270,2022-01-14 08:00:00,484.30000000,484.50000000,468.50000000,471.90000000,143810.87000000
2271,2022-01-14 12:00:00,471.90000000,482.90000000,467.60000000,481.40000000,171583.91800000
2272,2022-01-14 16:00:00,481.50000000,486.80000000,479.00000000,485.70000000,130161.78000000
2273,2022-01-14 20:00:00,485.70000000,492.30000000,485.70000000,490.00000000,97641.96600000
2274,2022-01-15 00:00:00,489.90000000,493.00000000,485.00000000,488.00000000,82042.90800000
2275,2022-01-15 04:00:00,488.00000000,494.70000000,486.20000000,494.20000000,86158.76000000
2276,2022-01-15 08:00:00,494.20000000,496.20000000,488.70000000,492.20000000,91175.41400000
2277,2022-01-15 12:00:00,492.20000000,500.90000000,487.60000000,500.00000000,132716.88200000
2278,2022-01-15 16:00:00,499.90000000,500.90000000,495.10000000,498.20000000,91217.06000000
2279,2022-01-15 20:00:00,498.20000000,500.20000000,493.60000000,494.50000000,65315.17900000
2280,2022-01-16 00:00:00,494.50000000,495.90000000,488.60000000,491.80000000,85812.40600000
2281,2022-01-16 04:00:00,491.70000000,497.60000000,490.70000000,496.00000000,71898.78600000
2282,2022-01-16 08:00:00,496.10000000,497.50000000,491.00000000,494.00000000,72813.80900000
2283,2022-01-16 12:00:00,494.10000000,503.00000000,490.60000000,501.30000000,128275.19500000
2284,2022-01-16 16:00:00,501.30000000,506.00000000,497.70000000,498.50000000,94525.46100000
2285,2022-01-16 20:00:00,498.40000000,501.30000000,497.60000000,498.60000000,53716.67500000
2286,2022-01-17 00:00:00,498.60000000,499.10000000,483.90000000,484.10000000,123393.10500000
2287,2022-01-17 04:00:00,484.20000000,486.70000000,481.10000000,485.60000000,108622.64600000
2288,2022-01-17 08:00:00,485.50000000,485.80000000,480.00000000,481.20000000,79817.84100000
2289,2022-01-17 12:00:00,481.20000000,482.10000000,470.30000000,471.40000000,171005.74200000
2290,2022-01-17 16:00:00,471.40000000,478.50000000,468.40000000,477.50000000,168978.81000000
2291,2022-01-17 20:00:00,477.60000000,478.30000000,466.90000000,475.20000000,105987.89100000
2292,2022-01-18 00:00:00,475.10000000,479.60000000,470.00000000,472.50000000,93401.54500000
2293,2022-01-18 04:00:00,472.50000000,476.20000000,467.50000000,474.20000000,92041.61700000
2294,2022-01-18 08:00:00,474.20000000,474.40000000,460.30000000,466.70000000,149090.45500000
2295,2022-01-18 12:00:00,466.70000000,467.60000000,459.80000000,461.10000000,147444.12100000
2296,2022-01-18 16:00:00,461.10000000,463.80000000,457.20000000,462.60000000,118923.50500000
2297,2022-01-18 20:00:00,462.60000000,479.40000000,460.00000000,471.40000000,106600.33400000
2298,2022-01-19 00:00:00,471.50000000,472.40000000,461.40000000,463.50000000,85626.94900000
2299,2022-01-19 04:00:00,463.40000000,465.30000000,453.70000000,456.10000000,94108.68800000
2300,2022-01-19 08:00:00,456.00000000,464.80000000,454.00000000,462.60000000,118237.13200000
2301,2022-01-19 12:00:00,462.60000000,471.40000000,461.50000000,466.30000000,105906.98900000
2302,2022-01-19 16:00:00,466.20000000,473.10000000,463.60000000,471.20000000,103071.96400000
2303,2022-01-19 20:00:00,471.20000000,471.40000000,461.60000000,461.90000000,78798.57800000
2304,2022-01-20 00:00:00,461.90000000,469.40000000,461.90000000,468.60000000,60435.39000000
2305,2022-01-20 04:00:00,468.60000000,478.70000000,468.40000000,477.20000000,144174.93600000
2306,2022-01-20 08:00:00,477.20000000,477.50000000,461.70000000,464.50000000,248651.87500000
2307,2022-01-20 12:00:00,464.40000000,475.60000000,458.80000000,472.90000000,313447.02800000
2308,2022-01-20 16:00:00,473.00000000,474.60000000,463.10000000,464.80000000,134676.13900000
2309,2022-01-20 20:00:00,464.70000000,465.20000000,438.20000000,440.20000000,236469.52600000
2310,2022-01-21 00:00:00,440.20000000,444.60000000,418.50000000,422.40000000,381301.41700000
2311,2022-01-21 04:00:00,422.40000000,431.50000000,422.20000000,431.20000000,157559.96000000
2312,2022-01-21 08:00:00,431.10000000,433.00000000,425.30000000,426.60000000,124701.63300000
2313,2022-01-21 12:00:00,426.60000000,427.20000000,409.80000000,422.80000000,368775.91400000
2314,2022-01-21 16:00:00,422.90000000,425.70000000,413.40000000,413.80000000,192023.83000000
2315,2022-01-21 20:00:00,413.90000000,416.50000000,373.70000000,383.90000000,666816.84000000
2316,2022-01-22 00:00:00,383.80000000,389.60000000,379.70000000,382.80000000,254413.01700000
2317,2022-01-22 04:00:00,382.90000000,384.70000000,344.70000000,350.10000000,503221.58900000
2318,2022-01-22 08:00:00,350.00000000,364.70000000,336.30000000,361.40000000,770238.24400000
2319,2022-01-22 12:00:00,361.30000000,376.70000000,356.40000000,356.60000000,354530.70800000
2320,2022-01-22 16:00:00,356.50000000,367.70000000,346.30000000,349.20000000,489126.81100000
2321,2022-01-22 20:00:00,349.20000000,366.50000000,347.60000000,358.30000000,264079.01700000
2322,2022-01-23 00:00:00,358.30000000,371.10000000,356.30000000,366.40000000,194176.89600000
2323,2022-01-23 04:00:00,366.40000000,380.30000000,364.90000000,379.80000000,213794.98000000
2324,2022-01-23 08:00:00,379.70000000,388.80000000,378.50000000,382.50000000,257020.73900000
2325,2022-01-23 12:00:00,382.50000000,389.00000000,368.00000000,371.00000000,236571.99000000
2326,2022-01-23 16:00:00,371.00000000,377.30000000,363.20000000,365.10000000,191994.54400000
2327,2022-01-23 20:00:00,365.20000000,386.70000000,363.50000000,383.90000000,203484.77400000
2328,2022-01-24 00:00:00,384.00000000,384.00000000,370.10000000,372.50000000,135743.80700000
2329,2022-01-24 04:00:00,372.60000000,373.50000000,361.10000000,361.90000000,124358.02700000
2330,2022-01-24 08:00:00,361.80000000,368.80000000,339.60000000,344.60000000,516709.87300000
2331,2022-01-24 12:00:00,344.70000000,352.90000000,336.00000000,351.80000000,539486.57700000
2332,2022-01-24 16:00:00,351.80000000,367.10000000,344.70000000,364.70000000,388948.38900000
2333,2022-01-24 20:00:00,364.60000000,376.70000000,363.10000000,371.30000000,194967.74700000
2334,2022-01-25 00:00:00,371.20000000,371.50000000,361.60000000,365.00000000,124993.97700000
2335,2022-01-25 04:00:00,364.90000000,365.70000000,357.40000000,362.70000000,102233.38600000
2336,2022-01-25 08:00:00,362.60000000,376.20000000,361.70000000,371.50000000,206632.61200000
2337,2022-01-25 12:00:00,371.60000000,375.50000000,365.20000000,371.50000000,231280.13100000
2338,2022-01-25 16:00:00,371.50000000,389.50000000,370.90000000,384.10000000,232215.74800000
2339,2022-01-25 20:00:00,384.20000000,386.10000000,377.00000000,385.10000000,108755.30100000
2340,2022-01-26 00:00:00,385.10000000,385.50000000,377.10000000,379.60000000,128999.06200000
2341,2022-01-26 04:00:00,379.60000000,383.50000000,376.50000000,380.50000000,96747.15100000
2342,2022-01-26 08:00:00,380.50000000,389.90000000,380.40000000,389.00000000,118568.26500000
2343,2022-01-26 12:00:00,389.00000000,399.70000000,385.10000000,392.00000000,201703.25100000
2344,2022-01-26 16:00:00,392.00000000,402.40000000,382.00000000,388.50000000,312599.50200000
2345,2022-01-26 20:00:00,388.60000000,388.60000000,366.40000000,375.10000000,214902.94100000
2346,2022-01-27 00:00:00,375.10000000,378.50000000,360.00000000,362.30000000,173994.16600000
2347,2022-01-27 04:00:00,362.30000000,368.90000000,361.30000000,366.90000000,88178.99300000
2348,2022-01-27 08:00:00,366.90000000,371.70000000,365.20000000,371.40000000,124320.46100000
2349,2022-01-27 12:00:00,371.50000000,378.00000000,369.30000000,374.00000000,130381.11600000
2350,2022-01-27 16:00:00,373.90000000,375.00000000,365.50000000,366.70000000,116768.48200000
2351,2022-01-27 20:00:00,366.70000000,393.80000000,360.00000000,389.90000000,328417.67000000
2352,2022-01-28 00:00:00,389.90000000,393.30000000,382.30000000,389.60000000,133395.63400000
2353,2022-01-28 04:00:00,389.60000000,395.90000000,384.70000000,385.00000000,108016.38700000
2354,2022-01-28 08:00:00,385.10000000,387.30000000,379.30000000,381.20000000,99576.82500000
2355,2022-01-28 12:00:00,381.20000000,384.90000000,375.80000000,384.20000000,149405.27400000
2356,2022-01-28 16:00:00,384.20000000,389.60000000,382.50000000,389.00000000,134642.98900000
2357,2022-01-28 20:00:00,388.90000000,392.00000000,381.70000000,385.90000000,127283.50600000
2358,2022-01-29 00:00:00,385.90000000,389.60000000,384.10000000,388.00000000,70147.93300000
2359,2022-01-29 04:00:00,388.00000000,392.60000000,386.70000000,391.90000000,58592.78200000
2360,2022-01-29 08:00:00,391.90000000,393.00000000,388.80000000,390.70000000,68732.18200000
2361,2022-01-29 12:00:00,390.70000000,397.30000000,380.70000000,383.50000000,167528.53000000
2362,2022-01-29 16:00:00,383.50000000,387.90000000,380.80000000,386.10000000,82678.30500000
2363,2022-01-29 20:00:00,386.10000000,392.50000000,385.40000000,389.30000000,86894.05000000
2364,2022-01-30 00:00:00,389.40000000,389.60000000,382.50000000,382.60000000,80508.40500000
2365,2022-01-30 04:00:00,382.70000000,386.90000000,381.80000000,386.40000000,99258.67900000
2366,2022-01-30 08:00:00,386.40000000,387.20000000,383.30000000,385.10000000,59880.50700000
2367,2022-01-30 12:00:00,385.10000000,386.90000000,379.30000000,380.90000000,99900.72100000
2368,2022-01-30 16:00:00,381.00000000,382.10000000,372.70000000,373.80000000,110915.92900000
2369,2022-01-30 20:00:00,373.80000000,380.30000000,372.20000000,377.20000000,85971.88200000
2370,2022-01-31 00:00:00,377.20000000,377.80000000,365.20000000,369.90000000,106776.68300000
2371,2022-01-31 04:00:00,370.00000000,371.80000000,367.70000000,371.50000000,71593.47400000
2372,2022-01-31 08:00:00,371.50000000,373.10000000,368.60000000,372.20000000,67965.75300000
2373,2022-01-31 12:00:00,372.20000000,380.40000000,369.00000000,378.70000000,118282.78700000
2374,2022-01-31 16:00:00,378.70000000,385.40000000,378.10000000,383.20000000,121034.87100000
2375,2022-01-31 20:00:00,383.10000000,384.40000000,373.40000000,374.30000000,134460.16600000
2376,2022-02-01 00:00:00,374.40000000,384.40000000,373.70000000,383.60000000,86672.94100000
2377,2022-02-01 04:00:00,383.50000000,385.00000000,379.50000000,382.10000000,62791.72200000
2378,2022-02-01 08:00:00,382.10000000,387.80000000,379.20000000,383.00000000,128457.36500000
2379,2022-02-01 12:00:00,383.00000000,386.30000000,379.40000000,382.90000000,113060.73600000
2380,2022-02-01 16:00:00,383.00000000,388.40000000,382.50000000,382.80000000,101785.20500000
2381,2022-02-01 20:00:00,382.90000000,387.50000000,382.60000000,384.20000000,62579.30800000
2382,2022-02-02 00:00:00,384.10000000,386.10000000,380.60000000,384.20000000,81606.53700000
2383,2022-02-02 04:00:00,384.20000000,384.20000000,379.10000000,379.90000000,56449.39800000
2384,2022-02-02 08:00:00,379.80000000,383.40000000,377.70000000,382.70000000,52514.47400000
2385,2022-02-02 12:00:00,382.70000000,385.40000000,370.50000000,371.10000000,152124.19100000
2386,2022-02-02 16:00:00,371.10000000,377.30000000,368.10000000,376.20000000,107855.27000000
2387,2022-02-02 20:00:00,376.10000000,376.90000000,366.10000000,366.90000000,121790.17000000
2388,2022-02-03 00:00:00,367.10000000,369.70000000,363.10000000,365.70000000,84415.08800000
2389,2022-02-03 04:00:00,365.80000000,369.40000000,364.80000000,369.00000000,50269.06800000
2390,2022-02-03 08:00:00,369.10000000,370.40000000,359.60000000,364.40000000,103451.63800000
2391,2022-02-03 12:00:00,364.40000000,368.40000000,360.20000000,368.10000000,96815.53600000
2392,2022-02-03 16:00:00,368.10000000,369.70000000,361.80000000,363.30000000,76412.58500000
2393,2022-02-03 20:00:00,363.30000000,372.40000000,362.00000000,372.30000000,84351.31200000
2394,2022-02-04 00:00:00,372.20000000,372.50000000,369.50000000,370.60000000,50859.00100000
2395,2022-02-04 04:00:00,370.70000000,379.00000000,370.20000000,377.50000000,87178.09400000
2396,2022-02-04 08:00:00,377.50000000,380.20000000,376.30000000,377.30000000,77375.12700000
2397,2022-02-04 12:00:00,377.20000000,385.40000000,372.30000000,382.20000000,246569.42000000
2398,2022-02-04 16:00:00,382.20000000,396.60000000,381.80000000,396.20000000,270070.13100000
2399,2022-02-04 20:00:00,396.10000000,399.70000000,393.60000000,399.50000000,117774.05500000
2400,2022-02-05 00:00:00,399.60000000,406.80000000,396.30000000,406.80000000,142445.55900000
2401,2022-02-05 04:00:00,406.80000000,431.00000000,405.00000000,423.30000000,470092.01900000
2402,2022-02-05 08:00:00,423.20000000,426.70000000,420.20000000,422.40000000,119004.98700000
2403,2022-02-05 12:00:00,422.40000000,423.50000000,417.10000000,421.60000000,107388.38100000
2404,2022-02-05 16:00:00,421.50000000,422.30000000,407.40000000,412.20000000,134950.51100000
2405,2022-02-05 20:00:00,412.20000000,416.10000000,410.10000000,413.70000000,57165.41300000
2406,2022-02-06 00:00:00,413.80000000,421.30000000,413.20000000,417.10000000,80674.45300000
2407,2022-02-06 04:00:00,417.10000000,418.30000000,412.60000000,416.40000000,75680.57800000
2408,2022-02-06 08:00:00,416.40000000,419.90000000,414.90000000,416.50000000,62192.86200000
2409,2022-02-06 12:00:00,416.40000000,422.50000000,407.00000000,411.10000000,168175.01900000
2410,2022-02-06 16:00:00,411.00000000,415.20000000,409.10000000,414.00000000,73723.87000000
2411,2022-02-06 20:00:00,414.00000000,420.20000000,410.40000000,419.90000000,82184.39400000
2412,2022-02-07 00:00:00,419.90000000,428.00000000,413.30000000,427.00000000,131083.14700000
2413,2022-02-07 04:00:00,427.00000000,429.40000000,424.50000000,426.50000000,88922.84200000
2414,2022-02-07 08:00:00,426.40000000,427.20000000,421.50000000,426.50000000,86337.12200000
2415,2022-02-07 12:00:00,426.50000000,438.60000000,425.50000000,438.00000000,188620.33700000
2416,2022-02-07 16:00:00,438.00000000,439.00000000,431.80000000,435.80000000,168270.88900000
2417,2022-02-07 20:00:00,435.80000000,437.90000000,432.20000000,433.50000000,95013.33000000
2418,2022-02-08 00:00:00,433.50000000,435.60000000,428.40000000,434.50000000,107137.15100000
2419,2022-02-08 04:00:00,434.60000000,445.40000000,434.00000000,438.90000000,164989.99500000
2420,2022-02-08 08:00:00,438.90000000,439.70000000,420.90000000,426.70000000,176110.75300000
2421,2022-02-08 12:00:00,426.70000000,426.70000000,413.40000000,418.10000000,190299.79500000
2422,2022-02-08 16:00:00,418.10000000,419.40000000,406.20000000,407.60000000,219373.15500000
2423,2022-02-08 20:00:00,407.60000000,417.20000000,406.90000000,407.80000000,290644.47200000
2424,2022-02-09 00:00:00,407.90000000,415.20000000,407.10000000,409.70000000,127443.76000000
2425,2022-02-09 04:00:00,409.70000000,416.40000000,408.00000000,415.60000000,85872.66400000
2426,2022-02-09 08:00:00,415.60000000,420.70000000,412.00000000,419.10000000,102827.90100000
2427,2022-02-09 12:00:00,419.20000000,425.70000000,417.90000000,421.10000000,143354.13800000
2428,2022-02-09 16:00:00,421.10000000,427.20000000,419.20000000,426.20000000,91739.14700000
2429,2022-02-09 20:00:00,426.20000000,427.70000000,419.80000000,422.90000000,82642.82100000
2430,2022-02-10 00:00:00,422.90000000,423.00000000,414.80000000,416.30000000,85250.16800000
2431,2022-02-10 04:00:00,416.20000000,421.30000000,415.40000000,421.10000000,57166.76100000
2432,2022-02-10 08:00:00,421.20000000,429.90000000,420.40000000,426.90000000,127939.72700000
2433,2022-02-10 12:00:00,427.00000000,434.90000000,410.00000000,424.90000000,411797.14600000
2434,2022-02-10 16:00:00,424.90000000,432.00000000,420.20000000,420.50000000,160233.10800000
2435,2022-02-10 20:00:00,420.50000000,422.40000000,413.00000000,414.70000000,113853.42900000
2436,2022-02-11 00:00:00,414.70000000,416.10000000,407.60000000,415.50000000,136598.48600000
2437,2022-02-11 04:00:00,415.50000000,418.40000000,410.60000000,417.80000000,70958.06500000
2438,2022-02-11 08:00:00,417.80000000,418.90000000,412.00000000,414.40000000,87966.27500000
2439,2022-02-11 12:00:00,414.30000000,417.50000000,413.30000000,415.20000000,94921.50700000
2440,2022-02-11 16:00:00,415.20000000,415.80000000,401.10000000,404.60000000,140170.15000000
2441,2022-02-11 20:00:00,404.70000000,405.40000000,390.50000000,400.00000000,170228.71700000
2442,2022-02-12 00:00:00,400.00000000,403.70000000,397.10000000,399.80000000,75894.99400000
2443,2022-02-12 04:00:00,399.80000000,401.90000000,393.30000000,397.60000000,89466.02700000
2444,2022-02-12 08:00:00,397.70000000,403.30000000,396.30000000,402.20000000,92355.13900000
2445,2022-02-12 12:00:00,402.30000000,402.70000000,395.10000000,397.70000000,85023.61400000
2446,2022-02-12 16:00:00,397.80000000,407.10000000,396.20000000,403.50000000,104254.68500000
2447,2022-02-12 20:00:00,403.60000000,406.20000000,397.70000000,403.60000000,74085.77800000
2448,2022-02-13 00:00:00,403.60000000,407.10000000,401.70000000,403.30000000,59699.16600000
2449,2022-02-13 04:00:00,403.40000000,404.90000000,401.60000000,403.70000000,46456.40000000
2450,2022-02-13 08:00:00,403.70000000,404.80000000,401.30000000,403.50000000,46533.66300000
2451,2022-02-13 12:00:00,403.50000000,407.80000000,402.00000000,403.80000000,69068.81500000
2452,2022-02-13 16:00:00,403.80000000,404.00000000,394.70000000,396.30000000,107029.97400000
2453,2022-02-13 20:00:00,396.20000000,400.80000000,395.20000000,397.90000000,59869.03400000
2454,2022-02-14 00:00:00,398.00000000,399.20000000,390.60000000,394.00000000,92932.75900000
2455,2022-02-14 04:00:00,393.90000000,395.90000000,391.00000000,395.70000000,61964.64400000
2456,2022-02-14 08:00:00,395.70000000,397.80000000,393.10000000,396.30000000,63335.42100000
2457,2022-02-14 12:00:00,396.20000000,404.50000000,395.30000000,401.40000000,100283.96300000
2458,2022-02-14 16:00:00,401.40000000,404.00000000,395.80000000,397.90000000,101775.59200000
2459,2022-02-14 20:00:00,397.90000000,404.00000000,396.70000000,403.40000000,51917.93900000
2460,2022-02-15 00:00:00,403.40000000,417.00000000,402.70000000,412.90000000,136751.76200000
2461,2022-02-15 04:00:00,412.90000000,430.20000000,412.80000000,427.60000000,225189.54400000
2462,2022-02-15 08:00:00,427.70000000,443.00000000,424.10000000,428.40000000,402705.26300000
2463,2022-02-15 12:00:00,428.40000000,434.00000000,426.00000000,432.20000000,165408.47900000
2464,2022-02-15 16:00:00,432.20000000,432.90000000,423.00000000,429.50000000,164434.69200000
2465,2022-02-15 20:00:00,429.40000000,434.00000000,426.30000000,432.40000000,89654.25000000
2466,2022-02-16 00:00:00,432.40000000,433.50000000,428.90000000,431.00000000,111647.48200000
2467,2022-02-16 04:00:00,431.10000000,431.70000000,427.80000000,430.80000000,71956.22200000
2468,2022-02-16 08:00:00,430.90000000,433.40000000,428.00000000,430.70000000,84551.46600000
2469,2022-02-16 12:00:00,430.80000000,431.60000000,422.20000000,425.20000000,145240.53400000
2470,2022-02-16 16:00:00,425.20000000,432.00000000,422.20000000,430.90000000,130142.08700000
2471,2022-02-16 20:00:00,431.00000000,432.10000000,426.10000000,427.30000000,62714.70200000
2472,2022-02-17 00:00:00,427.30000000,431.10000000,425.00000000,425.00000000,67845.86600000
2473,2022-02-17 04:00:00,425.10000000,427.80000000,421.00000000,427.40000000,87140.92800000
2474,2022-02-17 08:00:00,427.50000000,428.40000000,420.00000000,424.20000000,108332.44000000
2475,2022-02-17 12:00:00,424.20000000,425.30000000,411.00000000,413.60000000,148372.13100000
2476,2022-02-17 16:00:00,413.60000000,414.70000000,403.30000000,408.30000000,146779.39900000
2477,2022-02-17 20:00:00,408.30000000,408.30000000,400.00000000,402.40000000,103403.95300000
2478,2022-02-18 00:00:00,402.40000000,405.00000000,398.40000000,404.70000000,93672.42600000
2479,2022-02-18 04:00:00,404.60000000,408.60000000,401.90000000,407.20000000,74217.65800000
2480,2022-02-18 08:00:00,407.20000000,411.00000000,402.50000000,403.10000000,92972.19500000
2481,2022-02-18 12:00:00,403.10000000,406.50000000,393.90000000,395.20000000,181211.47100000
2482,2022-02-18 16:00:00,395.20000000,400.10000000,392.20000000,399.30000000,117258.32600000
2483,2022-02-18 20:00:00,399.40000000,400.20000000,395.20000000,399.20000000,52604.60300000
2484,2022-02-19 00:00:00,399.20000000,404.70000000,397.80000000,401.80000000,58093.19200000
2485,2022-02-19 04:00:00,401.70000000,406.40000000,401.70000000,405.00000000,58747.09900000
2486,2022-02-19 08:00:00,405.00000000,405.60000000,395.00000000,396.70000000,84135.27800000
2487,2022-02-19 12:00:00,396.60000000,401.20000000,393.00000000,399.60000000,87417.87200000
2488,2022-02-19 16:00:00,399.70000000,403.90000000,395.90000000,396.50000000,83347.37000000
2489,2022-02-19 20:00:00,396.50000000,400.80000000,395.80000000,399.80000000,38538.49300000
2490,2022-02-20 00:00:00,399.80000000,400.00000000,388.30000000,389.50000000,104358.10800000
2491,2022-02-20 04:00:00,389.60000000,389.80000000,377.30000000,381.60000000,170398.92000000
2492,2022-02-20 08:00:00,381.50000000,382.10000000,375.50000000,381.80000000,112176.24700000
2493,2022-02-20 12:00:00,381.90000000,384.70000000,375.00000000,380.10000000,92385.62500000
2494,2022-02-20 16:00:00,380.10000000,384.50000000,379.20000000,381.70000000,64347.63900000
2495,2022-02-20 20:00:00,381.80000000,386.10000000,377.50000000,380.60000000,80481.98600000
2496,2022-02-21 00:00:00,380.70000000,392.50000000,378.60000000,388.00000000,95617.67600000
2497,2022-02-21 04:00:00,388.10000000,393.70000000,387.90000000,392.60000000,92923.29600000
2498,2022-02-21 08:00:00,392.60000000,393.50000000,367.20000000,370.10000000,254700.63600000
2499,2022-02-21 12:00:00,370.20000000,383.90000000,365.00000000,379.10000000,336694.99400000
2500,2022-02-21 16:00:00,379.10000000,381.90000000,367.30000000,371.50000000,195127.49900000
2501,2022-02-21 20:00:00,371.40000000,372.50000000,355.00000000,356.60000000,244588.38000000
2502,2022-02-22 00:00:00,356.70000000,361.40000000,348.70000000,352.40000000,216535.13100000
2503,2022-02-22 04:00:00,352.50000000,359.20000000,351.80000000,356.00000000,170077.06000000
2504,2022-02-22 08:00:00,355.90000000,367.00000000,355.80000000,364.60000000,145444.12800000
2505,2022-02-22 12:00:00,364.70000000,370.90000000,361.60000000,366.90000000,162706.87900000
2506,2022-02-22 16:00:00,366.90000000,373.60000000,362.10000000,371.50000000,138230.78400000
2507,2022-02-22 20:00:00,371.40000000,375.40000000,366.10000000,374.30000000,107462.84000000
2508,2022-02-23 00:00:00,374.30000000,380.40000000,370.90000000,372.70000000,117767.87000000
2509,2022-02-23 04:00:00,372.70000000,378.20000000,371.70000000,377.90000000,70387.95800000
2510,2022-02-23 08:00:00,377.90000000,383.00000000,375.40000000,379.70000000,137700.29400000
2511,2022-02-23 12:00:00,379.70000000,384.20000000,376.10000000,378.90000000,120951.02000000
2512,2022-02-23 16:00:00,378.90000000,383.20000000,370.00000000,370.90000000,155258.64900000
2513,2022-02-23 20:00:00,371.00000000,371.80000000,365.30000000,365.60000000,96626.87000000
2514,2022-02-24 00:00:00,365.60000000,368.50000000,339.30000000,341.90000000,358183.42800000
2515,2022-02-24 04:00:00,341.90000000,344.20000000,323.50000000,336.10000000,544443.60900000
2516,2022-02-24 08:00:00,336.10000000,342.90000000,330.00000000,335.70000000,315308.35200000
2517,2022-02-24 12:00:00,335.70000000,345.90000000,331.90000000,345.10000000,259803.05000000
2518,2022-02-24 16:00:00,345.20000000,358.80000000,342.40000000,358.60000000,224607.16000000
2519,2022-02-24 20:00:00,358.50000000,371.30000000,353.00000000,361.20000000,246690.33600000
2520,2022-02-25 00:00:00,361.20000000,367.20000000,359.70000000,366.20000000,131140.13000000
2521,2022-02-25 04:00:00,366.20000000,366.20000000,358.70000000,363.70000000,105176.93300000
2522,2022-02-25 08:00:00,363.70000000,364.60000000,356.80000000,361.70000000,117484.85800000
2523,2022-02-25 12:00:00,361.80000000,372.00000000,361.70000000,369.70000000,201413.13200000
2524,2022-02-25 16:00:00,369.70000000,371.00000000,363.10000000,364.90000000,115608.40300000
2525,2022-02-25 20:00:00,364.90000000,377.20000000,363.50000000,375.00000000,112418.70400000
2526,2022-02-26 00:00:00,375.00000000,386.10000000,373.70000000,379.50000000,169377.98200000
2527,2022-02-26 04:00:00,379.60000000,381.20000000,372.90000000,376.40000000,61334.57200000
2528,2022-02-26 08:00:00,376.40000000,378.70000000,371.00000000,373.60000000,105764.75200000
2529,2022-02-26 12:00:00,373.50000000,377.30000000,370.60000000,375.20000000,82228.78500000
2530,2022-02-26 16:00:00,375.10000000,376.20000000,370.50000000,374.80000000,68138.12300000
2531,2022-02-26 20:00:00,374.80000000,378.30000000,371.20000000,373.70000000,61843.72700000
2532,2022-02-27 00:00:00,373.70000000,374.70000000,363.10000000,366.20000000,133209.12600000
2533,2022-02-27 04:00:00,366.10000000,372.90000000,364.40000000,371.70000000,54367.47200000
2534,2022-02-27 08:00:00,371.70000000,379.60000000,369.80000000,378.80000000,95623.99300000
2535,2022-02-27 12:00:00,378.80000000,381.20000000,368.60000000,375.60000000,152498.61200000
2536,2022-02-27 16:00:00,375.60000000,376.20000000,360.00000000,360.90000000,100908.54600000
2537,2022-02-27 20:00:00,360.90000000,366.40000000,358.10000000,360.10000000,140757.20000000
2538,2022-02-28 00:00:00,360.10000000,365.10000000,355.80000000,363.50000000,119391.66000000
2539,2022-02-28 04:00:00,363.60000000,366.70000000,358.20000000,366.50000000,87817.70600000
2540,2022-02-28 08:00:00,366.50000000,369.40000000,365.10000000,367.30000000,76926.84800000
2541,2022-02-28 12:00:00,367.30000000,383.20000000,363.20000000,382.80000000,204725.72700000
2542,2022-02-28 16:00:00,382.80000000,385.80000000,379.90000000,384.40000000,130405.24700000
2543,2022-02-28 20:00:00,384.30000000,397.20000000,383.90000000,395.60000000,153797.29200000
2544,2022-03-01 00:00:00,395.70000000,400.00000000,390.40000000,393.50000000,156518.72400000
2545,2022-03-01 04:00:00,393.40000000,417.30000000,392.50000000,413.20000000,271831.74200000
2546,2022-03-01 08:00:00,413.20000000,424.90000000,401.70000000,406.10000000,456622.54700000
2547,2022-03-01 12:00:00,406.10000000,415.00000000,400.50000000,404.60000000,290465.36300000
2548,2022-03-01 16:00:00,404.70000000,409.60000000,400.20000000,406.80000000,136288.77500000
2549,2022-03-01 20:00:00,406.90000000,409.40000000,403.50000000,408.70000000,91968.68100000
2550,2022-03-02 00:00:00,408.70000000,414.60000000,403.80000000,413.50000000,178090.12400000
2551,2022-03-02 04:00:00,413.50000000,415.70000000,408.00000000,410.00000000,139840.02000000
2552,2022-03-02 08:00:00,410.10000000,415.00000000,407.90000000,413.00000000,122192.62000000
2553,2022-03-02 12:00:00,412.90000000,414.90000000,403.80000000,408.80000000,232700.04800000
2554,2022-03-02 16:00:00,408.80000000,411.90000000,405.00000000,407.20000000,73273.39200000
2555,2022-03-02 20:00:00,407.30000000,410.90000000,406.90000000,409.30000000,42403.23900000
2556,2022-03-03 00:00:00,409.30000000,411.20000000,402.70000000,404.90000000,84817.03100000
2557,2022-03-03 04:00:00,404.80000000,408.80000000,403.50000000,407.00000000,72956.64100000
2558,2022-03-03 08:00:00,407.00000000,408.90000000,405.00000000,407.50000000,75737.45600000
2559,2022-03-03 12:00:00,407.60000000,413.20000000,400.50000000,402.10000000,165689.52000000
2560,2022-03-03 16:00:00,402.10000000,405.10000000,397.40000000,401.10000000,122114.32200000
2561,2022-03-03 20:00:00,401.10000000,404.10000000,397.50000000,402.60000000,55687.35500000
2562,2022-03-04 00:00:00,402.60000000,403.50000000,388.90000000,394.10000000,147375.07200000
2563,2022-03-04 04:00:00,394.00000000,395.50000000,392.10000000,394.30000000,69649.04600000
2564,2022-03-04 08:00:00,394.20000000,398.20000000,390.80000000,396.80000000,114425.30800000
2565,2022-03-04 12:00:00,396.90000000,398.30000000,387.10000000,387.30000000,165580.10500000
2566,2022-03-04 16:00:00,387.20000000,390.60000000,380.10000000,380.80000000,108331.67700000
2567,2022-03-04 20:00:00,380.90000000,381.90000000,372.00000000,374.20000000,150815.40200000
2568,2022-03-05 00:00:00,374.10000000,374.70000000,367.20000000,373.90000000,108984.89500000
2569,2022-03-05 04:00:00,373.80000000,379.10000000,369.40000000,378.20000000,86596.95900000
2570,2022-03-05 08:00:00,378.20000000,380.90000000,376.00000000,380.40000000,71662.74900000
2571,2022-03-05 12:00:00,380.40000000,382.80000000,377.80000000,380.20000000,54774.31000000
2572,2022-03-05 16:00:00,380.10000000,384.40000000,377.50000000,383.40000000,82416.74500000
2573,2022-03-05 20:00:00,383.30000000,387.30000000,382.90000000,384.70000000,49534.58400000
2574,2022-03-06 00:00:00,384.80000000,387.30000000,382.10000000,382.40000000,41971.15500000
2575,2022-03-06 04:00:00,382.50000000,385.80000000,379.00000000,382.60000000,68207.44100000
2576,2022-03-06 08:00:00,382.60000000,382.60000000,371.60000000,375.80000000,113623.37400000
2577,2022-03-06 12:00:00,375.80000000,381.50000000,374.30000000,381.00000000,84868.14500000
2578,2022-03-06 16:00:00,381.00000000,384.90000000,376.70000000,377.30000000,92608.77700000
2579,2022-03-06 20:00:00,377.40000000,382.20000000,373.00000000,375.00000000,87800.26600000
2580,2022-03-07 00:00:00,375.00000000,375.40000000,365.40000000,367.90000000,140160.88100000
2581,2022-03-07 04:00:00,368.00000000,374.00000000,367.50000000,370.40000000,61828.60000000
2582,2022-03-07 08:00:00,370.40000000,378.20000000,369.00000000,375.50000000,110534.28700000
2583,2022-03-07 12:00:00,375.50000000,384.80000000,375.50000000,382.00000000,133903.63700000
2584,2022-03-07 16:00:00,382.00000000,384.50000000,362.80000000,365.60000000,181396.25100000
2585,2022-03-07 20:00:00,365.70000000,385.90000000,363.80000000,380.60000000,321471.25400000
2586,2022-03-08 00:00:00,380.60000000,385.50000000,379.00000000,382.70000000,102793.20400000
2587,2022-03-08 04:00:00,382.70000000,384.80000000,375.30000000,381.40000000,95720.27200000
2588,2022-03-08 08:00:00,381.40000000,388.70000000,380.40000000,386.00000000,113442.28400000
2589,2022-03-08 12:00:00,386.00000000,388.00000000,378.00000000,383.20000000,147616.83700000
2590,2022-03-08 16:00:00,383.20000000,387.80000000,378.50000000,384.20000000,127710.69900000
2591,2022-03-08 20:00:00,384.20000000,384.70000000,379.30000000,381.40000000,60208.75100000
2592,2022-03-09 00:00:00,381.40000000,401.40000000,381.00000000,398.80000000,197702.72000000
2593,2022-03-09 04:00:00,398.80000000,402.70000000,393.70000000,396.00000000,188473.91000000
2594,2022-03-09 08:00:00,396.10000000,398.30000000,392.10000000,395.30000000,237284.94200000
2595,2022-03-09 12:00:00,395.30000000,397.90000000,392.40000000,397.20000000,202296.24700000
2596,2022-03-09 16:00:00,397.20000000,397.60000000,390.80000000,394.10000000,130004.74100000
2597,2022-03-09 20:00:00,394.10000000,394.80000000,390.50000000,393.20000000,57088.18700000
2598,2022-03-10 00:00:00,393.20000000,394.50000000,386.00000000,386.40000000,108174.54500000
2599,2022-03-10 04:00:00,386.40000000,387.20000000,373.40000000,377.70000000,152915.84000000
2600,2022-03-10 08:00:00,377.80000000,378.50000000,375.00000000,376.00000000,74107.15100000
2601,2022-03-10 12:00:00,376.00000000,377.70000000,365.00000000,365.40000000,288186.81900000
2602,2022-03-10 16:00:00,365.30000000,370.80000000,363.00000000,370.40000000,114114.42900000
2603,2022-03-10 20:00:00,370.40000000,373.10000000,368.40000000,372.00000000,53834.20000000
2604,2022-03-11 00:00:00,372.10000000,372.90000000,364.70000000,368.90000000,100986.65000000
2605,2022-03-11 04:00:00,368.90000000,374.50000000,365.90000000,373.00000000,71107.17800000
2606,2022-03-11 08:00:00,373.00000000,379.20000000,370.20000000,377.50000000,98701.99500000
2607,2022-03-11 12:00:00,377.50000000,380.00000000,370.70000000,372.90000000,110665.17000000
2608,2022-03-11 16:00:00,372.90000000,373.00000000,369.70000000,370.70000000,64645.81900000
2609,2022-03-11 20:00:00,370.80000000,374.80000000,368.50000000,371.90000000,64067.77400000
2610,2022-03-12 00:00:00,371.90000000,377.40000000,371.50000000,373.70000000,69276.98600000
2611,2022-03-12 04:00:00,373.70000000,376.20000000,371.10000000,375.40000000,59390.41300000
2612,2022-03-12 08:00:00,375.40000000,378.70000000,373.90000000,376.20000000,83380.53600000
2613,2022-03-12 12:00:00,376.10000000,379.00000000,374.40000000,377.10000000,73081.40800000
2614,2022-03-12 16:00:00,377.00000000,379.20000000,375.80000000,376.40000000,69882.85000000
2615,2022-03-12 20:00:00,376.40000000,376.90000000,371.90000000,372.40000000,47463.45300000
2616,2022-03-13 00:00:00,372.40000000,377.10000000,371.50000000,376.20000000,60268.66600000
2617,2022-03-13 04:00:00,376.20000000,377.20000000,374.40000000,374.80000000,41545.13700000
2618,2022-03-13 08:00:00,374.80000000,374.90000000,370.20000000,370.90000000,74037.21500000
2619,2022-03-13 12:00:00,370.90000000,372.80000000,368.20000000,371.00000000,88658.36500000
2620,2022-03-13 16:00:00,371.00000000,373.60000000,370.50000000,371.10000000,46558.01500000
2621,2022-03-13 20:00:00,371.10000000,371.30000000,360.10000000,361.40000000,113695.24400000
2622,2022-03-14 00:00:00,361.40000000,365.30000000,359.50000000,365.10000000,86455.38000000
2623,2022-03-14 04:00:00,365.10000000,371.80000000,364.80000000,369.60000000,91639.49800000
2624,2022-03-14 08:00:00,369.60000000,371.50000000,368.20000000,368.50000000,64602.12800000
2625,2022-03-14 12:00:00,368.50000000,370.30000000,366.60000000,368.20000000,88578.19400000
2626,2022-03-14 16:00:00,368.30000000,369.00000000,363.70000000,365.80000000,64606.88300000
2627,2022-03-14 20:00:00,365.80000000,373.90000000,364.60000000,373.40000000,71932.90100000
2628,2022-03-15 00:00:00,373.40000000,374.70000000,366.50000000,367.20000000,67549.22500000
2629,2022-03-15 04:00:00,367.30000000,368.00000000,361.70000000,364.20000000,60517.10400000
2630,2022-03-15 08:00:00,364.30000000,366.30000000,362.10000000,365.30000000,69960.79400000
2631,2022-03-15 12:00:00,365.30000000,370.40000000,363.50000000,368.60000000,81086.06200000
2632,2022-03-15 16:00:00,368.60000000,374.20000000,367.60000000,373.40000000,94656.01300000
2633,2022-03-15 20:00:00,373.30000000,374.70000000,369.50000000,371.70000000,67121.62500000
2634,2022-03-16 00:00:00,371.70000000,383.30000000,369.50000000,370.60000000,170335.88200000
2635,2022-03-16 04:00:00,370.50000000,373.20000000,367.80000000,372.50000000,66708.89400000
2636,2022-03-16 08:00:00,372.40000000,379.50000000,372.10000000,377.50000000,95377.82400000
2637,2022-03-16 12:00:00,377.50000000,381.00000000,375.00000000,378.50000000,90627.61000000
2638,2022-03-16 16:00:00,378.50000000,383.90000000,372.00000000,383.30000000,165342.56400000
2639,2022-03-16 20:00:00,383.30000000,386.60000000,382.30000000,385.40000000,80485.84100000
2640,2022-03-17 00:00:00,385.30000000,386.30000000,381.70000000,383.40000000,75959.29000000
2641,2022-03-17 04:00:00,383.50000000,388.50000000,382.70000000,384.60000000,101515.25500000
2642,2022-03-17 08:00:00,384.60000000,386.00000000,382.70000000,385.00000000,70012.89100000
2643,2022-03-17 12:00:00,385.00000000,393.50000000,384.60000000,387.60000000,208985.98300000
2644,2022-03-17 16:00:00,387.60000000,390.00000000,386.00000000,389.60000000,59441.67400000
2645,2022-03-17 20:00:00,389.60000000,392.20000000,387.00000000,391.80000000,53542.31500000
2646,2022-03-18 00:00:00,391.90000000,392.50000000,384.00000000,385.20000000,81995.90200000
2647,2022-03-18 04:00:00,385.10000000,388.70000000,384.30000000,386.90000000,59744.14100000
2648,2022-03-18 08:00:00,387.00000000,389.70000000,384.10000000,385.80000000,102111.64300000
2649,2022-03-18 12:00:00,385.80000000,394.60000000,385.10000000,393.30000000,111223.71200000
2650,2022-03-18 16:00:00,393.30000000,399.20000000,393.20000000,399.00000000,137782.59100000
2651,2022-03-18 20:00:00,399.00000000,400.00000000,395.50000000,397.20000000,60905.59700000
2652,2022-03-19 00:00:00,397.20000000,400.60000000,395.90000000,398.20000000,67958.80300000
2653,2022-03-19 04:00:00,398.20000000,398.90000000,395.20000000,395.60000000,50481.83700000
2654,2022-03-19 08:00:00,395.60000000,402.60000000,394.90000000,401.00000000,82566.88800000
2655,2022-03-19 12:00:00,401.10000000,406.10000000,400.30000000,403.20000000,100728.56300000
2656,2022-03-19 16:00:00,403.20000000,406.40000000,398.80000000,399.20000000,88480.35300000
2657,2022-03-19 20:00:00,399.20000000,402.50000000,395.90000000,399.90000000,69780.16900000
2658,2022-03-20 00:00:00,399.90000000,400.80000000,393.10000000,396.40000000,77270.58700000
2659,2022-03-20 04:00:00,396.40000000,398.70000000,394.90000000,397.20000000,50197.98400000
2660,2022-03-20 08:00:00,397.10000000,398.50000000,392.60000000,393.10000000,59427.84200000
2661,2022-03-20 12:00:00,393.10000000,393.90000000,390.00000000,390.20000000,79860.54700000
2662,2022-03-20 16:00:00,390.10000000,392.90000000,386.20000000,391.50000000,77289.78500000
2663,2022-03-20 20:00:00,391.60000000,394.10000000,389.80000000,390.80000000,54937.68400000
2664,2022-03-21 00:00:00,390.80000000,392.10000000,384.80000000,388.90000000,98714.61900000
2665,2022-03-21 04:00:00,388.80000000,392.70000000,387.90000000,392.40000000,60895.43500000
2666,2022-03-21 08:00:00,392.50000000,396.20000000,390.80000000,394.30000000,95006.47000000
2667,2022-03-21 12:00:00,394.40000000,399.50000000,391.50000000,398.80000000,135640.27100000
2668,2022-03-21 16:00:00,398.90000000,399.10000000,394.10000000,397.80000000,77162.20000000
2669,2022-03-21 20:00:00,397.90000000,398.00000000,395.00000000,396.00000000,74060.78500000
2670,2022-03-22 00:00:00,396.00000000,407.20000000,394.80000000,404.90000000,150356.13100000
2671,2022-03-22 04:00:00,404.90000000,409.90000000,402.50000000,404.90000000,146067.94600000
2672,2022-03-22 08:00:00,405.00000000,407.70000000,403.00000000,407.40000000,82818.93100000
2673,2022-03-22 12:00:00,407.40000000,410.00000000,405.30000000,406.10000000,102410.30900000
2674,2022-03-22 16:00:00,406.20000000,407.10000000,402.40000000,402.50000000,70803.31200000
2675,2022-03-22 20:00:00,402.50000000,407.20000000,402.20000000,404.30000000,56577.97800000
2676,2022-03-23 00:00:00,404.30000000,406.50000000,401.00000000,401.80000000,73726.36600000
2677,2022-03-23 04:00:00,401.70000000,404.10000000,397.90000000,401.60000000,75186.12300000
2678,2022-03-23 08:00:00,401.60000000,403.10000000,400.10000000,401.10000000,80228.53200000
2679,2022-03-23 12:00:00,401.20000000,411.70000000,399.80000000,409.50000000,151477.36500000
2680,2022-03-23 16:00:00,409.40000000,410.70000000,402.00000000,403.50000000,102286.61000000
2681,2022-03-23 20:00:00,403.50000000,408.80000000,403.20000000,408.40000000,52986.79400000
2682,2022-03-24 00:00:00,408.40000000,412.30000000,406.30000000,406.50000000,110291.25200000
2683,2022-03-24 04:00:00,406.40000000,413.30000000,406.30000000,410.40000000,81128.00100000
2684,2022-03-24 08:00:00,410.30000000,412.80000000,409.00000000,409.60000000,82439.22100000
2685,2022-03-24 12:00:00,409.70000000,415.60000000,405.00000000,414.30000000,165236.29600000
2686,2022-03-24 16:00:00,414.30000000,416.60000000,413.40000000,414.30000000,103161.86700000
2687,2022-03-24 20:00:00,414.30000000,415.20000000,412.60000000,414.20000000,56109.47800000
2688,2022-03-25 00:00:00,414.20000000,416.00000000,411.30000000,413.40000000,75680.50600000
2689,2022-03-25 04:00:00,413.50000000,415.70000000,412.20000000,412.40000000,64800.19600000
2690,2022-03-25 08:00:00,412.50000000,420.00000000,409.50000000,419.00000000,132463.48500000
2691,2022-03-25 12:00:00,419.10000000,421.50000000,411.70000000,413.00000000,159160.47200000
2692,2022-03-25 16:00:00,413.00000000,416.20000000,405.50000000,410.70000000,135172.19900000
2693,2022-03-25 20:00:00,410.80000000,412.90000000,409.80000000,410.30000000,42415.01800000
2694,2022-03-26 00:00:00,410.30000000,411.80000000,407.50000000,410.00000000,47721.37400000
2695,2022-03-26 04:00:00,410.10000000,413.40000000,409.90000000,413.00000000,42698.86500000
2696,2022-03-26 08:00:00,413.10000000,415.90000000,412.80000000,414.10000000,50364.90600000
2697,2022-03-26 12:00:00,414.20000000,415.10000000,410.90000000,413.10000000,56818.47200000
2698,2022-03-26 16:00:00,413.10000000,414.70000000,412.30000000,414.30000000,38432.40600000
2699,2022-03-26 20:00:00,414.20000000,416.40000000,413.50000000,415.80000000,44121.66400000
2700,2022-03-27 00:00:00,415.90000000,418.30000000,415.60000000,416.10000000,56699.23300000
2701,2022-03-27 04:00:00,416.00000000,417.60000000,415.00000000,417.30000000,35940.70700000
2702,2022-03-27 08:00:00,417.30000000,417.40000000,414.20000000,415.30000000,43076.58200000
2703,2022-03-27 12:00:00,415.30000000,419.90000000,411.70000000,417.10000000,95308.66300000
2704,2022-03-27 16:00:00,417.10000000,418.90000000,416.50000000,417.80000000,54446.50000000
2705,2022-03-27 20:00:00,417.80000000,431.60000000,416.10000000,430.50000000,205526.41500000
2706,2022-03-28 00:00:00,430.60000000,433.40000000,428.10000000,431.80000000,116108.31700000
2707,2022-03-28 04:00:00,431.90000000,437.10000000,430.00000000,431.00000000,146524.77500000
2708,2022-03-28 08:00:00,431.10000000,436.50000000,429.30000000,435.50000000,104064.20900000
2709,2022-03-28 12:00:00,435.50000000,441.00000000,434.10000000,436.40000000,146871.46400000
2710,2022-03-28 16:00:00,436.40000000,440.70000000,433.60000000,438.40000000,107106.50900000
2711,2022-03-28 20:00:00,438.50000000,439.30000000,427.60000000,430.20000000,98426.90900000
2712,2022-03-29 00:00:00,430.20000000,436.00000000,429.40000000,432.40000000,84569.14300000
2713,2022-03-29 04:00:00,432.50000000,437.10000000,431.70000000,434.50000000,76869.11600000
2714,2022-03-29 08:00:00,434.50000000,440.70000000,434.10000000,440.30000000,91461.16500000
2715,2022-03-29 12:00:00,440.40000000,441.60000000,433.40000000,434.40000000,157831.27600000
2716,2022-03-29 16:00:00,434.50000000,437.70000000,429.60000000,436.60000000,130232.53400000
2717,2022-03-29 20:00:00,436.60000000,437.30000000,429.50000000,434.20000000,88810.66000000
2718,2022-03-30 00:00:00,434.20000000,434.20000000,425.50000000,433.40000000,94736.12600000
2719,2022-03-30 04:00:00,433.40000000,438.10000000,430.40000000,436.90000000,101877.91000000
2720,2022-03-30 08:00:00,436.80000000,440.20000000,434.70000000,439.30000000,105168.18800000
2721,2022-03-30 12:00:00,439.30000000,439.70000000,433.80000000,438.90000000,147414.42900000
2722,2022-03-30 16:00:00,439.00000000,449.30000000,438.70000000,444.80000000,217527.64000000
2723,2022-03-30 20:00:00,444.80000000,446.60000000,441.00000000,442.10000000,102258.13400000
2724,2022-03-31 00:00:00,442.10000000,452.30000000,440.20000000,445.00000000,175688.18700000
2725,2022-03-31 04:00:00,445.00000000,445.30000000,441.30000000,444.90000000,97653.37300000
2726,2022-03-31 08:00:00,445.00000000,449.10000000,443.50000000,444.90000000,119279.26200000
2727,2022-03-31 12:00:00,444.90000000,449.30000000,430.00000000,434.20000000,279894.88300000
2728,2022-03-31 16:00:00,434.20000000,434.70000000,423.90000000,427.10000000,192069.86700000
2729,2022-03-31 20:00:00,427.20000000,431.90000000,425.70000000,428.90000000,93339.12300000
2730,2022-04-01 00:00:00,428.90000000,430.20000000,412.80000000,418.90000000,214554.34600000
2731,2022-04-01 04:00:00,419.00000000,428.10000000,418.50000000,427.70000000,122492.69000000
2732,2022-04-01 08:00:00,427.70000000,433.10000000,426.90000000,430.80000000,182788.40800000
2733,2022-04-01 12:00:00,430.90000000,442.80000000,427.40000000,441.30000000,215074.44600000
2734,2022-04-01 16:00:00,441.30000000,446.40000000,440.80000000,446.30000000,125651.72500000
2735,2022-04-01 20:00:00,446.40000000,448.20000000,442.70000000,447.70000000,111261.04000000
2736,2022-04-02 00:00:00,447.80000000,454.20000000,440.30000000,449.50000000,191092.55400000
2737,2022-04-02 04:00:00,449.60000000,451.20000000,447.40000000,450.50000000,100456.10900000
2738,2022-04-02 08:00:00,450.40000000,450.50000000,447.70000000,448.30000000,94652.68000000
2739,2022-04-02 12:00:00,448.30000000,451.40000000,440.50000000,442.40000000,203398.30300000
2740,2022-04-02 16:00:00,442.30000000,446.10000000,438.40000000,442.60000000,146291.96100000
2741,2022-04-02 20:00:00,442.70000000,443.80000000,435.70000000,437.20000000,91973.27800000
2742,2022-04-03 00:00:00,437.30000000,440.70000000,432.20000000,437.40000000,124178.77100000
2743,2022-04-03 04:00:00,437.40000000,444.50000000,437.10000000,444.20000000,97569.38300000
2744,2022-04-03 08:00:00,444.10000000,445.70000000,441.00000000,444.30000000,91066.33500000
2745,2022-04-03 12:00:00,444.30000000,449.80000000,443.40000000,447.40000000,129576.32300000
2746,2022-04-03 16:00:00,447.40000000,449.10000000,445.70000000,448.00000000,93589.67200000
2747,2022-04-03 20:00:00,448.10000000,455.70000000,447.00000000,450.40000000,140250.40800000
2748,2022-04-04 00:00:00,450.40000000,450.50000000,442.20000000,443.50000000,122545.66300000
2749,2022-04-04 04:00:00,443.50000000,449.00000000,441.70000000,447.00000000,95119.44600000
2750,2022-04-04 08:00:00,447.00000000,448.50000000,441.20000000,446.60000000,131996.63600000
2751,2022-04-04 12:00:00,446.60000000,447.40000000,437.60000000,438.10000000,149877.96200000
2752,2022-04-04 16:00:00,438.10000000,443.50000000,433.40000000,443.00000000,133560.05000000
2753,2022-04-04 20:00:00,443.00000000,449.80000000,441.50000000,447.60000000,103537.51400000
2754,2022-04-05 00:00:00,447.60000000,457.30000000,446.30000000,455.20000000,160204.11900000
2755,2022-04-05 04:00:00,455.20000000,459.50000000,451.10000000,454.90000000,127033.66700000
2756,2022-04-05 08:00:00,454.90000000,457.90000000,453.20000000,457.80000000,83206.91900000
2757,2022-04-05 12:00:00,457.80000000,460.00000000,448.40000000,449.40000000,194819.72500000
2758,2022-04-05 16:00:00,449.40000000,452.80000000,445.80000000,450.60000000,114852.10300000
2759,2022-04-05 20:00:00,450.60000000,451.50000000,444.10000000,444.70000000,81052.19200000
2760,2022-04-06 00:00:00,444.70000000,448.60000000,432.40000000,440.20000000,198218.61700000
2761,2022-04-06 04:00:00,440.20000000,444.40000000,438.30000000,441.10000000,76146.20500000
2762,2022-04-06 08:00:00,441.20000000,442.30000000,431.90000000,435.50000000,140972.97400000
2763,2022-04-06 12:00:00,435.50000000,438.90000000,421.40000000,426.90000000,252510.55700000
2764,2022-04-06 16:00:00,426.90000000,428.30000000,418.30000000,426.70000000,188473.75300000
2765,2022-04-06 20:00:00,426.70000000,428.20000000,419.10000000,420.10000000,72608.70000000
2766,2022-04-07 00:00:00,420.10000000,428.10000000,416.20000000,424.70000000,161332.41800000
2767,2022-04-07 04:00:00,424.70000000,433.00000000,424.70000000,430.90000000,118236.35800000
2768,2022-04-07 08:00:00,430.90000000,436.50000000,426.50000000,435.20000000,121310.05800000
2769,2022-04-07 12:00:00,435.30000000,437.00000000,426.50000000,431.70000000,143395.83600000
2770,2022-04-07 16:00:00,431.80000000,450.00000000,429.80000000,434.80000000,124965.76100000
2771,2022-04-07 20:00:00,434.80000000,438.10000000,433.90000000,436.00000000,48420.60500000
2772,2022-04-08 00:00:00,436.10000000,442.00000000,435.10000000,438.30000000,97570.31300000
2773,2022-04-08 04:00:00,438.20000000,438.40000000,429.70000000,433.40000000,116377.91700000
2774,2022-04-08 08:00:00,433.50000000,435.70000000,427.10000000,427.80000000,124799.65500000
2775,2022-04-08 12:00:00,427.70000000,434.70000000,422.10000000,430.80000000,137277.08300000
2776,2022-04-08 16:00:00,430.70000000,432.30000000,423.10000000,427.00000000,120739.28100000
2777,2022-04-08 20:00:00,426.90000000,428.80000000,418.40000000,421.50000000,87835.82500000
2778,2022-04-09 00:00:00,421.50000000,425.30000000,419.60000000,422.80000000,68494.06300000
2779,2022-04-09 04:00:00,422.90000000,425.40000000,421.60000000,424.40000000,57387.23100000
2780,2022-04-09 08:00:00,424.50000000,428.20000000,423.10000000,426.70000000,53342.90100000
2781,2022-04-09 12:00:00,426.60000000,428.10000000,420.60000000,421.10000000,76493.48200000
2782,2022-04-09 16:00:00,421.20000000,424.60000000,420.60000000,421.80000000,53626.83500000
2783,2022-04-09 20:00:00,421.80000000,427.50000000,420.50000000,426.60000000,47082.14700000
2784,2022-04-10 00:00:00,426.60000000,427.70000000,424.40000000,426.80000000,43683.72300000
2785,2022-04-10 04:00:00,426.90000000,427.80000000,424.60000000,425.80000000,43423.29300000
2786,2022-04-10 08:00:00,425.70000000,425.90000000,421.10000000,424.30000000,57118.69700000
2787,2022-04-10 12:00:00,424.40000000,425.80000000,420.00000000,422.20000000,67381.69400000
2788,2022-04-10 16:00:00,422.20000000,429.00000000,421.30000000,427.90000000,74340.00400000
2789,2022-04-10 20:00:00,427.80000000,429.50000000,417.00000000,418.10000000,100703.47200000
2790,2022-04-11 00:00:00,418.10000000,419.70000000,410.80000000,414.20000000,150612.89800000
2791,2022-04-11 04:00:00,414.20000000,418.00000000,413.20000000,417.30000000,72138.02400000
2792,2022-04-11 08:00:00,417.40000000,418.10000000,402.50000000,404.20000000,233740.55800000
2793,2022-04-11 12:00:00,404.30000000,405.40000000,398.80000000,399.00000000,146178.27000000
2794,2022-04-11 16:00:00,398.90000000,403.70000000,396.50000000,398.60000000,138103.97100000
2795,2022-04-11 20:00:00,398.70000000,399.90000000,391.20000000,394.60000000,115580.50300000
2796,2022-04-12 00:00:00,394.60000000,398.50000000,392.40000000,398.40000000,98964.21300000
2797,2022-04-12 04:00:00,398.40000000,408.40000000,397.80000000,407.40000000,129118.10800000
2798,2022-04-12 08:00:00,407.50000000,412.00000000,405.90000000,411.50000000,103937.39600000
2799,2022-04-12 12:00:00,411.60000000,417.10000000,408.40000000,412.60000000,195856.11700000
2800,2022-04-12 16:00:00,412.70000000,415.70000000,406.50000000,407.10000000,131870.22200000
2801,2022-04-12 20:00:00,407.10000000,415.00000000,406.60000000,413.60000000,70044.86200000
2802,2022-04-13 00:00:00,413.70000000,421.10000000,410.30000000,418.20000000,110983.25300000
2803,2022-04-13 04:00:00,418.10000000,420.30000000,416.70000000,418.00000000,64003.21000000
2804,2022-04-13 08:00:00,418.00000000,420.90000000,413.40000000,413.60000000,94442.83400000
2805,2022-04-13 12:00:00,413.50000000,421.80000000,411.20000000,417.90000000,199336.48600000
2806,2022-04-13 16:00:00,417.90000000,423.00000000,415.70000000,419.70000000,92940.72200000
2807,2022-04-13 20:00:00,419.70000000,424.60000000,419.00000000,423.40000000,68370.77200000
2808,2022-04-14 00:00:00,423.40000000,426.90000000,421.30000000,422.10000000,80410.87200000
2809,2022-04-14 04:00:00,422.10000000,422.80000000,419.80000000,421.80000000,64933.83300000
2810,2022-04-14 08:00:00,421.90000000,423.50000000,416.70000000,417.40000000,85046.67200000
2811,2022-04-14 12:00:00,417.40000000,421.50000000,411.80000000,412.40000000,123922.56400000
2812,2022-04-14 16:00:00,412.50000000,416.90000000,411.30000000,414.00000000,64672.71500000
2813,2022-04-14 20:00:00,414.00000000,416.30000000,412.50000000,414.70000000,45233.55200000
2814,2022-04-15 00:00:00,414.70000000,418.40000000,412.50000000,418.10000000,62781.69800000
2815,2022-04-15 04:00:00,418.10000000,418.80000000,414.60000000,416.70000000,56418.81100000
2816,2022-04-15 08:00:00,416.70000000,418.40000000,415.10000000,417.40000000,54286.40600000
2817,2022-04-15 12:00:00,417.40000000,419.40000000,413.80000000,418.00000000,70059.93400000
2818,2022-04-15 16:00:00,418.00000000,420.00000000,416.50000000,417.90000000,38571.67500000
2819,2022-04-15 20:00:00,417.90000000,418.70000000,415.30000000,417.30000000,49612.24900000
2820,2022-04-16 00:00:00,417.30000000,418.90000000,416.00000000,416.10000000,38646.25100000
2821,2022-04-16 04:00:00,416.10000000,416.80000000,414.40000000,415.10000000,34745.84200000
2822,2022-04-16 08:00:00,415.10000000,416.80000000,414.30000000,415.90000000,33930.33000000
2823,2022-04-16 12:00:00,415.90000000,417.00000000,411.60000000,412.60000000,59579.55600000
2824,2022-04-16 16:00:00,412.60000000,414.40000000,412.20000000,413.90000000,32197.99400000
2825,2022-04-16 20:00:00,413.80000000,419.00000000,413.60000000,417.30000000,38189.04700000
2826,2022-04-17 00:00:00,417.30000000,418.20000000,414.20000000,415.30000000,32834.15900000
2827,2022-04-17 04:00:00,415.20000000,416.20000000,413.50000000,414.50000000,31952.60100000
2828,2022-04-17 08:00:00,414.50000000,416.60000000,413.50000000,415.40000000,46742.27500000
2829,2022-04-17 12:00:00,415.40000000,417.20000000,414.40000000,416.70000000,47180.31400000
2830,2022-04-17 16:00:00,416.70000000,417.30000000,412.40000000,414.30000000,53908.49100000
2831,2022-04-17 20:00:00,414.40000000,416.30000000,405.50000000,406.60000000,89772.88600000
2832,2022-04-18 00:00:00,406.70000000,410.30000000,404.70000000,407.90000000,66911.42700000
2833,2022-04-18 04:00:00,408.00000000,408.40000000,396.20000000,397.80000000,161691.14100000
2834,2022-04-18 08:00:00,397.90000000,403.90000000,397.50000000,402.00000000,68633.57300000
2835,2022-04-18 12:00:00,402.00000000,407.40000000,402.00000000,405.80000000,112323.20500000
2836,2022-04-18 16:00:00,405.90000000,417.20000000,402.90000000,415.20000000,151666.76400000
2837,2022-04-18 20:00:00,415.20000000,418.00000000,414.60000000,416.80000000,67521.66200000
2838,2022-04-19 00:00:00,416.90000000,420.00000000,414.60000000,416.70000000,80074.40400000
2839,2022-04-19 04:00:00,416.70000000,422.20000000,415.70000000,421.90000000,91959.10400000
2840,2022-04-19 08:00:00,421.80000000,424.70000000,418.60000000,418.90000000,103057.78600000
2841,2022-04-19 12:00:00,418.90000000,423.40000000,416.50000000,419.80000000,163917.63300000
2842,2022-04-19 16:00:00,419.70000000,421.70000000,417.40000000,419.90000000,79945.86300000
2843,2022-04-19 20:00:00,419.90000000,422.60000000,417.70000000,422.30000000,48632.14100000
2844,2022-04-20 00:00:00,422.30000000,422.50000000,417.70000000,421.50000000,62875.63800000
2845,2022-04-20 04:00:00,421.50000000,423.70000000,420.10000000,421.00000000,70017.31800000
2846,2022-04-20 08:00:00,421.00000000,431.40000000,420.50000000,428.00000000,198095.33400000
2847,2022-04-20 12:00:00,428.00000000,429.80000000,419.20000000,421.60000000,196869.76500000
2848,2022-04-20 16:00:00,421.70000000,422.10000000,414.90000000,417.40000000,100939.86800000
2849,2022-04-20 20:00:00,417.40000000,420.70000000,416.80000000,418.40000000,48457.16700000
2850,2022-04-21 00:00:00,418.40000000,422.80000000,418.10000000,421.70000000,67015.33300000
2851,2022-04-21 04:00:00,421.70000000,423.30000000,417.60000000,420.70000000,93066.69800000
2852,2022-04-21 08:00:00,420.70000000,426.00000000,419.20000000,424.40000000,155625.83400000
2853,2022-04-21 12:00:00,424.40000000,425.80000000,420.30000000,420.50000000,165375.74200000
2854,2022-04-21 16:00:00,420.50000000,421.10000000,411.30000000,411.70000000,119976.37500000
2855,2022-04-21 20:00:00,411.80000000,412.60000000,401.20000000,404.90000000,170658.17200000
2856,2022-04-22 00:00:00,404.90000000,410.70000000,403.30000000,409.50000000,93831.95400000
2857,2022-04-22 04:00:00,409.50000000,411.60000000,406.70000000,410.20000000,88846.89600000
2858,2022-04-22 08:00:00,410.20000000,412.10000000,406.30000000,412.00000000,96906.62700000
2859,2022-04-22 12:00:00,412.00000000,413.90000000,405.30000000,406.10000000,168732.11100000
2860,2022-04-22 16:00:00,406.10000000,409.80000000,404.80000000,407.70000000,73326.19600000
2861,2022-04-22 20:00:00,407.60000000,409.00000000,405.00000000,406.60000000,41877.26500000
2862,2022-04-23 00:00:00,406.60000000,408.10000000,402.00000000,403.30000000,60374.34000000
2863,2022-04-23 04:00:00,403.30000000,404.50000000,397.30000000,404.20000000,90495.88200000
2864,2022-04-23 08:00:00,404.20000000,406.30000000,403.00000000,405.20000000,47066.52000000
2865,2022-04-23 12:00:00,405.30000000,406.50000000,403.50000000,406.30000000,51996.47500000
2866,2022-04-23 16:00:00,406.30000000,408.00000000,405.60000000,406.90000000,45782.24000000
2867,2022-04-23 20:00:00,406.90000000,407.50000000,400.10000000,401.10000000,43631.99300000
2868,2022-04-24 00:00:00,401.20000000,405.50000000,400.80000000,405.10000000,48287.16900000
2869,2022-04-24 04:00:00,405.00000000,405.40000000,403.50000000,404.30000000,31968.63400000
2870,2022-04-24 08:00:00,404.20000000,404.70000000,400.80000000,401.50000000,38012.64500000
2871,2022-04-24 12:00:00,401.50000000,403.90000000,400.30000000,401.80000000,68686.66900000
2872,2022-04-24 16:00:00,401.80000000,403.30000000,397.10000000,402.40000000,94258.98600000
2873,2022-04-24 20:00:00,402.50000000,402.80000000,398.30000000,398.80000000,41675.70200000
2874,2022-04-25 00:00:00,398.80000000,399.30000000,390.70000000,395.90000000,155476.46800000
2875,2022-04-25 04:00:00,396.00000000,396.00000000,382.30000000,383.80000000,162599.54000000
2876,2022-04-25 08:00:00,383.80000000,392.70000000,382.40000000,392.60000000,139677.96400000
2877,2022-04-25 12:00:00,392.60000000,396.70000000,390.30000000,394.20000000,168817.45200000
2878,2022-04-25 16:00:00,394.20000000,402.80000000,393.70000000,402.40000000,152338.07600000
2879,2022-04-25 20:00:00,402.30000000,405.70000000,401.30000000,404.30000000,70889.17800000
2880,2022-04-26 00:00:00,404.40000000,407.50000000,402.50000000,404.00000000,71353.95500000
2881,2022-04-26 04:00:00,404.10000000,405.50000000,401.10000000,402.90000000,65016.82200000
2882,2022-04-26 08:00:00,403.00000000,404.10000000,398.40000000,400.40000000,75058.05000000
2883,2022-04-26 12:00:00,400.30000000,401.20000000,387.50000000,387.90000000,158597.26200000
2884,2022-04-26 16:00:00,388.00000000,391.30000000,383.10000000,386.30000000,169031.47200000
2885,2022-04-26 20:00:00,386.30000000,388.20000000,380.80000000,385.90000000,90751.25100000
2886,2022-04-27 00:00:00,386.00000000,389.80000000,383.30000000,388.20000000,71563.03300000
2887,2022-04-27 04:00:00,388.10000000,394.40000000,387.90000000,394.40000000,73318.84300000
2888,2022-04-27 08:00:00,394.30000000,394.80000000,388.40000000,390.90000000,106981.66800000
2889,2022-04-27 12:00:00,390.90000000,394.60000000,385.00000000,389.00000000,170087.13000000
2890,2022-04-27 16:00:00,389.00000000,391.70000000,386.90000000,388.00000000,93296.47500000
2891,2022-04-27 20:00:00,388.10000000,391.90000000,387.80000000,391.30000000,52124.34600000
2892,2022-04-28 00:00:00,391.40000000,393.00000000,389.50000000,389.70000000,69150.69000000
2893,2022-04-28 04:00:00,389.80000000,393.90000000,388.50000000,392.50000000,73500.02600000
2894,2022-04-28 08:00:00,392.50000000,406.70000000,392.50000000,404.00000000,317131.54500000
2895,2022-04-28 12:00:00,404.00000000,407.00000000,397.10000000,402.40000000,239922.06000000
2896,2022-04-28 16:00:00,402.40000000,407.70000000,400.80000000,405.10000000,142288.16400000
2897,2022-04-28 20:00:00,405.20000000,408.60000000,403.10000000,407.10000000,104343.84900000
2898,2022-04-29 00:00:00,407.20000000,410.70000000,402.20000000,404.60000000,117644.01200000
2899,2022-04-29 04:00:00,404.50000000,407.70000000,402.30000000,405.90000000,87193.80300000
2900,2022-04-29 08:00:00,405.90000000,406.30000000,393.20000000,394.70000000,161397.99400000
2901,2022-04-29 12:00:00,394.80000000,401.10000000,393.80000000,398.50000000,139691.52600000
2902,2022-04-29 16:00:00,398.50000000,398.70000000,389.70000000,391.60000000,134220.87700000
2903,2022-04-29 20:00:00,391.60000000,394.20000000,390.90000000,393.00000000,54740.31400000
2904,2022-04-30 00:00:00,393.00000000,398.00000000,392.40000000,396.80000000,60737.53000000
2905,2022-04-30 04:00:00,396.80000000,399.90000000,396.50000000,398.40000000,63194.75100000
2906,2022-04-30 08:00:00,398.40000000,398.90000000,396.00000000,397.10000000,67505.31300000
2907,2022-04-30 12:00:00,397.10000000,397.90000000,390.30000000,393.70000000,94972.34500000
2908,2022-04-30 16:00:00,393.80000000,394.60000000,388.50000000,391.10000000,95665.98400000
2909,2022-04-30 20:00:00,391.10000000,391.10000000,376.30000000,377.10000000,192829.89900000
2910,2022-05-01 00:00:00,377.10000000,383.80000000,375.50000000,383.10000000,134133.02300000
2911,2022-05-01 04:00:00,383.20000000,385.90000000,380.70000000,382.20000000,94517.20500000
2912,2022-05-01 08:00:00,382.30000000,385.80000000,382.00000000,383.70000000,58539.06500000
2913,2022-05-01 12:00:00,383.60000000,390.30000000,382.30000000,389.50000000,101852.04400000
2914,2022-05-01 16:00:00,389.50000000,391.00000000,382.70000000,384.50000000,98771.80100000
2915,2022-05-01 20:00:00,384.50000000,391.40000000,383.60000000,389.90000000,76331.53500000
2916,2022-05-02 00:00:00,389.90000000,392.50000000,386.90000000,389.50000000,71862.12200000
2917,2022-05-02 04:00:00,389.50000000,392.60000000,387.90000000,389.90000000,58381.21200000
2918,2022-05-02 08:00:00,389.90000000,391.00000000,385.10000000,385.70000000,67488.99600000
2919,2022-05-02 12:00:00,385.70000000,391.20000000,383.70000000,388.20000000,128622.67300000
2920,2022-05-02 16:00:00,388.10000000,389.80000000,382.10000000,387.70000000,78586.80200000
2921,2022-05-02 20:00:00,387.70000000,390.80000000,385.30000000,389.50000000,49976.30700000
2922,2022-05-03 00:00:00,389.50000000,392.30000000,388.70000000,391.30000000,62757.01300000
2923,2022-05-03 04:00:00,391.20000000,391.70000000,388.20000000,389.80000000,47595.68200000
2924,2022-05-03 08:00:00,389.70000000,390.50000000,385.90000000,389.00000000,58600.51000000
2925,2022-05-03 12:00:00,389.00000000,389.00000000,384.40000000,386.70000000,81815.35600000
2926,2022-05-03 16:00:00,386.80000000,387.50000000,380.00000000,381.60000000,83882.60100000
2927,2022-05-03 20:00:00,381.60000000,384.20000000,379.80000000,383.90000000,53666.25800000
2928,2022-05-04 00:00:00,383.90000000,386.20000000,382.70000000,385.40000000,53562.06500000
2929,2022-05-04 04:00:00,385.50000000,390.40000000,384.10000000,389.50000000,66907.64300000
2930,2022-05-04 08:00:00,389.50000000,391.90000000,388.60000000,391.00000000,95401.80100000
2931,2022-05-04 12:00:00,391.10000000,395.00000000,387.30000000,393.70000000,111242.57400000
2932,2022-05-04 16:00:00,393.70000000,402.90000000,390.70000000,401.50000000,211568.08100000
2933,2022-05-04 20:00:00,401.50000000,403.10000000,401.40000000,402.60000000,60384.51800000
2934,2022-05-05 00:00:00,402.60000000,406.20000000,401.40000000,403.30000000,70593.33100000
2935,2022-05-05 04:00:00,403.20000000,403.60000000,399.70000000,401.00000000,55612.21200000
2936,2022-05-05 08:00:00,400.90000000,413.60000000,398.30000000,404.50000000,292458.86800000
2937,2022-05-05 12:00:00,404.50000000,407.80000000,378.30000000,381.20000000,425859.42600000
2938,2022-05-05 16:00:00,381.20000000,383.10000000,370.70000000,376.70000000,286178.99100000
2939,2022-05-05 20:00:00,376.70000000,379.10000000,373.20000000,378.40000000,93411.68400000
2940,2022-05-06 00:00:00,378.50000000,379.40000000,374.70000000,378.90000000,89010.04900000
2941,2022-05-06 04:00:00,378.80000000,380.40000000,372.80000000,377.30000000,100540.11600000
2942,2022-05-06 08:00:00,377.30000000,381.20000000,373.90000000,375.00000000,124962.79100000
2943,2022-05-06 12:00:00,374.90000000,383.30000000,370.60000000,379.30000000,246913.22300000
2944,2022-05-06 16:00:00,379.30000000,382.60000000,377.90000000,381.10000000,97313.14600000
2945,2022-05-06 20:00:00,381.10000000,381.70000000,378.50000000,379.10000000,43702.09400000
2946,2022-05-07 00:00:00,379.10000000,380.60000000,376.00000000,376.40000000,48634.55300000
2947,2022-05-07 04:00:00,376.30000000,379.00000000,373.80000000,378.80000000,76647.07500000
2948,2022-05-07 08:00:00,378.80000000,380.20000000,373.00000000,374.90000000,135709.02300000
2949,2022-05-07 12:00:00,375.00000000,376.60000000,372.20000000,376.10000000,68007.11400000
2950,2022-05-07 16:00:00,376.00000000,378.20000000,375.30000000,376.60000000,48763.22000000
2951,2022-05-07 20:00:00,376.60000000,376.60000000,360.10000000,365.50000000,177091.54600000
2952,2022-05-08 00:00:00,365.50000000,367.00000000,355.30000000,359.20000000,195407.88500000
2953,2022-05-08 04:00:00,359.20000000,362.10000000,357.80000000,359.50000000,100407.36100000
2954,2022-05-08 08:00:00,359.40000000,360.70000000,352.50000000,357.40000000,147962.87200000
2955,2022-05-08 12:00:00,357.30000000,359.40000000,352.80000000,356.20000000,112733.16800000
2956,2022-05-08 16:00:00,356.10000000,359.70000000,349.50000000,359.10000000,160684.15500000
2957,2022-05-08 20:00:00,359.10000000,359.60000000,354.40000000,355.90000000,67988.64600000
2958,2022-05-09 00:00:00,355.90000000,359.30000000,346.70000000,349.50000000,153791.78800000
2959,2022-05-09 04:00:00,349.50000000,352.20000000,343.30000000,343.40000000,129661.03000000
2960,2022-05-09 08:00:00,343.50000000,344.90000000,327.20000000,333.00000000,347943.47200000
2961,2022-05-09 12:00:00,332.90000000,337.70000000,321.20000000,324.50000000,369822.28900000
2962,2022-05-09 16:00:00,324.40000000,326.60000000,300.00000000,305.80000000,697076.22990000
2963,2022-05-09 20:00:00,305.70000000,316.80000000,295.40000000,296.10000000,439272.06130000
2964,2022-05-10 00:00:00,296.10000000,313.20000000,289.00000000,307.00000000,669540.42040000
2965,2022-05-10 04:00:00,307.00000000,332.80000000,306.50000000,321.70000000,415061.76600000
2966,2022-05-10 08:00:00,321.70000000,327.50000000,318.90000000,325.70000000,286444.39600000
2967,2022-05-10 12:00:00,325.60000000,331.20000000,314.40000000,321.00000000,351541.59300000
2968,2022-05-10 16:00:00,321.00000000,328.10000000,317.00000000,324.20000000,191619.08900000
2969,2022-05-10 20:00:00,324.20000000,324.30000000,308.40000000,319.10000000,246446.91100000
2970,2022-05-11 00:00:00,319.10000000,323.00000000,314.40000000,318.30000000,215712.39800000
2971,2022-05-11 04:00:00,318.40000000,319.70000000,295.80000000,299.90000000,505974.30200000
2972,2022-05-11 08:00:00,300.00000000,316.40000000,298.90000000,305.40000000,503330.38700000
2973,2022-05-11 12:00:00,305.40000000,309.00000000,272.00000000,288.20000000,1208213.84660000
2974,2022-05-11 16:00:00,288.20000000,290.50000000,270.30000000,271.30000000,508180.55500000
2975,2022-05-11 20:00:00,271.20000000,274.20000000,260.80000000,271.50000000,446342.49400000
2976,2022-05-12 00:00:00,271.40000000,281.20000000,254.40000000,255.10000000,604096.09620000
2977,2022-05-12 04:00:00,255.00000000,256.30000000,218.80000000,247.40000000,1453181.21410000
2978,2022-05-12 08:00:00,247.50000000,280.00000000,245.30000000,273.20000000,1074871.50500000
2979,2022-05-12 12:00:00,273.20000000,285.00000000,263.80000000,272.60000000,621418.24900000
2980,2022-05-12 16:00:00,272.60000000,282.90000000,266.00000000,269.60000000,371144.78200000
2981,2022-05-12 20:00:00,269.60000000,272.00000000,262.10000000,269.00000000,374913.75700000
2982,2022-05-13 00:00:00,269.00000000,309.80000000,265.40000000,307.40000000,576397.92000000
2983,2022-05-13 04:00:00,307.40000000,310.10000000,295.90000000,296.10000000,326502.82700000
2984,2022-05-13 08:00:00,296.00000000,310.10000000,295.40000000,309.10000000,254012.74900000
2985,2022-05-13 12:00:00,309.20000000,313.50000000,300.40000000,302.00000000,319786.99800000
2986,2022-05-13 16:00:00,301.90000000,304.20000000,289.40000000,296.30000000,308218.52400000
2987,2022-05-13 20:00:00,296.40000000,300.10000000,289.80000000,290.60000000,127468.34300000
2988,2022-05-14 00:00:00,290.70000000,299.50000000,288.60000000,293.60000000,196309.24200000
2989,2022-05-14 04:00:00,293.60000000,293.70000000,284.60000000,287.00000000,157255.84300000
2990,2022-05-14 08:00:00,287.00000000,290.10000000,276.30000000,281.50000000,198750.44400000
2991,2022-05-14 12:00:00,281.40000000,282.40000000,272.10000000,277.90000000,216136.91800000
2992,2022-05-14 16:00:00,278.00000000,290.90000000,275.80000000,286.90000000,189411.47800000
2993,2022-05-14 20:00:00,286.90000000,298.60000000,286.40000000,296.90000000,135010.09800000
2994,2022-05-15 00:00:00,296.90000000,299.20000000,285.70000000,289.70000000,165732.48100000
2995,2022-05-15 04:00:00,289.70000000,295.70000000,288.20000000,294.70000000,99519.79700000
2996,2022-05-15 08:00:00,294.80000000,303.40000000,290.60000000,302.40000000,144939.49400000
2997,2022-05-15 12:00:00,302.40000000,305.80000000,296.10000000,297.70000000,130468.89100000
2998,2022-05-15 16:00:00,297.70000000,304.10000000,296.80000000,303.90000000,100313.70800000
2999,2022-05-15 20:00:00,303.90000000,312.60000000,302.20000000,312.40000000,133734.86000000
3000,2022-05-16 00:00:00,312.40000000,312.50000000,300.00000000,301.30000000,147997.11500000
3001,2022-05-16 04:00:00,301.30000000,303.20000000,290.30000000,294.00000000,188064.02500000
3002,2022-05-16 08:00:00,294.00000000,301.60000000,291.30000000,298.10000000,164766.84600000
3003,2022-05-16 12:00:00,298.00000000,303.00000000,292.60000000,295.80000000,220109.05300000
3004,2022-05-16 16:00:00,295.80000000,301.00000000,292.10000000,297.70000000,117173.20900000
3005,2022-05-16 20:00:00,297.70000000,302.10000000,294.70000000,297.20000000,129512.58600000
3006,2022-05-17 00:00:00,297.30000000,307.80000000,295.80000000,306.30000000,145615.70600000
3007,2022-05-17 04:00:00,306.40000000,307.70000000,303.80000000,304.50000000,81113.53500000
3008,2022-05-17 08:00:00,304.40000000,308.70000000,304.20000000,306.40000000,76862.80400000
3009,2022-05-17 12:00:00,306.50000000,310.70000000,299.80000000,303.50000000,166009.45000000
3010,2022-05-17 16:00:00,303.50000000,304.00000000,296.50000000,301.20000000,155183.89600000
3011,2022-05-17 20:00:00,301.20000000,308.10000000,300.70000000,306.20000000,77480.21600000
3012,2022-05-18 00:00:00,306.20000000,308.60000000,299.20000000,300.60000000,128236.59000000
3013,2022-05-18 04:00:00,300.50000000,301.60000000,298.10000000,300.30000000,91211.07400000
3014,2022-05-18 08:00:00,300.20000000,304.10000000,298.50000000,301.60000000,77714.22900000
3015,2022-05-18 12:00:00,301.70000000,302.00000000,290.00000000,291.30000000,163928.45700000
3016,2022-05-18 16:00:00,291.40000000,297.80000000,288.80000000,296.60000000,141495.55900000
3017,2022-05-18 20:00:00,296.60000000,296.70000000,286.80000000,287.70000000,128505.18200000
3018,2022-05-19 00:00:00,287.80000000,296.80000000,286.80000000,295.20000000,116215.69000000
3019,2022-05-19 04:00:00,295.30000000,301.90000000,294.40000000,298.80000000,99723.78100000
3020,2022-05-19 08:00:00,298.80000000,302.50000000,293.50000000,301.40000000,134143.69700000
3021,2022-05-19 12:00:00,301.50000000,308.90000000,299.10000000,306.80000000,179834.59800000
3022,2022-05-19 16:00:00,306.80000000,307.80000000,303.60000000,303.60000000,87134.22000000
3023,2022-05-19 20:00:00,303.70000000,307.80000000,303.00000000,307.10000000,68186.85800000
3024,2022-05-20 00:00:00,307.10000000,312.00000000,305.10000000,308.00000000,117183.10500000
3025,2022-05-20 04:00:00,308.00000000,310.00000000,305.70000000,307.20000000,106993.37000000
3026,2022-05-20 08:00:00,307.30000000,316.10000000,306.50000000,315.50000000,148472.63900000
3027,2022-05-20 12:00:00,315.50000000,316.00000000,297.30000000,299.30000000,321685.64400000
3028,2022-05-20 16:00:00,299.20000000,302.60000000,294.10000000,302.20000000,156299.43800000
3029,2022-05-20 20:00:00,302.20000000,305.20000000,301.30000000,302.20000000,67483.98100000
3030,2022-05-21 00:00:00,302.30000000,304.00000000,299.30000000,303.00000000,71167.58800000
3031,2022-05-21 04:00:00,303.10000000,307.00000000,301.70000000,306.20000000,70039.48400000
3032,2022-05-21 08:00:00,306.20000000,307.50000000,304.90000000,307.00000000,67559.68000000
3033,2022-05-21 12:00:00,307.00000000,311.90000000,306.00000000,311.70000000,102577.98800000
3034,2022-05-21 16:00:00,311.60000000,314.20000000,310.50000000,312.60000000,112955.35300000
3035,2022-05-21 20:00:00,312.70000000,313.80000000,311.40000000,312.40000000,46478.39000000
3036,2022-05-22 00:00:00,312.50000000,319.20000000,311.50000000,316.50000000,117401.03900000
3037,2022-05-22 04:00:00,316.60000000,316.70000000,312.60000000,314.90000000,96628.90300000
3038,2022-05-22 08:00:00,314.90000000,323.70000000,314.70000000,317.60000000,179687.87600000
3039,2022-05-22 12:00:00,317.70000000,320.70000000,314.40000000,316.90000000,106699.13900000
3040,2022-05-22 16:00:00,316.90000000,319.10000000,314.70000000,317.30000000,74908.72800000
3041,2022-05-22 20:00:00,317.30000000,320.40000000,316.10000000,319.40000000,65349.88800000
3042,2022-05-23 00:00:00,319.30000000,321.50000000,317.20000000,320.60000000,81988.54100000
3043,2022-05-23 04:00:00,320.60000000,330.40000000,320.40000000,328.40000000,143130.62800000
3044,2022-05-23 08:00:00,328.40000000,333.00000000,325.90000000,332.60000000,140452.03000000
3045,2022-05-23 12:00:00,332.70000000,335.60000000,325.90000000,333.60000000,257437.02600000
3046,2022-05-23 16:00:00,333.60000000,337.00000000,323.00000000,323.60000000,213795.06800000
3047,2022-05-23 20:00:00,323.50000000,328.40000000,315.30000000,317.20000000,179409.57800000
3048,2022-05-24 00:00:00,317.10000000,327.10000000,315.40000000,326.80000000,170523.82400000
3049,2022-05-24 04:00:00,326.80000000,329.90000000,323.50000000,328.20000000,132822.77400000
3050,2022-05-24 08:00:00,328.20000000,328.50000000,317.70000000,323.20000000,172940.78600000
3051,2022-05-24 12:00:00,323.30000000,324.70000000,312.10000000,321.50000000,306643.63200000
3052,2022-05-24 16:00:00,321.50000000,325.80000000,319.10000000,322.80000000,171927.19200000
3053,2022-05-24 20:00:00,322.80000000,330.40000000,321.10000000,328.30000000,132282.49000000
3054,2022-05-25 00:00:00,328.30000000,337.90000000,327.40000000,335.90000000,174727.75100000
3055,2022-05-25 04:00:00,335.90000000,336.00000000,328.90000000,330.10000000,164811.21600000
3056,2022-05-25 08:00:00,330.10000000,333.50000000,324.30000000,325.20000000,191804.56300000
3057,2022-05-25 12:00:00,325.20000000,331.50000000,324.00000000,327.40000000,256935.76600000
3058,2022-05-25 16:00:00,327.40000000,329.80000000,324.40000000,326.10000000,179600.02800000
3059,2022-05-25 20:00:00,326.00000000,329.50000000,325.30000000,325.70000000,89857.43100000
3060,2022-05-26 00:00:00,325.70000000,331.80000000,325.40000000,327.90000000,130408.42400000
3061,2022-05-26 04:00:00,327.90000000,328.60000000,316.00000000,321.40000000,236149.20400000
3062,2022-05-26 08:00:00,321.30000000,321.50000000,306.90000000,310.70000000,368066.90700000
3063,2022-05-26 12:00:00,310.80000000,315.90000000,296.70000000,313.00000000,448856.91000000
3064,2022-05-26 16:00:00,312.90000000,317.70000000,308.60000000,308.90000000,201094.51600000
3065,2022-05-26 20:00:00,308.80000000,313.70000000,302.50000000,303.00000000,154861.63700000
3066,2022-05-27 00:00:00,303.00000000,307.60000000,297.20000000,302.10000000,289652.08100000
3067,2022-05-27 04:00:00,302.20000000,303.50000000,290.60000000,298.50000000,321273.43800000
3068,2022-05-27 08:00:00,298.50000000,302.80000000,295.80000000,301.20000000,204373.18300000
3069,2022-05-27 12:00:00,301.30000000,309.80000000,299.80000000,302.10000000,271512.48300000
3070,2022-05-27 16:00:00,302.20000000,303.70000000,295.80000000,301.40000000,262167.87200000
3071,2022-05-27 20:00:00,301.40000000,304.80000000,299.60000000,301.60000000,111569.95100000
3072,2022-05-28 00:00:00,301.50000000,305.00000000,296.90000000,301.00000000,143776.32400000
3073,2022-05-28 04:00:00,300.90000000,304.30000000,299.70000000,302.20000000,102951.63700000
3074,2022-05-28 08:00:00,302.10000000,303.50000000,299.50000000,302.10000000,90810.01600000
3075,2022-05-28 12:00:00,302.10000000,308.00000000,301.40000000,307.40000000,113735.19800000
3076,2022-05-28 16:00:00,307.30000000,309.40000000,304.80000000,308.90000000,94371.34700000
3077,2022-05-28 20:00:00,308.80000000,310.50000000,307.10000000,307.50000000,56009.98200000
3078,2022-05-29 00:00:00,307.60000000,308.20000000,299.40000000,300.80000000,107109.89700000
3079,2022-05-29 04:00:00,300.80000000,301.50000000,298.60000000,301.00000000,64085.53500000
3080,2022-05-29 08:00:00,301.10000000,303.40000000,299.80000000,302.80000000,81332.41800000
3081,2022-05-29 12:00:00,302.90000000,307.20000000,301.80000000,303.20000000,104960.36800000
3082,2022-05-29 16:00:00,303.30000000,305.00000000,301.70000000,302.40000000,62391.32000000
3083,2022-05-29 20:00:00,302.40000000,308.10000000,301.80000000,305.80000000,99628.20900000
3084,2022-05-30 00:00:00,305.90000000,318.60000000,303.90000000,317.30000000,230602.13600000
3085,2022-05-30 04:00:00,317.20000000,321.60000000,316.20000000,319.70000000,169480.30100000
3086,2022-05-30 08:00:00,319.70000000,320.40000000,315.00000000,317.30000000,113233.35500000
3087,2022-05-30 12:00:00,317.40000000,319.40000000,311.80000000,313.80000000,201974.63500000
3088,2022-05-30 16:00:00,313.80000000,315.80000000,312.00000000,313.40000000,87480.46800000
3089,2022-05-30 20:00:00,313.40000000,324.00000000,312.00000000,321.80000000,204157.33600000
3090,2022-05-31 00:00:00,321.80000000,324.80000000,317.70000000,320.80000000,121341.77300000
3091,2022-05-31 04:00:00,320.80000000,321.00000000,316.00000000,318.30000000,109190.45800000
3092,2022-05-31 08:00:00,318.20000000,321.80000000,317.80000000,320.60000000,95548.91200000
3093,2022-05-31 12:00:00,320.70000000,322.70000000,313.50000000,321.20000000,187839.88700000
3094,2022-05-31 16:00:00,321.20000000,324.40000000,318.30000000,318.80000000,121870.37200000
3095,2022-05-31 20:00:00,318.80000000,322.80000000,318.60000000,320.90000000,65954.98800000
3096,2022-06-01 00:00:00,321.00000000,324.50000000,318.50000000,319.20000000,100147.33100000
3097,2022-06-01 04:00:00,319.20000000,321.00000000,316.50000000,317.20000000,92200.71800000
3098,2022-06-01 08:00:00,317.30000000,321.10000000,314.30000000,316.50000000,108447.95200000
3099,2022-06-01 12:00:00,316.60000000,320.10000000,305.20000000,305.60000000,202788.22100000
3100,2022-06-01 16:00:00,305.50000000,305.60000000,300.40000000,303.40000000,188088.00400000
3101,2022-06-01 20:00:00,303.40000000,303.80000000,297.60000000,300.40000000,126312.38300000
3102,2022-06-02 00:00:00,300.50000000,304.20000000,298.20000000,300.50000000,90138.63000000
3103,2022-06-02 04:00:00,300.50000000,304.60000000,299.10000000,303.40000000,70787.89300000
3104,2022-06-02 08:00:00,303.40000000,305.40000000,302.30000000,305.00000000,68140.15600000
3105,2022-06-02 12:00:00,305.00000000,305.50000000,299.40000000,303.50000000,127235.15500000
3106,2022-06-02 16:00:00,303.50000000,305.90000000,302.80000000,305.30000000,66111.61200000
3107,2022-06-02 20:00:00,305.20000000,309.20000000,304.70000000,308.30000000,55256.95400000
3108,2022-06-03 00:00:00,308.40000000,310.30000000,306.40000000,308.40000000,62865.26200000
3109,2022-06-03 04:00:00,308.30000000,308.50000000,304.30000000,305.20000000,48427.86700000
3110,2022-06-03 08:00:00,305.30000000,305.90000000,295.60000000,296.20000000,121139.46600000
3111,2022-06-03 12:00:00,296.20000000,299.00000000,293.30000000,295.50000000,150163.97800000
3112,2022-06-03 16:00:00,295.50000000,297.90000000,294.20000000,296.30000000,52283.06600000
3113,2022-06-03 20:00:00,296.30000000,299.70000000,296.00000000,298.60000000,34117.03800000
3114,2022-06-04 00:00:00,298.60000000,299.50000000,294.80000000,295.60000000,50541.33800000
3115,2022-06-04 04:00:00,295.50000000,299.10000000,295.30000000,298.30000000,36323.74800000
3116,2022-06-04 08:00:00,298.30000000,302.00000000,298.00000000,299.00000000,52456.31800000
3117,2022-06-04 12:00:00,298.90000000,301.40000000,297.10000000,301.40000000,64044.19000000
3118,2022-06-04 16:00:00,301.40000000,302.20000000,299.70000000,300.10000000,44933.02100000
3119,2022-06-04 20:00:00,300.10000000,302.90000000,299.40000000,301.30000000,45234.49300000
3120,2022-06-05 00:00:00,301.40000000,301.70000000,295.90000000,297.50000000,52580.77500000
3121,2022-06-05 04:00:00,297.60000000,298.80000000,296.40000000,297.60000000,31448.89700000
3122,2022-06-05 08:00:00,297.50000000,298.40000000,295.70000000,297.50000000,31069.02100000
3123,2022-06-05 12:00:00,297.60000000,299.10000000,295.00000000,299.10000000,38250.49900000
3124,2022-06-05 16:00:00,299.10000000,302.50000000,296.40000000,301.20000000,72307.95100000
3125,2022-06-05 20:00:00,301.10000000,302.40000000,298.30000000,299.10000000,44038.75800000
3126,2022-06-06 00:00:00,299.10000000,307.80000000,299.00000000,307.30000000,115629.05000000
3127,2022-06-06 04:00:00,307.40000000,311.90000000,305.60000000,310.20000000,96496.89200000
3128,2022-06-06 08:00:00,310.20000000,312.30000000,307.00000000,307.50000000,88444.12700000
3129,2022-06-06 12:00:00,307.60000000,309.00000000,302.30000000,303.50000000,125081.96000000
3130,2022-06-06 16:00:00,303.50000000,303.60000000,298.70000000,302.10000000,92090.58900000
3131,2022-06-06 20:00:00,302.10000000,302.20000000,288.00000000,295.10000000,240848.24200000
3132,2022-06-07 00:00:00,295.10000000,295.40000000,282.40000000,284.50000000,233852.80800000
3133,2022-06-07 04:00:00,284.50000000,285.50000000,276.50000000,284.70000000,136522.66800000
3134,2022-06-07 08:00:00,284.70000000,285.20000000,273.50000000,276.70000000,143093.60400000
3135,2022-06-07 12:00:00,276.70000000,284.60000000,275.70000000,282.70000000,122988.51000000
3136,2022-06-07 16:00:00,282.70000000,295.90000000,281.50000000,292.90000000,128553.53700000
3137,2022-06-07 20:00:00,292.90000000,295.70000000,283.90000000,290.30000000,204773.49200000
3138,2022-06-08 00:00:00,290.30000000,293.60000000,283.90000000,285.20000000,130857.14300000
3139,2022-06-08 04:00:00,285.20000000,290.70000000,284.50000000,290.30000000,86623.95000000
3140,2022-06-08 08:00:00,290.40000000,293.00000000,289.40000000,290.70000000,79981.42500000
3141,2022-06-08 12:00:00,290.70000000,294.60000000,288.20000000,292.60000000,104814.80200000
3142,2022-06-08 16:00:00,292.70000000,293.50000000,286.20000000,288.60000000,63682.69500000
3143,2022-06-08 20:00:00,288.60000000,290.90000000,288.20000000,288.50000000,43550.44000000
3144,2022-06-09 00:00:00,288.50000000,289.10000000,286.30000000,288.70000000,47203.14200000
3145,2022-06-09 04:00:00,288.70000000,290.40000000,287.10000000,290.30000000,34575.68400000
3146,2022-06-09 08:00:00,290.20000000,293.40000000,290.20000000,290.80000000,70561.28700000
3147,2022-06-09 12:00:00,290.80000000,291.20000000,288.30000000,290.70000000,75874.40500000
3148,2022-06-09 16:00:00,290.80000000,292.60000000,288.20000000,288.40000000,59315.14200000
3149,2022-06-09 20:00:00,288.50000000,290.30000000,286.80000000,289.90000000,47965.41300000
3150,2022-06-10 00:00:00,289.90000000,292.10000000,284.40000000,291.10000000,105091.87600000
3151,2022-06-10 04:00:00,291.00000000,293.10000000,289.80000000,290.00000000,50467.77400000
3152,2022-06-10 08:00:00,290.00000000,290.70000000,285.70000000,289.40000000,77553.44900000
3153,2022-06-10 12:00:00,289.40000000,298.90000000,286.00000000,290.60000000,412641.93600000
3154,2022-06-10 16:00:00,290.50000000,290.80000000,283.20000000,284.90000000,128851.35200000
3155,2022-06-10 20:00:00,284.90000000,288.40000000,284.60000000,286.40000000,42916.97700000
3156,2022-06-11 00:00:00,286.40000000,289.20000000,286.30000000,288.60000000,39068.47300000
3157,2022-06-11 04:00:00,288.60000000,290.60000000,287.30000000,289.40000000,44656.30600000
3158,2022-06-11 08:00:00,289.40000000,289.70000000,277.70000000,278.80000000,125970.32800000
3159,2022-06-11 12:00:00,278.80000000,280.40000000,265.20000000,268.50000000,185747.71000000
3160,2022-06-11 16:00:00,268.50000000,274.60000000,265.70000000,271.70000000,133586.08800000
3161,2022-06-11 20:00:00,271.70000000,273.80000000,268.40000000,269.90000000,55322.55100000
3162,2022-06-12 00:00:00,269.90000000,272.00000000,254.90000000,257.60000000,197943.14500000
3163,2022-06-12 04:00:00,257.60000000,259.60000000,251.10000000,258.50000000,151331.05100000
3164,2022-06-12 08:00:00,258.50000000,259.80000000,255.80000000,258.40000000,83372.91400000
3165,2022-06-12 12:00:00,258.30000000,267.60000000,252.70000000,264.20000000,179449.07700000
3166,2022-06-12 16:00:00,264.20000000,268.40000000,262.00000000,262.20000000,102213.98700000
3167,2022-06-12 20:00:00,262.10000000,263.60000000,254.50000000,254.80000000,113444.86100000
3168,2022-06-13 00:00:00,254.80000000,257.80000000,234.70000000,240.20000000,444841.88200000
3169,2022-06-13 04:00:00,240.20000000,246.80000000,230.50000000,232.70000000,330607.58700000
3170,2022-06-13 08:00:00,232.70000000,233.90000000,217.80000000,221.20000000,658832.18310000
3171,2022-06-13 12:00:00,221.30000000,228.20000000,213.20000000,224.20000000,524380.70180000
3172,2022-06-13 16:00:00,224.20000000,233.30000000,222.40000000,225.10000000,250372.63900000
3173,2022-06-13 20:00:00,225.20000000,232.00000000,218.10000000,223.00000000,168554.41600000
3174,2022-06-14 00:00:00,222.90000000,226.20000000,204.10000000,221.70000000,659455.43040000
3175,2022-06-14 04:00:00,221.70000000,231.40000000,216.30000000,230.00000000,469765.03500000
3176,2022-06-14 08:00:00,229.90000000,230.40000000,218.10000000,220.30000000,236271.50200000
3177,2022-06-14 12:00:00,220.30000000,228.50000000,218.30000000,227.40000000,262660.35300000
3178,2022-06-14 16:00:00,227.30000000,228.40000000,219.90000000,221.80000000,149095.86700000
3179,2022-06-14 20:00:00,221.90000000,224.20000000,214.60000000,223.00000000,144776.89700000
3180,2022-06-15 00:00:00,223.10000000,224.70000000,216.20000000,216.80000000,138882.10600000
3181,2022-06-15 04:00:00,216.80000000,216.90000000,206.60000000,207.30000000,299220.40300000
3182,2022-06-15 08:00:00,207.30000000,213.80000000,198.40000000,212.60000000,479839.80450000
3183,2022-06-15 12:00:00,212.60000000,218.30000000,210.50000000,212.70000000,286203.36200000
3184,2022-06-15 16:00:00,212.70000000,225.80000000,202.50000000,221.40000000,698916.23200000
3185,2022-06-15 20:00:00,221.30000000,234.70000000,218.90000000,233.60000000,202335.64400000
3186,2022-06-16 00:00:00,233.60000000,237.20000000,229.50000000,230.10000000,167297.72400000
3187,2022-06-16 04:00:00,230.10000000,232.10000000,221.70000000,222.60000000,124823.89300000
3188,2022-06-16 08:00:00,222.50000000,224.00000000,213.50000000,215.90000000,182314.75600000
3189,2022-06-16 12:00:00,215.90000000,220.90000000,211.60000000,215.60000000,256379.05000000
3190,2022-06-16 16:00:00,215.50000000,219.00000000,212.20000000,214.30000000,144582.28500000
3191,2022-06-16 20:00:00,214.30000000,216.70000000,207.70000000,210.20000000,100195.16500000
3192,2022-06-17 00:00:00,210.30000000,217.80000000,207.70000000,212.40000000,144860.33200000
3193,2022-06-17 04:00:00,212.40000000,222.10000000,211.70000000,219.60000000,117432.23400000
3194,2022-06-17 08:00:00,219.70000000,221.70000000,217.10000000,217.80000000,115049.21800000
3195,2022-06-17 12:00:00,217.70000000,219.70000000,212.80000000,215.90000000,177147.10600000
3196,2022-06-17 16:00:00,215.90000000,217.00000000,213.70000000,214.90000000,89155.19000000
3197,2022-06-17 20:00:00,214.90000000,217.40000000,214.60000000,215.80000000,47190.22800000
3198,2022-06-18 00:00:00,215.80000000,219.00000000,210.40000000,212.60000000,88147.03900000
3199,2022-06-18 04:00:00,212.50000000,213.50000000,199.20000000,201.30000000,267146.70600000
3200,2022-06-18 08:00:00,201.30000000,206.00000000,196.40000000,202.90000000,267437.71240000
3201,2022-06-18 12:00:00,203.00000000,203.40000000,197.90000000,198.50000000,111042.59800000
3202,2022-06-18 16:00:00,198.60000000,200.80000000,188.10000000,188.30000000,270367.85640000
3203,2022-06-18 20:00:00,188.30000000,201.10000000,183.40000000,197.00000000,400548.58410000
3204,2022-06-19 00:00:00,197.00000000,199.70000000,191.60000000,192.30000000,143353.76500000
3205,2022-06-19 04:00:00,192.40000000,196.30000000,189.70000000,193.10000000,141162.21500000
3206,2022-06-19 08:00:00,193.10000000,209.20000000,192.50000000,207.20000000,304251.21800000
3207,2022-06-19 12:00:00,207.20000000,210.00000000,204.60000000,209.40000000,247559.43000000
3208,2022-06-19 16:00:00,209.40000000,215.00000000,205.10000000,211.80000000,136339.19700000
3209,2022-06-19 20:00:00,211.80000000,217.00000000,211.50000000,215.10000000,129500.34600000
3210,2022-06-20 00:00:00,215.10000000,216.30000000,205.60000000,208.70000000,143550.84300000
3211,2022-06-20 04:00:00,208.70000000,209.70000000,204.80000000,207.10000000,102409.04200000
3212,2022-06-20 08:00:00,207.20000000,217.50000000,206.70000000,216.00000000,221979.08100000
3213,2022-06-20 12:00:00,216.10000000,219.80000000,211.80000000,217.80000000,220193.95800000
3214,2022-06-20 16:00:00,217.70000000,218.00000000,211.20000000,213.80000000,121049.10300000
3215,2022-06-20 20:00:00,213.80000000,218.00000000,212.70000000,216.50000000,71218.81700000
3216,2022-06-21 00:00:00,216.50000000,219.40000000,213.10000000,218.20000000,113222.70400000
3217,2022-06-21 04:00:00,218.20000000,225.90000000,216.20000000,221.00000000,159412.87400000
3218,2022-06-21 08:00:00,221.00000000,224.00000000,218.70000000,219.00000000,189528.68400000
3219,2022-06-21 12:00:00,219.10000000,228.40000000,219.00000000,225.10000000,183979.44200000
3220,2022-06-21 16:00:00,225.10000000,227.50000000,219.80000000,220.20000000,100220.31900000
3221,2022-06-21 20:00:00,220.20000000,222.30000000,217.30000000,220.10000000,82639.54200000
3222,2022-06-22 00:00:00,220.20000000,220.60000000,214.50000000,215.50000000,115416.51900000
3223,2022-06-22 04:00:00,215.50000000,217.90000000,211.70000000,212.00000000,130205.43800000
3224,2022-06-22 08:00:00,211.90000000,217.50000000,211.20000000,216.00000000,108856.73000000
3225,2022-06-22 12:00:00,215.90000000,221.00000000,213.00000000,215.20000000,153664.96100000
3226,2022-06-22 16:00:00,215.30000000,218.30000000,213.00000000,216.20000000,112004.49900000
3227,2022-06-22 20:00:00,216.20000000,217.10000000,213.00000000,214.40000000,70318.31800000
3228,2022-06-23 00:00:00,214.40000000,221.70000000,214.00000000,217.90000000,115464.29700000
3229,2022-06-23 04:00:00,217.80000000,224.30000000,217.40000000,222.20000000,107451.48700000
3230,2022-06-23 08:00:00,222.20000000,231.70000000,221.40000000,225.20000000,184716.04800000
3231,2022-06-23 12:00:00,225.20000000,228.50000000,221.00000000,222.90000000,184817.36700000
3232,2022-06-23 16:00:00,222.90000000,229.50000000,221.00000000,229.20000000,98649.01200000
3233,2022-06-23 20:00:00,229.20000000,230.60000000,226.30000000,228.90000000,92698.74100000
3234,2022-06-24 00:00:00,229.00000000,234.60000000,228.30000000,231.80000000,104815.38600000
3235,2022-06-24 04:00:00,231.70000000,232.80000000,229.50000000,231.10000000,82648.77300000
3236,2022-06-24 08:00:00,231.00000000,238.50000000,230.80000000,236.90000000,117954.20000000
3237,2022-06-24 12:00:00,236.90000000,242.30000000,234.70000000,235.10000000,211392.34700000
3238,2022-06-24 16:00:00,235.10000000,239.30000000,233.30000000,238.90000000,105718.73000000
3239,2022-06-24 20:00:00,238.80000000,243.30000000,237.50000000,240.20000000,84745.95100000
3240,2022-06-25 00:00:00,240.30000000,241.80000000,235.50000000,238.60000000,92092.98000000
3241,2022-06-25 04:00:00,238.60000000,242.10000000,237.20000000,241.30000000,64925.08300000
3242,2022-06-25 08:00:00,241.40000000,241.90000000,237.10000000,237.50000000,79458.37500000
3243,2022-06-25 12:00:00,237.50000000,238.40000000,229.70000000,230.70000000,121304.59500000
3244,2022-06-25 16:00:00,230.70000000,237.10000000,230.40000000,235.80000000,62548.55100000
3245,2022-06-25 20:00:00,235.80000000,240.40000000,235.30000000,239.70000000,70618.72600000
3246,2022-06-26 00:00:00,239.70000000,240.60000000,236.30000000,238.00000000,54162.64900000
3247,2022-06-26 04:00:00,238.10000000,240.30000000,237.50000000,239.00000000,50099.36900000
3248,2022-06-26 08:00:00,239.00000000,243.90000000,238.20000000,243.40000000,76428.15300000
3249,2022-06-26 12:00:00,243.50000000,245.20000000,237.80000000,239.80000000,120979.35200000
3250,2022-06-26 16:00:00,239.80000000,240.40000000,235.80000000,237.60000000,70713.64300000
3251,2022-06-26 20:00:00,237.60000000,240.30000000,233.20000000,233.90000000,84379.38100000
3252,2022-06-27 00:00:00,234.00000000,238.20000000,233.20000000,237.90000000,75153.66400000
3253,2022-06-27 04:00:00,237.90000000,240.40000000,237.00000000,239.40000000,61195.48400000
3254,2022-06-27 08:00:00,239.40000000,241.00000000,238.00000000,238.10000000,57912.67900000
3255,2022-06-27 12:00:00,238.10000000,238.50000000,230.00000000,234.20000000,156355.55400000
3256,2022-06-27 16:00:00,234.10000000,236.90000000,231.20000000,233.40000000,78645.11100000
3257,2022-06-27 20:00:00,233.40000000,236.20000000,233.00000000,233.80000000,54354.30600000
3258,2022-06-28 00:00:00,233.90000000,235.70000000,230.50000000,234.40000000,84801.27000000
3259,2022-06-28 04:00:00,234.50000000,238.30000000,233.30000000,237.70000000,56392.01800000
3260,2022-06-28 08:00:00,237.70000000,240.50000000,237.10000000,239.10000000,87890.51800000
3261,2022-06-28 12:00:00,239.10000000,242.80000000,234.40000000,234.90000000,219208.81100000
3262,2022-06-28 16:00:00,235.00000000,236.60000000,231.90000000,232.80000000,88189.45500000
3263,2022-06-28 20:00:00,232.80000000,233.70000000,225.90000000,226.90000000,96144.70700000
3264,2022-06-29 00:00:00,227.00000000,229.80000000,223.80000000,224.60000000,139316.40000000
3265,2022-06-29 04:00:00,224.60000000,225.80000000,217.20000000,220.60000000,160921.52000000
3266,2022-06-29 08:00:00,220.50000000,222.30000000,217.40000000,220.30000000,108731.92300000
3267,2022-06-29 12:00:00,220.30000000,220.90000000,215.40000000,218.80000000,144696.58700000
3268,2022-06-29 16:00:00,218.70000000,221.20000000,215.80000000,220.90000000,86239.40200000
3269,2022-06-29 20:00:00,220.90000000,222.60000000,218.50000000,219.70000000,71874.85900000
3270,2022-06-30 00:00:00,219.70000000,220.30000000,216.30000000,219.20000000,68773.55100000
3271,2022-06-30 04:00:00,219.30000000,219.90000000,210.10000000,211.40000000,173480.66600000
3272,2022-06-30 08:00:00,211.40000000,211.40000000,205.40000000,208.60000000,170064.34400000
3273,2022-06-30 12:00:00,208.60000000,213.30000000,207.20000000,212.40000000,145224.94100000
3274,2022-06-30 16:00:00,212.40000000,215.50000000,210.70000000,212.50000000,102887.29900000
3275,2022-06-30 20:00:00,212.50000000,219.90000000,209.90000000,219.60000000,131096.09700000
3276,2022-07-01 00:00:00,219.60000000,226.80000000,217.60000000,221.10000000,260337.31600000
3277,2022-07-01 04:00:00,221.10000000,223.30000000,217.70000000,223.10000000,135709.84900000
3278,2022-07-01 08:00:00,223.00000000,225.00000000,216.90000000,218.60000000,122930.43700000
3279,2022-07-01 12:00:00,218.60000000,219.20000000,213.50000000,214.90000000,164954.96500000
3280,2022-07-01 16:00:00,215.00000000,218.80000000,214.50000000,217.70000000,68675.11900000
3281,2022-07-01 20:00:00,217.80000000,220.80000000,215.50000000,216.90000000,63654.19900000
3282,2022-07-02 00:00:00,216.90000000,218.80000000,213.80000000,214.70000000,102266.57800000
3283,2022-07-02 04:00:00,214.70000000,217.10000000,214.60000000,215.40000000,33465.88900000
3284,2022-07-02 08:00:00,215.40000000,218.50000000,214.40000000,216.80000000,54909.74000000
3285,2022-07-02 12:00:00,216.90000000,217.70000000,214.50000000,216.00000000,73859.61800000
3286,2022-07-02 16:00:00,216.10000000,219.30000000,215.20000000,218.20000000,49288.68000000
3287,2022-07-02 20:00:00,218.10000000,219.70000000,217.40000000,218.30000000,28921.59400000
3288,2022-07-03 00:00:00,218.40000000,219.40000000,216.50000000,218.90000000,33607.42000000
3289,2022-07-03 04:00:00,218.90000000,219.90000000,214.00000000,218.40000000,113876.45600000
3290,2022-07-03 08:00:00,218.40000000,218.60000000,216.30000000,218.20000000,45050.59700000
3291,2022-07-03 12:00:00,218.20000000,218.60000000,213.90000000,214.70000000,68825.44800000
3292,2022-07-03 16:00:00,214.70000000,219.40000000,214.40000000,218.90000000,43276.69300000
3293,2022-07-03 20:00:00,218.90000000,220.10000000,218.30000000,219.20000000,56466.45100000
3294,2022-07-04 00:00:00,219.20000000,219.90000000,214.80000000,215.60000000,52791.63500000
3295,2022-07-04 04:00:00,215.60000000,218.10000000,215.20000000,216.80000000,45923.02100000
3296,2022-07-04 08:00:00,216.70000000,224.30000000,216.40000000,224.00000000,102829.85800000
3297,2022-07-04 12:00:00,224.00000000,227.40000000,222.10000000,226.00000000,150042.72000000
3298,2022-07-04 16:00:00,226.00000000,228.80000000,225.20000000,227.40000000,72206.72800000
3299,2022-07-04 20:00:00,227.40000000,232.20000000,226.70000000,231.50000000,90868.98400000
3300,2022-07-05 00:00:00,231.60000000,234.00000000,229.80000000,233.60000000,99028.51000000
3301,2022-07-05 04:00:00,233.60000000,236.60000000,232.00000000,233.90000000,116762.42800000
3302,2022-07-05 08:00:00,233.80000000,234.00000000,226.30000000,227.10000000,138923.51300000
3303,2022-07-05 12:00:00,227.00000000,227.10000000,222.90000000,225.20000000,130239.90100000
3304,2022-07-05 16:00:00,225.20000000,232.10000000,224.10000000,231.60000000,101828.37300000
3305,2022-07-05 20:00:00,231.60000000,233.80000000,230.20000000,230.80000000,98144.89600000
3306,2022-07-06 00:00:00,230.80000000,234.90000000,229.00000000,232.00000000,121883.51400000
3307,2022-07-06 04:00:00,232.10000000,235.60000000,231.60000000,234.60000000,103770.61600000
3308,2022-07-06 08:00:00,234.50000000,239.00000000,233.50000000,236.60000000,145043.01300000
3309,2022-07-06 12:00:00,236.60000000,239.20000000,235.00000000,236.50000000,117278.08300000
3310,2022-07-06 16:00:00,236.50000000,239.60000000,236.00000000,237.80000000,86636.96800000
3311,2022-07-06 20:00:00,237.70000000,240.00000000,237.10000000,238.60000000,70339.51900000
3312,2022-07-07 00:00:00,238.60000000,239.30000000,236.40000000,236.90000000,53281.17500000
3313,2022-07-07 04:00:00,236.90000000,237.30000000,235.50000000,237.20000000,53738.00100000
3314,2022-07-07 08:00:00,237.10000000,238.60000000,236.60000000,237.70000000,51839.27500000
3315,2022-07-07 12:00:00,237.70000000,243.00000000,230.00000000,240.50000000,159227.26800000
3316,2022-07-07 16:00:00,240.50000000,243.80000000,239.40000000,243.40000000,114094.22900000
3317,2022-07-07 20:00:00,243.30000000,243.50000000,240.40000000,241.40000000,56013.27700000
3318,2022-07-08 00:00:00,241.40000000,247.70000000,240.30000000,244.90000000,137420.67300000
3319,2022-07-08 04:00:00,245.00000000,245.20000000,239.40000000,241.50000000,80288.92100000
3320,2022-07-08 08:00:00,241.60000000,242.40000000,237.00000000,239.50000000,107245.07800000
3321,2022-07-08 12:00:00,239.50000000,242.90000000,237.00000000,242.40000000,173121.40900000
3322,2022-07-08 16:00:00,242.30000000,242.80000000,239.00000000,242.10000000,86928.51500000
3323,2022-07-08 20:00:00,242.10000000,243.70000000,240.00000000,240.70000000,58931.43800000
3324,2022-07-09 00:00:00,240.70000000,242.80000000,240.40000000,242.30000000,62038.11800000
3325,2022-07-09 04:00:00,242.40000000,245.00000000,241.50000000,244.40000000,44963.23800000
3326,2022-07-09 08:00:00,244.40000000,245.00000000,241.10000000,241.90000000,49047.85000000
3327,2022-07-09 12:00:00,241.90000000,243.50000000,241.40000000,242.30000000,40832.58000000
3328,2022-07-09 16:00:00,242.40000000,244.90000000,241.50000000,243.00000000,43737.70100000
3329,2022-07-09 20:00:00,243.10000000,244.30000000,242.40000000,243.30000000,27158.67800000
3330,2022-07-10 00:00:00,243.30000000,243.50000000,235.50000000,235.70000000,139450.35600000
3331,2022-07-10 04:00:00,235.70000000,237.10000000,234.70000000,237.00000000,38418.68900000
3332,2022-07-10 08:00:00,237.10000000,237.50000000,235.30000000,236.30000000,40287.99700000
3333,2022-07-10 12:00:00,236.30000000,237.00000000,232.00000000,233.10000000,76091.88200000
3334,2022-07-10 16:00:00,233.10000000,234.50000000,231.70000000,234.40000000,46253.58800000
3335,2022-07-10 20:00:00,234.40000000,235.90000000,232.70000000,234.70000000,56209.72500000
3336,2022-07-11 00:00:00,234.70000000,235.00000000,229.90000000,231.70000000,92441.46700000
3337,2022-07-11 04:00:00,231.70000000,232.20000000,228.00000000,229.80000000,55585.72400000
3338,2022-07-11 08:00:00,229.90000000,233.50000000,229.60000000,231.80000000,51999.08500000
3339,2022-07-11 12:00:00,231.70000000,234.00000000,229.50000000,231.70000000,83679.00000000
3340,2022-07-11 16:00:00,231.70000000,233.80000000,231.00000000,231.90000000,49937.14600000
3341,2022-07-11 20:00:00,231.90000000,232.40000000,225.10000000,225.60000000,85692.64500000
3342,2022-07-12 00:00:00,225.70000000,226.00000000,222.90000000,224.80000000,69968.50700000
3343,2022-07-12 04:00:00,224.90000000,226.40000000,222.50000000,223.20000000,59994.58400000
3344,2022-07-12 08:00:00,223.30000000,224.40000000,220.90000000,224.00000000,60722.01600000
3345,2022-07-12 12:00:00,224.00000000,227.60000000,223.90000000,226.50000000,82945.58200000
3346,2022-07-12 16:00:00,226.40000000,228.30000000,221.20000000,222.40000000,81259.60300000
3347,2022-07-12 20:00:00,222.40000000,223.10000000,220.20000000,220.60000000,55329.77400000
3348,2022-07-13 00:00:00,220.60000000,224.80000000,219.30000000,223.00000000,51348.95100000
3349,2022-07-13 04:00:00,223.00000000,226.10000000,222.70000000,225.90000000,38909.57100000
3350,2022-07-13 08:00:00,226.00000000,227.70000000,225.60000000,226.60000000,61072.99900000
3351,2022-07-13 12:00:00,226.60000000,229.10000000,216.40000000,222.70000000,360289.35500000
3352,2022-07-13 16:00:00,222.70000000,226.60000000,221.00000000,224.80000000,107035.44900000
3353,2022-07-13 20:00:00,224.90000000,231.30000000,224.50000000,230.50000000,95933.28500000
3354,2022-07-14 00:00:00,230.50000000,234.40000000,230.00000000,232.30000000,110425.69400000
3355,2022-07-14 04:00:00,232.30000000,233.00000000,229.70000000,230.50000000,60977.90700000
3356,2022-07-14 08:00:00,230.50000000,231.00000000,227.10000000,228.50000000,71961.32600000
3357,2022-07-14 12:00:00,228.50000000,236.90000000,227.20000000,236.30000000,144034.58700000
3358,2022-07-14 16:00:00,236.40000000,240.00000000,234.70000000,237.40000000,139445.98100000
3359,2022-07-14 20:00:00,237.50000000,239.10000000,236.80000000,238.50000000,50679.37900000
3360,2022-07-15 00:00:00,238.60000000,239.70000000,235.40000000,237.90000000,88430.23600000
3361,2022-07-15 04:00:00,238.00000000,239.60000000,236.10000000,238.70000000,59725.91800000
3362,2022-07-15 08:00:00,238.60000000,240.70000000,236.80000000,237.00000000,78574.26700000
3363,2022-07-15 12:00:00,237.00000000,239.80000000,236.30000000,237.90000000,86848.58300000
3364,2022-07-15 16:00:00,237.90000000,242.10000000,236.10000000,241.70000000,81036.88600000
3365,2022-07-15 20:00:00,241.80000000,242.70000000,237.70000000,238.50000000,51897.93200000
3366,2022-07-16 00:00:00,238.60000000,239.10000000,236.30000000,237.50000000,39553.97800000
3367,2022-07-16 04:00:00,237.50000000,237.50000000,233.90000000,234.50000000,38673.76000000
3368,2022-07-16 08:00:00,234.60000000,236.60000000,234.40000000,235.50000000,26457.05800000
3369,2022-07-16 12:00:00,235.60000000,240.10000000,235.30000000,239.90000000,51187.81100000
3370,2022-07-16 16:00:00,240.00000000,250.70000000,239.90000000,248.30000000,204705.03100000
3371,2022-07-16 20:00:00,248.30000000,251.50000000,246.50000000,249.80000000,62822.35600000
3372,2022-07-17 00:00:00,249.80000000,255.00000000,246.40000000,254.00000000,106340.11800000
3373,2022-07-17 04:00:00,254.00000000,256.10000000,252.10000000,252.20000000,78945.29600000
3374,2022-07-17 08:00:00,252.10000000,254.60000000,249.50000000,254.20000000,59480.04500000
3375,2022-07-17 12:00:00,254.30000000,254.70000000,249.60000000,251.20000000,68489.05900000
3376,2022-07-17 16:00:00,251.30000000,253.50000000,247.00000000,250.00000000,78110.65600000
3377,2022-07-17 20:00:00,250.00000000,251.10000000,247.60000000,247.80000000,45083.37300000
3378,2022-07-18 00:00:00,247.80000000,255.50000000,247.60000000,254.10000000,88619.20300000
3379,2022-07-18 04:00:00,254.20000000,262.50000000,252.60000000,261.40000000,160118.91800000
3380,2022-07-18 08:00:00,261.40000000,263.60000000,259.30000000,261.20000000,142814.72100000
3381,2022-07-18 12:00:00,261.10000000,264.80000000,258.10000000,264.00000000,131092.85500000
3382,2022-07-18 16:00:00,264.00000000,264.30000000,255.00000000,256.80000000,119156.08900000
3383,2022-07-18 20:00:00,256.80000000,265.60000000,256.00000000,264.10000000,105265.24300000
3384,2022-07-19 00:00:00,264.10000000,267.50000000,258.00000000,258.40000000,210719.19100000
3385,2022-07-19 04:00:00,258.40000000,261.30000000,255.80000000,258.20000000,117014.86700000
3386,2022-07-19 08:00:00,258.10000000,262.70000000,257.10000000,260.70000000,94053.69900000
3387,2022-07-19 12:00:00,260.60000000,265.40000000,260.30000000,263.80000000,198323.63700000
3388,2022-07-19 16:00:00,263.90000000,274.80000000,263.50000000,271.10000000,219322.75100000
3389,2022-07-19 20:00:00,271.10000000,272.60000000,267.60000000,268.60000000,106952.79500000
3390,2022-07-20 00:00:00,268.60000000,269.00000000,265.70000000,267.90000000,134776.34500000
3391,2022-07-20 04:00:00,267.90000000,271.20000000,267.00000000,267.10000000,88671.46000000
3392,2022-07-20 08:00:00,267.20000000,270.50000000,263.70000000,269.10000000,125819.34200000
3393,2022-07-20 12:00:00,269.10000000,272.00000000,266.60000000,270.00000000,140337.04900000
3394,2022-07-20 16:00:00,269.90000000,270.90000000,262.80000000,263.70000000,121071.58400000
3395,2022-07-20 20:00:00,263.80000000,265.00000000,256.40000000,258.20000000,160821.02800000
3396,2022-07-21 00:00:00,258.30000000,260.00000000,251.00000000,252.70000000,119523.11000000
3397,2022-07-21 04:00:00,252.70000000,256.70000000,250.70000000,255.70000000,83454.29400000
3398,2022-07-21 08:00:00,255.70000000,257.60000000,254.30000000,256.20000000,82223.90800000
3399,2022-07-21 12:00:00,256.20000000,261.20000000,255.90000000,258.90000000,108629.20900000
3400,2022-07-21 16:00:00,259.00000000,264.50000000,258.80000000,264.50000000,92524.19000000
3401,2022-07-21 20:00:00,264.40000000,266.00000000,263.20000000,265.60000000,58785.56100000
3402,2022-07-22 00:00:00,265.60000000,268.00000000,262.90000000,264.10000000,61230.34700000
3403,2022-07-22 04:00:00,264.10000000,269.00000000,263.00000000,267.40000000,63593.17000000
3404,2022-07-22 08:00:00,267.30000000,271.40000000,266.60000000,269.60000000,104270.25500000
3405,2022-07-22 12:00:00,269.50000000,270.60000000,265.00000000,265.90000000,141641.64400000
3406,2022-07-22 16:00:00,265.90000000,267.90000000,261.10000000,261.70000000,87367.04300000
3407,2022-07-22 20:00:00,261.70000000,264.30000000,261.40000000,262.40000000,50439.85800000
3408,2022-07-23 00:00:00,262.50000000,268.40000000,261.20000000,266.00000000,54030.01800000
3409,2022-07-23 04:00:00,266.00000000,268.30000000,265.60000000,267.30000000,38864.48800000
3410,2022-07-23 08:00:00,267.30000000,272.60000000,254.90000000,255.60000000,172707.67700000
3411,2022-07-23 12:00:00,255.60000000,257.40000000,254.20000000,256.80000000,90187.88700000
3412,2022-07-23 16:00:00,256.70000000,257.80000000,252.70000000,255.60000000,82460.16700000
3413,2022-07-23 20:00:00,255.70000000,260.40000000,255.10000000,259.20000000,50076.01000000
3414,2022-07-24 00:00:00,259.20000000,261.40000000,257.10000000,258.20000000,54233.79100000
3415,2022-07-24 04:00:00,258.20000000,264.00000000,257.70000000,262.60000000,55835.74600000
3416,2022-07-24 08:00:00,262.60000000,265.60000000,262.00000000,263.60000000,54129.08500000
3417,2022-07-24 12:00:00,263.60000000,265.50000000,260.70000000,264.80000000,62075.86800000
3418,2022-07-24 16:00:00,264.90000000,265.20000000,261.80000000,262.10000000,36617.48800000
3419,2022-07-24 20:00:00,262.20000000,266.20000000,260.30000000,261.40000000,71010.63300000
3420,2022-07-25 00:00:00,261.40000000,262.70000000,254.20000000,255.30000000,87819.39500000
3421,2022-07-25 04:00:00,255.20000000,256.00000000,253.00000000,255.20000000,62918.30500000
3422,2022-07-25 08:00:00,255.30000000,257.70000000,254.40000000,255.80000000,42926.21500000
3423,2022-07-25 12:00:00,255.80000000,256.50000000,253.40000000,256.20000000,68390.14800000
3424,2022-07-25 16:00:00,256.20000000,257.30000000,249.40000000,252.60000000,80722.87400000
3425,2022-07-25 20:00:00,252.60000000,255.00000000,243.80000000,244.60000000,115991.59600000
3426,2022-07-26 00:00:00,244.70000000,245.20000000,240.70000000,244.10000000,91084.72400000
3427,2022-07-26 04:00:00,244.10000000,245.20000000,242.60000000,242.90000000,44368.78600000
3428,2022-07-26 08:00:00,242.80000000,244.40000000,241.60000000,243.30000000,38793.95400000
3429,2022-07-26 12:00:00,243.30000000,244.40000000,239.60000000,240.00000000,74543.39700000
3430,2022-07-26 16:00:00,240.10000000,243.70000000,240.00000000,243.00000000,54088.42400000
3431,2022-07-26 20:00:00,243.00000000,249.60000000,241.90000000,249.40000000,62654.36200000
3432,2022-07-27 00:00:00,249.50000000,253.00000000,247.50000000,251.40000000,67288.04000000
3433,2022-07-27 04:00:00,251.40000000,255.00000000,251.30000000,252.60000000,59357.57100000
3434,2022-07-27 08:00:00,252.60000000,254.10000000,251.30000000,252.60000000,51774.42100000
3435,2022-07-27 12:00:00,252.50000000,259.90000000,251.90000000,258.60000000,107359.24300000
3436,2022-07-27 16:00:00,258.60000000,269.30000000,254.70000000,268.40000000,268792.93400000
3437,2022-07-27 20:00:00,268.40000000,272.00000000,267.20000000,271.60000000,102201.48600000
3438,2022-07-28 00:00:00,271.60000000,273.70000000,266.70000000,269.30000000,97731.28500000
3439,2022-07-28 04:00:00,269.30000000,270.00000000,267.00000000,267.70000000,61114.67600000
3440,2022-07-28 08:00:00,267.70000000,270.00000000,265.30000000,269.30000000,75731.97600000
3441,2022-07-28 12:00:00,269.40000000,278.60000000,263.60000000,276.50000000,227376.38200000
3442,2022-07-28 16:00:00,276.50000000,278.80000000,274.40000000,276.30000000,117764.27700000
3443,2022-07-28 20:00:00,276.40000000,280.80000000,275.40000000,277.20000000,90113.80400000
3444,2022-07-29 00:00:00,277.20000000,280.00000000,274.80000000,278.60000000,87799.10500000
3445,2022-07-29 04:00:00,278.60000000,282.40000000,276.60000000,277.90000000,105357.51000000
3446,2022-07-29 08:00:00,278.00000000,293.00000000,275.80000000,284.60000000,299815.34600000
3447,2022-07-29 12:00:00,284.60000000,299.00000000,281.10000000,298.60000000,279387.55200000
3448,2022-07-29 16:00:00,298.60000000,302.00000000,292.90000000,296.80000000,207395.89000000
3449,2022-07-29 20:00:00,296.80000000,299.00000000,292.50000000,293.60000000,98043.81800000
3450,2022-07-30 00:00:00,293.60000000,300.20000000,291.40000000,295.00000000,136055.33400000
3451,2022-07-30 04:00:00,295.10000000,295.10000000,288.90000000,290.80000000,88149.48900000
3452,2022-07-30 08:00:00,290.90000000,292.70000000,285.60000000,288.70000000,95019.70300000
3453,2022-07-30 12:00:00,288.80000000,299.90000000,287.50000000,299.10000000,160653.67700000
3454,2022-07-30 16:00:00,299.00000000,300.00000000,289.70000000,291.10000000,105305.12200000
3455,2022-07-30 20:00:00,291.10000000,292.20000000,285.10000000,287.80000000,97927.77800000
3456,2022-07-31 00:00:00,287.80000000,293.60000000,286.50000000,292.80000000,83576.64100000
3457,2022-07-31 04:00:00,292.90000000,295.70000000,290.30000000,291.60000000,73494.15000000
3458,2022-07-31 08:00:00,291.70000000,294.40000000,289.50000000,292.90000000,96216.62100000
3459,2022-07-31 12:00:00,292.90000000,293.70000000,288.90000000,291.10000000,66773.48300000
3460,2022-07-31 16:00:00,291.10000000,297.10000000,288.20000000,289.20000000,155156.14200000
3461,2022-07-31 20:00:00,289.20000000,289.70000000,282.10000000,283.40000000,89510.23600000
3462,2022-08-01 00:00:00,283.50000000,290.50000000,282.80000000,287.50000000,78436.85500000
3463,2022-08-01 04:00:00,287.50000000,288.60000000,283.10000000,288.00000000,66580.79500000
3464,2022-08-01 08:00:00,288.00000000,288.50000000,283.00000000,286.00000000,76156.53900000
3465,2022-08-01 12:00:00,285.90000000,289.20000000,282.20000000,286.10000000,105886.65000000
3466,2022-08-01 16:00:00,286.20000000,286.40000000,277.90000000,280.20000000,116699.18000000
3467,2022-08-01 20:00:00,280.20000000,284.50000000,279.70000000,283.20000000,50087.78500000
3468,2022-08-02 00:00:00,283.30000000,285.00000000,275.10000000,275.90000000,113722.95900000
3469,2022-08-02 04:00:00,276.00000000,279.70000000,274.20000000,279.50000000,70137.72000000
3470,2022-08-02 08:00:00,279.50000000,281.80000000,275.40000000,279.90000000,81998.65400000
3471,2022-08-02 12:00:00,279.90000000,286.20000000,276.70000000,285.00000000,142573.67400000
3472,2022-08-02 16:00:00,285.00000000,291.10000000,284.50000000,285.90000000,121024.10500000
3473,2022-08-02 20:00:00,285.90000000,287.20000000,283.10000000,283.80000000,98356.96900000
3474,2022-08-03 00:00:00,283.80000000,284.80000000,278.20000000,283.10000000,84676.51600000
3475,2022-08-03 04:00:00,283.20000000,290.00000000,282.40000000,288.00000000,84774.47700000
3476,2022-08-03 08:00:00,288.10000000,293.20000000,287.60000000,291.10000000,84635.12900000
3477,2022-08-03 12:00:00,291.10000000,299.30000000,289.40000000,298.00000000,150961.17800000
3478,2022-08-03 16:00:00,298.00000000,305.70000000,298.00000000,302.50000000,166457.21500000
3479,2022-08-03 20:00:00,302.60000000,304.10000000,295.40000000,297.50000000,114420.10500000
3480,2022-08-04 00:00:00,297.60000000,307.50000000,297.20000000,306.50000000,112907.42100000
3481,2022-08-04 04:00:00,306.60000000,308.50000000,300.10000000,303.40000000,127543.54700000
3482,2022-08-04 08:00:00,303.40000000,304.00000000,298.60000000,300.50000000,86519.40600000
3483,2022-08-04 12:00:00,300.60000000,307.80000000,299.10000000,303.00000000,199676.35500000
3484,2022-08-04 16:00:00,303.10000000,311.40000000,299.40000000,310.60000000,168536.14700000
3485,2022-08-04 20:00:00,310.60000000,313.40000000,308.20000000,311.80000000,113421.27600000
3486,2022-08-05 00:00:00,311.90000000,316.00000000,308.10000000,313.30000000,113721.18100000
3487,2022-08-05 04:00:00,313.40000000,318.30000000,312.20000000,316.90000000,80528.24800000
3488,2022-08-05 08:00:00,316.80000000,321.50000000,316.60000000,317.70000000,153465.72200000
3489,2022-08-05 12:00:00,317.70000000,319.10000000,312.30000000,313.10000000,152171.37200000
3490,2022-08-05 16:00:00,313.00000000,314.90000000,310.70000000,314.50000000,74159.11500000
3491,2022-08-05 20:00:00,314.40000000,316.90000000,312.20000000,315.90000000,67761.93500000
3492,2022-08-06 00:00:00,315.90000000,319.50000000,314.60000000,315.10000000,79670.33500000
3493,2022-08-06 04:00:00,315.20000000,316.70000000,312.60000000,315.20000000,53102.42600000
3494,2022-08-06 08:00:00,315.30000000,316.00000000,313.30000000,314.50000000,39355.96200000
3495,2022-08-06 12:00:00,314.50000000,318.30000000,313.50000000,316.00000000,56437.90400000
3496,2022-08-06 16:00:00,316.00000000,322.90000000,314.30000000,318.70000000,102733.69800000
3497,2022-08-06 20:00:00,318.70000000,320.10000000,314.20000000,315.20000000,62988.21100000
3498,2022-08-07 00:00:00,315.30000000,316.10000000,308.20000000,310.80000000,84473.25000000
3499,2022-08-07 04:00:00,310.90000000,312.50000000,310.20000000,312.30000000,30720.49100000
3500,2022-08-07 08:00:00,312.20000000,315.50000000,310.70000000,315.50000000,44739.25400000
3501,2022-08-07 12:00:00,315.40000000,324.60000000,315.30000000,322.30000000,128452.13100000
3502,2022-08-07 16:00:00,322.30000000,325.90000000,322.00000000,322.60000000,70777.57800000
3503,2022-08-07 20:00:00,322.70000000,325.50000000,321.60000000,322.80000000,55927.47900000
3504,2022-08-08 00:00:00,322.70000000,329.60000000,321.90000000,325.60000000,115701.13700000
3505,2022-08-08 04:00:00,325.60000000,329.80000000,324.90000000,328.70000000,67647.32700000
3506,2022-08-08 08:00:00,328.80000000,332.00000000,326.30000000,330.40000000,114868.99500000
3507,2022-08-08 12:00:00,330.40000000,334.00000000,324.10000000,325.20000000,129071.91900000
3508,2022-08-08 16:00:00,325.20000000,327.90000000,323.10000000,327.60000000,67265.90000000
3509,2022-08-08 20:00:00,327.60000000,329.70000000,320.80000000,324.90000000,85651.32900000
3510,2022-08-09 00:00:00,324.90000000,326.60000000,322.40000000,324.50000000,64089.13100000
3511,2022-08-09 04:00:00,324.50000000,326.60000000,323.80000000,325.60000000,51242.43900000
3512,2022-08-09 08:00:00,325.60000000,325.70000000,316.50000000,317.60000000,130247.09500000
3513,2022-08-09 12:00:00,317.60000000,319.50000000,312.40000000,316.00000000,103736.49100000
3514,2022-08-09 16:00:00,316.00000000,321.70000000,315.30000000,320.40000000,73832.30800000
3515,2022-08-09 20:00:00,320.40000000,328.30000000,320.20000000,324.40000000,77441.93100000
3516,2022-08-10 00:00:00,324.50000000,326.40000000,313.60000000,315.00000000,131683.75100000
3517,2022-08-10 04:00:00,315.10000000,323.50000000,314.10000000,321.90000000,73659.53700000
3518,2022-08-10 08:00:00,322.00000000,323.60000000,316.20000000,317.50000000,103988.78400000
3519,2022-08-10 12:00:00,317.60000000,336.80000000,315.50000000,333.30000000,344691.32300000
3520,2022-08-10 16:00:00,333.30000000,334.80000000,326.00000000,327.00000000,111100.26200000
3521,2022-08-10 20:00:00,327.00000000,330.50000000,326.00000000,328.80000000,66098.45300000
3522,2022-08-11 00:00:00,328.80000000,334.70000000,328.50000000,331.90000000,108099.83700000
3523,2022-08-11 04:00:00,331.90000000,334.00000000,328.90000000,330.60000000,73463.13300000
3524,2022-08-11 08:00:00,330.50000000,331.70000000,328.40000000,330.20000000,70041.58200000
3525,2022-08-11 12:00:00,330.20000000,334.50000000,322.90000000,325.00000000,184551.93200000
3526,2022-08-11 16:00:00,325.10000000,328.00000000,324.20000000,326.00000000,61516.55600000
3527,2022-08-11 20:00:00,326.10000000,327.50000000,322.00000000,323.60000000,51905.28800000
3528,2022-08-12 00:00:00,323.50000000,326.10000000,320.00000000,323.80000000,72909.08600000
3529,2022-08-12 04:00:00,323.80000000,324.70000000,322.30000000,323.40000000,39615.05200000
3530,2022-08-12 08:00:00,323.50000000,327.70000000,317.70000000,319.10000000,96081.54400000
3531,2022-08-12 12:00:00,319.20000000,323.90000000,318.80000000,323.40000000,72990.87600000
3532,2022-08-12 16:00:00,323.40000000,325.90000000,321.50000000,325.20000000,51096.76100000
3533,2022-08-12 20:00:00,325.30000000,328.10000000,323.10000000,327.90000000,52155.52400000
3534,2022-08-13 00:00:00,327.90000000,329.30000000,325.00000000,328.70000000,71921.24200000
3535,2022-08-13 04:00:00,328.70000000,331.30000000,327.20000000,327.60000000,77152.32000000
3536,2022-08-13 08:00:00,327.50000000,333.00000000,324.80000000,331.30000000,109442.42500000
3537,2022-08-13 12:00:00,331.30000000,331.40000000,327.60000000,328.10000000,54291.72700000
3538,2022-08-13 16:00:00,328.10000000,328.90000000,324.10000000,324.30000000,50354.85600000
3539,2022-08-13 20:00:00,324.30000000,326.90000000,322.80000000,324.30000000,41903.68200000
3540,2022-08-14 00:00:00,324.30000000,328.10000000,323.10000000,326.90000000,52854.34500000
3541,2022-08-14 04:00:00,326.90000000,331.00000000,326.10000000,329.70000000,63587.39200000
3542,2022-08-14 08:00:00,329.60000000,330.00000000,326.40000000,327.40000000,42250.03100000
3543,2022-08-14 12:00:00,327.40000000,327.50000000,320.20000000,322.80000000,90833.01100000
3544,2022-08-14 16:00:00,322.80000000,323.10000000,315.80000000,319.20000000,84658.57500000
3545,2022-08-14 20:00:00,319.30000000,320.70000000,316.50000000,317.60000000,44170.56400000
3546,2022-08-15 00:00:00,317.60000000,327.40000000,315.40000000,323.90000000,108254.21000000
3547,2022-08-15 04:00:00,323.90000000,324.80000000,315.50000000,316.70000000,102319.90800000
3548,2022-08-15 08:00:00,316.60000000,318.60000000,313.60000000,316.00000000,71010.00600000
3549,2022-08-15 12:00:00,316.10000000,319.90000000,314.00000000,319.60000000,73653.89900000
3550,2022-08-15 16:00:00,319.60000000,320.60000000,316.80000000,317.30000000,50095.56800000
3551,2022-08-15 20:00:00,317.30000000,320.30000000,315.70000000,319.50000000,50582.68700000
3552,2022-08-16 00:00:00,319.40000000,322.40000000,314.60000000,318.30000000,81294.78600000
3553,2022-08-16 04:00:00,318.40000000,319.00000000,315.10000000,317.70000000,51835.27800000
3554,2022-08-16 08:00:00,317.80000000,319.00000000,316.50000000,317.30000000,63164.37400000
3555,2022-08-16 12:00:00,317.40000000,317.80000000,313.20000000,315.80000000,73491.94400000
3556,2022-08-16 16:00:00,315.80000000,316.50000000,312.00000000,315.50000000,62845.41800000
3557,2022-08-16 20:00:00,315.50000000,317.90000000,315.20000000,316.10000000,38344.11900000
3558,2022-08-17 00:00:00,316.00000000,318.50000000,315.50000000,317.70000000,56498.15600000
3559,2022-08-17 04:00:00,317.80000000,324.00000000,315.40000000,315.90000000,122399.25900000
3560,2022-08-17 08:00:00,315.90000000,317.30000000,312.20000000,313.50000000,73812.68400000
3561,2022-08-17 12:00:00,313.60000000,313.60000000,305.30000000,307.20000000,124735.66600000
3562,2022-08-17 16:00:00,307.20000000,311.70000000,306.10000000,307.90000000,68497.45500000
3563,2022-08-17 20:00:00,307.90000000,309.90000000,304.20000000,306.90000000,58293.51200000
3564,2022-08-18 00:00:00,306.80000000,307.60000000,301.40000000,306.40000000,85138.79300000
3565,2022-08-18 04:00:00,306.50000000,307.90000000,305.50000000,307.70000000,30789.36700000
3566,2022-08-18 08:00:00,307.80000000,309.80000000,305.60000000,309.00000000,53547.08900000
3567,2022-08-18 12:00:00,309.00000000,311.00000000,302.00000000,305.40000000,100499.38200000
3568,2022-08-18 16:00:00,305.50000000,306.00000000,301.60000000,303.50000000,58172.38000000
3569,2022-08-18 20:00:00,303.60000000,304.80000000,295.80000000,298.10000000,80904.87500000
3570,2022-08-19 00:00:00,298.10000000,298.20000000,290.20000000,291.70000000,150426.65400000
3571,2022-08-19 04:00:00,291.80000000,292.50000000,276.20000000,282.70000000,186778.05600000
3572,2022-08-19 08:00:00,282.70000000,285.60000000,278.40000000,282.10000000,151608.38500000
3573,2022-08-19 12:00:00,282.10000000,284.80000000,279.20000000,283.90000000,110561.29200000
3574,2022-08-19 16:00:00,284.00000000,288.10000000,283.60000000,286.30000000,115231.91000000
3575,2022-08-19 20:00:00,286.40000000,287.30000000,277.60000000,279.10000000,155690.21400000
3576,2022-08-20 00:00:00,279.00000000,287.00000000,278.80000000,285.90000000,115310.32600000
3577,2022-08-20 04:00:00,286.00000000,289.40000000,284.10000000,287.70000000,106605.21500000
3578,2022-08-20 08:00:00,287.70000000,288.50000000,285.60000000,287.10000000,56508.99900000
3579,2022-08-20 12:00:00,287.10000000,288.00000000,285.30000000,286.90000000,51556.66900000
3580,2022-08-20 16:00:00,286.90000000,287.70000000,278.50000000,279.50000000,95827.58500000
3581,2022-08-20 20:00:00,279.50000000,284.70000000,277.00000000,283.70000000,87212.31200000
3582,2022-08-21 00:00:00,283.80000000,288.30000000,283.40000000,286.80000000,68985.03100000
3583,2022-08-21 04:00:00,286.90000000,296.80000000,286.20000000,296.60000000,98160.31500000
3584,2022-08-21 08:00:00,296.60000000,300.30000000,293.90000000,296.10000000,121590.57100000
3585,2022-08-21 12:00:00,296.10000000,299.30000000,294.60000000,298.50000000,68281.93700000
3586,2022-08-21 16:00:00,298.60000000,300.00000000,296.60000000,299.10000000,56965.81100000
3587,2022-08-21 20:00:00,299.10000000,304.20000000,296.70000000,301.90000000,114172.54400000
3588,2022-08-22 00:00:00,301.90000000,304.90000000,295.00000000,296.70000000,106675.26900000
3589,2022-08-22 04:00:00,296.80000000,298.80000000,291.20000000,291.50000000,86649.20000000
3590,2022-08-22 08:00:00,291.60000000,297.40000000,288.80000000,296.00000000,136797.56900000
3591,2022-08-22 12:00:00,296.00000000,299.50000000,292.60000000,298.80000000,152899.92000000
3592,2022-08-22 16:00:00,298.80000000,300.00000000,293.10000000,296.10000000,80042.81600000
3593,2022-08-22 20:00:00,296.10000000,301.70000000,296.00000000,300.00000000,75831.21100000
3594,2022-08-23 00:00:00,300.00000000,301.70000000,295.30000000,298.70000000,67159.99000000
3595,2022-08-23 04:00:00,298.80000000,299.80000000,293.80000000,298.80000000,69379.09100000
3596,2022-08-23 08:00:00,298.80000000,300.80000000,296.00000000,298.60000000,81547.64900000
3597,2022-08-23 12:00:00,298.70000000,300.40000000,295.80000000,298.20000000,88532.02700000
3598,2022-08-23 16:00:00,298.20000000,299.30000000,296.00000000,298.30000000,51217.31200000
3599,2022-08-23 20:00:00,298.40000000,301.20000000,297.20000000,299.30000000,45538.88300000
3600,2022-08-24 00:00:00,299.30000000,300.10000000,294.30000000,297.50000000,67425.54500000
3601,2022-08-24 04:00:00,297.60000000,299.60000000,294.50000000,295.30000000,52757.84300000
3602,2022-08-24 08:00:00,295.30000000,297.50000000,294.40000000,297.10000000,48228.61500000
3603,2022-08-24 12:00:00,297.10000000,298.90000000,295.20000000,298.00000000,60967.58700000
3604,2022-08-24 16:00:00,298.00000000,300.50000000,297.80000000,298.70000000,59489.36800000
3605,2022-08-24 20:00:00,298.70000000,300.20000000,295.70000000,296.40000000,55257.30700000
3606,2022-08-25 00:00:00,296.40000000,299.10000000,296.00000000,296.30000000,42957.02500000
3607,2022-08-25 04:00:00,296.20000000,307.50000000,296.00000000,305.00000000,110526.32900000
3608,2022-08-25 08:00:00,305.10000000,305.80000000,301.20000000,304.10000000,76285.99100000
3609,2022-08-25 12:00:00,304.20000000,305.50000000,299.00000000,301.50000000,83327.54700000
3610,2022-08-25 16:00:00,301.40000000,302.60000000,299.70000000,302.40000000,46046.11900000
3611,2022-08-25 20:00:00,302.40000000,303.90000000,300.40000000,301.20000000,39474.04900000
3612,2022-08-26 00:00:00,301.20000000,301.60000000,297.70000000,299.40000000,52873.94700000
3613,2022-08-26 04:00:00,299.40000000,300.00000000,294.70000000,296.50000000,65084.64400000
3614,2022-08-26 08:00:00,296.40000000,296.80000000,291.30000000,293.80000000,61025.10700000
3615,2022-08-26 12:00:00,293.80000000,302.30000000,286.90000000,288.10000000,227799.72100000
3616,2022-08-26 16:00:00,288.10000000,288.50000000,282.80000000,285.30000000,101727.43000000
3617,2022-08-26 20:00:00,285.30000000,286.50000000,277.20000000,279.60000000,86259.50600000
3618,2022-08-27 00:00:00,279.60000000,281.90000000,278.40000000,280.80000000,64517.37600000
3619,2022-08-27 04:00:00,280.90000000,282.90000000,276.00000000,282.70000000,67744.70000000
3620,2022-08-27 08:00:00,282.60000000,284.80000000,280.20000000,282.90000000,60784.68900000
3621,2022-08-27 12:00:00,282.90000000,284.30000000,278.10000000,280.40000000,72707.31000000
3622,2022-08-27 16:00:00,280.40000000,280.90000000,276.00000000,277.90000000,86086.89800000
3623,2022-08-27 20:00:00,278.00000000,278.70000000,273.30000000,277.90000000,60891.74300000
3624,2022-08-28 00:00:00,277.90000000,279.90000000,275.90000000,277.30000000,46361.38300000
3625,2022-08-28 04:00:00,277.30000000,280.70000000,276.20000000,279.70000000,48651.44900000
3626,2022-08-28 08:00:00,279.80000000,281.00000000,277.80000000,279.70000000,39656.40500000
3627,2022-08-28 12:00:00,279.70000000,281.50000000,276.80000000,281.30000000,51959.87100000
3628,2022-08-28 16:00:00,281.30000000,284.10000000,280.20000000,281.60000000,49085.78200000
3629,2022-08-28 20:00:00,281.50000000,283.00000000,275.60000000,276.50000000,77104.13600000
3630,2022-08-29 00:00:00,276.50000000,280.30000000,274.40000000,278.70000000,79108.72400000
3631,2022-08-29 04:00:00,278.70000000,280.30000000,276.90000000,277.90000000,49563.80400000
3632,2022-08-29 08:00:00,277.90000000,278.00000000,272.30000000,273.50000000,82423.92000000
3633,2022-08-29 12:00:00,273.50000000,284.90000000,273.00000000,284.40000000,146931.96900000
3634,2022-08-29 16:00:00,284.50000000,286.40000000,280.00000000,281.00000000,79260.67700000
3635,2022-08-29 20:00:00,281.10000000,286.70000000,281.00000000,285.90000000,44401.73800000
3636,2022-08-30 00:00:00,285.90000000,288.70000000,284.70000000,287.20000000,53558.74100000
3637,2022-08-30 04:00:00,287.30000000,291.30000000,287.00000000,290.70000000,69029.95700000
3638,2022-08-30 08:00:00,290.70000000,292.00000000,288.50000000,289.70000000,46466.09300000
3639,2022-08-30 12:00:00,289.70000000,290.30000000,279.90000000,281.60000000,120524.89300000
3640,2022-08-30 16:00:00,281.60000000,284.70000000,276.10000000,282.40000000,100570.10500000
3641,2022-08-30 20:00:00,282.40000000,284.30000000,280.70000000,281.60000000,46615.97600000
3642,2022-08-31 00:00:00,281.70000000,289.60000000,281.40000000,288.70000000,75774.25200000
3643,2022-08-31 04:00:00,288.80000000,290.00000000,286.10000000,286.20000000,55788.02800000
3644,2022-08-31 08:00:00,286.20000000,289.00000000,283.90000000,286.50000000,63556.36300000
3645,2022-08-31 12:00:00,286.40000000,288.00000000,280.50000000,282.50000000,82596.20000000
3646,2022-08-31 16:00:00,282.50000000,283.50000000,278.60000000,282.30000000,69589.37600000
3647,2022-08-31 20:00:00,282.30000000,283.10000000,277.70000000,279.20000000,41605.32600000
3648,2022-09-01 00:00:00,279.30000000,280.30000000,275.40000000,277.60000000,64118.40000000
3649,2022-09-01 04:00:00,277.50000000,279.60000000,274.70000000,275.40000000,55082.61700000
3650,2022-09-01 08:00:00,275.40000000,279.20000000,274.50000000,278.40000000,60897.46700000
3651,2022-09-01 12:00:00,278.30000000,278.80000000,270.70000000,272.40000000,130640.27100000
3652,2022-09-01 16:00:00,272.50000000,277.00000000,271.20000000,275.90000000,64833.74900000
3653,2022-09-01 20:00:00,275.80000000,278.80000000,275.60000000,278.30000000,39620.70800000
3654,2022-09-02 00:00:00,278.30000000,281.20000000,275.20000000,279.00000000,50928.82400000
3655,2022-09-02 04:00:00,279.10000000,280.60000000,277.00000000,278.90000000,31795.68800000
3656,2022-09-02 08:00:00,278.90000000,280.00000000,277.30000000,279.00000000,39947.12700000
3657,2022-09-02 12:00:00,279.00000000,283.40000000,278.20000000,282.10000000,94444.51900000
3658,2022-09-02 16:00:00,282.20000000,283.00000000,273.90000000,275.30000000,66723.78500000
3659,2022-09-02 20:00:00,275.40000000,278.00000000,273.70000000,277.50000000,37570.00500000
3660,2022-09-03 00:00:00,277.40000000,278.80000000,275.70000000,276.50000000,29787.60100000
3661,2022-09-03 04:00:00,276.50000000,277.60000000,274.20000000,275.60000000,25186.66600000
3662,2022-09-03 08:00:00,275.60000000,276.80000000,275.10000000,276.10000000,27277.53500000
3663,2022-09-03 12:00:00,276.10000000,277.60000000,275.80000000,276.30000000,27932.27600000
3664,2022-09-03 16:00:00,276.20000000,278.00000000,275.50000000,276.60000000,22803.75900000
3665,2022-09-03 20:00:00,276.60000000,278.00000000,276.40000000,277.80000000,15517.04600000
3666,2022-09-04 00:00:00,277.80000000,280.60000000,276.90000000,277.60000000,33764.39000000
3667,2022-09-04 04:00:00,277.60000000,279.30000000,275.80000000,275.90000000,20174.24700000
3668,2022-09-04 08:00:00,275.90000000,279.10000000,275.00000000,279.10000000,33173.83800000
3669,2022-09-04 12:00:00,279.10000000,280.60000000,276.50000000,278.00000000,42496.38000000
3670,2022-09-04 16:00:00,277.90000000,279.70000000,277.20000000,277.60000000,36522.20400000
3671,2022-09-04 20:00:00,277.70000000,279.10000000,277.10000000,279.10000000,27309.74900000
3672,2022-09-05 00:00:00,279.10000000,282.00000000,277.50000000,278.60000000,43238.82900000
3673,2022-09-05 04:00:00,278.60000000,279.10000000,273.80000000,275.30000000,52376.11200000
3674,2022-09-05 08:00:00,275.20000000,275.90000000,273.40000000,274.80000000,38574.81900000
3675,2022-09-05 12:00:00,274.70000000,277.50000000,273.90000000,276.70000000,52871.08400000
3676,2022-09-05 16:00:00,276.80000000,277.20000000,273.50000000,274.20000000,41490.30500000
3677,2022-09-05 20:00:00,274.20000000,277.50000000,274.20000000,276.90000000,30407.00000000
3678,2022-09-06 00:00:00,276.90000000,286.30000000,276.50000000,279.60000000,146417.71600000
3679,2022-09-06 04:00:00,279.60000000,282.70000000,279.50000000,280.60000000,66688.59900000
3680,2022-09-06 08:00:00,280.60000000,283.80000000,279.30000000,281.60000000,56742.15700000
3681,2022-09-06 12:00:00,281.60000000,282.80000000,277.30000000,281.30000000,79550.10300000
3682,2022-09-06 16:00:00,281.40000000,281.50000000,264.30000000,265.80000000,212444.19800000
3683,2022-09-06 20:00:00,265.90000000,267.50000000,261.00000000,262.50000000,79079.75800000
3684,2022-09-07 00:00:00,262.50000000,264.30000000,258.60000000,263.00000000,97353.67700000
3685,2022-09-07 04:00:00,263.00000000,265.00000000,262.20000000,264.30000000,43060.15900000
3686,2022-09-07 08:00:00,264.20000000,265.60000000,262.70000000,263.50000000,43807.55500000
3687,2022-09-07 12:00:00,263.60000000,268.00000000,262.10000000,267.10000000,69923.49100000
3688,2022-09-07 16:00:00,267.10000000,271.30000000,266.80000000,270.60000000,55123.47300000
3689,2022-09-07 20:00:00,270.60000000,280.40000000,270.50000000,278.90000000,122558.86300000
3690,2022-09-08 00:00:00,279.00000000,280.90000000,277.90000000,279.40000000,54267.59100000
3691,2022-09-08 04:00:00,279.50000000,280.30000000,275.60000000,276.70000000,56598.67100000
3692,2022-09-08 08:00:00,276.80000000,279.90000000,276.40000000,278.60000000,47518.07600000
3693,2022-09-08 12:00:00,278.60000000,282.90000000,275.40000000,279.90000000,130026.91900000
3694,2022-09-08 16:00:00,280.00000000,281.30000000,277.50000000,281.20000000,54550.93300000
3695,2022-09-08 20:00:00,281.30000000,282.00000000,279.60000000,280.50000000,42597.55900000
3696,2022-09-09 00:00:00,280.60000000,287.00000000,280.00000000,285.60000000,72372.95400000
3697,2022-09-09 04:00:00,285.60000000,291.40000000,285.20000000,290.90000000,135831.29900000
3698,2022-09-09 08:00:00,291.00000000,294.30000000,288.30000000,291.80000000,97595.20400000
3699,2022-09-09 12:00:00,291.90000000,295.90000000,289.90000000,292.30000000,101596.99900000
3700,2022-09-09 16:00:00,292.40000000,293.20000000,289.50000000,291.70000000,65006.75600000
3701,2022-09-09 20:00:00,291.70000000,295.20000000,289.30000000,293.40000000,69466.19700000
3702,2022-09-10 00:00:00,293.40000000,295.00000000,291.20000000,293.60000000,52774.91100000
3703,2022-09-10 04:00:00,293.60000000,297.20000000,292.00000000,292.50000000,69345.40800000
3704,2022-09-10 08:00:00,292.50000000,295.60000000,292.20000000,294.00000000,41404.41600000
3705,2022-09-10 12:00:00,293.90000000,295.40000000,290.30000000,293.10000000,49577.84800000
3706,2022-09-10 16:00:00,293.10000000,295.00000000,292.00000000,294.80000000,38785.55100000
3707,2022-09-10 20:00:00,294.90000000,298.60000000,292.60000000,296.70000000,76444.40800000
3708,2022-09-11 00:00:00,296.70000000,298.10000000,293.30000000,294.40000000,48807.14100000
3709,2022-09-11 04:00:00,294.40000000,295.40000000,291.70000000,295.30000000,39769.29500000
3710,2022-09-11 08:00:00,295.30000000,296.80000000,294.60000000,296.30000000,29885.51100000
3711,2022-09-11 12:00:00,296.30000000,296.80000000,292.60000000,294.50000000,37268.28200000
3712,2022-09-11 16:00:00,294.50000000,296.60000000,293.50000000,294.80000000,42854.76800000
3713,2022-09-11 20:00:00,294.80000000,295.50000000,289.70000000,295.30000000,62508.94800000
3714,2022-09-12 00:00:00,295.30000000,298.20000000,290.80000000,293.00000000,87180.65000000
3715,2022-09-12 04:00:00,293.00000000,296.40000000,292.40000000,296.20000000,49800.73700000
3716,2022-09-12 08:00:00,296.20000000,300.00000000,295.60000000,298.90000000,76317.85500000
3717,2022-09-12 12:00:00,298.90000000,299.50000000,292.80000000,293.40000000,76770.10200000
3718,2022-09-12 16:00:00,293.50000000,294.90000000,291.30000000,294.50000000,74112.59200000
3719,2022-09-12 20:00:00,294.50000000,294.60000000,291.40000000,294.10000000,44504.23200000
3720,2022-09-13 00:00:00,294.10000000,294.10000000,288.50000000,293.10000000,76674.67100000
3721,2022-09-13 04:00:00,293.10000000,294.90000000,291.90000000,293.70000000,47201.96200000
3722,2022-09-13 08:00:00,293.80000000,297.00000000,292.30000000,295.40000000,47972.11000000
3723,2022-09-13 12:00:00,295.40000000,298.60000000,281.00000000,283.10000000,260894.34800000
3724,2022-09-13 16:00:00,283.10000000,284.60000000,278.20000000,279.70000000,75666.86300000
3725,2022-09-13 20:00:00,279.80000000,281.00000000,275.40000000,277.40000000,69912.37600000
3726,2022-09-14 00:00:00,277.50000000,280.70000000,276.00000000,280.00000000,63487.32500000
3727,2022-09-14 04:00:00,280.10000000,282.00000000,277.10000000,279.10000000,60745.15000000
3728,2022-09-14 08:00:00,279.10000000,280.70000000,277.20000000,279.60000000,66868.60000000
3729,2022-09-14 12:00:00,279.60000000,282.80000000,277.50000000,279.50000000,99115.86700000
3730,2022-09-14 16:00:00,279.50000000,279.70000000,273.30000000,277.50000000,81725.00000000
3731,2022-09-14 20:00:00,277.50000000,280.40000000,276.80000000,279.30000000,53033.04300000
3732,2022-09-15 00:00:00,279.40000000,280.50000000,273.40000000,276.20000000,80554.16500000
3733,2022-09-15 04:00:00,276.20000000,278.70000000,271.20000000,277.10000000,161442.57000000
3734,2022-09-15 08:00:00,277.10000000,277.10000000,273.00000000,275.60000000,57381.57700000
3735,2022-09-15 12:00:00,275.60000000,277.20000000,266.30000000,269.80000000,130502.68900000
3736,2022-09-15 16:00:00,269.80000000,272.70000000,269.20000000,271.60000000,54163.44000000
3737,2022-09-15 20:00:00,271.70000000,272.70000000,268.60000000,271.10000000,36590.82000000
3738,2022-09-16 00:00:00,271.10000000,274.00000000,268.50000000,273.20000000,55579.79800000
3739,2022-09-16 04:00:00,273.10000000,275.60000000,272.30000000,273.40000000,33499.40800000
3740,2022-09-16 08:00:00,273.40000000,276.60000000,271.80000000,276.30000000,62279.61600000
3741,2022-09-16 12:00:00,276.20000000,276.40000000,271.30000000,275.10000000,74383.94000000
3742,2022-09-16 16:00:00,275.10000000,275.10000000,270.90000000,273.20000000,58202.35100000
3743,2022-09-16 20:00:00,273.10000000,274.90000000,272.80000000,274.90000000,27792.70500000
3744,2022-09-17 00:00:00,274.90000000,278.40000000,274.70000000,276.30000000,40254.82300000
3745,2022-09-17 04:00:00,276.30000000,278.00000000,275.50000000,276.50000000,27519.13500000
3746,2022-09-17 08:00:00,276.50000000,277.50000000,275.90000000,276.90000000,21409.56000000
3747,2022-09-17 12:00:00,276.80000000,278.20000000,275.50000000,277.50000000,42886.23500000
3748,2022-09-17 16:00:00,277.60000000,279.90000000,277.40000000,278.70000000,37862.61800000
3749,2022-09-17 20:00:00,278.70000000,279.70000000,277.60000000,279.10000000,19775.58000000
3750,2022-09-18 00:00:00,279.10000000,279.20000000,276.50000000,277.40000000,26057.65300000
3751,2022-09-18 04:00:00,277.40000000,278.70000000,277.10000000,278.10000000,18167.27400000
3752,2022-09-18 08:00:00,278.20000000,278.70000000,274.10000000,276.60000000,46104.58500000
3753,2022-09-18 12:00:00,276.50000000,280.30000000,274.50000000,275.30000000,67542.87900000
3754,2022-09-18 16:00:00,275.30000000,275.80000000,271.30000000,272.80000000,73995.10500000
3755,2022-09-18 20:00:00,272.90000000,273.00000000,263.10000000,266.20000000,96016.41200000
3756,2022-09-19 00:00:00,266.30000000,269.70000000,260.80000000,261.80000000,103253.04600000
3757,2022-09-19 04:00:00,261.90000000,263.20000000,256.70000000,259.60000000,97852.09100000
3758,2022-09-19 08:00:00,259.60000000,262.70000000,257.50000000,262.00000000,67928.09400000
3759,2022-09-19 12:00:00,262.00000000,270.40000000,261.90000000,266.10000000,116165.39000000
3760,2022-09-19 16:00:00,266.00000000,269.70000000,264.30000000,268.90000000,63398.90800000
3761,2022-09-19 20:00:00,269.00000000,273.00000000,268.30000000,271.90000000,59431.66100000
3762,2022-09-20 00:00:00,272.00000000,273.70000000,267.30000000,269.40000000,53835.04400000
3763,2022-09-20 04:00:00,269.50000000,272.90000000,268.90000000,270.20000000,51554.05500000
3764,2022-09-20 08:00:00,270.30000000,271.00000000,268.10000000,270.20000000,48712.44600000
3765,2022-09-20 12:00:00,270.30000000,270.80000000,265.90000000,270.30000000,84957.86700000
3766,2022-09-20 16:00:00,270.20000000,271.40000000,265.20000000,268.40000000,59703.22500000
3767,2022-09-20 20:00:00,268.50000000,269.00000000,265.30000000,266.30000000,36692.81700000
3768,2022-09-21 00:00:00,266.30000000,268.20000000,265.50000000,267.20000000,27850.36300000
3769,2022-09-21 04:00:00,267.30000000,268.50000000,264.10000000,265.90000000,38396.44800000
3770,2022-09-21 08:00:00,266.00000000,269.90000000,264.20000000,269.40000000,50155.59300000
3771,2022-09-21 12:00:00,269.40000000,270.80000000,266.30000000,267.30000000,62195.30400000
3772,2022-09-21 16:00:00,267.20000000,276.40000000,262.80000000,268.90000000,246766.24600000
3773,2022-09-21 20:00:00,269.00000000,269.70000000,260.30000000,264.00000000,110411.86700000
3774,2022-09-22 00:00:00,264.00000000,266.10000000,263.50000000,265.20000000,44227.64700000
3775,2022-09-22 04:00:00,265.20000000,266.90000000,264.50000000,266.90000000,39070.68700000
3776,2022-09-22 08:00:00,266.80000000,270.40000000,266.30000000,270.20000000,61288.75100000
3777,2022-09-22 12:00:00,270.20000000,271.20000000,266.70000000,268.40000000,72716.41400000
3778,2022-09-22 16:00:00,268.40000000,275.60000000,266.80000000,274.30000000,71342.46000000
3779,2022-09-22 20:00:00,274.40000000,276.70000000,273.30000000,275.30000000,50744.86200000
3780,2022-09-23 00:00:00,275.40000000,275.90000000,272.70000000,274.70000000,46771.58300000
3781,2022-09-23 04:00:00,274.80000000,277.90000000,273.80000000,274.80000000,60756.94100000
3782,2022-09-23 08:00:00,274.80000000,275.80000000,272.20000000,272.80000000,70649.91500000
3783,2022-09-23 12:00:00,272.90000000,274.40000000,269.10000000,271.30000000,73415.26200000
3784,2022-09-23 16:00:00,271.20000000,272.80000000,268.30000000,271.70000000,62800.33600000
3785,2022-09-23 20:00:00,271.70000000,277.10000000,271.60000000,276.70000000,48996.76800000
3786,2022-09-24 00:00:00,276.70000000,279.60000000,275.40000000,278.90000000,49801.45700000
3787,2022-09-24 04:00:00,278.80000000,285.00000000,278.80000000,280.70000000,91662.10000000
3788,2022-09-24 08:00:00,280.70000000,283.20000000,279.40000000,280.20000000,41810.89700000
3789,2022-09-24 12:00:00,280.30000000,282.90000000,279.20000000,279.70000000,57333.44700000
3790,2022-09-24 16:00:00,279.70000000,280.00000000,275.80000000,278.30000000,45009.28700000
3791,2022-09-24 20:00:00,278.20000000,278.30000000,274.20000000,274.40000000,39371.24400000
3792,2022-09-25 00:00:00,274.40000000,276.40000000,273.10000000,276.40000000,31726.49000000
3793,2022-09-25 04:00:00,276.40000000,278.10000000,274.40000000,277.90000000,22622.62400000
3794,2022-09-25 08:00:00,278.00000000,280.00000000,276.30000000,278.20000000,38174.89500000
3795,2022-09-25 12:00:00,278.30000000,279.30000000,274.00000000,275.30000000,44673.76700000
3796,2022-09-25 16:00:00,275.40000000,276.40000000,272.20000000,275.00000000,43440.24800000
3797,2022-09-25 20:00:00,275.00000000,275.00000000,270.90000000,274.30000000,40257.57400000
3798,2022-09-26 00:00:00,274.30000000,276.70000000,272.40000000,273.00000000,50961.63600000
3799,2022-09-26 04:00:00,272.90000000,274.40000000,270.80000000,273.30000000,40919.31100000
3800,2022-09-26 08:00:00,273.40000000,276.90000000,271.30000000,272.40000000,68867.74100000
3801,2022-09-26 12:00:00,272.50000000,275.90000000,271.80000000,274.50000000,53120.53300000
3802,2022-09-26 16:00:00,274.50000000,275.90000000,272.20000000,274.90000000,34405.44500000
3803,2022-09-26 20:00:00,274.80000000,276.30000000,273.80000000,276.10000000,19644.99900000
3804,2022-09-27 00:00:00,276.10000000,284.00000000,275.90000000,283.50000000,83625.60600000
3805,2022-09-27 04:00:00,283.50000000,286.60000000,282.60000000,285.10000000,63253.33600000
3806,2022-09-27 08:00:00,285.20000000,285.80000000,283.40000000,283.60000000,48139.31500000
3807,2022-09-27 12:00:00,283.60000000,284.70000000,280.70000000,280.90000000,56367.08500000
3808,2022-09-27 16:00:00,280.90000000,281.40000000,269.20000000,271.70000000,125308.30200000
3809,2022-09-27 20:00:00,271.70000000,273.10000000,270.70000000,272.30000000,30056.19100000
3810,2022-09-28 00:00:00,272.30000000,273.80000000,266.30000000,270.20000000,75609.44900000
3811,2022-09-28 04:00:00,270.10000000,271.00000000,267.70000000,270.50000000,34228.88700000
3812,2022-09-28 08:00:00,270.50000000,273.90000000,268.10000000,272.60000000,54118.72000000
3813,2022-09-28 12:00:00,272.70000000,278.70000000,272.10000000,278.40000000,78336.12300000
3814,2022-09-28 16:00:00,278.40000000,280.90000000,277.40000000,280.10000000,63068.34600000
3815,2022-09-28 20:00:00,280.20000000,283.70000000,280.10000000,281.60000000,52619.87200000
3816,2022-09-29 00:00:00,281.60000000,284.30000000,281.00000000,283.70000000,42961.41200000
3817,2022-09-29 04:00:00,283.80000000,285.60000000,279.90000000,281.00000000,60851.93000000
3818,2022-09-29 08:00:00,281.10000000,282.60000000,279.20000000,280.90000000,42037.93500000
3819,2022-09-29 12:00:00,280.90000000,283.00000000,277.10000000,281.60000000,78232.57000000
3820,2022-09-29 16:00:00,281.60000000,284.20000000,280.30000000,282.70000000,42918.37600000
3821,2022-09-29 20:00:00,282.70000000,284.10000000,281.70000000,284.10000000,34165.12100000
3822,2022-09-30 00:00:00,284.20000000,285.50000000,282.60000000,284.40000000,40892.15200000
3823,2022-09-30 04:00:00,284.40000000,287.90000000,283.30000000,286.70000000,54053.44500000
3824,2022-09-30 08:00:00,286.80000000,288.10000000,282.00000000,283.30000000,62360.71900000
3825,2022-09-30 12:00:00,283.40000000,289.80000000,282.00000000,286.70000000,133007.22100000
3826,2022-09-30 16:00:00,286.80000000,288.40000000,283.70000000,283.90000000,51990.44100000
3827,2022-09-30 20:00:00,283.90000000,284.90000000,280.50000000,284.80000000,49677.60900000
3828,2022-10-01 00:00:00,284.90000000,285.40000000,282.90000000,283.50000000,27756.29900000
3829,2022-10-01 04:00:00,283.60000000,283.60000000,281.90000000,282.50000000,18183.65300000
3830,2022-10-01 08:00:00,282.60000000,283.90000000,282.10000000,283.10000000,25039.33800000
3831,2022-10-01 12:00:00,283.10000000,283.50000000,281.30000000,281.50000000,30836.70200000
3832,2022-10-01 16:00:00,281.50000000,284.60000000,277.70000000,281.80000000,62350.03600000
3833,2022-10-01 20:00:00,281.90000000,283.60000000,280.70000000,282.90000000,32588.46900000
3834,2022-10-02 00:00:00,282.90000000,283.40000000,281.90000000,282.50000000,22610.16200000
3835,2022-10-02 04:00:00,282.50000000,282.90000000,280.90000000,281.50000000,22898.98800000
3836,2022-10-02 08:00:00,281.50000000,283.70000000,279.40000000,282.90000000,45785.66800000
3837,2022-10-02 12:00:00,283.00000000,283.50000000,281.50000000,282.50000000,24717.17600000
3838,2022-10-02 16:00:00,282.50000000,287.20000000,282.20000000,286.60000000,38760.15900000
3839,2022-10-02 20:00:00,286.60000000,287.90000000,283.00000000,284.70000000,45918.09800000
3840,2022-10-03 00:00:00,284.70000000,287.50000000,283.10000000,285.30000000,41240.75300000
3841,2022-10-03 04:00:00,285.30000000,287.40000000,283.90000000,285.40000000,31944.39700000
3842,2022-10-03 08:00:00,285.50000000,286.40000000,284.40000000,286.40000000,63143.61000000
3843,2022-10-03 12:00:00,286.40000000,288.50000000,285.20000000,286.40000000,64533.47400000
3844,2022-10-03 16:00:00,286.40000000,289.10000000,285.70000000,286.00000000,44602.07800000
3845,2022-10-03 20:00:00,286.00000000,287.70000000,285.40000000,286.90000000,30510.57100000
3846,2022-10-04 00:00:00,287.00000000,287.90000000,286.30000000,287.60000000,22948.42700000
3847,2022-10-04 04:00:00,287.60000000,291.30000000,286.30000000,290.90000000,48700.08300000
3848,2022-10-04 08:00:00,290.90000000,292.80000000,289.40000000,291.90000000,72802.74300000
3849,2022-10-04 12:00:00,292.00000000,297.30000000,291.40000000,294.10000000,68623.49500000
3850,2022-10-04 16:00:00,294.10000000,297.00000000,292.60000000,296.60000000,39864.67300000
3851,2022-10-04 20:00:00,296.60000000,298.20000000,294.50000000,296.20000000,68901.74400000
3852,2022-10-05 00:00:00,296.30000000,296.40000000,294.20000000,294.80000000,27170.51500000
3853,2022-10-05 04:00:00,294.70000000,295.90000000,293.80000000,294.10000000,25201.57900000
3854,2022-10-05 08:00:00,294.10000000,294.30000000,290.80000000,291.90000000,58960.50200000
3855,2022-10-05 12:00:00,292.00000000,293.30000000,289.20000000,292.70000000,57654.71900000
3856,2022-10-05 16:00:00,292.70000000,295.00000000,292.60000000,293.20000000,35293.40800000
3857,2022-10-05 20:00:00,293.20000000,294.40000000,292.10000000,294.20000000,16737.96200000
3858,2022-10-06 00:00:00,294.20000000,298.10000000,293.90000000,296.30000000,49197.78600000
3859,2022-10-06 04:00:00,296.30000000,296.80000000,293.80000000,295.60000000,29948.70400000
3860,2022-10-06 08:00:00,295.50000000,296.10000000,293.60000000,295.10000000,29759.76500000
3861,2022-10-06 12:00:00,295.10000000,295.70000000,291.90000000,293.70000000,63344.48800000
3862,2022-10-06 16:00:00,293.70000000,295.00000000,292.40000000,292.90000000,27151.19600000
3863,2022-10-06 20:00:00,292.90000000,293.10000000,278.60000000,287.00000000,250634.89400000
3864,2022-10-07 00:00:00,286.90000000,287.00000000,283.50000000,284.20000000,59003.27100000
3865,2022-10-07 04:00:00,284.20000000,285.80000000,282.40000000,284.70000000,40678.33500000
3866,2022-10-07 08:00:00,284.80000000,286.10000000,283.20000000,284.10000000,63144.63900000
3867,2022-10-07 12:00:00,284.20000000,285.10000000,279.10000000,282.70000000,122031.33500000
3868,2022-10-07 16:00:00,282.70000000,283.10000000,280.30000000,282.80000000,44443.38300000
3869,2022-10-07 20:00:00,282.80000000,283.60000000,282.00000000,282.30000000,25184.99800000
3870,2022-10-08 00:00:00,282.20000000,282.70000000,280.60000000,280.90000000,28008.99100000
3871,2022-10-08 04:00:00,281.00000000,282.00000000,280.60000000,281.30000000,22049.89300000
3872,2022-10-08 08:00:00,281.30000000,281.60000000,280.40000000,281.60000000,17515.67100000
3873,2022-10-08 12:00:00,281.60000000,281.60000000,280.10000000,280.70000000,26138.25000000
3874,2022-10-08 16:00:00,280.80000000,282.30000000,280.40000000,280.60000000,19712.62700000
3875,2022-10-08 20:00:00,280.70000000,281.00000000,275.40000000,276.40000000,70227.68700000
3876,2022-10-09 00:00:00,276.30000000,277.50000000,275.10000000,275.60000000,34546.06500000
3877,2022-10-09 04:00:00,275.60000000,277.70000000,275.10000000,277.50000000,24703.76800000
3878,2022-10-09 08:00:00,277.40000000,278.90000000,276.90000000,278.00000000,31849.00600000
3879,2022-10-09 12:00:00,278.00000000,279.40000000,277.50000000,279.00000000,22665.39700000
3880,2022-10-09 16:00:00,279.00000000,279.40000000,276.80000000,278.30000000,33329.15500000
3881,2022-10-09 20:00:00,278.40000000,278.40000000,276.90000000,278.20000000,23914.85600000
3882,2022-10-10 00:00:00,278.20000000,279.20000000,276.90000000,278.10000000,22197.49100000
3883,2022-10-10 04:00:00,278.00000000,278.40000000,276.30000000,276.50000000,21611.45500000
3884,2022-10-10 08:00:00,276.50000000,276.60000000,271.60000000,275.20000000,69374.62600000
3885,2022-10-10 12:00:00,275.20000000,276.30000000,273.80000000,274.90000000,36084.17300000
3886,2022-10-10 16:00:00,274.80000000,275.30000000,273.00000000,274.60000000,30405.42900000
3887,2022-10-10 20:00:00,274.60000000,275.50000000,271.30000000,271.50000000,37251.69500000
3888,2022-10-11 00:00:00,271.50000000,271.50000000,267.20000000,270.10000000,56808.20500000
3889,2022-10-11 04:00:00,270.10000000,271.50000000,269.30000000,271.10000000,32355.30700000
3890,2022-10-11 08:00:00,271.10000000,272.30000000,270.70000000,272.20000000,26035.24700000
3891,2022-10-11 12:00:00,272.10000000,274.00000000,269.60000000,273.20000000,53234.88400000
3892,2022-10-11 16:00:00,273.10000000,273.80000000,269.20000000,270.20000000,32136.65500000
3893,2022-10-11 20:00:00,270.10000000,271.50000000,269.90000000,271.40000000,21567.38500000
3894,2022-10-12 00:00:00,271.30000000,272.80000000,271.10000000,271.30000000,22032.98800000
3895,2022-10-12 04:00:00,271.30000000,272.90000000,271.20000000,271.50000000,27547.81500000
3896,2022-10-12 08:00:00,271.40000000,272.90000000,271.10000000,271.20000000,31441.81400000
3897,2022-10-12 12:00:00,271.20000000,271.80000000,269.70000000,271.00000000,44323.23100000
3898,2022-10-12 16:00:00,270.90000000,271.40000000,269.20000000,271.10000000,29998.75600000
3899,2022-10-12 20:00:00,271.10000000,271.90000000,270.70000000,270.90000000,12472.30000000
3900,2022-10-13 00:00:00,270.90000000,272.20000000,268.10000000,269.70000000,26077.96400000
3901,2022-10-13 04:00:00,269.70000000,270.00000000,262.20000000,264.30000000,69297.08000000
3902,2022-10-13 08:00:00,264.40000000,266.30000000,257.60000000,262.40000000,123481.55500000
3903,2022-10-13 12:00:00,262.40000000,267.80000000,256.80000000,266.80000000,204023.79600000
3904,2022-10-13 16:00:00,266.80000000,273.70000000,266.60000000,271.70000000,78491.60900000
3905,2022-10-13 20:00:00,271.70000000,273.70000000,271.20000000,271.60000000,39425.20800000
3906,2022-10-14 00:00:00,271.60000000,276.80000000,271.40000000,275.10000000,60179.60000000
3907,2022-10-14 04:00:00,275.10000000,275.50000000,271.80000000,273.50000000,41410.02300000
3908,2022-10-14 08:00:00,273.60000000,275.10000000,273.00000000,273.30000000,41405.55200000
3909,2022-10-14 12:00:00,273.40000000,275.50000000,270.70000000,271.30000000,76940.30600000
3910,2022-10-14 16:00:00,271.30000000,271.60000000,268.40000000,270.00000000,49890.30800000
3911,2022-10-14 20:00:00,269.90000000,270.40000000,267.60000000,269.40000000,28561.12900000
3912,2022-10-15 00:00:00,269.40000000,270.80000000,268.90000000,270.70000000,18582.95800000
3913,2022-10-15 04:00:00,270.70000000,270.90000000,269.90000000,270.70000000,16801.56000000
3914,2022-10-15 08:00:00,270.80000000,271.20000000,268.80000000,271.10000000,26905.41100000
3915,2022-10-15 12:00:00,271.10000000,271.40000000,269.80000000,271.10000000,23052.48800000
3916,2022-10-15 16:00:00,271.10000000,271.30000000,269.40000000,270.00000000,28720.78200000
3917,2022-10-15 20:00:00,270.10000000,270.10000000,267.40000000,268.20000000,30021.51700000
3918,2022-10-16 00:00:00,268.20000000,270.00000000,267.90000000,269.60000000,19589.51700000
3919,2022-10-16 04:00:00,269.60000000,270.30000000,269.50000000,270.00000000,16205.15000000
3920,2022-10-16 08:00:00,269.90000000,271.00000000,269.40000000,270.00000000,28820.39500000
3921,2022-10-16 12:00:00,270.00000000,270.70000000,269.30000000,270.60000000,34230.61300000
3922,2022-10-16 16:00:00,270.50000000,273.50000000,270.10000000,273.50000000,48075.73500000
3923,2022-10-16 20:00:00,273.50000000,273.90000000,271.10000000,272.50000000,38675.66400000
3924,2022-10-17 00:00:00,272.40000000,273.00000000,271.10000000,271.70000000,19505.19600000
3925,2022-10-17 04:00:00,271.70000000,272.50000000,269.80000000,272.20000000,35017.90700000
3926,2022-10-17 08:00:00,272.20000000,274.40000000,271.10000000,273.30000000,37873.71200000
3927,2022-10-17 12:00:00,273.30000000,275.00000000,272.80000000,274.00000000,39403.37900000
3928,2022-10-17 16:00:00,274.10000000,275.50000000,274.00000000,274.70000000,31743.42000000
3929,2022-10-17 20:00:00,274.80000000,275.90000000,274.70000000,275.60000000,23643.96600000
3930,2022-10-18 00:00:00,275.70000000,276.00000000,273.90000000,274.80000000,24292.12800000
3931,2022-10-18 04:00:00,274.80000000,275.10000000,273.80000000,274.70000000,26379.83000000
3932,2022-10-18 08:00:00,274.80000000,274.90000000,271.90000000,273.60000000,35886.10600000
3933,2022-10-18 12:00:00,273.60000000,274.70000000,271.10000000,272.10000000,46529.88200000
3934,2022-10-18 16:00:00,272.10000000,273.40000000,270.10000000,272.30000000,40086.79100000
3935,2022-10-18 20:00:00,272.20000000,274.10000000,271.80000000,273.10000000,22516.38000000
3936,2022-10-19 00:00:00,273.20000000,273.80000000,271.10000000,272.50000000,22920.04700000
3937,2022-10-19 04:00:00,272.60000000,272.60000000,270.40000000,271.50000000,17688.61300000
3938,2022-10-19 08:00:00,271.60000000,272.10000000,270.30000000,271.20000000,21249.82200000
3939,2022-10-19 12:00:00,271.30000000,273.30000000,270.60000000,273.20000000,32550.02600000
3940,2022-10-19 16:00:00,273.20000000,273.80000000,272.00000000,273.40000000,31613.28600000
3941,2022-10-19 20:00:00,273.30000000,273.90000000,271.00000000,272.00000000,27636.16600000
3942,2022-10-20 00:00:00,271.90000000,272.80000000,269.00000000,270.60000000,31751.38200000
3943,2022-10-20 04:00:00,270.70000000,272.40000000,270.40000000,271.50000000,20554.65300000
3944,2022-10-20 08:00:00,271.60000000,273.00000000,271.30000000,272.80000000,19946.53500000
3945,2022-10-20 12:00:00,272.80000000,273.40000000,271.30000000,272.40000000,28758.92700000
3946,2022-10-20 16:00:00,272.40000000,272.50000000,268.10000000,269.10000000,39362.54700000
3947,2022-10-20 20:00:00,269.00000000,269.50000000,267.30000000,269.00000000,25761.45200000
3948,2022-10-21 00:00:00,269.00000000,269.50000000,265.60000000,268.40000000,30220.81400000
3949,2022-10-21 04:00:00,268.40000000,268.90000000,266.70000000,267.00000000,25611.70300000
3950,2022-10-21 08:00:00,267.10000000,267.50000000,265.40000000,266.40000000,32144.93000000
3951,2022-10-21 12:00:00,266.50000000,269.90000000,263.40000000,269.80000000,58438.48300000
3952,2022-10-21 16:00:00,269.80000000,271.20000000,269.30000000,270.50000000,28779.01800000
3953,2022-10-21 20:00:00,270.40000000,271.00000000,268.90000000,270.10000000,20237.26400000
3954,2022-10-22 00:00:00,270.10000000,270.20000000,268.40000000,268.90000000,10701.86500000
3955,2022-10-22 04:00:00,268.90000000,270.00000000,268.50000000,269.90000000,11348.98200000
3956,2022-10-22 08:00:00,269.80000000,270.00000000,269.10000000,269.90000000,15694.26600000
3957,2022-10-22 12:00:00,269.80000000,271.00000000,269.10000000,269.60000000,23219.91800000
3958,2022-10-22 16:00:00,269.50000000,270.10000000,269.00000000,269.90000000,12701.39100000
3959,2022-10-22 20:00:00,270.00000000,271.10000000,269.90000000,270.40000000,10378.46100000
3960,2022-10-23 00:00:00,270.50000000,271.10000000,269.70000000,270.20000000,12523.53100000
3961,2022-10-23 04:00:00,270.30000000,270.70000000,269.40000000,269.70000000,10978.01300000
3962,2022-10-23 08:00:00,269.80000000,270.40000000,268.70000000,269.60000000,16451.18100000
3963,2022-10-23 12:00:00,269.60000000,270.90000000,268.70000000,270.40000000,17806.44600000
3964,2022-10-23 16:00:00,270.40000000,274.10000000,270.40000000,274.00000000,39776.05000000
3965,2022-10-23 20:00:00,274.00000000,276.80000000,272.90000000,276.00000000,36855.62200000
3966,2022-10-24 00:00:00,275.90000000,277.40000000,273.70000000,274.30000000,32025.88600000
3967,2022-10-24 04:00:00,274.30000000,274.50000000,272.70000000,273.50000000,20576.42000000
3968,2022-10-24 08:00:00,273.50000000,274.90000000,273.10000000,274.40000000,20944.25500000
3969,2022-10-24 12:00:00,274.40000000,274.50000000,271.60000000,273.10000000,37857.20400000
3970,2022-10-24 16:00:00,273.10000000,274.30000000,272.10000000,273.30000000,21918.80400000
3971,2022-10-24 20:00:00,273.30000000,274.40000000,272.70000000,274.10000000,20859.52500000
3972,2022-10-25 00:00:00,274.20000000,274.90000000,273.20000000,274.20000000,23651.87100000
3973,2022-10-25 04:00:00,274.30000000,275.00000000,273.00000000,273.30000000,25452.39500000
3974,2022-10-25 08:00:00,273.30000000,273.80000000,272.00000000,273.10000000,19036.30000000
3975,2022-10-25 12:00:00,273.10000000,282.20000000,272.70000000,280.80000000,77452.21900000
3976,2022-10-25 16:00:00,280.80000000,289.90000000,280.70000000,288.80000000,168246.69700000
3977,2022-10-25 20:00:00,288.80000000,289.00000000,283.40000000,284.20000000,73683.64300000
3978,2022-10-26 00:00:00,284.20000000,286.80000000,284.10000000,286.20000000,39426.14200000
3979,2022-10-26 04:00:00,286.20000000,287.20000000,285.00000000,286.70000000,35275.39200000
3980,2022-10-26 08:00:00,286.80000000,290.60000000,286.10000000,288.90000000,60675.96500000
3981,2022-10-26 12:00:00,288.90000000,290.70000000,285.00000000,289.60000000,90280.31400000
3982,2022-10-26 16:00:00,289.60000000,291.00000000,288.10000000,290.50000000,50904.41100000
3983,2022-10-26 20:00:00,290.40000000,292.00000000,289.50000000,290.20000000,39846.71200000
3984,2022-10-27 00:00:00,290.30000000,292.10000000,288.00000000,290.20000000,45480.10500000
3985,2022-10-27 04:00:00,290.20000000,293.30000000,288.90000000,289.20000000,54945.58000000
3986,2022-10-27 08:00:00,289.30000000,290.60000000,286.90000000,288.00000000,56749.95900000
3987,2022-10-27 12:00:00,288.10000000,289.80000000,286.20000000,287.80000000,71162.49500000
3988,2022-10-27 16:00:00,287.80000000,289.20000000,286.80000000,288.80000000,29971.43000000
3989,2022-10-27 20:00:00,288.90000000,288.90000000,284.70000000,286.70000000,57425.23900000
3990,2022-10-28 00:00:00,286.80000000,288.30000000,285.70000000,287.00000000,39346.35700000
3991,2022-10-28 04:00:00,287.10000000,288.00000000,285.80000000,286.20000000,34477.86200000
3992,2022-10-28 08:00:00,286.20000000,287.80000000,285.80000000,287.80000000,53584.08500000
3993,2022-10-28 12:00:00,287.70000000,296.90000000,286.80000000,296.80000000,132893.61000000
3994,2022-10-28 16:00:00,296.80000000,300.90000000,296.40000000,299.10000000,112201.48300000
3995,2022-10-28 20:00:00,299.10000000,301.10000000,297.20000000,297.90000000,44144.84600000
3996,2022-10-29 00:00:00,297.90000000,304.80000000,295.60000000,304.70000000,79446.65100000
3997,2022-10-29 04:00:00,304.70000000,306.20000000,301.30000000,302.30000000,77535.63900000
3998,2022-10-29 08:00:00,302.30000000,307.40000000,300.80000000,301.70000000,116527.94300000
3999,2022-10-29 12:00:00,301.80000000,303.40000000,299.20000000,303.10000000,88363.47200000
4000,2022-10-29 16:00:00,303.20000000,308.40000000,302.40000000,304.20000000,130718.32800000
4001,2022-10-29 20:00:00,304.20000000,305.80000000,301.60000000,304.40000000,61054.09200000
4002,2022-10-30 00:00:00,304.50000000,307.80000000,302.30000000,307.70000000,46657.58400000
4003,2022-10-30 04:00:00,307.70000000,314.90000000,304.60000000,313.70000000,120118.11300000
4004,2022-10-30 08:00:00,313.70000000,318.80000000,308.40000000,312.00000000,133065.17100000
4005,2022-10-30 12:00:00,311.90000000,313.80000000,306.70000000,310.10000000,88730.25900000
4006,2022-10-30 16:00:00,310.10000000,317.60000000,309.30000000,315.30000000,101452.08400000
4007,2022-10-30 20:00:00,315.30000000,315.50000000,310.00000000,313.50000000,48601.19200000
4008,2022-10-31 00:00:00,313.60000000,315.10000000,306.50000000,311.60000000,69130.49400000
4009,2022-10-31 04:00:00,311.60000000,311.80000000,307.60000000,310.30000000,40933.85400000
4010,2022-10-31 08:00:00,310.20000000,332.10000000,308.10000000,331.10000000,444583.77200000
4011,2022-10-31 12:00:00,331.00000000,337.90000000,321.90000000,323.90000000,320400.97800000
4012,2022-10-31 16:00:00,323.80000000,330.00000000,322.50000000,328.00000000,111005.27300000
4013,2022-10-31 20:00:00,327.90000000,329.20000000,325.60000000,325.70000000,61747.10600000
4014,2022-11-01 00:00:00,325.80000000,334.60000000,323.50000000,329.80000000,160829.40400000
4015,2022-11-01 04:00:00,329.80000000,330.10000000,325.60000000,327.00000000,79140.76400000
4016,2022-11-01 08:00:00,327.00000000,328.20000000,322.70000000,323.60000000,86918.79000000
4017,2022-11-01 12:00:00,323.60000000,330.00000000,317.40000000,319.40000000,122582.21100000
4018,2022-11-01 16:00:00,319.40000000,325.30000000,318.60000000,324.70000000,62394.27100000
4019,2022-11-01 20:00:00,324.80000000,326.60000000,323.00000000,323.90000000,38180.26600000
4020,2022-11-02 00:00:00,323.80000000,327.60000000,322.80000000,326.40000000,50434.97500000
4021,2022-11-02 04:00:00,326.30000000,328.00000000,319.30000000,322.70000000,66813.97800000
4022,2022-11-02 08:00:00,322.70000000,323.20000000,315.30000000,320.40000000,76277.29100000
4023,2022-11-02 12:00:00,320.50000000,321.10000000,318.00000000,318.70000000,55644.34700000
4024,2022-11-02 16:00:00,318.70000000,330.00000000,316.80000000,319.90000000,235351.82300000
4025,2022-11-02 20:00:00,319.80000000,321.50000000,315.70000000,320.20000000,76807.15000000
4026,2022-11-03 00:00:00,320.20000000,323.70000000,318.00000000,322.00000000,65244.27400000
4027,2022-11-03 04:00:00,322.10000000,338.70000000,321.70000000,333.70000000,179508.47800000
4028,2022-11-03 08:00:00,333.70000000,338.50000000,327.50000000,329.20000000,119923.37600000
4029,2022-11-03 12:00:00,329.20000000,330.20000000,322.70000000,327.90000000,114514.48900000
4030,2022-11-03 16:00:00,327.90000000,332.00000000,327.50000000,331.30000000,68870.88700000
4031,2022-11-03 20:00:00,331.40000000,334.80000000,327.60000000,329.50000000,74293.35600000
4032,2022-11-04 00:00:00,329.60000000,341.90000000,328.30000000,340.60000000,133941.38100000
4033,2022-11-04 04:00:00,340.60000000,347.20000000,338.60000000,344.20000000,148900.43700000
4034,2022-11-04 08:00:00,344.20000000,354.60000000,344.10000000,345.40000000,166163.00600000
4035,2022-11-04 12:00:00,345.40000000,358.90000000,343.20000000,349.10000000,190125.26300000
4036,2022-11-04 16:00:00,349.20000000,354.60000000,348.20000000,354.60000000,72348.25900000
4037,2022-11-04 20:00:00,354.50000000,355.10000000,351.70000000,354.60000000,40231.23600000
4038,2022-11-05 00:00:00,354.70000000,358.20000000,352.20000000,356.20000000,79024.35500000
4039,2022-11-05 04:00:00,356.10000000,361.30000000,355.30000000,360.30000000,64583.69900000
4040,2022-11-05 08:00:00,360.30000000,360.40000000,352.90000000,355.90000000,73112.59600000
4041,2022-11-05 12:00:00,355.90000000,356.10000000,347.80000000,351.10000000,87298.89700000
4042,2022-11-05 16:00:00,351.10000000,352.30000000,348.30000000,349.70000000,61172.65600000
4043,2022-11-05 20:00:00,349.80000000,351.80000000,346.10000000,349.20000000,46567.86100000
4044,2022-11-06 00:00:00,349.10000000,350.60000000,346.80000000,349.60000000,47466.14700000
4045,2022-11-06 04:00:00,349.70000000,354.10000000,347.80000000,352.00000000,70269.41400000
4046,2022-11-06 08:00:00,352.00000000,354.10000000,349.60000000,351.30000000,44533.09100000
4047,2022-11-06 12:00:00,351.20000000,352.90000000,348.60000000,350.50000000,51350.07800000
4048,2022-11-06 16:00:00,350.60000000,356.00000000,347.90000000,352.80000000,82323.73900000
4049,2022-11-06 20:00:00,352.90000000,353.60000000,337.70000000,337.90000000,95032.41000000
4050,2022-11-07 00:00:00,337.80000000,342.30000000,331.60000000,339.40000000,132145.79100000
4051,2022-11-07 04:00:00,339.30000000,340.10000000,327.30000000,328.20000000,116072.31100000
4052,2022-11-07 08:00:00,328.20000000,333.90000000,326.70000000,332.20000000,89636.72600000
4053,2022-11-07 12:00:00,332.20000000,334.90000000,326.40000000,334.90000000,131590.90800000
4054,2022-11-07 16:00:00,334.90000000,344.40000000,333.40000000,342.30000000,166848.75500000
4055,2022-11-07 20:00:00,342.30000000,343.50000000,329.10000000,337.00000000,104171.02100000
4056,2022-11-08 00:00:00,337.00000000,348.90000000,333.70000000,334.80000000,296139.25500000
4057,2022-11-08 04:00:00,334.80000000,337.70000000,312.40000000,325.70000000,416135.09000000
4058,2022-11-08 08:00:00,325.80000000,336.90000000,324.50000000,324.70000000,203752.85900000
4059,2022-11-08 12:00:00,324.70000000,327.10000000,319.80000000,327.00000000,178431.04400000
4060,2022-11-08 16:00:00,327.10000000,398.30000000,298.00000000,315.50000000,1651256.81100000
4061,2022-11-08 20:00:00,315.50000000,335.00000000,310.00000000,327.40000000,358201.32500000
4062,2022-11-09 00:00:00,327.40000000,333.10000000,316.40000000,321.70000000,329200.44200000
4063,2022-11-09 04:00:00,321.70000000,322.80000000,310.90000000,315.30000000,206362.84600000
4064,2022-11-09 08:00:00,315.30000000,316.20000000,284.00000000,304.30000000,467010.40000000
4065,2022-11-09 12:00:00,304.40000000,308.60000000,287.40000000,290.30000000,303456.04200000
4066,2022-11-09 16:00:00,290.20000000,294.40000000,274.00000000,281.60000000,309991.57200000
4067,2022-11-09 20:00:00,281.70000000,282.90000000,260.20000000,267.30000000,285054.59700000
4068,2022-11-10 00:00:00,267.10000000,287.20000000,263.20000000,283.50000000,319734.30500000
4069,2022-11-10 04:00:00,283.50000000,289.30000000,279.50000000,282.20000000,209672.32400000
4070,2022-11-10 08:00:00,282.20000000,284.50000000,271.60000000,275.80000000,203083.25900000
4071,2022-11-10 12:00:00,275.80000000,312.00000000,275.40000000,307.60000000,409323.00000000
4072,2022-11-10 16:00:00,307.60000000,313.00000000,296.40000000,301.10000000,171429.99400000
4073,2022-11-10 20:00:00,301.00000000,308.50000000,299.00000000,304.00000000,97996.02800000
4074,2022-11-11 00:00:00,304.10000000,306.00000000,288.70000000,292.50000000,131674.44900000
4075,2022-11-11 04:00:00,292.60000000,299.60000000,289.80000000,297.70000000,80991.52800000
4076,2022-11-11 08:00:00,297.80000000,300.70000000,293.60000000,295.80000000,78310.38400000
4077,2022-11-11 12:00:00,295.70000000,297.60000000,279.00000000,286.10000000,206330.00500000
4078,2022-11-11 16:00:00,286.10000000,289.50000000,280.40000000,288.10000000,88608.85000000
4079,2022-11-11 20:00:00,288.00000000,290.70000000,282.00000000,290.40000000,109230.42500000
4080,2022-11-12 00:00:00,290.40000000,291.00000000,283.30000000,284.00000000,69159.67100000
4081,2022-11-12 04:00:00,284.10000000,294.50000000,271.60000000,286.00000000,264917.64100000
4082,2022-11-12 08:00:00,286.00000000,288.70000000,281.60000000,282.50000000,84859.39800000
4083,2022-11-12 12:00:00,282.60000000,285.70000000,280.20000000,284.00000000,58222.89800000
4084,2022-11-12 16:00:00,284.10000000,286.50000000,280.60000000,282.70000000,42074.37500000
4085,2022-11-12 20:00:00,282.80000000,283.30000000,280.90000000,282.80000000,26125.37200000
4086,2022-11-13 00:00:00,282.90000000,286.10000000,280.90000000,285.30000000,41479.41900000
4087,2022-11-13 04:00:00,285.30000000,286.50000000,278.40000000,281.80000000,61438.69100000
4088,2022-11-13 08:00:00,281.80000000,282.50000000,276.10000000,280.80000000,71340.08000000
4089,2022-11-13 12:00:00,280.70000000,282.50000000,275.60000000,280.20000000,113299.47200000
4090,2022-11-13 16:00:00,280.30000000,280.40000000,276.20000000,278.80000000,67754.23500000
4091,2022-11-13 20:00:00,278.90000000,279.10000000,273.20000000,276.40000000,86967.02400000
4092,2022-11-14 00:00:00,276.40000000,277.90000000,268.00000000,271.00000000,144071.50600000
4093,2022-11-14 04:00:00,270.90000000,282.10000000,268.00000000,281.10000000,147603.26200000
4094,2022-11-14 08:00:00,281.20000000,288.80000000,280.20000000,284.50000000,138354.46100000
4095,2022-11-14 12:00:00,284.50000000,292.00000000,277.30000000,279.20000000,222500.53000000
4096,2022-11-14 16:00:00,279.20000000,279.40000000,272.10000000,272.70000000,107727.54700000
4097,2022-11-14 20:00:00,272.70000000,280.00000000,271.90000000,279.00000000,58468.59100000
4098,2022-11-15 00:00:00,279.00000000,282.40000000,277.20000000,279.90000000,81325.07600000
4099,2022-11-15 04:00:00,280.00000000,280.50000000,275.90000000,279.10000000,51813.65800000
4100,2022-11-15 08:00:00,279.00000000,281.00000000,273.80000000,275.80000000,90070.68600000
4101,2022-11-15 12:00:00,275.80000000,282.30000000,275.20000000,280.50000000,108114.91400000
4102,2022-11-15 16:00:00,280.40000000,281.40000000,273.20000000,275.90000000,76533.18700000
4103,2022-11-15 20:00:00,276.00000000,277.60000000,274.20000000,277.00000000,37708.14300000
4104,2022-11-16 00:00:00,277.00000000,279.90000000,276.00000000,279.70000000,48854.46600000
4105,2022-11-16 04:00:00,279.70000000,280.20000000,277.50000000,277.60000000,49989.21500000
4106,2022-11-16 08:00:00,277.70000000,277.70000000,271.40000000,272.50000000,89352.82500000
4107,2022-11-16 12:00:00,272.50000000,274.30000000,268.80000000,270.20000000,111893.06700000
4108,2022-11-16 16:00:00,270.20000000,273.80000000,269.00000000,270.60000000,62158.53700000
4109,2022-11-16 20:00:00,270.70000000,272.80000000,269.60000000,271.80000000,40648.68900000
4110,2022-11-17 00:00:00,271.90000000,273.50000000,269.70000000,270.10000000,49835.17700000
4111,2022-11-17 04:00:00,270.10000000,271.20000000,265.90000000,269.80000000,70893.14900000
4112,2022-11-17 08:00:00,269.80000000,270.00000000,262.90000000,267.30000000,95053.04100000
4113,2022-11-17 12:00:00,267.30000000,269.40000000,264.50000000,266.10000000,75635.34400000
4114,2022-11-17 16:00:00,266.10000000,269.70000000,265.80000000,267.90000000,42995.26400000
4115,2022-11-17 20:00:00,267.80000000,269.00000000,266.80000000,267.90000000,33393.85500000
4116,2022-11-18 00:00:00,268.00000000,273.70000000,267.70000000,271.70000000,70155.23400000
4117,2022-11-18 04:00:00,271.70000000,273.20000000,270.60000000,271.80000000,36296.97100000
4118,2022-11-18 08:00:00,271.80000000,273.80000000,270.10000000,273.50000000,42085.30500000
4119,2022-11-18 12:00:00,273.50000000,274.40000000,270.90000000,272.00000000,55010.04200000
4120,2022-11-18 16:00:00,271.90000000,273.50000000,270.50000000,273.20000000,41637.63500000
4121,2022-11-18 20:00:00,273.30000000,274.80000000,272.70000000,274.10000000,32761.17900000
4122,2022-11-19 00:00:00,274.10000000,274.60000000,271.90000000,272.70000000,29407.03200000
4123,2022-11-19 04:00:00,272.70000000,273.40000000,268.90000000,269.90000000,60447.25900000
4124,2022-11-19 08:00:00,269.90000000,271.60000000,269.20000000,271.50000000,23858.65600000
4125,2022-11-19 12:00:00,271.50000000,272.00000000,269.90000000,271.80000000,27350.40900000
4126,2022-11-19 16:00:00,271.90000000,272.00000000,270.60000000,271.30000000,20435.83300000
4127,2022-11-19 20:00:00,271.40000000,274.00000000,271.20000000,272.60000000,32605.09100000
4128,2022-11-20 00:00:00,272.60000000,273.70000000,271.80000000,273.10000000,30693.34900000
4129,2022-11-20 04:00:00,273.00000000,273.80000000,272.60000000,273.40000000,16900.00300000
4130,2022-11-20 08:00:00,273.50000000,273.60000000,266.30000000,267.40000000,73776.19500000
4131,2022-11-20 12:00:00,267.50000000,271.00000000,266.00000000,270.70000000,57218.93900000
4132,2022-11-20 16:00:00,270.70000000,271.10000000,268.30000000,269.60000000,39805.22600000
4133,2022-11-20 20:00:00,269.70000000,269.80000000,261.80000000,264.20000000,88193.86900000
4134,2022-11-21 00:00:00,264.20000000,265.30000000,255.50000000,259.40000000,155775.10700000
4135,2022-11-21 04:00:00,259.30000000,262.40000000,256.70000000,258.20000000,88982.90000000
4136,2022-11-21 08:00:00,258.20000000,259.30000000,255.60000000,258.30000000,60499.51000000
4137,2022-11-21 12:00:00,258.30000000,262.80000000,257.60000000,260.30000000,76101.97200000
4138,2022-11-21 16:00:00,260.20000000,260.50000000,250.00000000,252.10000000,122648.13400000
4139,2022-11-21 20:00:00,252.10000000,256.10000000,251.10000000,253.90000000,77018.56700000
4140,2022-11-22 00:00:00,254.00000000,257.40000000,253.40000000,256.70000000,50745.29700000
4141,2022-11-22 04:00:00,256.60000000,257.30000000,252.20000000,254.20000000,41251.71900000
4142,2022-11-22 08:00:00,254.30000000,255.40000000,252.00000000,254.50000000,38757.58800000
4143,2022-11-22 12:00:00,254.60000000,266.00000000,253.80000000,264.50000000,136697.20400000
4144,2022-11-22 16:00:00,264.50000000,265.50000000,261.70000000,263.50000000,47923.45400000
4145,2022-11-22 20:00:00,263.60000000,267.80000000,263.20000000,266.70000000,41789.18300000
4146,2022-11-23 00:00:00,266.80000000,275.40000000,264.80000000,274.20000000,110598.74900000
4147,2022-11-23 04:00:00,274.10000000,275.50000000,272.10000000,275.40000000,49944.06100000
4148,2022-11-23 08:00:00,275.40000000,299.20000000,275.30000000,297.10000000,626594.37600000
4149,2022-11-23 12:00:00,297.20000000,301.60000000,292.30000000,295.10000000,220792.74200000
4150,2022-11-23 16:00:00,295.10000000,301.80000000,291.70000000,296.20000000,137110.02900000
4151,2022-11-23 20:00:00,296.30000000,299.30000000,293.80000000,298.80000000,79010.73200000
4152,2022-11-24 00:00:00,298.90000000,304.10000000,294.50000000,299.70000000,170035.29100000
4153,2022-11-24 04:00:00,299.80000000,300.50000000,295.80000000,296.20000000,94180.94700000
4154,2022-11-24 08:00:00,296.20000000,299.80000000,293.90000000,297.60000000,82356.02200000
4155,2022-11-24 12:00:00,297.50000000,299.80000000,295.50000000,298.30000000,75618.20600000
4156,2022-11-24 16:00:00,298.40000000,302.20000000,296.80000000,299.40000000,76663.62800000
4157,2022-11-24 20:00:00,299.40000000,301.80000000,298.00000000,300.20000000,51938.56100000
4158,2022-11-25 00:00:00,300.30000000,301.90000000,296.30000000,298.80000000,89897.53300000
4159,2022-11-25 04:00:00,298.80000000,299.50000000,294.10000000,296.00000000,72994.26000000
4160,2022-11-25 08:00:00,296.10000000,300.20000000,294.50000000,299.00000000,85714.93600000
4161,2022-11-25 12:00:00,299.10000000,306.60000000,298.70000000,300.10000000,135225.18600000
4162,2022-11-25 16:00:00,300.20000000,301.80000000,298.80000000,301.40000000,50739.53400000
4163,2022-11-25 20:00:00,301.40000000,302.90000000,299.80000000,300.80000000,31162.03400000
4164,2022-11-26 00:00:00,300.80000000,311.30000000,299.90000000,309.70000000,145997.16900000
4165,2022-11-26 04:00:00,309.60000000,313.80000000,308.70000000,312.40000000,101682.81500000
4166,2022-11-26 08:00:00,312.50000000,317.40000000,312.20000000,314.30000000,113421.48700000
4167,2022-11-26 12:00:00,314.30000000,317.80000000,310.10000000,312.90000000,96850.29100000
4168,2022-11-26 16:00:00,312.90000000,315.20000000,311.30000000,313.00000000,63119.60200000
4169,2022-11-26 20:00:00,313.00000000,313.90000000,308.00000000,311.40000000,48507.40900000
4170,2022-11-27 00:00:00,311.40000000,316.70000000,311.10000000,315.20000000,54481.56900000
4171,2022-11-27 04:00:00,315.30000000,316.50000000,312.10000000,313.70000000,39301.48400000
4172,2022-11-27 08:00:00,313.80000000,315.00000000,310.20000000,313.10000000,50303.28700000
4173,2022-11-27 12:00:00,313.00000000,315.30000000,310.90000000,313.60000000,50124.53900000
4174,2022-11-27 16:00:00,313.60000000,314.10000000,310.10000000,311.90000000,34806.71100000
4175,2022-11-27 20:00:00,311.90000000,314.80000000,306.30000000,307.60000000,81078.25500000
4176,2022-11-28 00:00:00,307.70000000,309.60000000,286.60000000,297.20000000,260433.49400000
4177,2022-11-28 04:00:00,297.30000000,297.80000000,292.60000000,295.60000000,59527.89000000
4178,2022-11-28 08:00:00,295.70000000,296.90000000,293.50000000,295.10000000,46951.18700000
4179,2022-11-28 12:00:00,295.20000000,297.80000000,290.40000000,292.00000000,88021.39700000
4180,2022-11-28 16:00:00,292.10000000,299.80000000,288.70000000,293.30000000,115148.22400000
4181,2022-11-28 20:00:00,293.30000000,294.50000000,291.80000000,293.50000000,33681.63800000
4182,2022-11-29 00:00:00,293.50000000,298.00000000,289.00000000,296.50000000,86535.50400000
4183,2022-11-29 04:00:00,296.60000000,304.20000000,296.50000000,302.30000000,82878.12100000
4184,2022-11-29 08:00:00,302.40000000,305.30000000,301.60000000,303.00000000,48817.72500000
4185,2022-11-29 12:00:00,303.10000000,303.90000000,298.20000000,300.10000000,71256.87800000
4186,2022-11-29 16:00:00,300.10000000,300.20000000,293.80000000,295.50000000,97036.69600000
4187,2022-11-29 20:00:00,295.60000000,297.60000000,294.90000000,295.40000000,35977.46100000
4188,2022-11-30 00:00:00,295.40000000,305.50000000,295.00000000,295.80000000,140524.56000000
4189,2022-11-30 04:00:00,295.70000000,301.10000000,295.70000000,301.00000000,48714.70100000
4190,2022-11-30 08:00:00,300.90000000,303.90000000,298.70000000,300.50000000,49081.60200000
4191,2022-11-30 12:00:00,300.60000000,300.90000000,297.20000000,298.00000000,63296.21300000
4192,2022-11-30 16:00:00,298.00000000,301.00000000,292.50000000,298.40000000,98090.18000000
4193,2022-11-30 20:00:00,298.50000000,302.50000000,298.30000000,300.60000000,67302.43800000
4194,2022-12-01 00:00:00,300.60000000,302.00000000,295.70000000,297.50000000,70100.69200000
4195,2022-12-01 04:00:00,297.60000000,300.60000000,294.80000000,297.80000000,134737.70700000
4196,2022-12-01 08:00:00,297.90000000,302.00000000,296.90000000,299.70000000,105581.24500000
4197,2022-12-01 12:00:00,299.80000000,302.00000000,290.30000000,291.80000000,369313.49800000
4198,2022-12-01 16:00:00,291.80000000,292.90000000,290.00000000,291.10000000,70793.97200000
4199,2022-12-01 20:00:00,291.20000000,293.30000000,290.60000000,292.30000000,48340.62100000
4200,2022-12-02 00:00:00,292.30000000,293.90000000,286.60000000,288.20000000,106490.83300000
4201,2022-12-02 04:00:00,288.20000000,290.50000000,285.40000000,289.70000000,59633.52000000
4202,2022-12-02 08:00:00,289.70000000,292.10000000,288.90000000,291.30000000,43138.29500000
4203,2022-12-02 12:00:00,291.30000000,292.30000000,286.40000000,290.10000000,79746.26200000
4204,2022-12-02 16:00:00,290.20000000,290.80000000,288.70000000,290.60000000,37636.69100000
4205,2022-12-02 20:00:00,290.60000000,293.90000000,290.40000000,293.40000000,37456.68400000
4206,2022-12-03 00:00:00,293.40000000,294.40000000,290.90000000,292.00000000,53503.21200000
4207,2022-12-03 04:00:00,292.00000000,292.70000000,290.00000000,290.50000000,47307.88100000
4208,2022-12-03 08:00:00,290.50000000,291.00000000,289.00000000,290.20000000,32755.30900000
4209,2022-12-03 12:00:00,290.10000000,292.60000000,290.00000000,291.70000000,41955.38700000
4210,2022-12-03 16:00:00,291.60000000,292.70000000,290.70000000,291.60000000,30664.29400000
4211,2022-12-03 20:00:00,291.70000000,292.50000000,290.00000000,290.40000000,28190.97200000
4212,2022-12-04 00:00:00,290.40000000,292.50000000,289.90000000,291.80000000,22664.27100000
4213,2022-12-04 04:00:00,291.90000000,292.50000000,290.70000000,291.10000000,22455.47900000
4214,2022-12-04 08:00:00,291.10000000,291.70000000,289.00000000,289.50000000,61785.06400000
4215,2022-12-04 12:00:00,289.50000000,290.80000000,287.40000000,290.00000000,70892.88200000
4216,2022-12-04 16:00:00,290.00000000,291.60000000,289.10000000,291.10000000,38750.25500000
4217,2022-12-04 20:00:00,291.10000000,292.80000000,291.00000000,291.80000000,27808.83200000
4218,2022-12-05 00:00:00,291.80000000,296.70000000,291.40000000,294.70000000,55010.12800000
4219,2022-12-05 04:00:00,294.60000000,297.20000000,294.60000000,295.90000000,44682.25400000
4220,2022-12-05 08:00:00,295.80000000,297.10000000,294.40000000,295.70000000,40962.93000000
4221,2022-12-05 12:00:00,295.80000000,295.90000000,289.40000000,290.30000000,70360.20800000
4222,2022-12-05 16:00:00,290.30000000,290.50000000,286.10000000,286.70000000,58816.94200000
4223,2022-12-05 20:00:00,286.80000000,288.80000000,286.10000000,288.40000000,25126.32800000
4224,2022-12-06 00:00:00,288.50000000,290.60000000,288.30000000,289.40000000,37033.99700000
4225,2022-12-06 04:00:00,289.50000000,290.10000000,288.20000000,289.50000000,29070.58500000
4226,2022-12-06 08:00:00,289.50000000,290.10000000,287.00000000,288.60000000,33468.79800000
4227,2022-12-06 12:00:00,288.60000000,289.40000000,287.30000000,288.70000000,49871.68700000
4228,2022-12-06 16:00:00,288.70000000,289.20000000,286.50000000,288.60000000,60626.43700000
4229,2022-12-06 20:00:00,288.60000000,290.80000000,288.20000000,290.20000000,37839.84300000
4230,2022-12-07 00:00:00,290.20000000,290.90000000,288.20000000,288.80000000,39948.82200000
4231,2022-12-07 04:00:00,288.80000000,289.40000000,281.20000000,282.70000000,88870.57900000
4232,2022-12-07 08:00:00,282.70000000,284.60000000,281.10000000,283.60000000,83251.96800000
4233,2022-12-07 12:00:00,283.70000000,285.20000000,282.50000000,283.50000000,61175.06300000
4234,2022-12-07 16:00:00,283.40000000,284.00000000,282.30000000,283.60000000,58245.74600000
4235,2022-12-07 20:00:00,283.60000000,285.00000000,282.80000000,284.20000000,29943.35000000
4236,2022-12-08 00:00:00,284.20000000,284.90000000,282.40000000,284.10000000,33243.34000000
4237,2022-12-08 04:00:00,284.20000000,285.80000000,282.90000000,285.60000000,24779.52100000
4238,2022-12-08 08:00:00,285.60000000,286.40000000,282.80000000,285.10000000,51590.09500000
4239,2022-12-08 12:00:00,285.10000000,288.30000000,284.50000000,287.50000000,43512.50800000
4240,2022-12-08 16:00:00,287.50000000,292.00000000,287.30000000,290.10000000,52883.41400000
4241,2022-12-08 20:00:00,290.10000000,292.00000000,288.40000000,290.40000000,75646.20700000
4242,2022-12-09 00:00:00,290.40000000,291.40000000,288.80000000,289.60000000,34844.91300000
4243,2022-12-09 04:00:00,289.60000000,290.70000000,289.20000000,290.40000000,20296.67600000
4244,2022-12-09 08:00:00,290.50000000,291.90000000,289.60000000,290.80000000,56244.23200000
4245,2022-12-09 12:00:00,290.90000000,292.00000000,287.30000000,289.90000000,59789.96300000
4246,2022-12-09 16:00:00,290.00000000,290.10000000,286.00000000,288.00000000,35717.70000000
4247,2022-12-09 20:00:00,288.00000000,288.10000000,284.40000000,286.00000000,101525.24100000
4248,2022-12-10 00:00:00,286.10000000,287.40000000,285.70000000,287.00000000,25188.30600000
4249,2022-12-10 04:00:00,286.90000000,287.60000000,286.50000000,287.30000000,14919.56000000
4250,2022-12-10 08:00:00,287.40000000,288.00000000,285.70000000,287.60000000,22113.50800000
4251,2022-12-10 12:00:00,287.70000000,289.40000000,287.00000000,289.30000000,23320.11600000
4252,2022-12-10 16:00:00,289.30000000,289.90000000,287.60000000,288.20000000,41064.04900000
4253,2022-12-10 20:00:00,288.10000000,288.70000000,287.60000000,288.20000000,22317.09400000
4254,2022-12-11 00:00:00,288.20000000,291.30000000,287.60000000,290.60000000,34923.14300000
4255,2022-12-11 04:00:00,290.70000000,291.20000000,289.80000000,290.50000000,21132.34000000
4256,2022-12-11 08:00:00,290.40000000,290.60000000,289.70000000,290.30000000,14495.12400000
4257,2022-12-11 12:00:00,290.40000000,290.40000000,288.90000000,289.70000000,23326.45100000
4258,2022-12-11 16:00:00,289.60000000,291.40000000,289.00000000,290.00000000,29138.60700000
4259,2022-12-11 20:00:00,289.90000000,290.00000000,283.30000000,284.40000000,83324.48100000
4260,2022-12-12 00:00:00,284.50000000,285.80000000,281.30000000,282.70000000,51518.73600000
4261,2022-12-12 04:00:00,282.80000000,282.80000000,280.20000000,281.10000000,41711.80100000
4262,2022-12-12 08:00:00,281.10000000,284.00000000,280.30000000,283.70000000,26363.23000000
4263,2022-12-12 12:00:00,283.80000000,283.80000000,271.70000000,276.10000000,254638.02400000
4264,2022-12-12 16:00:00,276.10000000,277.40000000,273.10000000,274.40000000,65272.40300000
4265,2022-12-12 20:00:00,274.30000000,277.60000000,273.00000000,276.10000000,68005.64100000
4266,2022-12-13 00:00:00,276.10000000,277.30000000,265.50000000,267.10000000,139408.14000000
4267,2022-12-13 04:00:00,267.20000000,269.90000000,255.60000000,264.00000000,346198.05800000
4268,2022-12-13 08:00:00,264.00000000,271.40000000,262.50000000,268.60000000,259140.37700000
4269,2022-12-13 12:00:00,268.70000000,282.00000000,264.00000000,273.30000000,370281.94800000
4270,2022-12-13 16:00:00,273.30000000,275.50000000,266.40000000,269.20000000,125935.09500000
4271,2022-12-13 20:00:00,269.20000000,273.70000000,268.00000000,272.20000000,68679.06600000
4272,2022-12-14 00:00:00,272.20000000,278.40000000,271.20000000,275.50000000,82396.04600000
4273,2022-12-14 04:00:00,275.50000000,276.40000000,273.40000000,274.40000000,72200.62500000
4274,2022-12-14 08:00:00,274.40000000,276.80000000,271.00000000,273.10000000,80110.62200000
4275,2022-12-14 12:00:00,273.20000000,274.30000000,268.90000000,272.00000000,112187.77200000
4276,2022-12-14 16:00:00,272.00000000,274.00000000,265.50000000,267.90000000,177118.97000000
4277,2022-12-14 20:00:00,267.90000000,269.00000000,265.50000000,267.70000000,56068.87600000
4278,2022-12-15 00:00:00,267.70000000,268.10000000,261.70000000,265.60000000,77121.71700000
4279,2022-12-15 04:00:00,265.60000000,266.10000000,264.20000000,264.90000000,35696.64000000
4280,2022-12-15 08:00:00,264.90000000,267.30000000,263.70000000,265.40000000,47693.11000000
4281,2022-12-15 12:00:00,265.40000000,265.90000000,262.20000000,263.30000000,58651.71200000
4282,2022-12-15 16:00:00,263.40000000,263.90000000,258.80000000,261.50000000,66528.62100000
4283,2022-12-15 20:00:00,261.40000000,261.80000000,256.50000000,258.80000000,65197.36400000
4284,2022-12-16 00:00:00,258.90000000,262.80000000,257.60000000,262.60000000,53222.75200000
4285,2022-12-16 04:00:00,262.60000000,264.70000000,260.50000000,263.80000000,31886.70500000
4286,2022-12-16 08:00:00,263.80000000,263.90000000,246.40000000,251.40000000,207052.32300000
4287,2022-12-16 12:00:00,251.40000000,251.90000000,246.00000000,247.30000000,110883.44100000
4288,2022-12-16 16:00:00,247.20000000,247.40000000,240.60000000,244.20000000,178359.69600000
4289,2022-12-16 20:00:00,244.20000000,246.60000000,224.70000000,231.20000000,295495.11400000
4290,2022-12-17 00:00:00,231.20000000,234.50000000,220.00000000,229.20000000,264839.82300000
4291,2022-12-17 04:00:00,229.20000000,239.50000000,227.50000000,236.20000000,137379.26400000
4292,2022-12-17 08:00:00,236.20000000,241.70000000,234.20000000,237.10000000,147485.63400000
4293,2022-12-17 12:00:00,237.10000000,240.00000000,236.20000000,236.50000000,93639.65000000
4294,2022-12-17 16:00:00,236.40000000,237.80000000,234.90000000,235.60000000,58705.84600000
4295,2022-12-17 20:00:00,235.70000000,245.00000000,235.00000000,242.10000000,86748.27600000
4296,2022-12-18 00:00:00,242.10000000,249.00000000,239.50000000,246.50000000,80592.99400000
4297,2022-12-18 04:00:00,246.50000000,254.60000000,245.10000000,247.20000000,168057.28500000
4298,2022-12-18 08:00:00,247.30000000,248.80000000,243.90000000,246.80000000,76626.42200000
4299,2022-12-18 12:00:00,246.80000000,247.90000000,244.80000000,245.00000000,38043.41700000
4300,2022-12-18 16:00:00,245.00000000,251.50000000,244.60000000,249.60000000,91304.15400000
4301,2022-12-18 20:00:00,249.60000000,253.90000000,248.10000000,251.00000000,71515.15500000
4302,2022-12-19 00:00:00,251.10000000,253.30000000,245.70000000,247.20000000,77484.37000000
4303,2022-12-19 04:00:00,247.20000000,248.50000000,245.30000000,246.00000000,55555.17700000
4304,2022-12-19 08:00:00,246.10000000,249.00000000,245.70000000,247.80000000,40350.71000000
4305,2022-12-19 12:00:00,247.90000000,252.10000000,246.40000000,246.80000000,86809.48600000
4306,2022-12-19 16:00:00,246.90000000,247.50000000,240.70000000,242.20000000,81147.86400000
4307,2022-12-19 20:00:00,242.20000000,244.90000000,236.80000000,240.40000000,67439.59500000
4308,2022-12-20 00:00:00,240.30000000,248.70000000,239.10000000,247.80000000,91878.69400000
4309,2022-12-20 04:00:00,247.80000000,251.10000000,247.20000000,248.10000000,46138.08200000
4310,2022-12-20 08:00:00,248.10000000,249.70000000,246.90000000,249.50000000,44617.32300000
4311,2022-12-20 12:00:00,249.50000000,253.50000000,247.70000000,251.10000000,72550.41000000
4312,2022-12-20 16:00:00,251.20000000,251.60000000,248.20000000,250.60000000,39933.37300000
4313,2022-12-20 20:00:00,250.70000000,252.60000000,249.50000000,251.40000000,25391.14400000
4314,2022-12-21 00:00:00,251.40000000,251.50000000,248.20000000,248.70000000,37853.38700000
4315,2022-12-21 04:00:00,248.80000000,249.40000000,247.00000000,248.00000000,32951.90000000
4316,2022-12-21 08:00:00,248.00000000,249.90000000,247.30000000,249.50000000,30086.73100000
4317,2022-12-21 12:00:00,249.40000000,249.90000000,247.60000000,249.10000000,39723.21300000
4318,2022-12-21 16:00:00,249.20000000,249.20000000,245.30000000,246.30000000,25801.54000000
4319,2022-12-21 20:00:00,246.30000000,247.70000000,245.20000000,246.20000000,28634.61400000
4320,2022-12-22 00:00:00,246.20000000,248.30000000,245.80000000,248.00000000,40047.76900000
4321,2022-12-22 04:00:00,248.00000000,248.30000000,244.70000000,246.30000000,25468.85500000
4322,2022-12-22 08:00:00,246.30000000,247.30000000,245.10000000,245.80000000,32856.20900000
4323,2022-12-22 12:00:00,245.80000000,246.10000000,240.10000000,240.90000000,73111.53300000
4324,2022-12-22 16:00:00,240.90000000,243.10000000,240.40000000,243.10000000,31646.10700000
4325,2022-12-22 20:00:00,243.10000000,246.50000000,242.50000000,245.80000000,42973.72300000
4326,2022-12-23 00:00:00,245.90000000,248.70000000,244.90000000,247.00000000,36230.16100000
4327,2022-12-23 04:00:00,247.10000000,247.50000000,245.70000000,246.60000000,31504.50200000
4328,2022-12-23 08:00:00,246.70000000,246.80000000,245.20000000,245.90000000,20383.51100000
4329,2022-12-23 12:00:00,245.90000000,247.30000000,243.70000000,245.40000000,59041.87200000
4330,2022-12-23 16:00:00,245.30000000,246.50000000,245.00000000,246.30000000,12844.82900000
4331,2022-12-23 20:00:00,246.30000000,246.40000000,245.60000000,246.20000000,15275.13800000
4332,2022-12-24 00:00:00,246.20000000,246.30000000,244.90000000,245.90000000,14694.83500000
4333,2022-12-24 04:00:00,245.90000000,245.90000000,244.70000000,245.40000000,20703.12100000
4334,2022-12-24 08:00:00,245.40000000,245.40000000,243.40000000,244.00000000,16438.16300000
4335,2022-12-24 12:00:00,243.90000000,244.80000000,243.80000000,244.40000000,20524.08400000
4336,2022-12-24 16:00:00,244.40000000,245.20000000,244.10000000,244.50000000,14682.60800000
4337,2022-12-24 20:00:00,244.50000000,244.90000000,244.10000000,244.50000000,9730.92000000
4338,2022-12-25 00:00:00,244.60000000,245.80000000,244.30000000,245.30000000,11771.05200000
4339,2022-12-25 04:00:00,245.30000000,245.30000000,244.40000000,245.10000000,9708.54600000
4340,2022-12-25 08:00:00,245.10000000,245.20000000,244.40000000,244.70000000,13000.02600000
4341,2022-12-25 12:00:00,244.80000000,245.40000000,241.50000000,243.20000000,44441.09600000
4342,2022-12-25 16:00:00,243.20000000,243.60000000,241.50000000,242.70000000,23202.69100000
4343,2022-12-25 20:00:00,242.70000000,243.80000000,241.40000000,243.20000000,22893.46600000
4344,2022-12-26 00:00:00,243.20000000,244.90000000,242.30000000,244.50000000,28669.58000000
4345,2022-12-26 04:00:00,244.50000000,244.80000000,243.10000000,243.30000000,13502.06900000
4346,2022-12-26 08:00:00,243.20000000,243.90000000,242.50000000,243.30000000,18301.97500000
4347,2022-12-26 12:00:00,243.20000000,243.50000000,242.00000000,242.40000000,20239.90100000
4348,2022-12-26 16:00:00,242.40000000,243.20000000,242.00000000,242.70000000,15721.04300000
4349,2022-12-26 20:00:00,242.70000000,244.50000000,242.20000000,244.30000000,20683.40000000
4350,2022-12-27 00:00:00,244.30000000,246.10000000,242.90000000,243.30000000,24114.35900000
4351,2022-12-27 04:00:00,243.40000000,244.00000000,242.90000000,243.30000000,24322.49400000
4352,2022-12-27 08:00:00,243.40000000,244.00000000,242.20000000,243.90000000,24994.73600000
4353,2022-12-27 12:00:00,243.80000000,248.90000000,242.10000000,245.10000000,71440.91000000
4354,2022-12-27 16:00:00,245.20000000,246.30000000,243.70000000,246.20000000,33576.30400000
4355,2022-12-27 20:00:00,246.20000000,247.00000000,245.00000000,246.70000000,18193.31700000
4356,2022-12-28 00:00:00,246.70000000,247.40000000,244.40000000,244.80000000,40236.18200000
4357,2022-12-28 04:00:00,244.80000000,245.20000000,241.50000000,243.40000000,38533.84900000
4358,2022-12-28 08:00:00,243.40000000,244.10000000,242.80000000,243.70000000,23008.94500000
4359,2022-12-28 12:00:00,243.70000000,245.40000000,242.10000000,242.30000000,47055.32600000
4360,2022-12-28 16:00:00,242.40000000,245.00000000,242.00000000,243.30000000,26827.57900000
4361,2022-12-28 20:00:00,243.30000000,244.60000000,242.00000000,244.50000000,32970.46100000
4362,2022-12-29 00:00:00,244.60000000,245.90000000,243.30000000,245.10000000,34737.65900000
4363,2022-12-29 04:00:00,245.20000000,245.80000000,244.30000000,244.70000000,18585.13200000
4364,2022-12-29 08:00:00,244.70000000,246.90000000,244.20000000,245.90000000,25377.17200000
4365,2022-12-29 12:00:00,246.00000000,246.40000000,245.30000000,246.10000000,32580.99000000
4366,2022-12-29 16:00:00,246.10000000,246.90000000,245.40000000,246.00000000,25301.17100000
4367,2022-12-29 20:00:00,246.00000000,246.90000000,244.60000000,246.30000000,25377.14200000
4368,2022-12-30 00:00:00,246.30000000,246.70000000,244.90000000,245.50000000,17319.19700000
4369,2022-12-30 04:00:00,245.50000000,245.80000000,242.70000000,243.50000000,27413.60500000
4370,2022-12-30 08:00:00,243.40000000,244.60000000,243.20000000,243.30000000,20006.20400000
4371,2022-12-30 12:00:00,243.30000000,245.90000000,243.00000000,245.40000000,32908.59700000
4372,2022-12-30 16:00:00,245.40000000,245.60000000,244.30000000,244.60000000,16153.68300000
4373,2022-12-30 20:00:00,244.70000000,246.30000000,244.60000000,245.80000000,14605.24700000
4374,2022-12-31 00:00:00,245.80000000,246.00000000,245.20000000,245.40000000,11689.60300000
4375,2022-12-31 04:00:00,245.40000000,245.90000000,244.80000000,245.60000000,21393.08900000
4376,2022-12-31 08:00:00,245.60000000,246.40000000,245.20000000,245.50000000,21317.34000000
4377,2022-12-31 12:00:00,245.60000000,248.00000000,245.00000000,247.10000000,47704.23100000
4378,2022-12-31 16:00:00,247.00000000,247.30000000,246.20000000,246.90000000,14016.63900000
4379,2022-12-31 20:00:00,247.00000000,247.50000000,245.90000000,246.30000000,18020.40900000
4380,2023-01-01 00:00:00,246.30000000,246.70000000,245.10000000,245.30000000,14850.50900000
4381,2023-01-01 04:00:00,245.30000000,245.30000000,243.50000000,244.00000000,30538.12200000
4382,2023-01-01 08:00:00,244.10000000,244.60000000,243.40000000,244.40000000,14131.26500000
4383,2023-01-01 12:00:00,244.40000000,244.80000000,244.00000000,244.60000000,14272.94900000
4384,2023-01-01 16:00:00,244.60000000,245.70000000,244.40000000,245.30000000,15289.78200000
4385,2023-01-01 20:00:00,245.30000000,245.90000000,243.50000000,244.40000000,20367.49000000
4386,2023-01-02 00:00:00,244.50000000,244.60000000,240.70000000,243.90000000,44680.52200000
4387,2023-01-02 04:00:00,243.90000000,247.00000000,243.00000000,246.40000000,39437.62900000
4388,2023-01-02 08:00:00,246.40000000,247.90000000,246.20000000,246.80000000,33291.42500000
4389,2023-01-02 12:00:00,246.80000000,247.60000000,246.00000000,247.00000000,22048.12600000
4390,2023-01-02 16:00:00,247.00000000,247.20000000,246.10000000,246.60000000,14549.63000000
4391,2023-01-02 20:00:00,246.70000000,247.80000000,245.20000000,245.20000000,19445.56800000
4392,2023-01-03 00:00:00,245.30000000,246.20000000,244.50000000,245.80000000,15858.38600000
4393,2023-01-03 04:00:00,245.90000000,247.00000000,245.20000000,246.30000000,15564.21800000
4394,2023-01-03 08:00:00,246.20000000,246.60000000,245.30000000,245.60000000,25936.67600000
4395,2023-01-03 12:00:00,245.60000000,246.40000000,244.40000000,245.50000000,29962.77000000
4396,2023-01-03 16:00:00,245.50000000,246.00000000,244.50000000,245.40000000,17889.17700000
4397,2023-01-03 20:00:00,245.30000000,246.30000000,245.20000000,246.10000000,9848.76400000
4398,2023-01-04 00:00:00,246.20000000,258.90000000,245.60000000,257.10000000,132952.78600000
4399,2023-01-04 04:00:00,257.20000000,257.40000000,253.80000000,255.30000000,38115.96900000
4400,2023-01-04 08:00:00,255.20000000,256.30000000,254.00000000,254.80000000,34560.49100000
4401,2023-01-04 12:00:00,254.90000000,257.40000000,254.10000000,257.00000000,37040.74900000
4402,2023-01-04 16:00:00,257.10000000,261.00000000,256.00000000,257.80000000,96465.06600000
4403,2023-01-04 20:00:00,257.80000000,259.50000000,255.00000000,258.90000000,30920.02100000
4404,2023-01-05 00:00:00,258.90000000,259.10000000,256.90000000,257.90000000,21049.34500000
4405,2023-01-05 04:00:00,257.90000000,259.20000000,256.50000000,257.50000000,21150.21300000
4406,2023-01-05 08:00:00,257.60000000,257.80000000,255.60000000,257.10000000,26315.43800000
4407,2023-01-05 12:00:00,257.10000000,258.40000000,255.20000000,256.80000000,38220.68800000
4408,2023-01-05 16:00:00,256.90000000,258.30000000,256.00000000,257.80000000,19280.65200000
4409,2023-01-05 20:00:00,257.70000000,258.10000000,255.80000000,256.70000000,19281.62700000
4410,2023-01-06 00:00:00,256.70000000,258.80000000,256.10000000,257.70000000,31738.44800000
4411,2023-01-06 04:00:00,257.80000000,258.10000000,255.30000000,256.40000000,23807.85100000
4412,2023-01-06 08:00:00,256.40000000,257.40000000,255.40000000,256.40000000,30423.18700000
4413,2023-01-06 12:00:00,256.40000000,259.70000000,254.20000000,259.10000000,56940.65500000
4414,2023-01-06 16:00:00,259.00000000,260.40000000,258.00000000,260.00000000,32941.11700000
4415,2023-01-06 20:00:00,260.10000000,260.70000000,258.60000000,259.90000000,23645.81800000
4416,2023-01-07 00:00:00,259.90000000,263.90000000,259.40000000,262.10000000,38510.74100000
4417,2023-01-07 04:00:00,262.20000000,262.30000000,260.50000000,261.10000000,16114.46500000
4418,2023-01-07 08:00:00,261.10000000,261.40000000,260.70000000,260.90000000,12093.32400000
4419,2023-01-07 12:00:00,260.80000000,261.20000000,259.80000000,261.00000000,19983.27100000
4420,2023-01-07 16:00:00,261.00000000,261.90000000,260.60000000,261.70000000,14686.32400000
4421,2023-01-07 20:00:00,261.70000000,261.80000000,260.80000000,261.30000000,13764.64500000
4422,2023-01-08 00:00:00,261.30000000,261.90000000,260.10000000,261.00000000,18764.32600000
4423,2023-01-08 04:00:00,261.00000000,261.30000000,260.50000000,260.90000000,12322.77200000
4424,2023-01-08 08:00:00,261.00000000,261.60000000,260.60000000,261.00000000,14065.44200000
4425,2023-01-08 12:00:00,261.00000000,267.70000000,260.80000000,267.00000000,61739.06900000
4426,2023-01-08 16:00:00,267.00000000,268.80000000,263.80000000,267.40000000,45776.89100000
4427,2023-01-08 20:00:00,267.50000000,276.50000000,267.10000000,274.90000000,84640.39000000
4428,2023-01-09 00:00:00,274.90000000,281.00000000,273.60000000,278.70000000,122504.44400000
4429,2023-01-09 04:00:00,278.70000000,279.80000000,277.50000000,277.70000000,43999.93200000
4430,2023-01-09 08:00:00,277.70000000,280.30000000,276.60000000,278.30000000,51326.16900000
4431,2023-01-09 12:00:00,278.30000000,282.70000000,276.70000000,280.30000000,67907.17900000
4432,2023-01-09 16:00:00,280.40000000,283.50000000,276.60000000,276.80000000,78356.59700000
4433,2023-01-09 20:00:00,276.70000000,277.10000000,271.30000000,272.60000000,73734.10700000
4434,2023-01-10 00:00:00,272.60000000,276.30000000,270.20000000,273.80000000,54730.79800000
4435,2023-01-10 04:00:00,273.80000000,275.20000000,273.00000000,274.40000000,26311.89200000
4436,2023-01-10 08:00:00,274.50000000,276.90000000,274.10000000,275.00000000,42875.99000000
4437,2023-01-10 12:00:00,275.00000000,276.60000000,273.50000000,275.90000000,52451.05300000
4438,2023-01-10 16:00:00,275.90000000,276.40000000,274.30000000,276.20000000,37984.53400000
4439,2023-01-10 20:00:00,276.30000000,278.80000000,276.00000000,277.10000000,45584.29500000
4440,2023-01-11 00:00:00,277.20000000,278.00000000,274.10000000,275.00000000,38667.71600000
4441,2023-01-11 04:00:00,274.90000000,278.00000000,274.20000000,277.80000000,35856.97700000
4442,2023-01-11 08:00:00,277.70000000,278.70000000,277.00000000,277.80000000,26502.82800000
4443,2023-01-11 12:00:00,277.90000000,279.10000000,276.30000000,276.80000000,45504.08400000
4444,2023-01-11 16:00:00,276.80000000,279.90000000,275.60000000,279.80000000,45982.72800000
4445,2023-01-11 20:00:00,279.80000000,287.70000000,278.80000000,284.80000000,73592.97100000
4446,2023-01-12 00:00:00,284.90000000,288.20000000,284.00000000,286.90000000,80818.43900000
4447,2023-01-12 04:00:00,286.90000000,287.30000000,284.30000000,285.10000000,34705.38900000
4448,2023-01-12 08:00:00,285.10000000,285.10000000,281.90000000,283.30000000,40487.03700000
4449,2023-01-12 12:00:00,283.40000000,286.40000000,278.50000000,281.60000000,110805.78200000
4450,2023-01-12 16:00:00,281.60000000,288.00000000,280.90000000,286.10000000,82096.50300000
4451,2023-01-12 20:00:00,286.20000000,288.60000000,285.60000000,287.70000000,42640.49100000
4452,2023-01-13 00:00:00,287.80000000,290.30000000,285.70000000,289.00000000,43467.77600000
4453,2023-01-13 04:00:00,289.10000000,291.70000000,287.50000000,287.90000000,47694.40400000
4454,2023-01-13 08:00:00,288.00000000,288.40000000,285.80000000,287.20000000,40599.57700000
4455,2023-01-13 12:00:00,287.20000000,289.20000000,284.90000000,288.80000000,46368.90000000
4456,2023-01-13 16:00:00,288.70000000,289.10000000,286.10000000,288.70000000,37664.91300000
4457,2023-01-13 20:00:00,288.70000000,296.00000000,288.10000000,293.70000000,97746.24100000
4458,2023-01-14 00:00:00,293.70000000,310.00000000,293.10000000,307.50000000,247942.23100000
4459,2023-01-14 04:00:00,307.50000000,314.30000000,305.20000000,310.80000000,137003.20200000
4460,2023-01-14 08:00:00,310.90000000,314.40000000,299.20000000,303.80000000,175497.51800000
4461,2023-01-14 12:00:00,303.80000000,308.00000000,301.40000000,304.20000000,89237.28800000
4462,2023-01-14 16:00:00,304.20000000,305.20000000,302.20000000,303.50000000,33209.10300000
4463,2023-01-14 20:00:00,303.60000000,306.30000000,302.90000000,305.10000000,23512.74500000
4464,2023-01-15 00:00:00,305.20000000,306.10000000,295.20000000,298.70000000,75852.96400000
4465,2023-01-15 04:00:00,298.80000000,299.20000000,294.30000000,297.40000000,36517.15500000
4466,2023-01-15 08:00:00,297.40000000,298.00000000,291.80000000,297.90000000,58887.76700000
4467,2023-01-15 12:00:00,297.80000000,303.60000000,296.30000000,302.70000000,50194.38100000
4468,2023-01-15 16:00:00,302.70000000,303.70000000,298.30000000,301.10000000,47347.44800000
4469,2023-01-15 20:00:00,301.00000000,303.00000000,300.20000000,302.20000000,19897.15300000
4470,2023-01-16 00:00:00,302.20000000,308.10000000,300.10000000,304.30000000,82025.27600000
4471,2023-01-16 04:00:00,304.30000000,306.50000000,302.30000000,303.00000000,38394.31100000
4472,2023-01-16 08:00:00,303.00000000,303.30000000,296.00000000,298.20000000,73251.71300000
4473,2023-01-16 12:00:00,298.10000000,301.00000000,293.10000000,298.00000000,67964.41000000
4474,2023-01-16 16:00:00,297.90000000,302.50000000,296.80000000,300.90000000,56248.85100000
4475,2023-01-16 20:00:00,301.00000000,302.10000000,298.40000000,299.00000000,33106.43200000
4476,2023-01-17 00:00:00,299.00000000,301.40000000,294.90000000,300.10000000,51933.19500000
4477,2023-01-17 04:00:00,300.10000000,301.30000000,298.00000000,301.00000000,35301.66400000
4478,2023-01-17 08:00:00,301.10000000,303.00000000,299.70000000,302.80000000,47789.34700000
4479,2023-01-17 12:00:00,302.70000000,305.80000000,300.10000000,302.50000000,81701.72100000
4480,2023-01-17 16:00:00,302.50000000,303.60000000,301.00000000,302.90000000,35489.09800000
4481,2023-01-17 20:00:00,303.00000000,303.40000000,299.10000000,299.40000000,27778.85100000
4482,2023-01-18 00:00:00,299.40000000,305.30000000,298.50000000,303.00000000,55095.52800000
4483,2023-01-18 04:00:00,303.00000000,303.90000000,301.10000000,301.50000000,24729.26100000
4484,2023-01-18 08:00:00,301.50000000,301.70000000,299.10000000,301.10000000,27692.07100000
4485,2023-01-18 12:00:00,301.10000000,305.10000000,288.70000000,294.50000000,117018.28500000
4486,2023-01-18 16:00:00,294.50000000,296.90000000,281.10000000,293.00000000,335781.10000000
4487,2023-01-18 20:00:00,293.00000000,293.40000000,286.30000000,286.70000000,60748.42000000
4488,2023-01-19 00:00:00,286.70000000,290.80000000,286.20000000,289.90000000,43041.48900000
4489,2023-01-19 04:00:00,289.90000000,291.60000000,289.40000000,290.40000000,24175.04500000
4490,2023-01-19 08:00:00,290.40000000,292.00000000,288.80000000,289.30000000,30437.51000000
4491,2023-01-19 12:00:00,289.40000000,291.20000000,286.10000000,290.00000000,59180.64800000
4492,2023-01-19 16:00:00,290.10000000,294.20000000,289.50000000,294.00000000,33134.24200000
4493,2023-01-19 20:00:00,294.00000000,295.50000000,292.90000000,294.60000000,25553.21200000
4494,2023-01-20 00:00:00,294.60000000,296.50000000,293.30000000,294.70000000,29899.06700000
4495,2023-01-20 04:00:00,294.80000000,295.70000000,286.60000000,288.10000000,79433.97800000
4496,2023-01-20 08:00:00,288.10000000,289.00000000,287.10000000,287.10000000,31464.01300000
4497,2023-01-20 12:00:00,287.10000000,290.20000000,286.80000000,289.60000000,52660.47100000
4498,2023-01-20 16:00:00,289.50000000,294.80000000,289.00000000,294.50000000,70451.30200000
4499,2023-01-20 20:00:00,294.50000000,305.40000000,294.40000000,305.10000000,159920.30500000
4500,2023-01-21 00:00:00,305.10000000,306.30000000,300.10000000,302.20000000,121017.63500000
4501,2023-01-21 04:00:00,302.20000000,305.80000000,301.90000000,304.80000000,47949.61400000
4502,2023-01-21 08:00:00,304.80000000,309.90000000,299.70000000,303.30000000,160650.50800000
4503,2023-01-21 12:00:00,303.30000000,305.80000000,301.30000000,301.90000000,76439.10900000
4504,2023-01-21 16:00:00,301.90000000,305.00000000,301.70000000,304.20000000,54154.19300000
4505,2023-01-21 20:00:00,304.30000000,304.70000000,298.40000000,299.00000000,47788.96500000
4506,2023-01-22 00:00:00,299.10000000,301.90000000,298.50000000,300.40000000,42731.51300000
4507,2023-01-22 04:00:00,300.40000000,302.60000000,300.00000000,302.30000000,27572.87200000
4508,2023-01-22 08:00:00,302.20000000,303.50000000,301.30000000,302.60000000,34432.07900000
4509,2023-01-22 12:00:00,302.70000000,307.40000000,300.70000000,303.40000000,85384.39000000
4510,2023-01-22 16:00:00,303.40000000,311.40000000,302.00000000,303.80000000,124952.21500000
4511,2023-01-22 20:00:00,303.80000000,304.00000000,298.60000000,303.00000000,73742.12300000
4512,2023-01-23 00:00:00,303.10000000,307.80000000,302.90000000,303.80000000,58978.18300000
4513,2023-01-23 04:00:00,303.90000000,306.30000000,302.80000000,303.60000000,30867.93800000
4514,2023-01-23 08:00:00,303.50000000,306.60000000,303.00000000,306.40000000,40278.75400000
4515,2023-01-23 12:00:00,306.50000000,306.90000000,300.80000000,303.60000000,92219.13000000
4516,2023-01-23 16:00:00,303.70000000,306.40000000,302.60000000,304.60000000,54200.41000000
4517,2023-01-23 20:00:00,304.70000000,306.70000000,304.30000000,305.10000000,25401.59000000
4518,2023-01-24 00:00:00,305.20000000,323.50000000,303.10000000,322.00000000,219251.45900000
4519,2023-01-24 04:00:00,321.90000000,322.70000000,317.60000000,318.10000000,84448.71800000
4520,2023-01-24 08:00:00,318.00000000,318.30000000,312.30000000,314.20000000,84631.66000000
4521,2023-01-24 12:00:00,314.20000000,316.40000000,311.10000000,316.00000000,74716.12100000
4522,2023-01-24 16:00:00,316.10000000,316.40000000,308.20000000,310.80000000,58549.38200000
4523,2023-01-24 20:00:00,310.90000000,311.00000000,299.20000000,300.30000000,108160.93900000
4524,2023-01-25 00:00:00,300.30000000,302.30000000,293.40000000,300.20000000,124627.47600000
4525,2023-01-25 04:00:00,300.30000000,303.80000000,299.90000000,303.20000000,38761.13600000
4526,2023-01-25 08:00:00,303.30000000,304.30000000,298.90000000,300.50000000,37868.04700000
4527,2023-01-25 12:00:00,300.50000000,304.20000000,297.10000000,300.20000000,75028.28300000
4528,2023-01-25 16:00:00,300.20000000,302.50000000,299.20000000,302.30000000,34555.08300000
4529,2023-01-25 20:00:00,302.40000000,314.00000000,302.30000000,306.90000000,136398.51400000
4530,2023-01-26 00:00:00,306.90000000,309.50000000,305.50000000,305.70000000,81281.34800000
4531,2023-01-26 04:00:00,305.80000000,309.10000000,304.80000000,305.90000000,50030.19600000
4532,2023-01-26 08:00:00,306.00000000,306.70000000,302.60000000,304.30000000,37513.89900000
4533,2023-01-26 12:00:00,304.30000000,309.30000000,303.30000000,303.70000000,88726.17600000
4534,2023-01-26 16:00:00,303.80000000,305.90000000,301.60000000,305.60000000,48290.31900000
4535,2023-01-26 20:00:00,305.60000000,307.10000000,303.50000000,304.70000000,36502.76700000
4536,2023-01-27 00:00:00,304.80000000,305.60000000,298.80000000,302.60000000,59071.24600000
4537,2023-01-27 04:00:00,302.70000000,306.10000000,302.20000000,305.90000000,35605.41700000
4538,2023-01-27 08:00:00,305.80000000,306.20000000,304.20000000,305.00000000,35064.79100000
4539,2023-01-27 12:00:00,304.90000000,305.80000000,301.70000000,303.80000000,55743.70400000
4540,2023-01-27 16:00:00,303.90000000,309.00000000,303.80000000,308.90000000,37328.07500000
4541,2023-01-27 20:00:00,309.00000000,310.50000000,305.30000000,308.00000000,48513.55700000
4542,2023-01-28 00:00:00,308.00000000,310.40000000,306.60000000,308.30000000,37777.75200000
4543,2023-01-28 04:00:00,308.30000000,313.60000000,307.20000000,308.40000000,55586.10800000
4544,2023-01-28 08:00:00,308.40000000,309.20000000,306.30000000,307.50000000,32757.48200000
4545,2023-01-28 12:00:00,307.40000000,307.60000000,303.60000000,306.20000000,55114.27500000
4546,2023-01-28 16:00:00,306.20000000,307.50000000,305.30000000,306.60000000,23683.37400000
4547,2023-01-28 20:00:00,306.60000000,306.80000000,304.20000000,306.10000000,24598.80900000
4548,2023-01-29 00:00:00,306.20000000,311.30000000,304.80000000,307.90000000,87242.95500000
4549,2023-01-29 04:00:00,307.90000000,308.90000000,307.40000000,308.60000000,18378.23600000
4550,2023-01-29 08:00:00,308.60000000,318.00000000,308.60000000,316.80000000,131744.47100000
4551,2023-01-29 12:00:00,316.90000000,320.20000000,313.70000000,318.40000000,89499.59200000
4552,2023-01-29 16:00:00,318.30000000,320.50000000,316.00000000,319.20000000,61230.53300000
4553,2023-01-29 20:00:00,319.20000000,319.30000000,315.80000000,317.20000000,42602.88600000
4554,2023-01-30 00:00:00,317.10000000,320.80000000,314.10000000,315.70000000,68078.18500000
4555,2023-01-30 04:00:00,315.60000000,316.40000000,312.20000000,312.60000000,38053.16600000
4556,2023-01-30 08:00:00,312.50000000,313.50000000,304.40000000,306.80000000,130902.91900000
4557,2023-01-30 12:00:00,306.80000000,311.30000000,305.30000000,308.80000000,68574.13100000
4558,2023-01-30 16:00:00,308.90000000,310.40000000,302.00000000,305.20000000,69208.03000000
4559,2023-01-30 20:00:00,305.20000000,307.20000000,302.40000000,307.20000000,38899.78100000
4560,2023-01-31 00:00:00,307.20000000,311.90000000,305.30000000,311.90000000,53253.77800000
4561,2023-01-31 04:00:00,311.80000000,314.40000000,309.80000000,311.80000000,65292.02900000
4562,2023-01-31 08:00:00,311.90000000,312.80000000,308.20000000,309.80000000,33122.87100000
4563,2023-01-31 12:00:00,309.80000000,313.70000000,309.60000000,312.60000000,53628.24700000
4564,2023-01-31 16:00:00,312.70000000,314.00000000,311.40000000,313.80000000,30478.92100000
4565,2023-01-31 20:00:00,313.90000000,313.90000000,308.40000000,312.00000000,42286.11200000
4566,2023-02-01 00:00:00,312.10000000,314.70000000,311.50000000,312.60000000,34485.83400000
4567,2023-02-01 04:00:00,312.60000000,312.90000000,306.30000000,307.70000000,49840.70600000
4568,2023-02-01 08:00:00,307.80000000,308.50000000,305.60000000,308.10000000,40064.92300000
4569,2023-02-01 12:00:00,308.20000000,310.70000000,306.40000000,307.10000000,57886.01700000
4570,2023-02-01 16:00:00,307.00000000,315.00000000,306.50000000,314.50000000,106519.49600000
4571,2023-02-01 20:00:00,314.50000000,319.40000000,313.20000000,317.00000000,102181.54700000
4572,2023-02-02 00:00:00,317.10000000,327.80000000,316.30000000,327.60000000,134234.04500000
4573,2023-02-02 04:00:00,327.60000000,334.40000000,326.10000000,328.70000000,163237.29500000
4574,2023-02-02 08:00:00,328.70000000,330.70000000,327.90000000,330.00000000,52360.53000000
4575,2023-02-02 12:00:00,330.00000000,332.10000000,324.90000000,328.30000000,92824.80200000
4576,2023-02-02 16:00:00,328.20000000,332.60000000,327.20000000,328.10000000,70147.08500000
4577,2023-02-02 20:00:00,328.20000000,330.90000000,321.70000000,323.50000000,74852.12400000
4578,2023-02-03 00:00:00,323.50000000,327.30000000,318.30000000,321.30000000,98574.45800000
4579,2023-02-03 04:00:00,321.30000000,324.40000000,320.70000000,322.60000000,38081.92800000
4580,2023-02-03 08:00:00,322.70000000,329.40000000,321.00000000,329.20000000,58801.48400000
4581,2023-02-03 12:00:00,329.20000000,335.50000000,326.10000000,331.50000000,271135.48000000
4582,2023-02-03 16:00:00,331.60000000,334.00000000,329.80000000,329.90000000,69000.05300000
4583,2023-02-03 20:00:00,329.90000000,332.50000000,328.30000000,332.20000000,43983.75900000
4584,2023-02-04 00:00:00,332.30000000,334.10000000,328.90000000,329.30000000,41504.69400000
4585,2023-02-04 04:00:00,329.20000000,329.70000000,327.00000000,328.50000000,39527.77000000
4586,2023-02-04 08:00:00,328.50000000,330.30000000,327.60000000,329.20000000,29347.91800000
4587,2023-02-04 12:00:00,329.30000000,332.60000000,328.40000000,331.10000000,42527.87300000
4588,2023-02-04 16:00:00,331.20000000,333.20000000,330.00000000,330.30000000,35495.70600000
4589,2023-02-04 20:00:00,330.30000000,332.00000000,329.30000000,330.40000000,23705.66500000
4590,2023-02-05 00:00:00,330.40000000,334.40000000,328.60000000,329.50000000,54796.38400000
4591,2023-02-05 04:00:00,329.50000000,333.30000000,328.70000000,332.00000000,38745.69100000
4592,2023-02-05 08:00:00,332.00000000,337.80000000,331.90000000,332.50000000,78510.77500000
4593,2023-02-05 12:00:00,332.50000000,333.30000000,324.10000000,326.70000000,132616.56800000
4594,2023-02-05 16:00:00,326.60000000,328.20000000,324.00000000,326.90000000,60453.09300000
4595,2023-02-05 20:00:00,326.90000000,328.50000000,324.70000000,327.80000000,31392.20000000
4596,2023-02-06 00:00:00,327.80000000,330.10000000,324.30000000,325.30000000,53907.78200000
4597,2023-02-06 04:00:00,325.40000000,327.00000000,320.70000000,326.90000000,56983.00400000
4598,2023-02-06 08:00:00,326.80000000,328.00000000,324.70000000,327.60000000,37924.21100000
4599,2023-02-06 12:00:00,327.60000000,330.10000000,325.90000000,330.00000000,45941.12400000
4600,2023-02-06 16:00:00,330.00000000,331.50000000,327.70000000,328.90000000,57132.65900000
4601,2023-02-06 20:00:00,329.00000000,329.50000000,323.90000000,324.30000000,39076.22000000
4602,2023-02-07 00:00:00,324.40000000,327.60000000,323.20000000,326.60000000,34154.54400000
4603,2023-02-07 04:00:00,326.70000000,329.10000000,326.30000000,329.10000000,36306.82100000
4604,2023-02-07 08:00:00,329.00000000,331.80000000,327.80000000,330.00000000,46441.18400000
4605,2023-02-07 12:00:00,329.90000000,330.60000000,327.30000000,327.80000000,40155.55200000
4606,2023-02-07 16:00:00,327.80000000,332.80000000,326.00000000,330.60000000,69715.88500000
4607,2023-02-07 20:00:00,330.60000000,333.70000000,329.80000000,333.00000000,39130.84700000
4608,2023-02-08 00:00:00,333.10000000,335.80000000,331.30000000,331.70000000,43811.96500000
4609,2023-02-08 04:00:00,331.80000000,332.20000000,330.60000000,331.80000000,30651.09800000
4610,2023-02-08 08:00:00,331.80000000,331.90000000,329.10000000,331.60000000,36298.74900000
4611,2023-02-08 12:00:00,331.70000000,332.60000000,326.80000000,327.30000000,70807.89700000
4612,2023-02-08 16:00:00,327.40000000,329.20000000,323.60000000,326.60000000,73617.74300000
4613,2023-02-08 20:00:00,326.70000000,328.60000000,325.10000000,328.20000000,31678.41500000
4614,2023-02-09 00:00:00,328.20000000,329.30000000,316.60000000,319.60000000,146073.49100000
4615,2023-02-09 04:00:00,319.70000000,322.60000000,317.20000000,322.20000000,74207.40900000
4616,2023-02-09 08:00:00,322.20000000,323.90000000,320.00000000,320.70000000,48573.19700000
4617,2023-02-09 12:00:00,320.60000000,322.60000000,318.10000000,318.80000000,79902.46300000
4618,2023-02-09 16:00:00,318.80000000,319.40000000,308.10000000,311.50000000,101247.12400000
4619,2023-02-09 20:00:00,311.50000000,311.50000000,302.00000000,306.20000000,114608.88800000
4620,2023-02-10 00:00:00,306.20000000,307.90000000,305.00000000,306.70000000,56598.63700000
4621,2023-02-10 04:00:00,306.70000000,308.00000000,302.50000000,307.80000000,54491.08200000
4622,2023-02-10 08:00:00,307.80000000,309.20000000,305.50000000,306.50000000,51783.14000000
4623,2023-02-10 12:00:00,306.40000000,308.40000000,304.00000000,306.00000000,54700.80100000
4624,2023-02-10 16:00:00,306.10000000,308.70000000,304.90000000,308.50000000,44775.30200000
4625,2023-02-10 20:00:00,308.60000000,308.80000000,304.30000000,305.80000000,33436.01400000
4626,2023-02-11 00:00:00,305.90000000,308.70000000,305.10000000,308.10000000,34227.12900000
4627,2023-02-11 04:00:00,308.10000000,308.60000000,306.70000000,308.20000000,25172.11600000
4628,2023-02-11 08:00:00,308.20000000,308.90000000,307.10000000,308.50000000,20593.72100000
4629,2023-02-11 12:00:00,308.50000000,310.20000000,308.20000000,309.10000000,30761.15600000
4630,2023-02-11 16:00:00,309.10000000,309.40000000,307.00000000,308.50000000,22344.98500000
4631,2023-02-11 20:00:00,308.60000000,311.40000000,308.00000000,310.40000000,21389.65400000
4632,2023-02-12 00:00:00,310.50000000,310.70000000,307.60000000,307.60000000,17854.43300000
4633,2023-02-12 04:00:00,307.70000000,307.70000000,306.00000000,307.00000000,24927.68100000
4634,2023-02-12 08:00:00,307.00000000,309.50000000,306.90000000,308.70000000,22788.91600000
4635,2023-02-12 12:00:00,308.70000000,313.10000000,307.70000000,312.90000000,46833.46200000
4636,2023-02-12 16:00:00,312.80000000,321.00000000,312.80000000,319.10000000,111222.81800000
4637,2023-02-12 20:00:00,319.10000000,320.30000000,311.60000000,312.60000000,67872.96000000
4638,2023-02-13 00:00:00,312.60000000,313.50000000,306.60000000,311.90000000,81135.61100000
4639,2023-02-13 04:00:00,312.00000000,315.70000000,305.00000000,307.30000000,104374.15700000
4640,2023-02-13 08:00:00,307.40000000,307.40000000,288.40000000,292.60000000,472291.20200000
4641,2023-02-13 12:00:00,292.50000000,294.80000000,286.20000000,286.80000000,177157.10100000
4642,2023-02-13 16:00:00,286.90000000,289.60000000,282.80000000,288.90000000,173486.19100000
4643,2023-02-13 20:00:00,288.90000000,294.80000000,288.10000000,294.30000000,57541.33200000
4644,2023-02-14 00:00:00,294.30000000,294.40000000,289.80000000,290.80000000,86262.55500000
4645,2023-02-14 04:00:00,290.90000000,293.90000000,290.50000000,293.70000000,35681.73800000
4646,2023-02-14 08:00:00,293.80000000,294.70000000,290.70000000,292.70000000,45581.17900000
4647,2023-02-14 12:00:00,292.80000000,301.70000000,291.00000000,297.50000000,240181.22400000
4648,2023-02-14 16:00:00,297.50000000,298.70000000,295.20000000,298.10000000,58627.97600000
4649,2023-02-14 20:00:00,298.20000000,298.40000000,295.60000000,296.20000000,28363.98200000
4650,2023-02-15 00:00:00,296.20000000,297.30000000,294.00000000,296.70000000,44028.31500000
4651,2023-02-15 04:00:00,296.80000000,298.30000000,296.10000000,297.00000000,45465.12300000
4652,2023-02-15 08:00:00,297.00000000,301.70000000,296.40000000,301.60000000,60055.92600000
4653,2023-02-15 12:00:00,301.70000000,305.60000000,301.60000000,303.20000000,106542.24000000
4654,2023-02-15 16:00:00,303.20000000,307.80000000,301.00000000,307.40000000,69504.21800000
4655,2023-02-15 20:00:00,307.30000000,317.70000000,306.80000000,317.40000000,140326.12100000
4656,2023-02-16 00:00:00,317.50000000,327.80000000,316.30000000,321.50000000,215288.25700000
4657,2023-02-16 04:00:00,321.50000000,325.50000000,318.40000000,319.80000000,98118.66400000
4658,2023-02-16 08:00:00,319.80000000,323.50000000,318.20000000,319.30000000,95657.81500000
4659,2023-02-16 12:00:00,319.40000000,324.70000000,314.80000000,324.60000000,105010.12800000
4660,2023-02-16 16:00:00,324.70000000,326.50000000,318.20000000,319.40000000,133921.12500000
4661,2023-02-16 20:00:00,319.50000000,319.70000000,303.90000000,304.40000000,210145.90100000
4662,2023-02-17 00:00:00,304.40000000,310.00000000,302.80000000,309.60000000,104793.36600000
4663,2023-02-17 04:00:00,309.70000000,310.50000000,306.00000000,308.30000000,63205.77200000
4664,2023-02-17 08:00:00,308.30000000,311.00000000,307.70000000,309.70000000,42704.25300000
4665,2023-02-17 12:00:00,309.70000000,313.40000000,307.90000000,310.20000000,81374.01400000
4666,2023-02-17 16:00:00,310.10000000,315.50000000,307.10000000,314.80000000,80639.49200000
4667,2023-02-17 20:00:00,314.90000000,317.50000000,309.50000000,313.00000000,136019.29600000
4668,2023-02-18 00:00:00,313.00000000,315.90000000,312.90000000,315.10000000,47031.78700000
4669,2023-02-18 04:00:00,315.10000000,319.20000000,314.60000000,316.60000000,69051.59500000
4670,2023-02-18 08:00:00,316.70000000,317.00000000,313.20000000,314.80000000,42710.12900000
4671,2023-02-18 12:00:00,314.80000000,317.50000000,314.30000000,316.50000000,33333.39300000
4672,2023-02-18 16:00:00,316.50000000,317.20000000,314.60000000,315.00000000,64040.90500000
4673,2023-02-18 20:00:00,315.10000000,317.00000000,313.90000000,316.50000000,26317.58100000
4674,2023-02-19 00:00:00,316.60000000,318.90000000,314.40000000,315.10000000,67689.57500000
4675,2023-02-19 04:00:00,315.20000000,316.50000000,314.00000000,314.30000000,40597.94600000
4676,2023-02-19 08:00:00,314.40000000,315.80000000,313.90000000,315.70000000,36924.08400000
4677,2023-02-19 12:00:00,315.70000000,318.40000000,315.40000000,316.80000000,70485.32800000
4678,2023-02-19 16:00:00,316.70000000,318.40000000,310.90000000,312.70000000,80594.23600000
4679,2023-02-19 20:00:00,312.70000000,313.80000000,310.30000000,311.50000000,39713.10500000
4680,2023-02-20 00:00:00,311.50000000,316.80000000,308.00000000,316.40000000,79568.16200000
4681,2023-02-20 04:00:00,316.50000000,317.20000000,315.20000000,316.90000000,49950.20200000
4682,2023-02-20 08:00:00,316.90000000,319.80000000,315.20000000,318.10000000,165975.36500000
4683,2023-02-20 12:00:00,318.10000000,318.60000000,316.10000000,317.10000000,82425.80500000
4684,2023-02-20 16:00:00,317.20000000,317.40000000,312.80000000,314.70000000,95991.65700000
4685,2023-02-20 20:00:00,314.80000000,315.80000000,313.10000000,315.40000000,40572.60600000
4686,2023-02-21 00:00:00,315.50000000,317.30000000,314.20000000,315.50000000,76488.39500000
4687,2023-02-21 04:00:00,315.50000000,316.70000000,314.40000000,316.20000000,28595.49200000
4688,2023-02-21 08:00:00,316.30000000,317.40000000,311.30000000,311.70000000,92259.14800000
4689,2023-02-21 12:00:00,311.70000000,314.60000000,311.00000000,312.90000000,78441.64100000
4690,2023-02-21 16:00:00,313.00000000,314.10000000,311.00000000,313.20000000,41662.10200000
4691,2023-02-21 20:00:00,313.20000000,314.30000000,309.30000000,311.50000000,67714.51900000
4692,2023-02-22 00:00:00,311.50000000,311.90000000,305.10000000,308.90000000,85728.60100000
4693,2023-02-22 04:00:00,308.90000000,309.00000000,305.40000000,307.50000000,46948.09800000
4694,2023-02-22 08:00:00,307.50000000,308.30000000,304.00000000,307.90000000,49207.27500000
4695,2023-02-22 12:00:00,308.00000000,309.40000000,303.20000000,304.60000000,97250.27200000
4696,2023-02-22 16:00:00,304.60000000,308.70000000,303.60000000,307.80000000,51768.07100000
4697,2023-02-22 20:00:00,307.80000000,312.90000000,306.70000000,312.40000000,37442.66900000
4698,2023-02-23 00:00:00,312.50000000,315.30000000,310.50000000,313.10000000,50859.97700000
4699,2023-02-23 04:00:00,313.10000000,314.40000000,312.00000000,312.90000000,28516.60700000
4700,2023-02-23 08:00:00,312.80000000,313.40000000,306.00000000,307.00000000,52733.49200000
4701,2023-02-23 12:00:00,307.00000000,311.30000000,305.80000000,309.20000000,46551.86600000
4702,2023-02-23 16:00:00,309.10000000,309.60000000,306.40000000,309.20000000,61044.51100000
4703,2023-02-23 20:00:00,309.20000000,310.10000000,306.40000000,308.30000000,60934.78800000
4704,2023-02-24 00:00:00,308.30000000,311.00000000,307.50000000,309.50000000,37637.84800000
4705,2023-02-24 04:00:00,309.50000000,311.20000000,308.70000000,310.80000000,28049.94400000
4706,2023-02-24 08:00:00,310.80000000,312.10000000,308.10000000,310.30000000,38563.62000000
4707,2023-02-24 12:00:00,310.30000000,311.40000000,303.40000000,303.70000000,84391.35600000
4708,2023-02-24 16:00:00,303.80000000,304.30000000,298.60000000,302.40000000,102379.06900000
4709,2023-02-24 20:00:00,302.40000000,304.10000000,299.40000000,302.30000000,37704.56300000
4710,2023-02-25 00:00:00,302.30000000,303.00000000,300.10000000,300.50000000,24993.17500000
4711,2023-02-25 04:00:00,300.50000000,301.90000000,299.80000000,301.70000000,20298.93000000
4712,2023-02-25 08:00:00,301.80000000,302.40000000,299.80000000,300.60000000,20655.62300000
4713,2023-02-25 12:00:00,300.50000000,302.00000000,298.60000000,301.50000000,26487.02300000
4714,2023-02-25 16:00:00,301.50000000,302.70000000,299.00000000,300.50000000,31847.47600000
4715,2023-02-25 20:00:00,300.40000000,302.50000000,295.50000000,302.40000000,54256.18100000
4716,2023-02-26 00:00:00,302.50000000,303.70000000,300.70000000,303.30000000,23093.94300000
4717,2023-02-26 04:00:00,303.30000000,303.60000000,302.00000000,303.00000000,14796.79000000
4718,2023-02-26 08:00:00,303.10000000,303.80000000,302.40000000,303.40000000,18710.10700000
4719,2023-02-26 12:00:00,303.40000000,304.40000000,302.50000000,304.40000000,26932.16000000
4720,2023-02-26 16:00:00,304.40000000,308.80000000,303.90000000,308.60000000,34926.62000000
4721,2023-02-26 20:00:00,308.70000000,309.80000000,307.00000000,308.70000000,32959.54600000
4722,2023-02-27 00:00:00,308.70000000,309.40000000,307.50000000,308.10000000,25466.36700000
4723,2023-02-27 04:00:00,308.10000000,308.30000000,305.10000000,305.20000000,28134.87500000
4724,2023-02-27 08:00:00,305.30000000,305.50000000,303.60000000,305.10000000,32494.70800000
4725,2023-02-27 12:00:00,305.10000000,308.10000000,303.70000000,304.90000000,54875.09100000
4726,2023-02-27 16:00:00,305.00000000,305.10000000,300.50000000,303.10000000,64065.14400000
4727,2023-02-27 20:00:00,303.10000000,305.10000000,301.50000000,304.60000000,29369.63600000
4728,2023-02-28 00:00:00,304.70000000,305.70000000,303.50000000,305.10000000,22505.33400000
4729,2023-02-28 04:00:00,305.10000000,305.30000000,301.60000000,301.70000000,27334.87100000
4730,2023-02-28 08:00:00,301.80000000,302.60000000,301.00000000,302.30000000,32131.76700000
4731,2023-02-28 12:00:00,302.30000000,304.70000000,302.20000000,304.50000000,36293.66800000
4732,2023-02-28 16:00:00,304.50000000,305.00000000,301.50000000,302.00000000,28924.22500000
4733,2023-02-28 20:00:00,302.10000000,303.00000000,300.00000000,301.40000000,39459.32700000
4734,2023-03-01 00:00:00,301.50000000,304.20000000,300.50000000,304.20000000,29587.90900000
4735,2023-03-01 04:00:00,304.20000000,306.40000000,303.40000000,303.50000000,37569.21700000
4736,2023-03-01 08:00:00,303.60000000,305.40000000,302.80000000,303.40000000,37676.03600000
4737,2023-03-01 12:00:00,303.40000000,304.50000000,302.10000000,303.40000000,39627.39400000
4738,2023-03-01 16:00:00,303.30000000,303.40000000,300.60000000,300.90000000,31426.22700000
4739,2023-03-01 20:00:00,300.90000000,303.00000000,300.60000000,302.70000000,24997.11000000
4740,2023-03-02 00:00:00,302.60000000,303.80000000,298.00000000,299.90000000,39532.97800000
4741,2023-03-02 04:00:00,299.90000000,300.50000000,298.30000000,299.10000000,25791.28600000
4742,2023-03-02 08:00:00,299.20000000,299.20000000,296.70000000,299.00000000,33096.72200000
4743,2023-03-02 12:00:00,298.90000000,299.70000000,295.80000000,297.80000000,46090.59600000
4744,2023-03-02 16:00:00,297.90000000,300.70000000,296.40000000,300.50000000,32503.46300000
4745,2023-03-02 20:00:00,300.60000000,300.80000000,299.40000000,299.80000000,23949.79700000
4746,2023-03-03 00:00:00,299.80000000,300.00000000,286.60000000,290.20000000,110925.96000000
4747,2023-03-03 04:00:00,290.20000000,291.90000000,289.30000000,291.00000000,43760.78700000
4748,2023-03-03 08:00:00,291.00000000,291.90000000,289.30000000,289.70000000,37597.20400000
4749,2023-03-03 12:00:00,289.70000000,290.30000000,287.40000000,289.00000000,35042.71800000
4750,2023-03-03 16:00:00,289.00000000,290.20000000,288.30000000,289.60000000,20737.26600000
4751,2023-03-03 20:00:00,289.60000000,290.50000000,287.40000000,290.40000000,18563.62900000
4752,2023-03-04 00:00:00,290.50000000,291.50000000,289.80000000,290.10000000,13587.04600000
4753,2023-03-04 04:00:00,290.10000000,290.60000000,289.00000000,290.20000000,12395.71300000
4754,2023-03-04 08:00:00,290.20000000,291.20000000,289.30000000,291.20000000,18810.42600000
4755,2023-03-04 12:00:00,291.10000000,291.30000000,290.10000000,290.10000000,16352.13000000
4756,2023-03-04 16:00:00,290.20000000,290.80000000,288.50000000,288.60000000,23499.83900000
4757,2023-03-04 20:00:00,288.60000000,289.60000000,285.80000000,289.60000000,43201.71100000
4758,2023-03-05 00:00:00,289.60000000,292.80000000,288.00000000,290.50000000,36943.61600000
4759,2023-03-05 04:00:00,290.50000000,291.50000000,290.00000000,290.50000000,13690.47200000
4760,2023-03-05 08:00:00,290.40000000,291.40000000,289.80000000,291.20000000,16625.20400000
4761,2023-03-05 12:00:00,291.10000000,291.90000000,290.80000000,291.00000000,20539.73000000
4762,2023-03-05 16:00:00,290.90000000,291.30000000,289.30000000,289.50000000,18140.80300000
4763,2023-03-05 20:00:00,289.40000000,290.80000000,287.40000000,288.70000000,22516.73400000
4764,2023-03-06 00:00:00,288.80000000,289.70000000,285.00000000,286.90000000,44888.13000000
4765,2023-03-06 04:00:00,286.90000000,287.30000000,285.00000000,285.10000000,25049.50400000
4766,2023-03-06 08:00:00,285.20000000,285.50000000,283.70000000,284.20000000,38089.04500000
4767,2023-03-06 12:00:00,284.20000000,288.10000000,283.30000000,287.90000000,33136.23800000
4768,2023-03-06 16:00:00,288.00000000,289.10000000,286.90000000,287.50000000,28346.93100000
4769,2023-03-06 20:00:00,287.60000000,288.60000000,286.60000000,287.80000000,35710.90900000
4770,2023-03-07 00:00:00,287.90000000,289.60000000,286.90000000,288.40000000,28101.21700000
4771,2023-03-07 04:00:00,288.50000000,288.70000000,286.80000000,287.10000000,21385.78700000
4772,2023-03-07 08:00:00,287.10000000,287.70000000,285.30000000,285.50000000,27090.02700000
4773,2023-03-07 12:00:00,285.50000000,288.50000000,283.40000000,287.30000000,53981.31200000
4774,2023-03-07 16:00:00,287.40000000,290.50000000,285.80000000,287.30000000,37516.92200000
4775,2023-03-07 20:00:00,287.30000000,289.40000000,285.50000000,289.30000000,32536.09200000
4776,2023-03-08 00:00:00,289.30000000,290.70000000,288.70000000,289.60000000,26267.51500000
4777,2023-03-08 04:00:00,289.60000000,289.90000000,285.10000000,285.80000000,38697.11900000
4778,2023-03-08 08:00:00,285.80000000,288.10000000,285.40000000,287.90000000,22075.95100000
4779,2023-03-08 12:00:00,287.80000000,293.40000000,285.10000000,292.70000000,79573.79000000
4780,2023-03-08 16:00:00,292.70000000,294.30000000,289.00000000,289.60000000,46448.66500000
4781,2023-03-08 20:00:00,289.60000000,292.00000000,286.10000000,287.10000000,47875.33400000
4782,2023-03-09 00:00:00,287.10000000,291.40000000,286.10000000,289.60000000,39087.49700000
4783,2023-03-09 04:00:00,289.60000000,290.50000000,288.70000000,289.10000000,21353.72900000
4784,2023-03-09 08:00:00,289.10000000,289.50000000,287.20000000,289.50000000,32639.33800000
4785,2023-03-09 12:00:00,289.40000000,291.10000000,288.10000000,289.30000000,36314.76100000
4786,2023-03-09 16:00:00,289.40000000,289.90000000,278.80000000,280.10000000,73587.06100000
4787,2023-03-09 20:00:00,280.10000000,280.10000000,271.20000000,277.10000000,116014.46500000
4788,2023-03-10 00:00:00,277.10000000,277.10000000,271.70000000,273.90000000,67446.49100000
4789,2023-03-10 04:00:00,273.90000000,274.40000000,270.70000000,273.30000000,54678.48600000
4790,2023-03-10 08:00:00,273.20000000,273.60000000,265.00000000,267.40000000,101615.14500000
4791,2023-03-10 12:00:00,267.40000000,275.20000000,266.70000000,274.50000000,98532.49100000
4792,2023-03-10 16:00:00,274.60000000,277.30000000,273.60000000,277.00000000,45577.77200000
4793,2023-03-10 20:00:00,276.90000000,278.10000000,274.70000000,277.40000000,36442.58700000
4794,2023-03-11 00:00:00,277.50000000,281.80000000,277.00000000,278.90000000,90613.50000000
4795,2023-03-11 04:00:00,279.00000000,279.90000000,271.90000000,272.10000000,83869.14300000
4796,2023-03-11 08:00:00,272.20000000,277.00000000,271.20000000,274.90000000,69954.41500000
4797,2023-03-11 12:00:00,274.90000000,276.20000000,271.80000000,272.20000000,40660.25400000
4798,2023-03-11 16:00:00,272.30000000,273.70000000,270.50000000,272.50000000,51264.18100000
4799,2023-03-11 20:00:00,272.50000000,276.10000000,272.10000000,276.00000000,33988.71400000
4800,2023-03-12 00:00:00,276.00000000,278.10000000,274.10000000,276.60000000,33902.34100000
4801,2023-03-12 04:00:00,276.60000000,278.20000000,275.20000000,275.80000000,29536.87600000
4802,2023-03-12 08:00:00,275.80000000,276.60000000,274.90000000,276.30000000,26147.92200000
4803,2023-03-12 12:00:00,276.30000000,276.40000000,273.40000000,273.80000000,35907.27500000
4804,2023-03-12 16:00:00,273.70000000,282.50000000,273.20000000,277.80000000,93801.08100000
4805,2023-03-12 20:00:00,277.80000000,288.80000000,277.50000000,288.10000000,96947.62200000
4806,2023-03-13 00:00:00,288.10000000,292.00000000,286.10000000,286.70000000,86106.40200000
4807,2023-03-13 04:00:00,286.70000000,309.00000000,286.10000000,304.80000000,359197.17800000
4808,2023-03-13 08:00:00,304.80000000,306.50000000,293.40000000,296.90000000,141936.53900000
4809,2023-03-13 12:00:00,296.80000000,314.10000000,294.20000000,308.80000000,263073.51600000
4810,2023-03-13 16:00:00,308.80000000,310.40000000,305.90000000,306.80000000,97568.81100000
4811,2023-03-13 20:00:00,306.80000000,309.80000000,305.40000000,307.90000000,43870.01800000
4812,2023-03-14 00:00:00,307.90000000,308.40000000,305.20000000,306.20000000,55589.15900000
4813,2023-03-14 04:00:00,306.20000000,308.20000000,303.60000000,304.10000000,55233.03100000
4814,2023-03-14 08:00:00,304.20000000,307.50000000,302.00000000,306.10000000,57305.30100000
4815,2023-03-14 12:00:00,306.20000000,319.50000000,303.60000000,317.50000000,299814.81100000
4816,2023-03-14 16:00:00,317.60000000,318.10000000,306.20000000,311.00000000,146286.04200000
4817,2023-03-14 20:00:00,311.10000000,312.10000000,304.40000000,308.40000000,89473.86400000
4818,2023-03-15 00:00:00,308.50000000,311.40000000,306.10000000,309.80000000,47279.22100000
4819,2023-03-15 04:00:00,309.80000000,312.70000000,308.80000000,312.50000000,38946.45900000
4820,2023-03-15 08:00:00,312.40000000,312.50000000,303.80000000,308.00000000,69861.36100000
4821,2023-03-15 12:00:00,308.00000000,311.50000000,304.30000000,305.10000000,124365.64200000
4822,2023-03-15 16:00:00,305.20000000,306.70000000,300.00000000,305.60000000,101143.47800000
4823,2023-03-15 20:00:00,305.70000000,307.90000000,304.80000000,306.30000000,31655.61200000
4824,2023-03-16 00:00:00,306.30000000,313.50000000,302.80000000,309.80000000,93037.61900000
4825,2023-03-16 04:00:00,309.80000000,321.90000000,308.20000000,321.30000000,170862.25300000
4826,2023-03-16 08:00:00,321.20000000,321.70000000,314.20000000,315.70000000,161593.53100000
4827,2023-03-16 12:00:00,315.80000000,328.40000000,307.80000000,326.80000000,520419.80000000
4828,2023-03-16 16:00:00,326.80000000,330.80000000,325.00000000,329.60000000,196316.28000000
4829,2023-03-16 20:00:00,329.70000000,332.80000000,326.70000000,329.40000000,109074.40700000
4830,2023-03-17 00:00:00,329.40000000,333.30000000,325.00000000,331.40000000,158164.31600000
4831,2023-03-17 04:00:00,331.50000000,333.40000000,329.30000000,329.70000000,95754.31900000
4832,2023-03-17 08:00:00,329.70000000,336.70000000,329.70000000,334.60000000,152119.42000000
4833,2023-03-17 12:00:00,334.60000000,335.30000000,328.60000000,331.20000000,137003.84400000
4834,2023-03-17 16:00:00,331.20000000,335.60000000,330.20000000,335.30000000,71890.15700000
4835,2023-03-17 20:00:00,335.30000000,340.00000000,333.20000000,338.90000000,111805.41200000
4836,2023-03-18 00:00:00,339.00000000,345.10000000,338.00000000,343.60000000,136824.97100000
4837,2023-03-18 04:00:00,343.60000000,346.30000000,342.30000000,344.30000000,64512.04400000
4838,2023-03-18 08:00:00,344.30000000,344.30000000,340.30000000,343.40000000,61509.83800000
4839,2023-03-18 12:00:00,343.40000000,344.30000000,330.00000000,332.50000000,212413.78700000
4840,2023-03-18 16:00:00,332.50000000,337.80000000,328.00000000,336.20000000,125852.61600000
4841,2023-03-18 20:00:00,336.30000000,338.40000000,330.00000000,331.00000000,61585.25500000
4842,2023-03-19 00:00:00,331.10000000,336.30000000,330.30000000,333.70000000,53759.39500000
4843,2023-03-19 04:00:00,333.80000000,335.80000000,331.90000000,335.80000000,43373.37200000
4844,2023-03-19 08:00:00,335.80000000,337.70000000,333.20000000,337.10000000,48202.18600000
4845,2023-03-19 12:00:00,337.20000000,341.70000000,337.10000000,339.40000000,80713.84700000
4846,2023-03-19 16:00:00,339.40000000,341.00000000,335.10000000,339.70000000,107539.69000000
4847,2023-03-19 20:00:00,339.70000000,340.80000000,335.10000000,336.70000000,68384.12900000
4848,2023-03-20 00:00:00,336.70000000,337.50000000,332.30000000,333.30000000,76965.07200000
4849,2023-03-20 04:00:00,333.30000000,335.80000000,331.60000000,334.70000000,79407.63900000
4850,2023-03-20 08:00:00,334.70000000,338.90000000,334.20000000,337.20000000,91534.31300000
4851,2023-03-20 12:00:00,337.30000000,339.00000000,335.00000000,337.50000000,79801.63200000
4852,2023-03-20 16:00:00,337.50000000,339.10000000,334.30000000,336.00000000,91825.23700000
4853,2023-03-20 20:00:00,336.00000000,337.00000000,331.30000000,332.50000000,91970.62900000
4854,2023-03-21 00:00:00,332.50000000,336.10000000,331.60000000,334.90000000,58215.56500000
4855,2023-03-21 04:00:00,334.90000000,335.80000000,327.10000000,328.70000000,78044.79100000
4856,2023-03-21 08:00:00,328.70000000,335.00000000,327.60000000,334.90000000,80445.27200000
4857,2023-03-21 12:00:00,334.80000000,338.10000000,334.20000000,337.70000000,106582.64600000
4858,2023-03-21 16:00:00,337.80000000,339.90000000,335.00000000,337.90000000,87921.49400000
4859,2023-03-21 20:00:00,337.90000000,338.70000000,334.30000000,334.40000000,66233.92100000
4860,2023-03-22 00:00:00,334.50000000,336.20000000,331.40000000,335.20000000,94952.16100000
4861,2023-03-22 04:00:00,335.30000000,339.50000000,335.10000000,336.80000000,162287.16500000
4862,2023-03-22 08:00:00,336.80000000,338.10000000,323.50000000,324.10000000,424415.10400000
4863,2023-03-22 12:00:00,324.20000000,330.80000000,321.80000000,327.80000000,236954.04800000
4864,2023-03-22 16:00:00,327.80000000,330.70000000,316.40000000,316.90000000,280060.34800000
4865,2023-03-22 20:00:00,316.90000000,323.10000000,316.00000000,321.10000000,87546.95100000
4866,2023-03-23 00:00:00,321.20000000,322.30000000,318.90000000,320.50000000,52926.49800000
4867,2023-03-23 04:00:00,320.60000000,324.30000000,320.40000000,324.00000000,45010.01000000
4868,2023-03-23 08:00:00,324.00000000,326.20000000,323.10000000,325.30000000,48617.17700000
4869,2023-03-23 12:00:00,325.30000000,331.50000000,321.10000000,330.60000000,118581.61900000
4870,2023-03-23 16:00:00,330.70000000,332.10000000,325.50000000,329.90000000,81991.85000000
4871,2023-03-23 20:00:00,329.80000000,330.00000000,327.70000000,329.40000000,35967.43700000
4872,2023-03-24 00:00:00,329.40000000,330.00000000,327.00000000,327.20000000,32749.48800000
4873,2023-03-24 04:00:00,327.20000000,327.60000000,324.80000000,324.90000000,51298.29400000
4874,2023-03-24 08:00:00,324.80000000,325.10000000,321.60000000,323.80000000,57413.13700000
4875,2023-03-24 12:00:00,323.70000000,324.40000000,319.50000000,321.00000000,64610.74700000
4876,2023-03-24 16:00:00,321.00000000,322.40000000,316.90000000,322.10000000,58005.04700000
4877,2023-03-24 20:00:00,322.20000000,323.00000000,318.40000000,322.10000000,42953.28900000
4878,2023-03-25 00:00:00,322.10000000,324.70000000,321.50000000,323.80000000,41515.41200000
4879,2023-03-25 04:00:00,323.90000000,324.50000000,322.20000000,323.60000000,36471.66300000
4880,2023-03-25 08:00:00,323.50000000,324.40000000,322.20000000,323.90000000,29018.45400000
4881,2023-03-25 12:00:00,324.00000000,324.90000000,322.70000000,324.10000000,33204.26400000
4882,2023-03-25 16:00:00,324.10000000,324.40000000,319.00000000,319.70000000,149922.93600000
4883,2023-03-25 20:00:00,319.70000000,322.90000000,319.20000000,322.40000000,26985.60300000
4884,2023-03-26 00:00:00,322.40000000,324.00000000,321.70000000,323.40000000,15543.21500000
4885,2023-03-26 04:00:00,323.30000000,324.30000000,323.00000000,324.00000000,17519.90000000
4886,2023-03-26 08:00:00,324.00000000,327.40000000,323.70000000,327.20000000,38921.67200000
4887,2023-03-26 12:00:00,327.30000000,328.50000000,325.30000000,326.70000000,44078.65600000
4888,2023-03-26 16:00:00,326.80000000,328.40000000,325.60000000,328.10000000,29224.63300000
4889,2023-03-26 20:00:00,328.00000000,329.50000000,326.20000000,328.60000000,59412.11700000
4890,2023-03-27 00:00:00,328.60000000,329.10000000,327.00000000,327.90000000,21877.85800000
4891,2023-03-27 04:00:00,328.00000000,328.50000000,325.60000000,326.10000000,29270.79300000
4892,2023-03-27 08:00:00,326.10000000,328.80000000,325.80000000,328.60000000,30627.83900000
4893,2023-03-27 12:00:00,328.50000000,329.80000000,312.00000000,314.20000000,253038.33500000
4894,2023-03-27 16:00:00,314.20000000,315.70000000,306.10000000,306.30000000,170369.89900000
4895,2023-03-27 20:00:00,306.40000000,311.90000000,305.90000000,310.60000000,72854.83100000
4896,2023-03-28 00:00:00,310.60000000,312.60000000,307.50000000,307.60000000,57932.34300000
4897,2023-03-28 04:00:00,307.70000000,311.90000000,306.80000000,309.00000000,55161.11200000
4898,2023-03-28 08:00:00,309.00000000,311.80000000,307.40000000,311.40000000,55552.52000000
4899,2023-03-28 12:00:00,311.40000000,312.60000000,308.70000000,311.50000000,74113.84300000
4900,2023-03-28 16:00:00,311.50000000,315.80000000,309.90000000,314.60000000,58195.71100000
4901,2023-03-28 20:00:00,314.60000000,314.80000000,311.70000000,313.20000000,28442.89500000
4902,2023-03-29 00:00:00,313.30000000,315.40000000,312.70000000,313.50000000,33407.87500000
4903,2023-03-29 04:00:00,313.50000000,316.90000000,312.40000000,316.50000000,67934.57900000
4904,2023-03-29 08:00:00,316.50000000,319.90000000,316.30000000,317.70000000,78562.02700000
4905,2023-03-29 12:00:00,317.70000000,318.00000000,314.10000000,316.50000000,67477.34600000
4906,2023-03-29 16:00:00,316.60000000,316.60000000,315.00000000,316.20000000,30589.76500000
4907,2023-03-29 20:00:00,316.20000000,316.80000000,312.80000000,313.70000000,49310.63400000
4908,2023-03-30 00:00:00,313.80000000,318.30000000,309.10000000,313.10000000,147891.17500000
4909,2023-03-30 04:00:00,313.10000000,320.80000000,312.20000000,315.50000000,108163.13100000
4910,2023-03-30 08:00:00,315.50000000,317.80000000,313.90000000,317.30000000,84244.09800000
4911,2023-03-30 12:00:00,317.30000000,317.90000000,315.00000000,315.80000000,57151.35300000
4912,2023-03-30 16:00:00,315.90000000,316.40000000,313.20000000,316.10000000,61024.75600000
4913,2023-03-30 20:00:00,316.10000000,317.50000000,315.30000000,316.40000000,37682.22500000
4914,2023-03-31 00:00:00,316.40000000,318.20000000,315.60000000,316.60000000,32225.24300000
4915,2023-03-31 04:00:00,316.60000000,316.90000000,311.80000000,313.90000000,45985.38400000
4916,2023-03-31 08:00:00,313.90000000,317.30000000,313.70000000,316.00000000,47691.22200000
4917,2023-03-31 12:00:00,315.90000000,319.80000000,315.00000000,316.50000000,78895.73300000
4918,2023-03-31 16:00:00,316.50000000,317.90000000,316.30000000,316.60000000,26774.86400000
4919,2023-03-31 20:00:00,316.70000000,317.80000000,315.30000000,316.90000000,34697.61800000
4920,2023-04-01 00:00:00,317.00000000,319.00000000,315.00000000,315.10000000,46154.95800000
4921,2023-04-01 04:00:00,315.00000000,316.40000000,313.90000000,314.20000000,39357.70700000
4922,2023-04-01 08:00:00,314.30000000,315.20000000,314.20000000,314.40000000,23896.38200000
4923,2023-04-01 12:00:00,314.40000000,314.90000000,313.50000000,313.70000000,29439.80500000
4924,2023-04-01 16:00:00,313.70000000,315.00000000,313.00000000,314.40000000,25440.98000000
4925,2023-04-01 20:00:00,314.50000000,315.70000000,314.30000000,314.90000000,21614.35100000
4926,2023-04-02 00:00:00,314.90000000,315.80000000,314.00000000,315.70000000,16772.71800000
4927,2023-04-02 04:00:00,315.70000000,316.20000000,315.20000000,315.30000000,17232.51400000
4928,2023-04-02 08:00:00,315.30000000,315.50000000,314.40000000,314.80000000,16543.82800000
4929,2023-04-02 12:00:00,314.90000000,315.00000000,312.00000000,313.20000000,43240.26700000
4930,2023-04-02 16:00:00,313.30000000,314.10000000,310.70000000,311.70000000,32664.59900000
4931,2023-04-02 20:00:00,311.60000000,314.00000000,311.30000000,313.70000000,23351.74100000
4932,2023-04-03 00:00:00,313.80000000,314.10000000,309.20000000,309.70000000,40856.29400000
4933,2023-04-03 04:00:00,309.70000000,311.10000000,308.70000000,310.90000000,30070.96700000
4934,2023-04-03 08:00:00,311.00000000,313.90000000,310.90000000,312.00000000,44662.91000000
4935,2023-04-03 12:00:00,312.10000000,312.90000000,309.00000000,310.50000000,53112.14800000
4936,2023-04-03 16:00:00,310.50000000,312.40000000,308.30000000,311.80000000,72558.26100000
4937,2023-04-03 20:00:00,311.70000000,311.80000000,299.50000000,308.80000000,209716.39300000
4938,2023-04-04 00:00:00,308.80000000,310.50000000,308.20000000,309.70000000,52452.25100000
4939,2023-04-04 04:00:00,309.70000000,311.10000000,309.10000000,309.80000000,37536.43100000
4940,2023-04-04 08:00:00,309.80000000,311.90000000,309.50000000,311.10000000,81046.35600000
4941,2023-04-04 12:00:00,311.10000000,312.70000000,310.40000000,311.20000000,76527.34800000
4942,2023-04-04 16:00:00,311.20000000,311.50000000,310.50000000,311.40000000,27838.02200000
4943,2023-04-04 20:00:00,311.40000000,311.80000000,310.50000000,310.80000000,30580.06700000
4944,2023-04-05 00:00:00,310.80000000,314.90000000,310.20000000,314.60000000,72750.50100000
4945,2023-04-05 04:00:00,314.60000000,315.90000000,313.80000000,314.70000000,41835.70500000
4946,2023-04-05 08:00:00,314.60000000,315.70000000,313.90000000,315.70000000,39338.41500000
4947,2023-04-05 12:00:00,315.70000000,316.80000000,310.70000000,312.20000000,105614.08700000
4948,2023-04-05 16:00:00,312.20000000,314.00000000,311.20000000,313.80000000,36732.27700000
4949,2023-04-05 20:00:00,313.80000000,314.80000000,313.50000000,313.90000000,24079.37800000
4950,2023-04-06 00:00:00,314.00000000,315.20000000,311.30000000,314.00000000,51023.73800000
4951,2023-04-06 04:00:00,314.00000000,314.60000000,311.70000000,312.10000000,37294.55900000
4952,2023-04-06 08:00:00,312.20000000,312.80000000,310.60000000,312.10000000,49727.61600000
4953,2023-04-06 12:00:00,312.10000000,313.30000000,311.40000000,313.00000000,51591.49400000
4954,2023-04-06 16:00:00,313.00000000,313.50000000,312.30000000,312.70000000,22584.24300000
4955,2023-04-06 20:00:00,312.70000000,313.00000000,312.00000000,312.30000000,20425.49700000
4956,2023-04-07 00:00:00,312.30000000,312.80000000,311.00000000,311.80000000,31788.88300000
4957,2023-04-07 04:00:00,311.90000000,312.00000000,309.70000000,310.30000000,39920.74800000
4958,2023-04-07 08:00:00,310.20000000,310.80000000,309.70000000,310.50000000,31641.33100000
4959,2023-04-07 12:00:00,310.50000000,311.30000000,309.80000000,311.00000000,37076.76400000
4960,2023-04-07 16:00:00,311.10000000,311.80000000,310.40000000,310.70000000,17092.95100000
4961,2023-04-07 20:00:00,310.80000000,311.50000000,310.10000000,310.30000000,22342.68500000
4962,2023-04-08 00:00:00,310.40000000,311.90000000,310.10000000,311.70000000,26485.21300000
4963,2023-04-08 04:00:00,311.70000000,312.40000000,311.40000000,312.00000000,19891.43100000
4964,2023-04-08 08:00:00,312.00000000,312.40000000,311.60000000,311.70000000,27301.25100000
4965,2023-04-08 12:00:00,311.80000000,312.30000000,311.40000000,312.20000000,27882.02100000
4966,2023-04-08 16:00:00,312.30000000,312.70000000,310.10000000,310.70000000,39527.85900000
4967,2023-04-08 20:00:00,310.80000000,311.10000000,310.10000000,310.50000000,24285.16900000
4968,2023-04-09 00:00:00,310.60000000,312.00000000,310.40000000,311.20000000,18913.45600000
4969,2023-04-09 04:00:00,311.30000000,311.40000000,309.60000000,309.90000000,31424.00500000
4970,2023-04-09 08:00:00,309.90000000,310.40000000,309.50000000,310.40000000,22144.36400000
4971,2023-04-09 12:00:00,310.30000000,311.10000000,309.90000000,310.40000000,34337.05800000
4972,2023-04-09 16:00:00,310.50000000,312.40000000,310.10000000,311.90000000,30419.74400000
4973,2023-04-09 20:00:00,312.00000000,313.70000000,311.80000000,312.80000000,26710.09800000
4974,2023-04-10 00:00:00,312.80000000,312.90000000,311.90000000,312.90000000,28960.80100000
4975,2023-04-10 04:00:00,312.80000000,313.20000000,312.40000000,312.90000000,27924.51800000
4976,2023-04-10 08:00:00,312.80000000,313.30000000,312.50000000,312.70000000,21443.15100000
4977,2023-04-10 12:00:00,312.70000000,312.70000000,311.50000000,312.20000000,42863.58700000
4978,2023-04-10 16:00:00,312.20000000,315.20000000,311.90000000,313.90000000,72220.57600000
4979,2023-04-10 20:00:00,313.90000000,318.70000000,313.00000000,318.50000000,78126.60700000
4980,2023-04-11 00:00:00,318.60000000,327.90000000,317.80000000,327.40000000,175679.67000000
4981,2023-04-11 04:00:00,327.40000000,333.00000000,325.70000000,331.50000000,180722.58900000
4982,2023-04-11 08:00:00,331.50000000,331.80000000,329.10000000,329.40000000,81347.05900000
4983,2023-04-11 12:00:00,329.50000000,331.10000000,328.20000000,329.00000000,84864.39700000
4984,2023-04-11 16:00:00,329.10000000,329.20000000,324.00000000,325.00000000,79174.04100000
4985,2023-04-11 20:00:00,325.00000000,325.50000000,321.90000000,322.30000000,59329.91600000
4986,2023-04-12 00:00:00,322.30000000,323.30000000,316.70000000,317.30000000,96358.35300000
4987,2023-04-12 04:00:00,317.30000000,319.70000000,317.10000000,319.10000000,51332.91600000
4988,2023-04-12 08:00:00,319.10000000,319.20000000,317.80000000,318.10000000,35763.95600000
4989,2023-04-12 12:00:00,318.20000000,321.80000000,317.70000000,319.40000000,99494.17100000
4990,2023-04-12 16:00:00,319.40000000,320.50000000,318.00000000,318.80000000,38690.67500000
4991,2023-04-12 20:00:00,318.80000000,320.50000000,318.70000000,319.90000000,32576.65300000
4992,2023-04-13 00:00:00,319.90000000,320.30000000,318.60000000,319.70000000,34975.13700000
4993,2023-04-13 04:00:00,319.80000000,320.10000000,317.70000000,319.30000000,44471.55300000
4994,2023-04-13 08:00:00,319.30000000,324.80000000,319.20000000,323.70000000,99265.51200000
4995,2023-04-13 12:00:00,323.70000000,324.80000000,321.60000000,323.50000000,100841.07600000
4996,2023-04-13 16:00:00,323.60000000,324.70000000,323.00000000,324.50000000,37006.84300000
4997,2023-04-13 20:00:00,324.50000000,325.10000000,323.50000000,324.70000000,31591.82400000
4998,2023-04-14 00:00:00,324.60000000,332.40000000,324.00000000,331.40000000,178440.25900000
4999,2023-04-14 04:00:00,331.40000000,335.50000000,331.30000000,333.90000000,145353.76200000
5000,2023-04-14 08:00:00,333.90000000,334.30000000,332.00000000,333.30000000,97215.95000000
5001,2023-04-14 12:00:00,333.20000000,334.40000000,325.10000000,325.80000000,135398.10200000
5002,2023-04-14 16:00:00,325.90000000,329.10000000,323.20000000,329.00000000,80261.64500000
5003,2023-04-14 20:00:00,329.10000000,330.20000000,328.20000000,328.90000000,43285.34300000
5004,2023-04-15 00:00:00,328.80000000,329.70000000,326.90000000,328.80000000,55439.13000000
5005,2023-04-15 04:00:00,328.80000000,330.90000000,328.10000000,330.60000000,48919.07000000
5006,2023-04-15 08:00:00,330.60000000,334.60000000,330.50000000,333.50000000,79322.24000000
5007,2023-04-15 12:00:00,333.40000000,336.00000000,331.00000000,334.20000000,129682.87800000
5008,2023-04-15 16:00:00,334.10000000,334.20000000,331.30000000,332.50000000,68013.03100000
5009,2023-04-15 20:00:00,332.50000000,334.70000000,331.80000000,333.00000000,36934.79400000
5010,2023-04-16 00:00:00,333.10000000,333.90000000,330.10000000,332.10000000,48100.73400000
5011,2023-04-16 04:00:00,332.20000000,334.20000000,331.90000000,333.70000000,30970.48400000
5012,2023-04-16 08:00:00,333.80000000,336.00000000,332.70000000,334.50000000,62286.14800000
5013,2023-04-16 12:00:00,334.50000000,347.80000000,334.40000000,345.80000000,292696.43100000
5014,2023-04-16 16:00:00,345.90000000,350.00000000,345.10000000,347.60000000,121192.26500000
5015,2023-04-16 20:00:00,347.60000000,349.90000000,345.90000000,347.70000000,77352.71500000
5016,2023-04-17 00:00:00,347.70000000,350.00000000,342.20000000,348.70000000,154743.16700000
5017,2023-04-17 04:00:00,348.70000000,348.90000000,343.40000000,344.70000000,97674.83600000
5018,2023-04-17 08:00:00,344.70000000,345.80000000,339.10000000,342.00000000,105990.23800000
5019,2023-04-17 12:00:00,342.00000000,343.00000000,337.50000000,338.90000000,116151.90800000
5020,2023-04-17 16:00:00,338.80000000,342.70000000,338.20000000,341.80000000,46974.18800000
5021,2023-04-17 20:00:00,341.90000000,342.50000000,339.40000000,340.00000000,34822.13100000
5022,2023-04-18 00:00:00,340.00000000,340.80000000,337.00000000,339.90000000,68706.42200000
5023,2023-04-18 04:00:00,339.90000000,345.90000000,339.50000000,344.40000000,87109.29600000
5024,2023-04-18 08:00:00,344.50000000,346.50000000,342.80000000,346.00000000,70019.13100000
5025,2023-04-18 12:00:00,346.10000000,346.70000000,341.80000000,342.60000000,79937.46800000
5026,2023-04-18 16:00:00,342.60000000,343.00000000,340.20000000,341.40000000,55395.87500000
5027,2023-04-18 20:00:00,341.40000000,343.50000000,340.70000000,343.10000000,30509.24500000
5028,2023-04-19 00:00:00,343.10000000,343.70000000,341.00000000,341.40000000,38090.99900000
5029,2023-04-19 04:00:00,341.50000000,341.50000000,335.00000000,336.80000000,76792.62800000
5030,2023-04-19 08:00:00,336.90000000,336.90000000,325.00000000,326.90000000,222839.03400000
5031,2023-04-19 12:00:00,326.90000000,330.10000000,325.40000000,326.70000000,71010.67900000
5032,2023-04-19 16:00:00,326.70000000,328.30000000,324.60000000,325.20000000,54415.73000000
5033,2023-04-19 20:00:00,325.20000000,326.00000000,320.10000000,322.40000000,74295.01200000
5034,2023-04-20 00:00:00,322.50000000,325.90000000,321.00000000,324.10000000,60168.01000000
5035,2023-04-20 04:00:00,324.10000000,326.50000000,324.10000000,324.70000000,38066.86000000
5036,2023-04-20 08:00:00,324.70000000,326.60000000,323.20000000,323.40000000,48952.85400000
5037,2023-04-20 12:00:00,323.40000000,326.80000000,322.60000000,323.00000000,65066.46700000
5038,2023-04-20 16:00:00,323.00000000,323.20000000,315.30000000,317.00000000,117608.86700000
5039,2023-04-20 20:00:00,316.90000000,319.40000000,315.90000000,318.10000000,37590.87500000
5040,2023-04-21 00:00:00,318.00000000,319.80000000,317.30000000,319.60000000,43025.42400000
5041,2023-04-21 04:00:00,319.70000000,334.60000000,315.30000000,329.70000000,230073.42000000
5042,2023-04-21 08:00:00,329.70000000,332.60000000,325.30000000,326.80000000,269901.10100000
5043,2023-04-21 12:00:00,326.90000000,328.90000000,325.10000000,327.60000000,102197.13200000
5044,2023-04-21 16:00:00,327.60000000,327.80000000,317.60000000,318.10000000,183281.42400000
5045,2023-04-21 20:00:00,318.10000000,322.70000000,316.90000000,321.20000000,82295.39300000
5046,2023-04-22 00:00:00,321.30000000,322.80000000,319.90000000,322.70000000,53437.69900000
5047,2023-04-22 04:00:00,322.70000000,324.10000000,321.90000000,322.30000000,44627.15200000
5048,2023-04-22 08:00:00,322.30000000,326.10000000,322.20000000,325.90000000,53518.02300000
5049,2023-04-22 12:00:00,325.90000000,330.30000000,325.90000000,327.90000000,104612.44300000
5050,2023-04-22 16:00:00,327.90000000,331.40000000,327.90000000,329.70000000,66703.89100000
5051,2023-04-22 20:00:00,329.70000000,333.10000000,329.60000000,332.20000000,58982.82400000
5052,2023-04-23 00:00:00,332.20000000,332.50000000,329.00000000,330.40000000,64816.89500000
5053,2023-04-23 04:00:00,330.50000000,331.50000000,329.20000000,330.70000000,53570.65000000
5054,2023-04-23 08:00:00,330.80000000,331.80000000,329.80000000,331.10000000,57804.46700000
5055,2023-04-23 12:00:00,331.00000000,332.10000000,327.60000000,328.60000000,95679.07100000
5056,2023-04-23 16:00:00,328.70000000,330.80000000,327.40000000,328.40000000,70672.56300000
5057,2023-04-23 20:00:00,328.40000000,330.90000000,327.40000000,330.70000000,42078.50800000
5058,2023-04-24 00:00:00,330.60000000,333.80000000,329.40000000,332.00000000,76140.85500000
5059,2023-04-24 04:00:00,331.90000000,332.70000000,328.20000000,329.40000000,66552.99800000
5060,2023-04-24 08:00:00,329.40000000,331.40000000,327.80000000,331.30000000,60206.81700000
5061,2023-04-24 12:00:00,331.20000000,334.00000000,329.60000000,329.70000000,114452.84900000
5062,2023-04-24 16:00:00,329.80000000,332.20000000,327.70000000,332.00000000,85211.66300000
5063,2023-04-24 20:00:00,332.00000000,332.60000000,330.90000000,331.20000000,40210.11200000
5064,2023-04-25 00:00:00,331.20000000,332.40000000,330.10000000,330.70000000,55076.33100000
5065,2023-04-25 04:00:00,330.70000000,332.10000000,328.60000000,329.20000000,66086.54500000
5066,2023-04-25 08:00:00,329.20000000,331.30000000,328.70000000,330.80000000,68391.56400000
5067,2023-04-25 12:00:00,330.80000000,332.70000000,328.70000000,332.40000000,74417.91600000
5068,2023-04-25 16:00:00,332.40000000,333.70000000,331.50000000,332.90000000,69019.91000000
5069,2023-04-25 20:00:00,333.00000000,340.00000000,332.90000000,338.40000000,103712.61700000
5070,2023-04-26 00:00:00,338.40000000,339.80000000,337.30000000,338.30000000,65762.81600000
5071,2023-04-26 04:00:00,338.30000000,339.70000000,336.00000000,336.40000000,59094.58400000
5072,2023-04-26 08:00:00,336.50000000,339.70000000,336.40000000,338.10000000,84220.39100000
5073,2023-04-26 12:00:00,338.20000000,345.00000000,338.10000000,342.20000000,158280.49900000
5074,2023-04-26 16:00:00,342.20000000,342.80000000,328.00000000,328.20000000,138422.86000000
5075,2023-04-26 20:00:00,328.20000000,331.70000000,321.50000000,330.60000000,173770.43400000
5076,2023-04-27 00:00:00,330.60000000,336.60000000,329.90000000,332.00000000,123426.53000000
5077,2023-04-27 04:00:00,332.00000000,334.60000000,329.50000000,330.90000000,66571.17500000
5078,2023-04-27 08:00:00,330.90000000,331.70000000,330.00000000,330.20000000,50914.59300000
5079,2023-04-27 12:00:00,330.30000000,333.70000000,328.20000000,331.80000000,101171.59700000
5080,2023-04-27 16:00:00,331.80000000,336.20000000,331.00000000,335.00000000,78619.72800000
5081,2023-04-27 20:00:00,335.00000000,335.80000000,330.50000000,330.90000000,62147.33400000
5082,2023-04-28 00:00:00,330.90000000,330.90000000,325.80000000,327.00000000,129392.04300000
5083,2023-04-28 04:00:00,327.00000000,328.00000000,324.10000000,325.60000000,172017.23100000
5084,2023-04-28 08:00:00,325.70000000,326.70000000,318.70000000,322.10000000,387090.60000000
5085,2023-04-28 12:00:00,322.20000000,324.60000000,320.20000000,321.20000000,224152.17300000
5086,2023-04-28 16:00:00,321.30000000,323.80000000,321.20000000,323.40000000,44902.98700000
5087,2023-04-28 20:00:00,323.30000000,324.90000000,323.30000000,324.10000000,33655.12200000
5088,2023-04-29 00:00:00,324.10000000,325.00000000,321.70000000,324.00000000,50808.37800000
5089,2023-04-29 04:00:00,324.10000000,324.80000000,322.00000000,323.40000000,46620.39700000
5090,2023-04-29 08:00:00,323.30000000,323.70000000,321.90000000,322.60000000,37766.19800000
5091,2023-04-29 12:00:00,322.60000000,324.00000000,322.10000000,322.80000000,32622.44000000
5092,2023-04-29 16:00:00,322.80000000,323.40000000,320.60000000,322.90000000,39640.13600000
5093,2023-04-29 20:00:00,322.90000000,322.90000000,321.40000000,321.90000000,19031.14000000
5094,2023-04-30 00:00:00,321.90000000,321.90000000,320.40000000,320.70000000,22068.97700000
5095,2023-04-30 04:00:00,320.70000000,322.50000000,320.40000000,321.60000000,20921.62800000
5096,2023-04-30 08:00:00,321.50000000,322.60000000,321.50000000,321.70000000,19565.42900000
5097,2023-04-30 12:00:00,321.70000000,325.50000000,321.30000000,324.20000000,56250.58500000
5098,2023-04-30 16:00:00,324.20000000,338.00000000,324.10000000,336.00000000,388200.15200000
5099,2023-04-30 20:00:00,335.90000000,338.30000000,332.70000000,337.50000000,204713.95500000
5100,2023-05-01 00:00:00,337.50000000,339.60000000,332.80000000,334.50000000,221989.78100000
5101,2023-05-01 04:00:00,334.40000000,336.30000000,331.40000000,333.90000000,115763.48600000
5102,2023-05-01 08:00:00,333.90000000,335.90000000,333.50000000,335.00000000,88961.61500000
5103,2023-05-01 12:00:00,335.00000000,336.00000000,330.00000000,330.50000000,120141.84700000
5104,2023-05-01 16:00:00,330.50000000,331.50000000,326.10000000,326.90000000,114059.52600000
5105,2023-05-01 20:00:00,326.90000000,329.40000000,326.30000000,328.50000000,58488.65700000
5106,2023-05-02 00:00:00,328.40000000,328.50000000,325.20000000,325.80000000,60706.21000000
5107,2023-05-02 04:00:00,325.70000000,325.80000000,322.90000000,323.60000000,66912.91500000
5108,2023-05-02 08:00:00,323.60000000,325.20000000,323.40000000,324.80000000,47990.93100000
5109,2023-05-02 12:00:00,324.80000000,325.90000000,322.00000000,324.80000000,106205.71400000
5110,2023-05-02 16:00:00,324.80000000,326.30000000,324.00000000,325.30000000,54628.41000000
5111,2023-05-02 20:00:00,325.30000000,325.60000000,321.40000000,321.50000000,101002.10100000
5112,2023-05-03 00:00:00,321.40000000,324.90000000,321.30000000,324.30000000,138062.15000000
5113,2023-05-03 04:00:00,324.20000000,324.30000000,322.20000000,323.00000000,100058.57700000
5114,2023-05-03 08:00:00,323.10000000,323.90000000,321.70000000,322.00000000,68980.21500000
5115,2023-05-03 12:00:00,322.00000000,323.20000000,320.40000000,322.90000000,132462.29500000
5116,2023-05-03 16:00:00,322.90000000,325.60000000,322.00000000,323.20000000,91561.87800000
5117,2023-05-03 20:00:00,323.30000000,327.60000000,322.80000000,325.90000000,77640.27400000
5118,2023-05-04 00:00:00,325.90000000,327.50000000,325.00000000,326.20000000,40677.59100000
5119,2023-05-04 04:00:00,326.20000000,327.00000000,325.40000000,325.40000000,25188.46000000
5120,2023-05-04 08:00:00,325.50000000,327.50000000,325.30000000,325.90000000,36963.26000000
5121,2023-05-04 12:00:00,326.00000000,326.70000000,324.00000000,324.70000000,49381.03300000
5122,2023-05-04 16:00:00,324.80000000,325.50000000,323.40000000,324.10000000,27176.29200000
5123,2023-05-04 20:00:00,324.10000000,324.50000000,323.20000000,323.80000000,15983.63200000
5124,2023-05-05 00:00:00,323.90000000,326.80000000,323.80000000,325.20000000,30367.21700000
5125,2023-05-05 04:00:00,325.20000000,326.10000000,324.20000000,324.40000000,25566.29800000
5126,2023-05-05 08:00:00,324.40000000,325.70000000,324.20000000,325.50000000,30220.64800000
5127,2023-05-05 12:00:00,325.40000000,327.30000000,322.80000000,327.00000000,69337.85300000
5128,2023-05-05 16:00:00,327.00000000,329.10000000,326.60000000,327.80000000,69470.58600000
5129,2023-05-05 20:00:00,327.90000000,328.10000000,324.20000000,326.50000000,59573.50600000
5130,2023-05-06 00:00:00,326.60000000,328.50000000,325.00000000,325.60000000,45644.15300000
5131,2023-05-06 04:00:00,325.60000000,326.20000000,324.70000000,325.10000000,39715.77200000
5132,2023-05-06 08:00:00,325.10000000,325.20000000,323.40000000,325.10000000,42463.90500000
5133,2023-05-06 12:00:00,325.10000000,325.20000000,319.50000000,320.40000000,90118.90600000
5134,2023-05-06 16:00:00,320.30000000,323.80000000,319.90000000,323.10000000,38129.93700000
5135,2023-05-06 20:00:00,323.10000000,323.50000000,321.70000000,321.90000000,19295.04300000
5136,2023-05-07 00:00:00,322.00000000,323.70000000,321.20000000,322.60000000,34835.20700000
5137,2023-05-07 04:00:00,322.70000000,324.00000000,322.60000000,324.00000000,27069.06400000
5138,2023-05-07 08:00:00,324.00000000,324.30000000,322.90000000,323.40000000,26452.45900000
5139,2023-05-07 12:00:00,323.40000000,325.40000000,323.30000000,324.40000000,39274.49700000
5140,2023-05-07 16:00:00,324.50000000,324.80000000,322.90000000,323.60000000,28147.50400000
5141,2023-05-07 20:00:00,323.70000000,324.10000000,320.40000000,321.00000000,47798.48800000
5142,2023-05-08 00:00:00,321.00000000,322.10000000,316.20000000,318.50000000,91118.00900000
5143,2023-05-08 04:00:00,318.60000000,318.90000000,315.50000000,316.60000000,52014.56300000
5144,2023-05-08 08:00:00,316.70000000,317.90000000,314.10000000,317.60000000,58034.69800000
5145,2023-05-08 12:00:00,317.70000000,318.10000000,315.80000000,317.80000000,48902.67000000
5146,2023-05-08 16:00:00,317.90000000,318.30000000,311.10000000,311.70000000,95417.94500000
5147,2023-05-08 20:00:00,311.80000000,313.90000000,311.10000000,313.80000000,33704.23400000
5148,2023-05-09 00:00:00,313.80000000,315.40000000,313.20000000,314.20000000,29955.38800000
5149,2023-05-09 04:00:00,314.20000000,315.50000000,312.60000000,315.40000000,38265.96700000
5150,2023-05-09 08:00:00,315.50000000,315.80000000,313.20000000,314.50000000,59240.88000000
5151,2023-05-09 12:00:00,314.60000000,315.20000000,312.00000000,312.30000000,51945.28500000
5152,2023-05-09 16:00:00,312.30000000,314.40000000,311.40000000,312.80000000,52622.24100000
5153,2023-05-09 20:00:00,312.80000000,313.30000000,311.20000000,312.10000000,28642.28400000
5154,2023-05-10 00:00:00,312.20000000,314.00000000,312.00000000,312.60000000,31962.98900000
5155,2023-05-10 04:00:00,312.60000000,313.80000000,311.10000000,311.80000000,31743.68600000
5156,2023-05-10 08:00:00,311.80000000,311.90000000,310.30000000,311.80000000,42997.15000000
5157,2023-05-10 12:00:00,311.80000000,316.70000000,311.10000000,314.90000000,90538.63400000
5158,2023-05-10 16:00:00,315.00000000,315.80000000,308.00000000,314.60000000,112759.77000000
5159,2023-05-10 20:00:00,314.60000000,316.70000000,313.20000000,314.30000000,50144.58200000
5160,2023-05-11 00:00:00,314.30000000,314.50000000,312.00000000,312.10000000,34218.33500000
5161,2023-05-11 04:00:00,312.20000000,312.50000000,310.70000000,311.10000000,40100.65400000
5162,2023-05-11 08:00:00,311.10000000,312.40000000,309.50000000,312.00000000,35040.30900000
5163,2023-05-11 12:00:00,312.00000000,313.60000000,308.00000000,309.60000000,72169.13400000
5164,2023-05-11 16:00:00,309.60000000,310.10000000,304.40000000,306.20000000,80013.42300000
5165,2023-05-11 20:00:00,306.20000000,308.30000000,305.80000000,307.50000000,30312.81200000
5166,2023-05-12 00:00:00,307.50000000,309.10000000,304.00000000,304.40000000,40316.76900000
5167,2023-05-12 04:00:00,304.40000000,306.50000000,301.20000000,304.00000000,83645.95600000
5168,2023-05-12 08:00:00,304.00000000,306.00000000,303.10000000,305.30000000,43279.52600000
5169,2023-05-12 12:00:00,305.30000000,307.00000000,304.70000000,305.30000000,47571.60200000
5170,2023-05-12 16:00:00,305.20000000,306.40000000,301.50000000,306.40000000,61084.54400000
5171,2023-05-12 20:00:00,306.30000000,308.70000000,305.20000000,308.50000000,51110.53000000
5172,2023-05-13 00:00:00,308.60000000,310.40000000,307.50000000,309.90000000,33388.15100000
5173,2023-05-13 04:00:00,309.90000000,310.50000000,309.40000000,310.10000000,22689.45700000
5174,2023-05-13 08:00:00,310.20000000,310.80000000,309.70000000,310.70000000,23293.13400000
5175,2023-05-13 12:00:00,310.70000000,311.20000000,308.80000000,309.80000000,30284.65300000
5176,2023-05-13 16:00:00,309.80000000,310.80000000,309.00000000,309.90000000,21160.03700000
5177,2023-05-13 20:00:00,309.90000000,311.80000000,309.80000000,310.70000000,20827.12200000
5178,2023-05-14 00:00:00,310.80000000,311.50000000,309.50000000,311.30000000,23765.57400000
5179,2023-05-14 04:00:00,311.30000000,313.30000000,311.20000000,313.00000000,28161.75000000
5180,2023-05-14 08:00:00,313.00000000,313.00000000,311.60000000,312.00000000,21857.14900000
5181,2023-05-14 12:00:00,312.00000000,314.80000000,311.60000000,313.90000000,62933.69000000
5182,2023-05-14 16:00:00,313.90000000,314.30000000,310.90000000,311.20000000,42608.10900000
5183,2023-05-14 20:00:00,311.30000000,312.10000000,310.80000000,312.10000000,13558.54900000
5184,2023-05-15 00:00:00,312.10000000,314.50000000,310.50000000,314.00000000,42816.95200000
5185,2023-05-15 04:00:00,314.00000000,315.90000000,313.50000000,315.60000000,30324.84600000
5186,2023-05-15 08:00:00,315.60000000,316.00000000,314.90000000,314.90000000,22141.24000000
5187,2023-05-15 12:00:00,315.00000000,316.00000000,313.60000000,315.00000000,52389.87000000
5188,2023-05-15 16:00:00,315.10000000,316.30000000,313.20000000,313.90000000,37272.02400000
5189,2023-05-15 20:00:00,313.90000000,314.30000000,313.20000000,313.40000000,17950.23900000
5190,2023-05-16 00:00:00,313.40000000,314.00000000,310.80000000,312.70000000,34565.38500000
5191,2023-05-16 04:00:00,312.70000000,313.20000000,311.60000000,313.00000000,21517.51700000
5192,2023-05-16 08:00:00,313.00000000,313.40000000,310.50000000,310.60000000,36609.96800000
5193,2023-05-16 12:00:00,310.60000000,311.00000000,309.30000000,310.80000000,43655.25900000
5194,2023-05-16 16:00:00,310.90000000,311.70000000,310.00000000,310.20000000,27938.10500000
5195,2023-05-16 20:00:00,310.30000000,312.00000000,309.80000000,311.40000000,18381.98000000
5196,2023-05-17 00:00:00,311.40000000,313.00000000,310.90000000,312.20000000,29041.41700000
5197,2023-05-17 04:00:00,312.30000000,312.60000000,309.10000000,309.70000000,35676.08800000
5198,2023-05-17 08:00:00,309.60000000,310.10000000,307.70000000,308.00000000,33063.21800000
5199,2023-05-17 12:00:00,308.10000000,309.40000000,307.00000000,308.90000000,36459.85400000
5200,2023-05-17 16:00:00,309.00000000,314.10000000,308.60000000,313.70000000,55452.60000000
5201,2023-05-17 20:00:00,313.70000000,314.40000000,312.90000000,314.30000000,31581.33700000
5202,2023-05-18 00:00:00,314.30000000,314.80000000,313.30000000,314.40000000,18913.81500000
5203,2023-05-18 04:00:00,314.30000000,314.50000000,312.00000000,313.10000000,33512.21900000
5204,2023-05-18 08:00:00,313.10000000,314.90000000,312.50000000,314.20000000,39027.42000000
5205,2023-05-18 12:00:00,314.10000000,314.30000000,311.10000000,311.40000000,39480.14600000
5206,2023-05-18 16:00:00,311.40000000,311.50000000,306.10000000,308.00000000,75577.83000000
5207,2023-05-18 20:00:00,308.00000000,310.60000000,307.50000000,309.30000000,30063.85600000
5208,2023-05-19 00:00:00,309.30000000,309.40000000,307.50000000,309.20000000,28734.53400000
5209,2023-05-19 04:00:00,309.30000000,310.40000000,308.60000000,309.80000000,24850.79600000
5210,2023-05-19 08:00:00,309.90000000,310.40000000,308.80000000,309.00000000,33871.62700000
5211,2023-05-19 12:00:00,309.10000000,311.50000000,308.40000000,309.60000000,57917.53100000
5212,2023-05-19 16:00:00,309.70000000,309.90000000,308.00000000,308.30000000,27143.48400000
5213,2023-05-19 20:00:00,308.30000000,309.10000000,307.80000000,308.90000000,19186.84000000
5214,2023-05-20 00:00:00,308.90000000,309.10000000,307.80000000,308.60000000,14658.86500000
5215,2023-05-20 04:00:00,308.60000000,308.60000000,307.80000000,308.20000000,10516.94800000
5216,2023-05-20 08:00:00,308.20000000,309.40000000,308.10000000,309.20000000,15655.30900000
5217,2023-05-20 12:00:00,309.20000000,310.00000000,308.90000000,310.00000000,21938.90900000
5218,2023-05-20 16:00:00,310.00000000,312.00000000,309.70000000,311.10000000,28275.02400000
5219,2023-05-20 20:00:00,311.10000000,311.40000000,309.80000000,310.60000000,13440.85000000
5220,2023-05-21 00:00:00,310.70000000,311.60000000,310.10000000,310.40000000,19110.72900000
5221,2023-05-21 04:00:00,310.50000000,311.40000000,310.20000000,311.30000000,17614.22600000
5222,2023-05-21 08:00:00,311.30000000,311.60000000,309.10000000,309.30000000,29192.62800000
5223,2023-05-21 12:00:00,309.30000000,310.30000000,308.60000000,309.20000000,25500.63700000
5224,2023-05-21 16:00:00,309.30000000,309.60000000,308.40000000,308.60000000,18945.02900000
5225,2023-05-21 20:00:00,308.70000000,308.80000000,305.70000000,306.40000000,32819.18000000
5226,2023-05-22 00:00:00,306.40000000,307.10000000,304.40000000,305.60000000,35609.40200000
5227,2023-05-22 04:00:00,305.70000000,307.70000000,305.60000000,307.40000000,22796.28800000
5228,2023-05-22 08:00:00,307.50000000,309.10000000,307.30000000,308.60000000,29893.86700000
5229,2023-05-22 12:00:00,308.60000000,311.10000000,308.00000000,309.50000000,60486.63600000
5230,2023-05-22 16:00:00,309.60000000,311.10000000,309.50000000,310.10000000,49757.56600000
5231,2023-05-22 20:00:00,310.10000000,310.50000000,309.00000000,309.00000000,23538.67600000
5232,2023-05-23 00:00:00,309.10000000,315.30000000,309.00000000,314.80000000,66034.47500000
5233,2023-05-23 04:00:00,314.80000000,315.40000000,312.50000000,313.50000000,43014.76300000
5234,2023-05-23 08:00:00,313.50000000,314.10000000,312.90000000,313.90000000,28327.24300000
5235,2023-05-23 12:00:00,313.90000000,314.70000000,312.50000000,314.40000000,37742.76800000
5236,2023-05-23 16:00:00,314.50000000,314.60000000,312.10000000,312.70000000,28905.81100000
5237,2023-05-23 20:00:00,312.80000000,313.70000000,312.60000000,313.50000000,21805.13000000
5238,2023-05-24 00:00:00,313.50000000,313.60000000,308.00000000,308.90000000,53658.44000000
5239,2023-05-24 04:00:00,309.00000000,309.20000000,307.50000000,307.80000000,49139.58600000
5240,2023-05-24 08:00:00,307.80000000,309.10000000,307.70000000,308.80000000,32513.23800000
5241,2023-05-24 12:00:00,308.80000000,309.10000000,303.60000000,306.10000000,88184.27000000
5242,2023-05-24 16:00:00,306.20000000,306.20000000,304.90000000,305.40000000,32925.86700000
5243,2023-05-24 20:00:00,305.50000000,306.70000000,305.20000000,306.00000000,36271.21900000
5244,2023-05-25 00:00:00,305.90000000,306.40000000,302.20000000,304.30000000,86156.06200000
5245,2023-05-25 04:00:00,304.40000000,306.30000000,303.90000000,304.50000000,41582.03100000
5246,2023-05-25 08:00:00,304.60000000,305.80000000,304.30000000,305.60000000,28879.80400000
5247,2023-05-25 12:00:00,305.60000000,306.90000000,303.40000000,304.00000000,64402.84300000
5248,2023-05-25 16:00:00,304.00000000,305.90000000,303.30000000,305.00000000,42951.90300000
5249,2023-05-25 20:00:00,305.10000000,305.60000000,304.10000000,304.50000000,23349.85900000
5250,2023-05-26 00:00:00,304.60000000,304.70000000,302.20000000,303.20000000,55516.90200000
5251,2023-05-26 04:00:00,303.30000000,307.20000000,301.40000000,305.70000000,144508.71100000
5252,2023-05-26 08:00:00,305.70000000,307.20000000,305.10000000,306.40000000,63260.80800000
5253,2023-05-26 12:00:00,306.40000000,308.50000000,305.40000000,307.50000000,71871.76600000
5254,2023-05-26 16:00:00,307.60000000,307.60000000,305.50000000,307.00000000,47794.48800000
5255,2023-05-26 20:00:00,307.10000000,307.60000000,306.60000000,306.80000000,15636.22000000
5256,2023-05-27 00:00:00,306.90000000,307.50000000,306.20000000,307.00000000,22485.41700000
5257,2023-05-27 04:00:00,307.10000000,307.50000000,306.10000000,306.20000000,31351.49900000
5258,2023-05-27 08:00:00,306.30000000,306.30000000,305.00000000,305.20000000,24777.03800000
5259,2023-05-27 12:00:00,305.20000000,305.50000000,304.00000000,304.80000000,24949.06800000
5260,2023-05-27 16:00:00,304.90000000,305.20000000,304.10000000,305.10000000,20439.57300000
5261,2023-05-27 20:00:00,305.20000000,307.70000000,305.10000000,307.40000000,20739.49100000
5262,2023-05-28 00:00:00,307.40000000,309.60000000,306.70000000,308.80000000,45554.62300000
5263,2023-05-28 04:00:00,308.90000000,309.30000000,307.60000000,307.90000000,26248.65700000
5264,2023-05-28 08:00:00,308.00000000,308.70000000,307.00000000,307.70000000,36216.62600000
5265,2023-05-28 12:00:00,307.70000000,308.20000000,307.20000000,308.10000000,32805.61000000
5266,2023-05-28 16:00:00,308.10000000,310.20000000,307.80000000,309.20000000,43528.09800000
5267,2023-05-28 20:00:00,309.30000000,314.60000000,308.90000000,314.10000000,72879.56500000
5268,2023-05-29 00:00:00,314.20000000,316.30000000,314.10000000,314.70000000,87542.78000000
5269,2023-05-29 04:00:00,314.80000000,315.90000000,313.40000000,314.40000000,68699.42600000
5270,2023-05-29 08:00:00,314.50000000,317.30000000,313.20000000,315.10000000,79059.06900000
5271,2023-05-29 12:00:00,315.20000000,316.90000000,313.00000000,313.10000000,113406.35400000
5272,2023-05-29 16:00:00,313.20000000,313.70000000,311.10000000,311.70000000,66267.16200000
5273,2023-05-29 20:00:00,311.70000000,312.30000000,310.40000000,311.60000000,46510.32400000
5274,2023-05-30 00:00:00,311.70000000,313.20000000,310.90000000,312.50000000,53427.23200000
5275,2023-05-30 04:00:00,312.60000000,313.10000000,311.30000000,312.00000000,54391.95100000
5276,2023-05-30 08:00:00,311.90000000,314.20000000,311.60000000,313.80000000,72448.43100000
5277,2023-05-30 12:00:00,313.90000000,313.90000000,311.00000000,311.80000000,54134.11500000
5278,2023-05-30 16:00:00,311.80000000,313.10000000,310.80000000,312.80000000,30274.71700000
5279,2023-05-30 20:00:00,312.90000000,313.20000000,311.40000000,311.50000000,26628.14400000
5280,2023-05-31 00:00:00,311.40000000,311.90000000,310.10000000,310.70000000,40332.37000000
5281,2023-05-31 04:00:00,310.70000000,310.70000000,305.60000000,306.90000000,157087.96700000
5282,2023-05-31 08:00:00,306.90000000,307.70000000,306.40000000,306.70000000,68978.21600000
5283,2023-05-31 12:00:00,306.70000000,307.50000000,305.00000000,305.30000000,95927.53100000
5284,2023-05-31 16:00:00,305.40000000,306.60000000,305.10000000,305.80000000,40409.30500000
5285,2023-05-31 20:00:00,305.80000000,307.10000000,305.10000000,306.80000000,34397.02900000
5286,2023-06-01 00:00:00,306.80000000,307.70000000,303.10000000,304.80000000,79043.42800000
5287,2023-06-01 04:00:00,304.80000000,304.80000000,303.40000000,303.90000000,33702.58400000
5288,2023-06-01 08:00:00,303.90000000,305.20000000,303.60000000,304.70000000,43442.93600000
5289,2023-06-01 12:00:00,304.60000000,305.20000000,304.10000000,304.90000000,32970.43300000
5290,2023-06-01 16:00:00,304.90000000,306.60000000,303.50000000,304.80000000,44890.36500000
5291,2023-06-01 20:00:00,304.80000000,305.80000000,304.10000000,304.90000000,21568.97600000
5292,2023-06-02 00:00:00,304.90000000,307.00000000,303.10000000,306.60000000,47481.66300000
5293,2023-06-02 04:00:00,306.70000000,308.40000000,306.40000000,307.10000000,70153.31100000
5294,2023-06-02 08:00:00,307.10000000,307.90000000,306.80000000,307.30000000,39568.57300000
5295,2023-06-02 12:00:00,307.30000000,307.40000000,304.70000000,306.30000000,79523.58300000
5296,2023-06-02 16:00:00,306.30000000,308.40000000,305.90000000,308.00000000,36200.31100000
5297,2023-06-02 20:00:00,308.00000000,308.20000000,306.70000000,307.20000000,27656.23400000
5298,2023-06-03 00:00:00,307.30000000,307.40000000,305.70000000,306.30000000,19305.50700000
5299,2023-06-03 04:00:00,306.30000000,306.70000000,303.00000000,306.00000000,29991.08900000
5300,2023-06-03 08:00:00,306.00000000,306.50000000,305.50000000,306.20000000,15719.00900000
5301,2023-06-03 12:00:00,306.30000000,308.00000000,306.20000000,308.00000000,38822.01500000
5302,2023-06-03 16:00:00,308.00000000,308.20000000,305.60000000,306.10000000,38549.87500000
5303,2023-06-03 20:00:00,306.10000000,306.60000000,305.40000000,306.60000000,16418.43100000
5304,2023-06-04 00:00:00,306.60000000,306.70000000,305.60000000,305.90000000,18756.79200000
5305,2023-06-04 04:00:00,306.00000000,306.80000000,305.60000000,306.80000000,20741.78300000
5306,2023-06-04 08:00:00,306.80000000,307.60000000,306.60000000,306.80000000,22471.72900000
5307,2023-06-04 12:00:00,306.80000000,307.60000000,306.50000000,306.60000000,43871.36400000
5308,2023-06-04 16:00:00,306.60000000,306.60000000,305.70000000,306.00000000,37610.41200000
5309,2023-06-04 20:00:00,306.10000000,307.50000000,304.50000000,305.00000000,44353.34700000
5310,2023-06-05 00:00:00,305.10000000,305.10000000,300.50000000,301.10000000,90269.55400000
5311,2023-06-05 04:00:00,301.20000000,301.40000000,298.70000000,301.00000000,75393.87000000
5312,2023-06-05 08:00:00,301.00000000,301.20000000,300.10000000,300.70000000,54774.15100000
5313,2023-06-05 12:00:00,300.80000000,300.80000000,276.70000000,276.80000000,445256.54600000
5314,2023-06-05 16:00:00,276.80000000,282.70000000,272.00000000,276.60000000,354884.58300000
5315,2023-06-05 20:00:00,276.60000000,277.20000000,272.10000000,276.90000000,75441.31500000
5316,2023-06-06 00:00:00,277.00000000,279.40000000,273.60000000,276.20000000,92526.51300000
5317,2023-06-06 04:00:00,276.20000000,278.10000000,275.90000000,277.40000000,82503.72700000
5318,2023-06-06 08:00:00,277.50000000,279.90000000,276.70000000,278.00000000,83027.81700000
5319,2023-06-06 12:00:00,278.00000000,280.70000000,273.20000000,279.00000000,210166.42700000
5320,2023-06-06 16:00:00,279.00000000,285.80000000,278.60000000,285.30000000,137800.05700000
5321,2023-06-06 20:00:00,285.30000000,285.60000000,280.50000000,281.20000000,102661.03900000
5322,2023-06-07 00:00:00,281.20000000,281.80000000,277.60000000,278.90000000,76025.03300000
5323,2023-06-07 04:00:00,278.90000000,279.20000000,276.70000000,276.90000000,43698.08000000
5324,2023-06-07 08:00:00,276.90000000,277.60000000,268.40000000,274.50000000,173689.12400000
5325,2023-06-07 12:00:00,274.50000000,274.70000000,253.40000000,258.90000000,580542.92100000
5326,2023-06-07 16:00:00,259.00000000,263.80000000,255.30000000,260.90000000,230137.52400000
5327,2023-06-07 20:00:00,260.90000000,261.10000000,257.30000000,259.30000000,84171.15500000
5328,2023-06-08 00:00:00,259.30000000,262.80000000,257.10000000,258.70000000,101665.53800000
5329,2023-06-08 04:00:00,258.80000000,262.30000000,258.40000000,260.70000000,84348.75200000
5330,2023-06-08 08:00:00,260.80000000,266.90000000,260.30000000,264.90000000,128932.56800000
5331,2023-06-08 12:00:00,265.00000000,267.50000000,263.50000000,265.20000000,154867.66400000
5332,2023-06-08 16:00:00,265.30000000,265.50000000,261.40000000,264.30000000,69235.18000000
5333,2023-06-08 20:00:00,264.30000000,265.10000000,261.60000000,262.00000000,40804.31800000
5334,2023-06-09 00:00:00,261.90000000,262.90000000,257.60000000,260.20000000,91234.08500000
5335,2023-06-09 04:00:00,260.20000000,261.20000000,255.70000000,258.30000000,94519.73600000
5336,2023-06-09 08:00:00,258.30000000,261.40000000,257.50000000,260.70000000,90863.97300000
5337,2023-06-09 12:00:00,260.70000000,264.40000000,260.60000000,261.10000000,120135.36300000
5338,2023-06-09 16:00:00,261.20000000,262.70000000,259.10000000,259.20000000,76714.60000000
5339,2023-06-09 20:00:00,259.10000000,262.30000000,259.00000000,260.50000000,36192.74400000
5340,2023-06-10 00:00:00,260.60000000,260.70000000,248.90000000,249.90000000,231553.02900000
5341,2023-06-10 04:00:00,249.90000000,250.00000000,228.40000000,234.90000000,809015.46700000
5342,2023-06-10 08:00:00,234.90000000,239.70000000,234.70000000,239.00000000,161239.15900000
5343,2023-06-10 12:00:00,239.00000000,239.00000000,234.80000000,235.40000000,117765.19700000
5344,2023-06-10 16:00:00,235.40000000,241.80000000,233.20000000,238.70000000,233277.75900000
5345,2023-06-10 20:00:00,238.80000000,240.20000000,236.60000000,238.70000000,50751.59100000
5346,2023-06-11 00:00:00,238.80000000,239.30000000,236.20000000,236.50000000,54765.68100000
5347,2023-06-11 04:00:00,236.60000000,237.40000000,234.50000000,236.80000000,51444.07600000
5348,2023-06-11 08:00:00,236.70000000,237.60000000,234.90000000,236.70000000,55248.31900000
5349,2023-06-11 12:00:00,236.60000000,236.80000000,233.40000000,235.00000000,94055.72900000
5350,2023-06-11 16:00:00,235.00000000,238.40000000,234.70000000,237.10000000,70875.14900000
5351,2023-06-11 20:00:00,237.20000000,238.50000000,233.80000000,235.40000000,76173.40500000
5352,2023-06-12 00:00:00,235.40000000,235.80000000,222.70000000,226.30000000,425778.83000000
5353,2023-06-12 04:00:00,226.20000000,229.50000000,222.50000000,224.00000000,254059.84600000
5354,2023-06-12 08:00:00,224.10000000,239.30000000,220.40000000,233.60000000,469680.99300000
5355,2023-06-12 12:00:00,233.60000000,233.80000000,229.40000000,231.10000000,147146.52400000
5356,2023-06-12 16:00:00,231.10000000,234.60000000,227.20000000,228.40000000,190115.42200000
5357,2023-06-12 20:00:00,228.40000000,233.20000000,228.20000000,231.30000000,92360.22500000
5358,2023-06-13 00:00:00,231.30000000,235.70000000,228.70000000,233.60000000,124056.10800000
5359,2023-06-13 04:00:00,233.60000000,236.00000000,231.80000000,235.30000000,94538.59700000
5360,2023-06-13 08:00:00,235.40000000,247.00000000,234.60000000,243.40000000,268588.31600000
5361,2023-06-13 12:00:00,243.40000000,247.00000000,234.40000000,234.90000000,459963.36100000
5362,2023-06-13 16:00:00,234.90000000,239.60000000,234.20000000,238.00000000,98117.50200000
5363,2023-06-13 20:00:00,238.00000000,244.30000000,236.90000000,244.20000000,185417.13700000
5364,2023-06-14 00:00:00,244.10000000,252.00000000,243.50000000,250.80000000,239416.94100000
5365,2023-06-14 04:00:00,250.80000000,252.80000000,245.50000000,246.80000000,144829.86900000
5366,2023-06-14 08:00:00,246.90000000,250.00000000,246.30000000,248.50000000,84065.54700000
5367,2023-06-14 12:00:00,248.50000000,249.70000000,244.70000000,246.20000000,101616.81500000
5368,2023-06-14 16:00:00,246.20000000,248.10000000,243.40000000,244.30000000,165264.59800000
5369,2023-06-14 20:00:00,244.20000000,244.50000000,232.90000000,237.90000000,235217.94800000
5370,2023-06-15 00:00:00,237.90000000,240.80000000,237.10000000,237.60000000,85019.99500000
5371,2023-06-15 04:00:00,237.60000000,237.60000000,234.60000000,236.60000000,98039.13200000
5372,2023-06-15 08:00:00,236.60000000,237.90000000,230.60000000,234.10000000,134404.95300000
5373,2023-06-15 12:00:00,234.20000000,235.10000000,231.60000000,232.70000000,89879.81800000
5374,2023-06-15 16:00:00,232.80000000,237.80000000,231.30000000,236.70000000,120330.08900000
5375,2023-06-15 20:00:00,236.70000000,238.90000000,234.60000000,236.40000000,74467.98200000
5376,2023-06-16 00:00:00,236.50000000,238.60000000,234.90000000,238.00000000,45625.24000000
5377,2023-06-16 04:00:00,238.10000000,239.80000000,237.50000000,239.50000000,63574.57500000
5378,2023-06-16 08:00:00,239.40000000,240.80000000,232.20000000,234.00000000,140573.81700000
5379,2023-06-16 12:00:00,234.10000000,239.10000000,233.50000000,238.50000000,129616.28200000
5380,2023-06-16 16:00:00,238.60000000,243.80000000,237.10000000,239.60000000,143130.86600000
5381,2023-06-16 20:00:00,239.60000000,240.70000000,238.50000000,239.30000000,40065.74900000
5382,2023-06-17 00:00:00,239.40000000,240.60000000,237.20000000,239.60000000,46896.14300000
5383,2023-06-17 04:00:00,239.60000000,249.80000000,239.40000000,246.50000000,187447.02500000
5384,2023-06-17 08:00:00,246.60000000,247.60000000,244.80000000,245.00000000,74457.81600000
5385,2023-06-17 12:00:00,245.00000000,246.40000000,242.70000000,243.10000000,90055.51500000
5386,2023-06-17 16:00:00,243.20000000,246.50000000,242.30000000,244.90000000,66403.83400000
5387,2023-06-17 20:00:00,244.90000000,246.20000000,244.30000000,244.50000000,26052.93900000
5388,2023-06-18 00:00:00,244.50000000,245.70000000,242.30000000,244.50000000,67902.00000000
5389,2023-06-18 04:00:00,244.50000000,247.50000000,244.10000000,245.80000000,52074.24500000
5390,2023-06-18 08:00:00,245.80000000,248.70000000,245.50000000,246.60000000,83626.37500000
5391,2023-06-18 12:00:00,246.60000000,247.60000000,245.60000000,247.10000000,55180.79200000
5392,2023-06-18 16:00:00,247.10000000,247.80000000,245.60000000,246.50000000,29384.71800000
5393,2023-06-18 20:00:00,246.50000000,246.70000000,242.70000000,244.10000000,71710.85100000
5394,2023-06-19 00:00:00,244.10000000,244.60000000,241.20000000,243.20000000,47109.40300000
5395,2023-06-19 04:00:00,243.20000000,244.30000000,242.50000000,243.40000000,42817.34700000
5396,2023-06-19 08:00:00,243.50000000,243.60000000,241.80000000,243.00000000,56752.37700000
5397,2023-06-19 12:00:00,243.10000000,243.90000000,240.50000000,241.40000000,72142.15200000
5398,2023-06-19 16:00:00,241.40000000,245.00000000,238.30000000,241.60000000,152448.40700000
5399,2023-06-19 20:00:00,241.60000000,243.40000000,241.40000000,243.10000000,53804.58300000
5400,2023-06-20 00:00:00,243.00000000,245.00000000,242.00000000,242.10000000,57436.55000000
5401,2023-06-20 04:00:00,242.10000000,243.30000000,240.60000000,241.40000000,74568.29000000
5402,2023-06-20 08:00:00,241.40000000,241.80000000,239.90000000,241.70000000,54171.98200000
5403,2023-06-20 12:00:00,241.70000000,242.00000000,238.70000000,240.40000000,138538.90600000
5404,2023-06-20 16:00:00,240.40000000,244.70000000,239.80000000,243.70000000,179550.73200000
5405,2023-06-20 20:00:00,243.70000000,248.10000000,243.00000000,247.70000000,134803.21200000
5406,2023-06-21 00:00:00,247.80000000,254.70000000,246.90000000,251.50000000,193911.16000000
5407,2023-06-21 04:00:00,251.50000000,252.50000000,248.80000000,249.30000000,146858.06700000
5408,2023-06-21 08:00:00,249.40000000,249.40000000,245.20000000,247.60000000,144780.60600000
5409,2023-06-21 12:00:00,247.60000000,253.90000000,245.00000000,249.40000000,197436.41600000
5410,2023-06-21 16:00:00,249.40000000,253.60000000,248.00000000,248.90000000,235817.45300000
5411,2023-06-21 20:00:00,248.90000000,251.00000000,247.20000000,248.80000000,87524.85500000
5412,2023-06-22 00:00:00,248.90000000,257.00000000,248.60000000,254.50000000,278145.06700000
5413,2023-06-22 04:00:00,254.50000000,254.70000000,250.10000000,252.30000000,123567.54500000
5414,2023-06-22 08:00:00,252.30000000,253.70000000,246.20000000,246.90000000,198091.47500000
5415,2023-06-22 12:00:00,246.90000000,248.60000000,241.40000000,243.70000000,241995.12000000
5416,2023-06-22 16:00:00,243.70000000,245.40000000,242.80000000,245.00000000,95680.53500000
5417,2023-06-22 20:00:00,245.00000000,245.20000000,239.40000000,240.80000000,95150.72900000
5418,2023-06-23 00:00:00,240.80000000,242.60000000,239.70000000,241.80000000,62412.13000000
5419,2023-06-23 04:00:00,241.80000000,244.20000000,241.70000000,243.50000000,54297.05400000
5420,2023-06-23 08:00:00,243.50000000,244.40000000,242.40000000,243.80000000,65999.20700000
5421,2023-06-23 12:00:00,243.80000000,248.50000000,241.00000000,247.70000000,176686.01000000
5422,2023-06-23 16:00:00,247.70000000,249.80000000,244.40000000,245.80000000,216123.84800000
5423,2023-06-23 20:00:00,245.90000000,247.20000000,243.30000000,244.30000000,62771.94400000
5424,2023-06-24 00:00:00,244.40000000,246.50000000,242.90000000,246.20000000,90281.32700000
5425,2023-06-24 04:00:00,246.10000000,248.70000000,245.30000000,245.50000000,99834.18000000
5426,2023-06-24 08:00:00,245.50000000,246.60000000,244.50000000,244.70000000,57363.98000000
5427,2023-06-24 12:00:00,244.80000000,246.10000000,230.80000000,232.90000000,308141.11600000
5428,2023-06-24 16:00:00,232.80000000,237.40000000,230.40000000,236.80000000,169718.13800000
5429,2023-06-24 20:00:00,236.70000000,237.10000000,233.80000000,236.40000000,66157.30900000
5430,2023-06-25 00:00:00,236.40000000,239.20000000,235.00000000,239.10000000,77294.33200000
5431,2023-06-25 04:00:00,239.10000000,244.00000000,237.30000000,240.90000000,132141.26800000
5432,2023-06-25 08:00:00,240.90000000,242.10000000,238.80000000,240.20000000,98885.20500000
5433,2023-06-25 12:00:00,240.20000000,240.40000000,237.20000000,239.40000000,90255.44000000
5434,2023-06-25 16:00:00,239.40000000,240.10000000,236.60000000,238.10000000,71558.38500000
5435,2023-06-25 20:00:00,238.10000000,239.40000000,236.70000000,238.80000000,43063.96800000
5436,2023-06-26 00:00:00,238.90000000,239.40000000,233.60000000,236.50000000,110895.88700000
5437,2023-06-26 04:00:00,236.50000000,238.70000000,234.80000000,237.80000000,77015.52500000
5438,2023-06-26 08:00:00,237.80000000,238.80000000,235.70000000,237.90000000,78079.65800000
5439,2023-06-26 12:00:00,237.90000000,241.30000000,237.20000000,238.60000000,112312.29400000
5440,2023-06-26 16:00:00,238.50000000,238.90000000,233.90000000,236.40000000,107294.59600000
5441,2023-06-26 20:00:00,236.40000000,236.50000000,233.60000000,236.10000000,40650.13000000
5442,2023-06-27 00:00:00,236.10000000,238.30000000,234.50000000,237.70000000,68481.84000000
5443,2023-06-27 04:00:00,237.60000000,239.00000000,236.50000000,238.50000000,49393.56700000
5444,2023-06-27 08:00:00,238.60000000,240.00000000,237.70000000,239.30000000,67446.33300000
5445,2023-06-27 12:00:00,239.30000000,240.80000000,237.30000000,237.90000000,80615.16000000
5446,2023-06-27 16:00:00,238.00000000,239.60000000,237.70000000,238.70000000,48634.29400000
5447,2023-06-27 20:00:00,238.80000000,239.20000000,236.80000000,237.50000000,45688.65600000
5448,2023-06-28 00:00:00,237.50000000,237.60000000,234.10000000,235.60000000,71426.71000000
5449,2023-06-28 04:00:00,235.60000000,236.40000000,230.60000000,232.60000000,110800.05400000
5450,2023-06-28 08:00:00,232.70000000,234.40000000,231.70000000,233.40000000,80187.84700000
5451,2023-06-28 12:00:00,233.40000000,236.50000000,231.30000000,235.10000000,116255.44200000
5452,2023-06-28 16:00:00,235.00000000,235.40000000,224.60000000,228.40000000,180143.62900000
5453,2023-06-28 20:00:00,228.30000000,232.50000000,227.40000000,230.60000000,84490.36500000
5454,2023-06-29 00:00:00,230.60000000,233.80000000,230.40000000,233.10000000,52136.85300000
5455,2023-06-29 04:00:00,233.10000000,234.20000000,232.10000000,233.40000000,58591.55000000
5456,2023-06-29 08:00:00,233.40000000,235.60000000,232.90000000,235.30000000,69090.28400000
5457,2023-06-29 12:00:00,235.30000000,236.70000000,232.50000000,233.40000000,84661.40400000
5458,2023-06-29 16:00:00,233.40000000,234.50000000,232.70000000,233.80000000,42686.49100000
5459,2023-06-29 20:00:00,233.90000000,234.00000000,232.30000000,233.10000000,44859.39200000
5460,2023-06-30 00:00:00,233.20000000,238.10000000,231.70000000,236.70000000,108887.61500000
5461,2023-06-30 04:00:00,236.70000000,240.60000000,236.30000000,238.70000000,147054.61400000
5462,2023-06-30 08:00:00,238.60000000,240.90000000,237.90000000,240.70000000,106862.43300000
5463,2023-06-30 12:00:00,240.70000000,241.70000000,230.70000000,235.60000000,260721.59100000
5464,2023-06-30 16:00:00,235.60000000,241.70000000,234.80000000,240.50000000,161160.41100000
5465,2023-06-30 20:00:00,240.50000000,241.30000000,240.00000000,240.30000000,58752.93000000
5466,2023-07-01 00:00:00,240.40000000,245.90000000,240.20000000,241.40000000,165461.46400000
5467,2023-07-01 04:00:00,241.40000000,242.30000000,240.00000000,242.10000000,85919.01200000
5468,2023-07-01 08:00:00,242.10000000,244.40000000,241.90000000,243.50000000,105956.69700000
5469,2023-07-01 12:00:00,243.50000000,248.70000000,242.80000000,247.40000000,219330.19700000
5470,2023-07-01 16:00:00,247.30000000,248.20000000,245.60000000,246.40000000,92695.62700000
5471,2023-07-01 20:00:00,246.40000000,249.00000000,246.30000000,247.90000000,53736.40400000
5472,2023-07-02 00:00:00,247.80000000,248.50000000,243.00000000,243.20000000,119951.11200000
5473,2023-07-02 04:00:00,243.30000000,245.80000000,242.90000000,245.70000000,82868.08400000
5474,2023-07-02 08:00:00,245.70000000,246.20000000,244.60000000,245.70000000,56900.91300000
5475,2023-07-02 12:00:00,245.80000000,246.40000000,243.00000000,246.00000000,154818.49500000
5476,2023-07-02 16:00:00,246.00000000,246.10000000,243.10000000,244.60000000,88256.83800000
5477,2023-07-02 20:00:00,244.70000000,247.70000000,244.40000000,246.50000000,95376.62100000
5478,2023-07-03 00:00:00,246.50000000,248.80000000,245.60000000,248.00000000,89267.41000000
5479,2023-07-03 04:00:00,248.00000000,250.20000000,246.20000000,249.50000000,132399.34200000
5480,2023-07-03 08:00:00,249.50000000,254.70000000,246.00000000,248.60000000,285411.78600000
5481,2023-07-03 12:00:00,248.50000000,249.90000000,247.30000000,249.40000000,142676.30100000
5482,2023-07-03 16:00:00,249.50000000,249.50000000,246.20000000,248.00000000,124574.43000000
5483,2023-07-03 20:00:00,248.00000000,248.30000000,245.30000000,246.50000000,99663.45800000
5484,2023-07-04 00:00:00,246.50000000,246.90000000,244.50000000,245.80000000,88156.14700000
5485,2023-07-04 04:00:00,245.80000000,246.20000000,244.80000000,244.90000000,85729.26000000
5486,2023-07-04 08:00:00,244.90000000,245.90000000,244.10000000,245.70000000,71231.35500000
5487,2023-07-04 12:00:00,245.80000000,245.90000000,243.00000000,243.80000000,82529.34700000
5488,2023-07-04 16:00:00,243.90000000,244.70000000,240.40000000,241.30000000,118727.21400000
5489,2023-07-04 20:00:00,241.30000000,243.20000000,241.00000000,242.50000000,42535.73200000
5490,2023-07-05 00:00:00,242.50000000,243.80000000,241.80000000,243.70000000,59167.95000000
5491,2023-07-05 04:00:00,243.80000000,243.90000000,243.00000000,243.20000000,51136.92200000
5492,2023-07-05 08:00:00,243.20000000,243.20000000,235.80000000,238.00000000,188565.29300000
5493,2023-07-05 12:00:00,238.00000000,238.90000000,236.80000000,237.80000000,118541.50900000
5494,2023-07-05 16:00:00,237.80000000,240.40000000,237.50000000,238.60000000,54798.14900000
5495,2023-07-05 20:00:00,238.60000000,239.60000000,238.00000000,238.90000000,47805.87100000
5496,2023-07-06 00:00:00,239.00000000,240.20000000,237.70000000,240.10000000,45910.57000000
5497,2023-07-06 04:00:00,240.10000000,242.00000000,239.40000000,241.50000000,97141.39500000
5498,2023-07-06 08:00:00,241.50000000,244.50000000,239.80000000,240.50000000,136371.46600000
5499,2023-07-06 12:00:00,240.60000000,240.80000000,234.60000000,238.50000000,177756.86900000
5500,2023-07-06 16:00:00,238.50000000,239.70000000,236.90000000,237.80000000,88420.27400000
5501,2023-07-06 20:00:00,237.80000000,238.20000000,231.50000000,232.20000000,127674.86700000
5502,2023-07-07 00:00:00,232.30000000,234.50000000,231.10000000,234.20000000,90632.95300000
5503,2023-07-07 04:00:00,234.30000000,235.30000000,232.50000000,233.10000000,95609.89200000
5504,2023-07-07 08:00:00,233.10000000,234.30000000,232.50000000,233.30000000,57651.04700000
5505,2023-07-07 12:00:00,233.30000000,236.20000000,232.60000000,235.70000000,100600.18200000
5506,2023-07-07 16:00:00,235.70000000,236.10000000,233.80000000,235.30000000,65295.41000000
5507,2023-07-07 20:00:00,235.20000000,236.00000000,234.60000000,235.60000000,21745.10200000
5508,2023-07-08 00:00:00,235.70000000,237.50000000,235.00000000,235.30000000,44208.75700000
5509,2023-07-08 04:00:00,235.30000000,236.30000000,234.80000000,235.90000000,36749.43600000
5510,2023-07-08 08:00:00,235.90000000,237.60000000,235.80000000,236.30000000,59759.26600000
5511,2023-07-08 12:00:00,236.30000000,237.10000000,235.80000000,236.70000000,46106.93900000
5512,2023-07-08 16:00:00,236.60000000,237.00000000,234.20000000,235.00000000,41213.15700000
5513,2023-07-08 20:00:00,235.00000000,236.40000000,234.50000000,236.30000000,31690.16600000
5514,2023-07-09 00:00:00,236.30000000,237.00000000,235.60000000,236.20000000,33537.08200000
5515,2023-07-09 04:00:00,236.20000000,236.30000000,234.30000000,234.60000000,42307.47300000
5516,2023-07-09 08:00:00,234.60000000,235.10000000,234.40000000,234.90000000,31924.63100000
5517,2023-07-09 12:00:00,234.90000000,235.50000000,232.90000000,234.30000000,65467.65100000
5518,2023-07-09 16:00:00,234.30000000,235.10000000,234.00000000,234.80000000,36404.27400000
5519,2023-07-09 20:00:00,234.80000000,234.90000000,233.50000000,234.10000000,25482.21800000
5520,2023-07-10 00:00:00,234.10000000,234.70000000,231.40000000,233.60000000,82781.43800000
5521,2023-07-10 04:00:00,233.60000000,234.10000000,232.20000000,232.50000000,45861.98800000
5522,2023-07-10 08:00:00,232.50000000,244.30000000,231.30000000,242.00000000,525252.59600000
5523,2023-07-10 12:00:00,242.10000000,247.00000000,241.20000000,245.60000000,250260.33400000
5524,2023-07-10 16:00:00,245.60000000,247.00000000,243.80000000,246.00000000,156770.70000000
5525,2023-07-10 20:00:00,246.00000000,246.50000000,243.00000000,246.20000000,132899.46800000
5526,2023-07-11 00:00:00,246.20000000,248.00000000,244.60000000,246.70000000,161018.63800000
5527,2023-07-11 04:00:00,246.70000000,247.90000000,245.80000000,247.10000000,90156.77200000
5528,2023-07-11 08:00:00,247.20000000,248.80000000,245.10000000,245.70000000,134195.56400000
5529,2023-07-11 12:00:00,245.80000000,248.00000000,245.30000000,247.50000000,107677.25800000
5530,2023-07-11 16:00:00,247.40000000,248.70000000,246.90000000,247.50000000,112263.62000000
5531,2023-07-11 20:00:00,247.50000000,249.50000000,247.10000000,248.60000000,54829.53200000
5532,2023-07-12 00:00:00,248.60000000,250.50000000,248.20000000,249.60000000,78253.65900000
5533,2023-07-12 04:00:00,249.60000000,250.10000000,248.90000000,249.60000000,72350.88900000
5534,2023-07-12 08:00:00,249.60000000,249.70000000,247.40000000,248.10000000,106493.13800000
5535,2023-07-12 12:00:00,248.10000000,249.00000000,243.60000000,244.30000000,208136.18400000
5536,2023-07-12 16:00:00,244.30000000,244.50000000,242.60000000,243.50000000,99442.94600000
5537,2023-07-12 20:00:00,243.50000000,244.40000000,243.20000000,243.90000000,34713.89600000
5538,2023-07-13 00:00:00,243.90000000,244.50000000,242.70000000,243.40000000,50396.27700000
5539,2023-07-13 04:00:00,243.40000000,245.20000000,242.70000000,244.30000000,70172.50000000
5540,2023-07-13 08:00:00,244.30000000,246.80000000,244.20000000,246.00000000,94219.87000000
5541,2023-07-13 12:00:00,246.00000000,253.50000000,245.10000000,251.00000000,208989.75600000
5542,2023-07-13 16:00:00,251.00000000,257.80000000,250.30000000,254.00000000,481122.76400000
5543,2023-07-13 20:00:00,254.00000000,256.60000000,251.00000000,256.10000000,132930.22400000
5544,2023-07-14 00:00:00,256.20000000,260.50000000,255.50000000,260.30000000,226171.43100000
5545,2023-07-14 04:00:00,260.30000000,261.70000000,255.30000000,255.60000000,166119.80900000
5546,2023-07-14 08:00:00,255.50000000,258.00000000,253.40000000,255.20000000,147085.75300000
5547,2023-07-14 12:00:00,255.30000000,257.10000000,252.60000000,256.60000000,151816.75600000
5548,2023-07-14 16:00:00,256.50000000,257.50000000,243.40000000,244.90000000,319558.34300000
5549,2023-07-14 20:00:00,244.80000000,248.30000000,243.90000000,248.10000000,60366.60400000
5550,2023-07-15 00:00:00,248.10000000,249.40000000,246.90000000,248.50000000,72970.37600000
5551,2023-07-15 04:00:00,248.40000000,250.40000000,247.90000000,250.10000000,79744.28100000
5552,2023-07-15 08:00:00,250.10000000,252.50000000,249.50000000,250.90000000,72271.71100000
5553,2023-07-15 12:00:00,250.80000000,251.40000000,249.10000000,250.40000000,65549.44800000
5554,2023-07-15 16:00:00,250.40000000,252.10000000,249.50000000,252.00000000,53540.49100000
5555,2023-07-15 20:00:00,252.10000000,252.10000000,250.00000000,251.10000000,39696.36600000
5556,2023-07-16 00:00:00,251.10000000,252.10000000,248.00000000,248.30000000,68215.43300000
5557,2023-07-16 04:00:00,248.30000000,249.30000000,247.70000000,248.60000000,48906.64400000
5558,2023-07-16 08:00:00,248.60000000,250.50000000,248.50000000,250.20000000,54141.21100000
5559,2023-07-16 12:00:00,250.20000000,250.50000000,247.80000000,248.70000000,73163.21600000
5560,2023-07-16 16:00:00,248.70000000,249.10000000,244.10000000,244.40000000,97800.78400000
5561,2023-07-16 20:00:00,244.40000000,245.20000000,242.00000000,242.30000000,90789.32100000
5562,2023-07-17 00:00:00,242.30000000,244.10000000,240.70000000,243.80000000,148899.62300000
5563,2023-07-17 04:00:00,243.90000000,243.90000000,241.50000000,242.70000000,186443.71800000
5564,2023-07-17 08:00:00,242.70000000,244.10000000,239.80000000,243.00000000,171862.52900000
5565,2023-07-17 12:00:00,243.00000000,244.90000000,242.30000000,243.70000000,122782.14300000
5566,2023-07-17 16:00:00,243.80000000,244.40000000,240.30000000,242.60000000,104064.80200000
5567,2023-07-17 20:00:00,242.60000000,244.80000000,242.10000000,244.10000000,58692.34300000
5568,2023-07-18 00:00:00,244.10000000,246.70000000,243.90000000,244.50000000,84749.93100000
5569,2023-07-18 04:00:00,244.50000000,245.30000000,240.40000000,241.10000000,240928.82100000
5570,2023-07-18 08:00:00,241.00000000,242.50000000,239.30000000,239.50000000,222657.49800000
5571,2023-07-18 12:00:00,239.60000000,241.30000000,238.40000000,240.10000000,202125.75800000
5572,2023-07-18 16:00:00,240.10000000,241.20000000,237.50000000,240.10000000,123193.47100000
5573,2023-07-18 20:00:00,240.20000000,240.70000000,239.20000000,240.20000000,58849.29200000
5574,2023-07-19 00:00:00,240.30000000,243.60000000,239.60000000,243.50000000,95181.22200000
5575,2023-07-19 04:00:00,243.50000000,244.10000000,242.00000000,242.50000000,89380.90700000
5576,2023-07-19 08:00:00,242.50000000,242.60000000,240.60000000,242.10000000,76054.57600000
5577,2023-07-19 12:00:00,242.20000000,243.00000000,239.90000000,241.00000000,85821.77600000
5578,2023-07-19 16:00:00,241.00000000,242.80000000,240.00000000,241.70000000,56449.38300000
5579,2023-07-19 20:00:00,241.80000000,242.20000000,240.20000000,240.80000000,41788.64300000
5580,2023-07-20 00:00:00,240.90000000,242.90000000,240.60000000,241.40000000,45108.01600000
5581,2023-07-20 04:00:00,241.40000000,244.00000000,241.10000000,243.90000000,79583.56500000
5582,2023-07-20 08:00:00,243.80000000,245.00000000,243.50000000,244.00000000,97699.24400000
5583,2023-07-20 12:00:00,244.00000000,244.60000000,240.80000000,241.70000000,116786.42900000
5584,2023-07-20 16:00:00,241.60000000,242.30000000,240.30000000,241.60000000,74547.14000000
5585,2023-07-20 20:00:00,241.60000000,243.30000000,240.60000000,242.80000000,35663.40600000
5586,2023-07-21 00:00:00,242.80000000,244.80000000,242.00000000,243.90000000,51448.52000000
5587,2023-07-21 04:00:00,244.00000000,244.30000000,242.80000000,243.50000000,66000.88400000
5588,2023-07-21 08:00:00,243.40000000,244.70000000,243.30000000,244.50000000,46129.49700000
5589,2023-07-21 12:00:00,244.60000000,245.40000000,243.90000000,244.00000000,55437.80000000
5590,2023-07-21 16:00:00,244.10000000,244.90000000,242.60000000,243.60000000,53371.65000000
5591,2023-07-21 20:00:00,243.60000000,244.10000000,243.20000000,243.70000000,22799.43600000
5592,2023-07-22 00:00:00,243.80000000,244.90000000,243.50000000,244.50000000,29784.41800000
5593,2023-07-22 04:00:00,244.40000000,244.80000000,243.00000000,243.70000000,27558.93600000
5594,2023-07-22 08:00:00,243.70000000,244.10000000,242.00000000,242.70000000,32575.80400000
5595,2023-07-22 12:00:00,242.70000000,242.90000000,242.00000000,242.80000000,17753.73800000
5596,2023-07-22 16:00:00,242.80000000,242.90000000,241.50000000,242.50000000,29639.98800000
5597,2023-07-22 20:00:00,242.50000000,242.50000000,240.10000000,241.10000000,47119.63900000
5598,2023-07-23 00:00:00,241.10000000,242.20000000,240.40000000,241.80000000,22313.00100000
5599,2023-07-23 04:00:00,241.80000000,242.80000000,241.70000000,242.60000000,22820.25700000
5600,2023-07-23 08:00:00,242.60000000,243.00000000,242.00000000,242.10000000,21839.70700000
5601,2023-07-23 12:00:00,242.10000000,242.70000000,242.00000000,242.20000000,23473.88200000
5602,2023-07-23 16:00:00,242.10000000,244.00000000,241.80000000,242.60000000,53487.27100000
5603,2023-07-23 20:00:00,242.60000000,243.30000000,241.60000000,242.50000000,27997.01500000
5604,2023-07-24 00:00:00,242.40000000,243.10000000,240.60000000,240.80000000,43448.37100000
5605,2023-07-24 04:00:00,240.80000000,242.10000000,239.20000000,241.90000000,74759.08800000
5606,2023-07-24 08:00:00,241.90000000,242.00000000,235.00000000,238.60000000,143211.43900000
5607,2023-07-24 12:00:00,238.60000000,238.90000000,235.40000000,236.90000000,112265.78000000
5608,2023-07-24 16:00:00,237.00000000,238.50000000,236.00000000,237.90000000,58885.50100000
5609,2023-07-24 20:00:00,237.90000000,239.10000000,237.60000000,238.90000000,30881.51900000
5610,2023-07-25 00:00:00,238.90000000,239.80000000,238.00000000,238.50000000,42216.82500000
5611,2023-07-25 04:00:00,238.40000000,238.50000000,236.80000000,237.10000000,63500.00400000
5612,2023-07-25 08:00:00,237.10000000,238.80000000,237.00000000,238.00000000,51768.66300000
5613,2023-07-25 12:00:00,238.00000000,238.30000000,236.20000000,237.40000000,64467.13100000
5614,2023-07-25 16:00:00,237.40000000,238.40000000,236.70000000,237.30000000,62647.20900000
5615,2023-07-25 20:00:00,237.20000000,238.10000000,236.90000000,237.70000000,22601.48000000
5616,2023-07-26 00:00:00,237.80000000,238.70000000,236.30000000,238.40000000,48496.37900000
5617,2023-07-26 04:00:00,238.30000000,238.60000000,237.40000000,237.60000000,50692.46100000
5618,2023-07-26 08:00:00,237.70000000,238.10000000,236.50000000,236.80000000,42058.61300000
5619,2023-07-26 12:00:00,236.80000000,238.60000000,236.60000000,238.10000000,56568.62200000
5620,2023-07-26 16:00:00,238.20000000,239.40000000,236.70000000,238.90000000,76845.15900000
5621,2023-07-26 20:00:00,238.90000000,240.40000000,238.40000000,239.00000000,44006.58000000
5622,2023-07-27 00:00:00,239.00000000,240.40000000,238.40000000,239.90000000,25814.64700000
5623,2023-07-27 04:00:00,239.80000000,244.50000000,239.80000000,242.10000000,87838.48500000
5624,2023-07-27 08:00:00,242.10000000,242.90000000,241.30000000,242.00000000,68135.61100000
5625,2023-07-27 12:00:00,242.00000000,242.00000000,240.30000000,240.70000000,66140.49000000
5626,2023-07-27 16:00:00,240.70000000,241.30000000,239.40000000,240.10000000,44994.80200000
5627,2023-07-27 20:00:00,240.20000000,240.80000000,240.00000000,240.60000000,17255.95400000
5628,2023-07-28 00:00:00,240.70000000,241.20000000,240.00000000,240.80000000,24563.32200000
5629,2023-07-28 04:00:00,240.80000000,241.20000000,239.70000000,240.80000000,41753.00000000
5630,2023-07-28 08:00:00,240.90000000,242.00000000,240.50000000,241.00000000,54756.68000000
5631,2023-07-28 12:00:00,241.10000000,242.70000000,241.00000000,241.60000000,64423.65000000
5632,2023-07-28 16:00:00,241.70000000,242.90000000,241.00000000,242.70000000,27927.26700000
5633,2023-07-28 20:00:00,242.60000000,242.90000000,241.70000000,241.90000000,19315.26000000
5634,2023-07-29 00:00:00,241.90000000,242.50000000,241.60000000,241.90000000,11176.54900000
5635,2023-07-29 04:00:00,241.90000000,242.30000000,241.40000000,241.50000000,16112.51600000
5636,2023-07-29 08:00:00,241.40000000,241.80000000,241.10000000,241.30000000,16042.15400000
5637,2023-07-29 12:00:00,241.40000000,242.10000000,241.20000000,241.90000000,21722.71900000
5638,2023-07-29 16:00:00,241.90000000,242.30000000,241.60000000,242.10000000,15934.76500000
5639,2023-07-29 20:00:00,242.10000000,242.90000000,242.00000000,242.40000000,21418.19600000
5640,2023-07-30 00:00:00,242.50000000,242.90000000,242.00000000,242.40000000,13747.03800000
5641,2023-07-30 04:00:00,242.40000000,242.80000000,241.60000000,242.60000000,40816.33500000
5642,2023-07-30 08:00:00,242.70000000,242.90000000,241.90000000,242.30000000,52850.76600000
5643,2023-07-30 12:00:00,242.20000000,243.70000000,242.10000000,243.00000000,53698.14100000
5644,2023-07-30 16:00:00,243.00000000,243.80000000,241.20000000,241.70000000,47153.90900000
5645,2023-07-30 20:00:00,241.70000000,242.70000000,240.30000000,242.50000000,46980.34300000
5646,2023-07-31 00:00:00,242.60000000,244.50000000,242.20000000,243.60000000,58887.57600000
5647,2023-07-31 04:00:00,243.70000000,243.90000000,242.60000000,243.30000000,54120.02600000
5648,2023-07-31 08:00:00,243.30000000,244.10000000,243.20000000,243.40000000,45178.81300000
5649,2023-07-31 12:00:00,243.40000000,244.10000000,241.70000000,242.20000000,65141.60100000
5650,2023-07-31 16:00:00,242.20000000,242.80000000,240.80000000,241.40000000,69236.16300000
5651,2023-07-31 20:00:00,241.40000000,241.80000000,240.50000000,241.00000000,40535.59200000
5652,2023-08-01 00:00:00,241.00000000,243.80000000,237.30000000,239.40000000,99361.38600000
5653,2023-08-01 04:00:00,239.40000000,246.40000000,238.70000000,245.40000000,315950.97500000
5654,2023-08-01 08:00:00,245.50000000,246.60000000,244.20000000,244.70000000,147131.18600000
5655,2023-08-01 12:00:00,244.70000000,245.70000000,242.50000000,245.20000000,114497.43400000
5656,2023-08-01 16:00:00,245.20000000,247.00000000,244.40000000,246.90000000,81773.83400000
5657,2023-08-01 20:00:00,246.90000000,247.80000000,245.40000000,247.70000000,54360.36000000
5658,2023-08-02 00:00:00,247.80000000,248.80000000,244.90000000,245.70000000,97046.36100000
5659,2023-08-02 04:00:00,245.80000000,246.20000000,244.30000000,244.60000000,70686.42000000
5660,2023-08-02 08:00:00,244.70000000,246.00000000,244.40000000,246.00000000,59352.44500000
5661,2023-08-02 12:00:00,246.00000000,246.20000000,242.20000000,243.20000000,93581.07600000
5662,2023-08-02 16:00:00,243.30000000,243.90000000,235.70000000,241.40000000,260134.79200000
5663,2023-08-02 20:00:00,241.40000000,242.20000000,240.40000000,240.70000000,49563.50500000
5664,2023-08-03 00:00:00,240.70000000,241.30000000,239.80000000,240.40000000,37740.30800000
5665,2023-08-03 04:00:00,240.40000000,241.20000000,239.20000000,239.30000000,53051.91600000
5666,2023-08-03 08:00:00,239.20000000,240.90000000,238.30000000,240.70000000,58545.18100000
5667,2023-08-03 12:00:00,240.70000000,242.80000000,240.00000000,241.40000000,77808.22500000
5668,2023-08-03 16:00:00,241.40000000,241.90000000,240.40000000,241.10000000,49585.63600000
5669,2023-08-03 20:00:00,241.20000000,241.70000000,240.00000000,241.10000000,27235.41100000
5670,2023-08-04 00:00:00,241.10000000,241.90000000,240.70000000,241.60000000,31450.34500000
5671,2023-08-04 04:00:00,241.60000000,243.40000000,241.10000000,242.10000000,47635.76900000
5672,2023-08-04 08:00:00,242.10000000,242.70000000,241.40000000,241.90000000,61138.52400000
5673,2023-08-04 12:00:00,241.80000000,243.30000000,241.70000000,243.10000000,55132.90700000
5674,2023-08-04 16:00:00,243.10000000,243.40000000,240.80000000,241.60000000,47970.33100000
5675,2023-08-04 20:00:00,241.60000000,242.00000000,240.20000000,241.70000000,31387.46800000
5676,2023-08-05 00:00:00,241.70000000,242.20000000,240.10000000,241.00000000,37393.31500000
5677,2023-08-05 04:00:00,241.00000000,241.70000000,240.50000000,241.30000000,26239.74600000
5678,2023-08-05 08:00:00,241.20000000,242.20000000,241.10000000,241.60000000,23182.42300000
5679,2023-08-05 12:00:00,241.60000000,242.20000000,241.20000000,242.20000000,37786.91200000
5680,2023-08-05 16:00:00,242.20000000,242.90000000,241.60000000,242.60000000,34095.08800000
5681,2023-08-05 20:00:00,242.60000000,243.30000000,242.60000000,243.20000000,17724.79800000
5682,2023-08-06 00:00:00,243.30000000,245.20000000,243.10000000,244.70000000,45407.14800000
5683,2023-08-06 04:00:00,244.80000000,245.20000000,244.10000000,245.10000000,53511.02900000
5684,2023-08-06 08:00:00,245.10000000,245.50000000,244.00000000,244.30000000,51584.85900000
5685,2023-08-06 12:00:00,244.30000000,244.60000000,243.00000000,243.30000000,51561.66600000
