,level_0,index,date,open,high,low,close,volume,ema10,ema20,ema50,ema100,ema200,vc,vwap21,vwap50,vwap100,vwap200,upper,lower,signal
0,0,0,2023-05-01 00:00:00,29233.20000000,29337.34000000,29215.93000000,29315.57,1884.84043,29315.57,29315.57,29315.57,29315.57,29315.57,55255171.5644951,28362.3431848955,28349.4664458155,28563.9199746232,28576.5689445627,28919.160513981227,28265.979875615554,sell
1,1,1,2023-05-01 01:00:00,29315.57000000,29315.57000000,28369.95000000,28504.36,7975.68782,29168.07727272727,29238.311904761907,29283.757843137257,29299.50643564356,29307.49825870647,227341876.8688952,28362.3431848955,28349.4664458155,28563.9199746232,28576.5689445627,28906.675927525423,28253.49528915975,
2,2,2,2023-05-01 02:00:00,28504.36000000,28680.38000000,28414.00000000,28549.41,4047.55713,29055.592314049583,29172.70219954649,29254.959888504425,29284.653040878344,29299.955091953172,115555368.0027933,28362.3431848955,28349.4664458155,28563.9199746232,28576.5689445627,28893.34495141678,28240.164313051107,
3,3,3,2023-05-01 03:00:00,28549.42000000,28592.95000000,28436.27000000,28561.06,2058.7653,28965.67734785875,29114.450561494443,29227.74812817092,29270.324465811445,29292.60290198349,58800519.259218,28362.3431848955,28349.4664458155,28563.9199746232,28576.5689445627,28879.05669973531,28225.876061369636,
4,4,4,2023-05-01 04:00:00,28561.07000000,28589.84000000,28486.29000000,28555.0,1378.42285,28891.008739157158,29061.16955563783,29201.365848634803,29256.15962490429,29285.263569625447,39360864.48175,28362.3431848955,28349.4664458155,28563.9199746232,28576.5689445627,28863.7003406514,28210.51970228573,
5,5,5,2023-05-01 05:00:00,28555.01000000,28635.53000000,28250.15000000,28483.68,3283.4505,28816.94896840131,29006.170550338986,29173.221305551084,29240.86299866856,29277.287613708777,93524753.33784,28362.3431848955,28349.4664458155,28563.9199746232,28576.5689445627,28847.170616905878,28193.989978540205,
6,6,6,2023-05-01 06:00:00,28483.68000000,28598.05000000,28447.21000000,28594.34,1656.2594,28776.474610510162,28966.948593163845,29150.520077882415,29228.06056305136,29270.49211506491,47359644.411795996,28362.3431848955,28349.4664458155,28563.9199746232,28576.5689445627,28829.374769449172,28176.1941310835,
7,7,7,2023-05-01 07:00:00,28594.34000000,28713.94000000,28577.52000000,28629.09,2275.10997,28749.677408599222,28934.7715842911,29130.071839534085,29216.199759822623,29264.11000446725,65134328.0910273,28362.3431848955,28349.4664458155,28563.9199746232,28576.5689445627,28810.240738177672,28157.060099812,
8,8,8,2023-05-01 08:00:00,28629.08000000,28631.96000000,28550.10000000,28574.45,1443.35753,28717.817879763,28900.45524293004,29108.28274778765,29203.49184378653,29257.247715865586,41243147.5731085,28362.3431848955,28349.4664458155,28563.9199746232,28576.5689445627,28789.726324878655,28136.54568651298,
9,9,9,2023-05-01 09:00:00,28574.45000000,28670.10000000,28500.00000000,28524.98,1319.00148,28682.756447078817,28864.69569598432,29085.40813022735,29190.055965691747,29249.961469936574,37624490.8369704,28362.3431848955,28349.4664458155,28563.9199746232,28576.5689445627,28767.828788836185,28114.64815047051,
10,10,10,2023-05-01 10:00:00,28524.99000000,28561.39000000,28487.42000000,28552.43,958.59903,28659.06072942812,28834.956105890575,29064.50702708118,29177.429708945376,29243.020858295415,27370331.702142898,28362.3431848955,28349.4664458155,28563.9199746232,28576.5689445627,28744.594133640323,28091.41349527465,
11,11,11,2023-05-01 11:00:00,28552.42000000,28591.63000000,28504.63000000,28523.86,1118.82922,28634.478778623008,28805.327905329566,29043.30518288192,29164.487734510814,29235.86502885964,31913328.035189204,28362.3431848955,28349.4664458155,28563.9199746232,28576.5689445627,28720.12517461122,28066.944536245548,
12,12,12,2023-05-01 12:00:00,28523.85000000,28610.26000000,28452.25000000,28596.32,1527.608,28627.54081887337,28785.422390536274,29025.776352180666,29153.236888282878,29229.501396731685,43683967.20256,28362.3431848955,28349.4664458155,28563.9199746232,28576.5689445627,28694.587395666953,28041.40675730128,
13,13,13,2023-05-01 13:00:00,28596.32000000,28629.42000000,28442.58000000,28457.84,1381.12291,28596.686124532753,28754.224067628056,29003.50433836966,29139.466652871335,29221.82317387863,39303774.7931144,28362.3431848955,28349.4664458155,28563.9199746232,28576.5689445627,28668.21165388609,28015.031015520417,
14,14,14,2023-05-01 14:00:00,28457.84000000,28573.57000000,28311.11000000,28473.3,2883.79202,28574.252283708614,28727.469394520624,28982.712011374773,29126.275234002595,29214.37518209874,82111075.323066,28362.3431848955,28349.4664458155,28563.9199746232,28576.5689445627,28641.29299381935,27988.112355453675,
15,15,15,2023-05-01 15:00:00,28473.31000000,28488.31000000,28075.36000000,28170.64,6264.40389,28500.868232125227,28674.438023613897,28950.866050144392,29107.351764022344,29203.989757401247,176472266.79978958,28362.3431848955,28349.4664458155,28563.9199746232,28576.5689445627,28614.18518720707,27961.004548841396,
16,16,16,2023-05-01 16:00:00,28170.64000000,28388.16000000,28014.50000000,28360.8,3765.71997,28475.40128082973,28644.567735650668,28927.72620504069,29092.568560774373,29195.599809566407,106798830.925176,28362.3431848955,28349.4664458155,28563.9199746232,28576.5689445627,28587.29107726669,27934.110438901018,
17,17,17,2023-05-01 17:00:00,28360.80000000,28410.95000000,28167.44000000,28278.22,1990.6303,28439.550138860686,28609.67747511251,28902.255373470467,29076.442846699632,29186.47165225729,56291481.562066,28362.3431848955,28349.4664458155,28563.9199746232,28576.5689445627,28561.049307935467,27907.868669569794,
18,18,18,2023-05-01 18:00:00,28278.21000000,28292.15000000,28090.71000000,28173.83,1658.95991,28391.23738634056,28568.16819176846,28873.68967255006,29058.569324982807,29176.39561591642,46739254.481155306,28362.3431848955,28349.4664458155,28563.9199746232,28576.5689445627,28535.918466478142,27882.73782811247,
19,19,19,2023-05-01 19:00:00,28173.83000000,28190.25000000,27799.99000000,27843.36,6753.52126,28291.623316096822,28499.138840171465,28833.28458735202,29034.505773993045,29163.13157993715,188040723.70983362,28362.3431848955,28349.4664458155,28563.9199746232,28576.5689445627,28512.35997436443,27859.179335998757,buy
20,20,20,2023-05-01 20:00:00,27843.35000000,27964.48000000,27666.95000000,27678.09,3290.79657,28180.071804079216,28420.943712536086,28787.98283882841,29007.646055696154,29148.355046803452,91082963.6361513,28362.3431848955,28349.4664458155,28563.9199746232,28576.5689445627,28490.82116332932,27837.64052496365,buy
21,21,21,2023-05-01 21:00:00,27678.09000000,28085.81000000,27672.86000000,27985.46,2043.35856,28144.687839701175,28379.469073246935,28756.51135495279,28987.404747662567,29136.783951810383,57184329.246537596,28318.893503351,28349.4664458155,28563.9199746232,28576.5689445627,28471.7198504312,27818.539212065527,
22,22,22,2023-05-01 22:00:00,27985.46000000,28159.26000000,27940.00000000,28020.01,1962.47535,28122.019141573684,28345.234875794846,28727.62894887621,28968.248416025683,29125.671773185408,54988578.931753494,28279.9619805359,28349.4664458155,28563.9199746232,28576.5689445627,28455.43140501234,27802.250766646666,
23,23,23,2023-05-01 23:00:00,28020.00000000,28144.49000000,28009.36000000,28068.26,1511.39018,28112.24475219665,28318.856316195335,28701.771343037926,28950.426863233093,29115.15026300446,42422092.5336868,28252.0440287036,28349.4664458155,28563.9199746232,28576.5689445627,28442.27884974792,27789.098211382247,
24,24,24,2023-05-02 00:00:00,28068.26000000,28145.60000000,27978.11000000,28050.42,1830.29425,28101.003888160893,28293.29095274816,28676.22815311487,28932.60494514927,29104.555932029292,51340522.43608499,28232.0583317888,28349.4664458155,28563.9199746232,28576.5689445627,28432.526049016815,27779.34541065114,
25,25,25,2023-05-02 01:00:00,28050.42000000,28092.61000000,27918.49000000,27942.87,1287.16353,28072.252272131635,28259.917528676906,28647.469009855464,28913.006233364136,29092.996868029,35967043.1875311,28215.777700167,28349.4664458155,28563.9199746232,28576.5689445627,28426.37360443598,27773.192966070306,
26,26,26,2023-05-02 02:00:00,27942.86000000,28035.98000000,27925.74000000,28008.52,1085.71012,28060.66458628952,28235.974906898155,28622.412185939564,28895.095614881677,29082.20605342175,30409133.6102224,28192.7677155296,28349.4664458155,28563.9199746232,28576.5689445627,28423.95677600539,27770.776137639717,
27,27,27,2023-05-02 03:00:00,28008.53000000,28046.52000000,27931.43000000,28043.76,931.28339,28057.59102514597,28217.668725288808,28599.7199433537,28878.23748389392,29071.87325687029,26116687.8811464,28175.7663807002,28349.4664458155,28563.9199746232,28576.5689445627,28425.344623514055,27772.16398514838,
28,28,28,2023-05-02 04:00:00,28043.75000000,28046.52000000,27918.45000000,27927.69,875.74443,28033.97265693761,28190.05170383273,28573.365827928064,28859.414761440574,29060.48834884173,24457518.9602667,28148.5538649252,28349.4664458155,28563.9199746232,28576.5689445627,28430.539625810034,27777.35898744436,
29,29,29,2023-05-02 05:00:00,27927.68000000,28015.00000000,27872.00000000,28000.01,1023.80797,28027.797628403496,28171.952493943896,28550.881285656375,28842.396845372445,29049.93632547017,28666633.398079697,28131.6878345489,28349.4664458155,28563.9199746232,28576.5689445627,28439.477259733725,27786.296621368052,
30,30,30,2023-05-02 06:00:00,28000.00000000,28035.02000000,27967.13000000,27999.1,844.57677,28022.57987778468,28155.490351663524,28529.242803865927,28825.697897939328,29039.480242629674,23647389.440906998,28117.6683517601,28349.4664458155,28563.9199746232,28576.5689445627,28452.025353198107,27798.844714832434,
31,31,31,2023-05-02 07:00:00,27999.10000000,28164.55000000,27992.84000000,28057.47,1493.66088,28028.923536369282,28146.15508007652,28510.741909596676,28810.485464316767,29029.708996434358,41908345.3307736,28106.5386495615,28349.4664458155,28563.9199746232,28576.5689445627,28467.983398913475,27814.802760547802,
32,32,32,2023-05-02 08:00:00,28057.47000000,28133.33000000,28014.06000000,28028.54,1472.12476,28028.853802483958,28134.953643878758,28491.832030788966,28795.001395716434,29019.747115872826,41261507.7206504,28093.8586455201,28349.4664458155,28563.9199746232,28576.5689445627,28487.082353296108,27833.901714930435,
33,33,33,2023-05-02 09:00:00,28028.55000000,28069.20000000,27939.40000000,27983.2,1476.82599,28020.553111123238,28120.500915890305,28471.88567664038,28778.92612055373,29009.43321422235,41326317.043368004,28073.5435436384,28349.4664458155,28563.9199746232,28576.5689445627,28508.985683649877,27855.805045284204,
34,34,34,2023-05-02 10:00:00,27983.21000000,28045.72000000,27967.56000000,28016.52,1027.43936,28019.81981819174,28110.597971519797,28454.02819912507,28763.828969651673,28999.5534807475,28785275.378227204,28060.5833240061,28349.4664458155,28563.9199746232,28576.5689445627,28533.29251820389,27880.111879838216,
35,35,35,2023-05-02 11:00:00,28016.53000000,28098.59000000,28012.90000000,28084.83,1064.03684,28031.639851247783,28108.143878994102,28439.549838375067,28750.383445500152,28990.451754570913,29883293.765137203,28033.9101275077,28349.4664458155,28563.9199746232,28576.5689445627,28559.543675668498,27906.363037302825,
36,36,36,2023-05-02 12:00:00,28084.83000000,28250.00000000,28004.53000000,28106.95,1987.05382,28045.332605566367,28108.030176232758,28426.5067074584,28737.642189153616,28981.66069233638,55850022.36604901,28015.8436247266,28349.4664458155,28563.9199746232,28576.5689445627,28587.231109808014,27934.05047144234,
37,37,37,2023-05-02 13:00:00,28106.94000000,28141.00000000,27936.26000000,28009.07,1962.38719,28038.7394045543,28098.605397543924,28410.136640499248,28723.21501709117,28971.98317300965,54964640.171813294,27980.9171308817,28349.4664458155,28563.9199746232,28576.5689445627,28615.810933861845,27962.630295496172,
38,38,38,2023-05-02 14:00:00,28009.07000000,28629.93000000,27910.00000000,28374.22,9106.02335,28099.735876453517,28124.854407301646,28408.728144793396,28716.30422467352,28966.035280740896,258376309.858037,28047.8156845085,28349.4664458155,28563.9199746232,28576.5689445627,28644.719745453694,27991.53910708802,
39,39,39,2023-05-02 15:00:00,28374.22000000,28767.08000000,28263.70000000,28540.68,7079.13957,28179.90753528015,28164.45684470149,28413.902727350516,28712.82651725424,28961.802889887756,202043457.14270762,28113.2732818842,28349.4664458155,28563.9199746232,28576.5689445627,28673.39352421534,28020.212885849665,
40,40,40,2023-05-02 16:00:00,28540.69000000,28614.45000000,28444.30000000,28468.58,2584.05309,28232.39343795648,28193.42095472992,28416.046934121085,28707.989952556138,28956.895199441115,73564322.1169122,28172.9388355078,28349.4664458155,28563.9199746232,28576.5689445627,28701.28799312688,28048.107354761207,
41,41,41,2023-05-02 17:00:00,28468.58000000,28594.58000000,28431.48000000,28583.52,1660.93542,28296.2346310553,28230.573244755644,28422.61450533202,28705.52520102037,28953.180023327273,47475380.7962784,28225.081072296,28349.4664458155,28563.9199746232,28576.5689445627,28727.89908225579,28074.718443890117,
42,42,42,2023-05-02 18:00:00,28583.53000000,28811.98000000,28537.19000000,28718.9,2684.15827,28373.082879954338,28277.080554778913,28434.23354433861,28705.790048524916,28950.848878816552,77086072.940303,28265.4616827169,28349.4664458155,28563.9199746232,28576.5689445627,28752.78205179056,28099.601413424887,
43,43,43,2023-05-02 19:00:00,28718.90000000,28879.88000000,28655.66000000,28686.14,3394.53773,28430.002356326277,28316.03859718092,28444.112228874354,28705.400938653132,28948.214959624347,97376184.5580622,28306.6347027209,28349.4664458155,28563.9199746232,28576.5689445627,28775.567934308852,28122.38729594318,
44,44,44,2023-05-02 20:00:00,28686.13000000,28788.99000000,28622.44000000,28675.98,1833.48542,28474.72556426695,28350.31873078274,28453.205082643988,28704.818345808515,28945.506154055947,52576991.2342116,28328.8481444108,28349.4664458155,28563.9199746232,28576.5689445627,28795.976228357904,28142.79558999223,
45,45,45,2023-05-02 21:00:00,28675.98000000,28693.66000000,28616.08000000,28660.46,834.82841,28508.49546167296,28379.855994517715,28461.33272646187,28703.939962723198,28942.66987391609,23926566.2516686,28346.0536146134,28349.4664458155,28563.9199746232,28576.5689445627,28813.8231732567,28160.642534891027,
46,46,46,2023-05-02 22:00:00,28660.45000000,28815.43000000,28651.99000000,28736.91,1996.34648,28550.025377732418,28413.86113789698,28472.13967836533,28704.59283474848,28940.622511986578,57368829.1245768,28374.043695101,28349.4664458155,28563.9199746232,28576.5689445627,28829.025394763557,28175.844756397884,
47,47,47,2023-05-02 23:00:00,28736.91000000,28770.18000000,28625.19000000,28669.86,1288.90536,28571.81349087198,28438.241981906795,28479.89341646865,28703.90505584257,28937.928357638455,36952736.2244496,28390.7341581769,28349.4664458155,28563.9199746232,28576.5689445627,28841.599159614227,28188.418521248554,
48,48,48,2023-05-03 00:00:00,28669.85000000,28689.35000000,28488.17000000,28503.72,2005.37832,28559.432856167983,28444.477983629957,28480.82779229341,28699.940995330835,28933.607876467926,57160742.127350405,28402.2595895231,28349.4664458155,28563.9199746232,28576.5689445627,28851.655843976772,28198.4752056111,
49,49,49,2023-05-03 01:00:00,28503.71000000,28594.56000000,28489.42000000,28542.06,1372.22488,28556.27415504653,28453.771508998532,28483.22905534073,28696.81463898765,28929.7118776971,39166124.858452804,28414.8641745164,28349.4664458155,28563.9199746232,28576.5689445627,28859.394452322835,28206.21381395716,
50,50,50,2023-05-03 02:00:00,28542.06000000,28543.90000000,28336.30000000,28508.62,1731.62909,28547.609763219887,28458.995174808195,28484.2247786607,28693.088012473043,28925.521908764793,49366355.7077558,28426.8699887182,28336.423547909,28563.9199746232,28576.5689445627,28865.09209020786,28211.91145184219,
51,51,51,2023-05-03 03:00:00,28508.62000000,28538.30000000,28444.13000000,28520.9,945.1496,28542.753442634454,28464.89087244551,28485.66302263479,28689.678348859714,28921.49582012037,26956517.22664,28436.0568060235,28325.9701644056,28563.9199746232,28576.5689445627,28869.093198709994,28215.91256034432,
52,52,52,2023-05-03 04:00:00,28520.89000000,28525.24000000,28428.61000000,28514.99,953.77599,28537.705543973643,28469.66221792689,28486.813100178526,28686.219173634767,28917.450986089323,27196912.8170901,28449.2792386115,28319.2876747112,28563.9199746232,28576.5689445627,28871.79813174871,28218.617493383037,
53,53,53,2023-05-03 05:00:00,28514.99000000,28524.12000000,28452.10000000,28477.19,874.38274,28526.702717796616,28470.3791495529,28486.43572370094,28682.07998207764,28913.07027976008,24899963.4197006,28462.7299085509,28315.9315824144,28563.9199746232,28576.5689445627,28873.651356436876,28220.470718071203,
54,54,54,2023-05-03 06:00:00,28477.20000000,28680.00000000,28427.56000000,28600.02,2073.85163,28540.033132742683,28482.72589721453,28490.890009046,28680.455031937487,28909.955351603265,59312198.0950326,28483.2191201974,28318.3383826502,28563.9199746232,28576.5689445627,28875.129250993108,28221.948612627435,
55,55,55,2023-05-03 07:00:00,28600.02000000,28674.69000000,28582.44000000,28653.8,1406.01574,28560.718017698557,28499.018668908382,28497.278636142237,28679.927209522884,28907.406542134577,40287693.810812004,28497.9482254883,28317.6663810644,28563.9199746232,28576.5689445627,28876.72723506238,28223.546596696706,
56,56,56,2023-05-03 08:00:00,28653.81000000,28767.93000000,28589.00000000,28691.21,1885.69026,28584.443832662455,28517.322605202822,28504.883787666073,28680.15063111649,28905.2553327601,54102735.2446146,28514.1384314554,28319.9836591361,28563.9199746232,28576.5689445627,28878.945851121014,28225.76521275534,
57,57,57,2023-05-03 09:00:00,28691.21000000,28696.78000000,28602.54000000,28665.36,1196.99083,28599.15586308746,28531.421404707315,28511.176972463483,28679.857747332004,28902.868314523683,34312173.0586488,28534.3986811059,28317.2270503724,28563.9199746232,28576.5689445627,28882.27545642945,28229.094818063775,
58,58,58,2023-05-03 10:00:00,28665.37000000,28678.23000000,28557.16000000,28573.49,1510.2601,28594.489342526103,28535.427937592332,28513.62062060217,28677.751455305628,28899.590918359267,43153401.864749,28556.9097655137,28317.3768366539,28563.9199746232,28576.5689445627,28887.179385329393,28233.99874696372,
59,59,59,2023-05-03 11:00:00,28573.49000000,28646.43000000,28526.18000000,28543.74,1510.8684,28585.262189339537,28536.219562583537,28514.80177273542,28675.097763121357,28896.050113201465,43125834.783816,28597.1737171701,28318.0236564951,28563.9199746232,28576.5689445627,28894.07577225729,28240.895133891616,
60,60,60,2023-05-03 12:00:00,28543.73000000,28583.33000000,28207.61000000,28306.53,4857.55836,28534.58360945962,28514.344366147012,28506.634252235996,28667.7993915744,28890.18424142832,137500621.44409078,28570.9595977242,28315.4570464848,28563.9199746232,28576.5689445627,28903.318630397083,28250.13799203141,
61,61,61,2023-05-03 13:00:00,28306.53000000,28400.00000000,28128.31000000,28373.55,4086.10572,28505.304771376053,28500.935378894916,28501.415261952232,28661.972670949162,28885.043602210128,115937324.95170599,28557.442376915,28315.4945160119,28563.9199746232,28576.5689445627,28915.17918612866,28261.998547762985,
62,62,62,2023-05-03 14:00:00,28373.55000000,28384.69000000,28113.69000000,28215.86,2876.4678,28452.678449307678,28473.785342809686,28490.21701638548,28653.138756672943,28878.385058904558,81162012.739308,28532.6142443123,28309.1962819133,28563.9199746232,28576.5689445627,28929.82879815153,28276.64815978586,buy
63,63,63,2023-05-03 15:00:00,28215.86000000,28347.29000000,28152.46000000,28311.51,1861.78483,28427.01145852446,28458.33054825638,28483.208898095854,28646.373830798228,28872.744511054763,52709939.832393296,28510.101807809,28307.4347425399,28563.9199746232,28576.5689445627,28947.324975112042,28294.14433674637,
64,64,64,2023-05-03 16:00:00,28311.52000000,28488.00000000,28247.41000000,28476.96,2382.78705,28436.09301152001,28460.104781755774,28482.963843268564,28643.01910147549,28868.80635671591,67854531.51136799,28492.9675303495,28306.7799848057,28563.9199746232,28576.5689445627,28967.60200136743,28314.42136300176,
65,65,65,2023-05-03 17:00:00,28476.96000000,28780.00000000,28380.00000000,28576.7,4679.85417,28461.657918516372,28471.209088255222,28486.639770983522,28641.705851941322,28865.899825803317,133734788.65983899,28494.2976488048,28325.6709904589,28563.9199746232,28576.5689445627,28990.467471670865,28337.286833305192,
66,66,66,2023-05-03 18:00:00,28576.70000000,28800.00000000,28218.65000000,28444.29,8652.90108,28458.500115149756,28468.645365564247,28484.978995650836,28637.796627150405,28861.70470315851,246125627.6608332,28482.9030226843,28333.3195589704,28563.9199746232,28576.5689445627,29015.605638961435,28362.425000595762,
67,67,67,2023-05-03 19:00:00,28444.29000000,28507.82000000,28211.08000000,28322.98,3400.7739,28433.860094213436,28454.772473605746,28478.626093860606,28631.562634533562,28856.344258350964,96320051.154222,28462.5173861087,28333.9494353982,28563.9199746232,28576.5689445627,29042.58794126477,28389.407302899097,buy
68,68,68,2023-05-03 20:00:00,28322.97000000,28577.21000000,28285.19000000,28518.72,1994.26637,28449.289167992807,28460.862714214723,28480.19840390529,28629.328126919037,28852.98481299424,56873924.211446404,28459.5482733379,28339.2940737463,28563.9199746232,28576.5689445627,29070.890461287017,28417.709822921344,
69,69,69,2023-05-03 21:00:00,28518.71000000,29057.62000000,28517.71000000,28923.52,5633.43575,28535.51295563048,28504.92531286094,28497.58356453646,28635.153708564205,28853.686655651018,162938791.58383998,28504.7320206743,28395.7970962964,28563.9199746232,28576.5689445627,29099.91746272578,28446.73682436011,
70,70,70,2023-05-03 22:00:00,28923.53000000,29266.66000000,28923.52000000,29107.13,4541.42253,28639.443327334026,28562.27814020752,28521.487346319343,28644.499773741154,28856.208479972902,132187775.9656389,28550.1892587012,28442.8800361632,28563.9199746232,28576.5689445627,29129.029615021314,28475.84897665564,
71,71,71,2023-05-03 23:00:00,29107.13000000,29143.47000000,28941.44000000,29026.16,2182.21699,28709.755449636927,28606.45736494966,28541.27843077741,28652.057401983904,28857.89953987367,63341379.506458394,28568.853654341,28461.4439836445,28563.9199746232,28576.5689445627,29157.575123612347,28504.394485246674,
72,72,72,2023-05-04 00:00:00,29026.16000000,29104.27000000,28950.98000000,29043.94,1804.91666,28770.516276975664,28648.122377811596,28560.990649178297,28659.81745342977,28859.750688730648,52421891.1780404,28583.809254322,28477.5917996883,28563.9199746232,28576.5689445627,29184.921763993432,28531.74112562776,
73,73,73,2023-05-04 01:00:00,29043.93000000,29078.75000000,28975.00000000,29070.67,1325.13559,28825.089681161906,28688.365008496206,28580.978074700717,28667.95314742126,28861.84938834527,38522579.4421453,28595.5119498782,28489.4376692039,28563.9199746232,28576.5689445627,29210.48778731157,28557.307148945896,
74,74,74,2023-05-04 02:00:00,29070.67000000,29195.94000000,28991.35000000,29060.61,1746.59499,28867.911557314284,28723.81691244895,28599.787169810494,28675.72853064064,28863.827105874174,50757115.832343906,28610.376389092,28504.638858373,28563.9199746232,28576.5689445627,29233.7698101957,28580.589171830026,
75,75,75,2023-05-04 03:00:00,29060.60000000,29100.00000000,29016.78000000,29096.86,1146.74487,28909.538546893506,28759.34482554905,28619.28022197479,28684.06776765766,28866.145841139107,33366674.938108202,28619.9235799932,28516.4872689172,28563.9199746232,28576.5689445627,29254.36608925649,28601.185450890818,
76,76,76,2023-05-04 04:00:00,29096.85000000,29130.00000000,29064.31000000,29102.33,1170.15303,28944.591538367415,28792.010080258664,28638.2233505248,28692.350188100085,28868.495932272053,34054179.6295599,28628.4741972119,28526.9324570089,28563.9199746232,28576.5689445627,29271.993966215734,28618.81332785006,
77,77,77,2023-05-04 05:00:00,29102.32000000,29215.90000000,29057.82000000,29203.9,1750.90189,28991.73853139152,28831.237691662598,28660.406748543435,28702.479887345628,28871.833286179794,51133163.70537101,28643.2177267893,28540.6454128118,28563.9199746232,28576.5689445627,29286.500704337337,28633.320065971664,
78,78,78,2023-05-04 06:00:00,29203.90000000,29237.73000000,29090.56000000,29166.72,1440.65079,29023.553343865788,28863.188387694732,28680.262170169182,28711.672760863534,28874.76748233721,42019058.2097088,28655.2344098325,28552.653463022,28563.9199746232,28576.5689445627,29297.867376579197,28644.686738213524,
79,79,79,2023-05-04 07:00:00,29166.72000000,29177.46000000,29038.31000000,29058.19,1492.85404,29029.850917708372,28881.759969819042,28695.082869378235,28718.534488371188,28876.59258201545,43379636.33658759,28667.2104327113,28563.631566175,28563.9199746232,28576.5689445627,29306.20587664585,28653.025238280177,
80,80,80,2023-05-04 08:00:00,29058.20000000,29110.45000000,28982.58000000,29089.26,1138.34053,29040.652569034122,28901.52187745532,28710.540796069286,28725.87558761136,28878.708675726743,33113483.645707797,28678.2961817772,28572.5480696892,28563.9199746232,28576.5689445627,29311.74948476987,28658.568846404196,
81,81,81,2023-05-04 09:00:00,29089.26000000,29109.65000000,29035.26000000,29088.97,936.80424,29049.437556482462,28919.374079602432,28725.38115700775,28733.06557597549,28880.800828207073,27250670.433232803,28717.2435105066,28582.9890462158,28563.9199746232,28576.5689445627,29314.83772185674,28661.657083491067,
82,82,82,2023-05-04 10:00:00,29088.98000000,29379.83000000,29065.23000000,29243.62,3163.68955,29084.743455303833,28950.254643449818,28745.7042488898,28743.175564570036,28884.41096921994,92517734.998171,28772.729956473,28606.8669865422,28563.9199746232,28576.5689445627,29315.896469257772,28662.7158308921,
83,83,83,2023-05-04 11:00:00,29243.62000000,29264.48000000,29111.06000000,29154.66,1563.3488,29097.455554339496,28969.72182026412,28761.741729325495,28751.323771212214,28887.10001430233,45578902.725408,28813.443260844,28621.4601721061,28563.9199746232,28576.5689445627,29315.414522310977,28662.233883945304,
84,84,84,2023-05-04 12:00:00,29154.65000000,29232.87000000,28982.91000000,29054.84,2830.09226,29089.707271732314,28977.8283135723,28773.235779155868,28757.333993564447,28888.769068886388,82227877.7995384,28842.8672150655,28636.4117552575,28563.9199746232,28576.5689445627,29313.917889267286,28660.737250901613,
85,85,85,2023-05-04 13:00:00,29054.85000000,29086.33000000,28663.64000000,28761.51,6069.57723,29030.035040508257,28957.226569422557,28772.775944679168,28757.416686761193,28887.502809494486,174570206.19641727,28849.3118953066,28646.8792418474,28563.9199746232,28576.5689445627,29311.94324466209,28658.762606296415,
86,86,86,2023-05-04 14:00:00,28761.52000000,28938.54000000,28736.33000000,28783.65,3061.58107,28985.237760415846,28940.69546757279,28773.20237822116,28757.936158310476,28886.469448205986,88123477.96550551,28868.1519037674,28658.3812504542,28563.9199746232,28576.5689445627,29310.011992945438,28656.831354579765,
87,87,87,2023-05-04 15:00:00,28783.66000000,28949.66000000,28774.58000000,28866.19,1960.27071,28963.592713067508,28933.599708756334,28776.848951624255,28760.07979873997,28886.2676626517,56585546.7662949,28940.9128734455,28671.3482714398,28563.9199746232,28576.5689445627,29308.606383824004,28655.42574545833,
88,88,88,2023-05-04 16:00:00,28866.20000000,28972.92000000,28795.01000000,28924.82,1891.09912,28956.543128873414,28932.76354601763,28782.65173783507,28763.34198094314,28886.65126799845,54699701.6481584,28983.3134273697,28697.3556921108,28563.9199746232,28576.5689445627,29308.149031578418,28654.968393212745,
89,89,89,2023-05-04 17:00:00,28924.83000000,28957.64000000,28792.00000000,28842.29,1362.28084,28935.76983271461,28924.14701782548,28784.99049321409,28764.905308053178,28886.209862346725,39291299.0487236,28998.5463120596,28708.5470567905,28563.9199746232,28576.5689445627,29308.987013702987,28655.806375337314,
90,90,90,2023-05-04 18:00:00,28842.29000000,28855.42000000,28673.59000000,28799.23,2039.99627,28910.94440858468,28912.250158984956,28785.54890524491,28765.585004923414,28885.344391079594,58750321.7788721,28998.9060577597,28715.4752204523,28563.9199746232,28576.5689445627,29311.38145237155,28658.200814005875,
91,91,91,2023-05-04 19:00:00,28799.23000000,28897.22000000,28723.08000000,28895.12,1511.57239,28908.067243387464,28910.618715272103,28789.84581092158,28768.150054330872,28885.4416608201,43677065.5977368,28983.3160323645,28719.7035314387,28563.9199746232,28576.5689445627,29315.50311848864,28662.322480122966,
92,92,92,2023-05-04 20:00:00,28895.31000000,28920.00000000,28816.48000000,28870.16,973.21274,28901.175017317015,28906.76550429381,28792.99538696387,28770.170053255013,28885.289604493533,28096807.5178384,28978.2734210193,28721.002972864,28563.9199746232,28576.5689445627,29321.434158876324,28668.25352051065,
93,93,93,2023-05-04 21:00:00,28870.16000000,28895.28000000,28784.25000000,28839.98,697.03944,28890.048650532102,28900.404980075353,28794.837920808422,28771.55242843808,28884.83876265778,20102603.508811202,28972.8008452052,28722.8057689319,28563.9199746232,28576.5689445627,29329.175563280474,28675.9949249148,
94,94,94,2023-05-04 22:00:00,28839.98000000,28852.17000000,28748.00000000,28779.9,865.66577,28870.02162316263,28888.92831530627,28794.25211999241,28771.71772688485,28883.794595865165,24913774.294023,28965.1569731578,28724.0280389682,28563.9199746232,28576.5689445627,29338.659502831026,28685.478864465353,
95,95,95,2023-05-04 23:00:00,28779.91000000,28856.51000000,28770.34000000,28838.16,632.95219,28864.228600769424,28884.093237658057,28795.97399763977,28773.03341546139,28883.34052028442,18253176.5275704,28958.6023717189,28725.1622933848,28563.9199746232,28576.5689445627,29349.765237077096,28696.584598711423,
96,96,96,2023-05-05 00:00:00,28838.16000000,28961.21000000,28819.77000000,28937.63,1340.11631,28877.574309720436,28889.191976928716,28801.52913498723,28776.29275376908,28883.880714112438,38779789.93574531,28953.6765123795,28727.5414434405,28563.9199746232,28576.5689445627,29362.336956071773,28709.1563177061,
97,97,97,2023-05-05 01:00:00,28937.62000000,29349.00000000,28880.03000000,29325.74,4167.38231,28959.058980680355,28930.767979125983,28822.086423811263,28787.172897258803,28888.277323922266,122211570.1036594,28987.342511597,28750.3213557739,28563.9199746232,28576.5689445627,29376.20174418354,28723.02110581787,
98,98,98,2023-05-05 02:00:00,29325.75000000,29531.00000000,29200.00000000,29246.26,4145.20483,29011.277347829382,28960.81483825684,28838.72068170102,28796.263730976447,28891.839340599658,121231738.21143578,29003.3784466892,28772.5290145894,28563.9199746232,28576.5689445627,29391.185856039312,28738.00521767364,
99,99,99,2023-05-05 03:00:00,29246.27000000,29295.09000000,29144.44000000,29198.23,2294.6153,29045.268739133127,28983.4258060419,28852.819086340198,28804.223459075925,28894.888003877273,66998705.290919,29008.176867022,28783.6992317056,28563.9199746232,28576.5689445627,29407.127694011848,28753.947055646175,
100,100,100,2023-05-05 04:00:00,29198.22000000,29275.00000000,29179.81000000,29228.08,2306.77755,29078.50715019983,29006.726205466482,28867.535200601367,28812.616657906106,28898.20334712228,67422678.77360399,29017.800664963,28796.605134324,28564.4111155616,28576.5689445627,29423.886257893777,28770.705619528104,
101,101,101,2023-05-05 05:00:00,29228.08000000,29258.77000000,29157.56000000,29198.0,903.49186,29100.233122890768,29024.94275732682,28880.494604499352,28820.2480112149,28901.186398394693,26380155.32828,29019.6224328063,28801.9642848747,28569.0276137688,28576.5689445627,29441.344362718042,28788.16372435237,
102,102,102,2023-05-05 06:00:00,29198.01000000,29230.87000000,29125.01000000,29163.8,1263.33509,29111.790736910625,29038.167256629025,28891.60462000918,28827.051020893814,28903.799469057434,36843651.897742,29022.2239180573,28808.231897775,28572.7206782806,28576.5689445627,29459.406530644184,28806.22589227851,
103,103,103,2023-05-05 07:00:00,29163.79000000,29241.42000000,29029.87000000,29062.29,2549.32065,29102.790602926874,29040.464660759593,28898.298164322547,28831.709218499876,28905.37648926582,74089096.03328851,29008.7577566163,28816.1549705292,28578.3629925139,28576.5689445627,29477.992084134235,28824.811445768562,
104,104,104,2023-05-05 08:00:00,29062.29000000,29118.46000000,29036.31000000,29058.0,1334.10952,29094.64685694017,29042.134693068205,28904.56098140794,28836.190224074136,28906.895131163674,38766554.43216,29005.0834878884,28822.7134585183,28581.3446560007,28576.5689445627,29497.02452324327,28843.8438848776,
105,105,105,2023-05-05 09:00:00,29058.01000000,29141.14000000,29022.27000000,29101.0,1102.3445,29095.801973860136,29047.740912775993,28912.26447233312,28841.43398201326,28908.82652289339,32079327.294499997,29004.2574725115,28827.3559290571,28585.3473733276,28576.5689445627,29516.418690129583,28863.23805176391,
106,106,106,2023-05-05 10:00:00,29100.99000000,29137.99000000,29069.23000000,29110.68,1405.20482,29098.50706952193,29053.735111559232,28920.045473418097,28846.765586329828,28910.83501520291,40906467.8494776,29047.1832632879,28832.9647423903,28588.5912409256,28576.5689445627,29536.067457039673,28882.886818674,
107,107,107,2023-05-05 11:00:00,29110.67000000,29195.97000000,29069.06000000,29149.36,1464.64879,29107.75305688158,29062.842243791685,28929.038199950723,28852.757554917356,28913.208398136212,42693574.8532744,29073.5976392165,28838.6391038862,28591.8734283814,28576.5689445627,29555.829693815427,28902.649055449754,
108,108,108,2023-05-05 12:00:00,29149.36000000,29274.23000000,28800.00000000,28952.39,5909.8738,29079.50522835765,29052.322982478192,28929.9539568154,28854.730474621963,28913.598264821427,171104971.10838202,29065.8848690828,28847.4735368559,28601.3855522168,28576.5689445627,29575.521080602713,28922.34044223704,
109,109,109,2023-05-05 13:00:00,28952.38000000,29254.41000000,28897.31000000,29175.57,3546.70158,29096.971550474438,29064.060793670746,28939.585958508913,28861.083732550243,28916.204948753555,103477040.2164006,29081.5676336569,28860.6161386136,28610.7241818164,28576.5689445627,29594.908962692203,28941.72832432653,
110,110,110,2023-05-05 14:00:00,29175.57000000,29439.99000000,29113.42000000,29259.19,4620.42913,29126.465814024537,29082.644527606863,28952.11945033209,28868.96702497499,28919.617735333126,135190013.79620472,29107.00702272,28897.4043995148,28623.8501299408,28576.5689445627,29613.711952362974,28960.5313139973,
111,111,111,2023-05-05 15:00:00,29259.20000000,29371.68000000,29159.25000000,29356.45,2596.07815,29168.28112056553,29108.721239263352,28967.975550319068,28878.620153193307,28923.964325031306,76211638.4065675,29134.9587057547,28924.7782169741,28632.4559643694,28576.5689445627,29631.604436710277,28978.423798344604,
112,112,112,2023-05-05 16:00:00,29356.44000000,29677.00000000,29356.44000000,29586.93,6285.16295,29244.399098644524,29154.26493076208,28992.24827383597,28892.646090753835,28930.560998414083,185958676.2402435,29198.5105656012,28974.3301301044,28657.8132631307,28576.5689445627,29648.22562375845,28995.04498539278,
113,113,113,2023-05-05 17:00:00,29586.94000000,29677.00000000,29454.24000000,29460.39,2591.87894,29283.670171618243,29183.41969926093,29010.606772901225,28903.888544402274,28935.832928778123,76357764.4051866,29217.7006841077,28994.1429575394,28667.6327981231,28576.5689445627,29663.192317262266,29010.011678896593,
114,114,114,2023-05-05 18:00:00,29460.39000000,29562.01000000,29315.78000000,29399.16,2531.69332,29304.66832223311,29203.96639456941,29025.84415435608,28913.695899958664,28940.44314839227,74429656.9856112,29231.1192874765,29012.0586757802,28677.7006725273,28576.5689445627,29676.114302239086,29022.933663873413,
115,115,115,2023-05-05 19:00:00,29399.16000000,29561.66000000,29374.95000000,29561.66,1653.74073,29351.394081827086,29238.032452229465,29046.856540459765,28926.52687223671,28946.624410597324,48887321.1884118,29248.2705851668,29036.0138825752,28697.4376027724,28576.5689445627,29686.6110741492,29033.430435783528,
116,116,116,2023-05-05 20:00:00,29561.66000000,29588.04000000,29450.69000000,29493.12,1403.86794,29377.1624305858,29262.326504398086,29064.357068284873,28937.746538133015,28952.06217765606,41404445.6185728,29259.1576371985,29085.7950057489,28707.6881453592,28576.5689445627,29694.328655132274,29041.1480167666,
117,117,117,2023-05-05 21:00:00,29493.13000000,29545.32000000,29453.27000000,29486.78,912.46159,29397.092897752016,29283.703027788742,29080.922673450175,28948.618487872955,28957.382753002767,26905554.1627802,29270.7706680186,29111.931053328,28714.4499855087,28576.5689445627,29698.955387760732,29045.77474939506,
118,118,118,2023-05-05 22:00:00,29486.79000000,29650.00000000,29475.58000000,29589.73,1200.48174,29432.117825433466,29312.848453713625,29100.875901942327,28961.31376534082,28963.6747654107,35521930.5565302,29273.7276542741,29127.5507116749,28722.8773843055,28576.5689445627,29700.235839419554,29047.05520105388,
119,119,119,2023-05-05 23:00:00,29589.73000000,29599.18000000,29475.35000000,29505.61,886.90908,29445.480038991016,29331.20669621709,29116.747827356354,28972.091908601396,28969.067155804623,26168793.419938803,29280.2800972888,29141.3342968654,28752.3306901157,28576.5689445627,29697.982237850392,29044.80159948472,
120,120,120,2023-05-06 00:00:00,29505.60000000,29820.00000000,29475.37000000,29671.11,2876.15709,29486.503668265374,29363.57843943451,29138.487520401202,28985.93385100533,28976.052656741893,85338773.3946699,29306.8759106898,29157.1670114563,28779.8083334902,28576.5689445627,29692.08313917205,29038.902500806376,
121,121,121,2023-05-06 01:00:00,29671.12000000,29689.05000000,29491.90000000,29541.39,1775.51947,29496.48300130803,29380.51287377408,29154.287617640373,28996.93298266859,28981.677903938493,52451313.1158633,29319.1296942363,29166.3307164598,28793.0581515579,28576.5689445627,29682.509260527728,29029.328622162055,
122,122,122,2023-05-06 02:00:00,29541.38000000,29550.39000000,29435.13000000,29463.76,1344.01472,29490.533364706567,29388.441171509883,29166.423789497614,29006.177082021684,28986.474740715224,39599727.1465472,29325.2982361261,29172.2314780511,28803.8580761928,28576.5689445627,29669.316562271637,29016.135923905964,
123,123,123,2023-05-06 03:00:00,29463.77000000,29466.76000000,29337.83000000,29353.61,2321.96356,29465.63820748719,29385.12391708037,29173.76442520359,29013.05694178363,28990.127827872286,68158012.7744516,29330.6600237514,29177.4654464325,28814.4844937614,28576.5689445627,29652.646730277673,28999.466091912,
124,124,124,2023-05-06 04:00:00,29353.62000000,29427.61000000,29317.08000000,29343.31,1068.49294,29443.396715216793,29381.14163926319,29180.41327127404,29019.596606302766,28993.64207834122,31353119.571231402,29344.9474059804,29181.079664051,28823.2506499145,28576.5689445627,29632.725198091477,28979.544559725804,
125,125,125,2023-05-06 05:00:00,29343.30000000,29385.18000000,29333.05000000,29346.99,695.91934,29425.86822154101,29377.889102190507,29186.945692008394,29026.07964380172,28997.15797805922,20423137.9117866,29352.9202735766,29183.0981192491,28829.9547657907,28576.5689445627,29609.8567882104,28956.676149844727,
126,126,126,2023-05-06 06:00:00,29346.99000000,29388.56000000,29250.65000000,29386.17,1516.70255,29418.650363079007,29378.677759124745,29194.75840996885,29033.210145904657,29001.02874444669,44570078.9737335,29359.6708811489,29186.9171320644,28837.70830483,28576.5689445627,29584.418978908936,28931.238340543263,
127,127,127,2023-05-06 07:00:00,29386.18000000,29437.01000000,29362.50000000,29363.35,963.10696,29408.595751610093,29377.217972541435,29201.36984487203,29039.74756875803,29004.63393106911,28280046.753916,29367.0085883859,29188.2572533018,28843.2726993439,28576.5689445627,29556.852756905035,28903.67211853936,
128,128,128,2023-05-06 08:00:00,29363.34000000,29367.20000000,29132.14000000,29330.12,2790.29274,29394.32743313553,29372.732451347012,29206.418870563324,29045.497517891534,29007.872598421658,81839620.8993288,29371.369923295,29192.2858753428,28852.8409703828,28576.5689445627,29527.6510294273,28874.470391061626,
129,129,129,2023-05-06 09:00:00,29330.12000000,29356.47000000,29280.00000000,29285.06,832.71111,29374.460627110886,29364.38269407587,29209.502836423584,29050.241329418433,29010.630682019455,24385994.8190166,29425.5022189128,29194.9206736936,28858.3070360124,28576.5689445627,29497.34466058391,28844.164022218236,
130,130,130,2023-05-06 10:00:00,29285.05000000,29327.71000000,29207.11000000,29238.57,2393.13084,29349.75324036345,29352.40053273531,29210.642725191286,29053.97061002401,29012.898734934686,69971723.5844988,29435.6518833083,29197.0298243015,28865.5085407091,28576.5689445627,29466.48636639125,28813.305728025578,
131,131,131,2023-05-06 11:00:00,29238.58000000,29271.33000000,29200.01000000,29266.15,1206.86805,29334.55265120646,29344.18619628433,29212.819481066137,29058.172182102742,29015.418648019913,35320381.3815075,29450.9795330949,29198.7583816414,28872.960600325,28576.5689445627,29435.632930729367,28782.452292363694,
132,132,132,2023-05-06 12:00:00,29266.16000000,29267.24000000,29000.00000000,29096.85,3078.70455,29291.33398735074,29320.630368066773,29208.27165827923,29058.938079486845,29016.228910228674,89580604.4856675,29430.0308905525,29194.4892966788,28881.4192332866,28576.5689445627,29405.326454494734,28752.14581612906,
133,133,133,2023-05-06 13:00:00,29096.85000000,29096.86000000,28863.89000000,28935.84,3700.88519,29226.69871692333,29283.98366634613,29197.58806383691,29056.500493754433,29015.42902057466,107088221.7162096,29355.4503436067,29186.26923688,28888.042921159,28576.5689445627,29376.075575832594,28722.89493746692,
134,134,134,2023-05-06 14:00:00,28935.84000000,28935.85000000,28526.67000000,28606.61,7001.35513,29113.95531384636,29219.471888598877,29174.412453490368,29047.59177110583,29011.361169623666,200285035.6754093,29224.626221651,29153.6593800457,28883.5004311241,28576.5689445627,29348.33775284371,28695.157114478036,buy
135,135,135,2023-05-06 15:00:00,28606.62000000,28633.01000000,28300.00000000,28576.61,4139.09764,29016.256165874292,29158.246946827556,29150.969220020157,29038.265399400763,29007.035287338855,118281379.0102004,29153.2391489376,29153.5848385962,28881.7466020576,28576.5689445627,29322.503742198936,28669.323103833263,buy
136,136,136,2023-05-06 16:00:00,28576.62000000,28713.83000000,28535.26000000,28701.53,2349.37683,28959.03322662442,29114.75009474874,29133.34415256839,29031.597371689855,29003.995433733497,67430709.5675499,29114.1762927529,29154.2237483784,28886.3956233437,28576.5689445627,29298.885314834264,28645.70467646859,
137,137,137,2023-05-06 17:00:00,28701.53000000,28843.85000000,28669.48000000,28771.89,2266.81704,28925.007185419978,29082.096752391717,29119.169479918648,29026.45465145837,29001.68592693018,65220610.525005594,29085.3179656752,29151.4954090396,28892.4777626018,28576.5689445627,29277.707022328002,28624.52638396233,
138,138,138,2023-05-06 18:00:00,28771.89000000,28964.00000000,28770.44000000,28912.43,1999.33159,28922.720424434527,29065.9380140687,29111.062049333603,29024.196737568105,29000.797808254258,57805534.6426637,29069.9761810608,29151.0504911199,28912.8784748584,28576.5689445627,29259.102486664087,28605.921848298414,
139,139,139,2023-05-06 19:00:00,28912.43000000,28964.68000000,28840.50000000,28842.82,1207.70007,28908.193074537336,29044.688679395487,29100.542753281305,29020.6051190024,28999.225889764166,34833475.7329974,29050.6227304215,29151.4875649052,28924.0926138348,28576.5689445627,29243.11527369481,28589.934635329137,
140,140,140,2023-05-06 20:00:00,28842.82000000,28870.00000000,28774.57000000,28795.89,1131.18229,28887.774333712365,29020.993567072106,29088.595586485957,29016.155314665717,28997.202647079946,32573400.7927881,29035.7986534694,29154.3699548961,28928.6600149965,28576.5689445627,29229.703981613362,28576.52334324769,
141,141,141,2023-05-06 21:00:00,28795.90000000,28824.41000000,28642.00000000,28807.43,1069.95354,28873.16627303739,29000.654179731908,29077.569485055137,29012.02214011788,28995.314362034376,30822611.7068022,28989.6123725854,29154.5590015331,28930.6281006498,28576.5689445627,29218.75078889499,28565.57015052932,
142,142,142,2023-05-06 22:00:00,28807.43000000,28858.72000000,28758.44000000,28835.12,818.91273,28866.248768848774,28984.88901975744,29068.0616621118,29008.519127442276,28993.720388282793,23613446.8390776,28964.4120217136,29154.6981377616,28932.8209037101,28576.5689445627,29210.07241444378,28556.891776078108,
143,143,143,2023-05-06 23:00:00,28835.11000000,28880.49000000,28809.23000000,28848.2,701.08862,28862.967174512632,28971.87101787578,29059.43963614663,29005.3444912553,28992.27242422028,20225144.727484,28947.0121734801,29154.7392557955,28936.3444808396,28576.5689445627,29203.432284842827,28550.251646477154,
144,144,144,2023-05-07 00:00:00,28848.19000000,28956.30000000,28791.85000000,28942.72,1392.95929,28877.467688237608,28969.094730459037,29054.86239551343,29004.10440231955,28991.779365272814,40316030.7018688,28924.5646038467,29155.0050142799,28938.5510270758,28576.5689445627,29198.55269845924,28545.372060093567,
145,145,145,2023-05-07 01:00:00,28942.73000000,29138.29000000,28814.48000000,28887.79,2426.74865,28879.344472194403,28961.351422796273,29048.310536865847,29001.801146828075,28990.74464522035,70103405.38398351,28912.2790207361,29150.9872841765,28939.0419866054,28576.5689445627,29195.125920379855,28541.94528201418,
146,146,146,2023-05-07 02:00:00,28887.78000000,28945.48000000,28813.82000000,28816.2,1040.8691,28867.86365906815,28947.527477768057,29039.20816287111,28998.12587659386,28989.007882581343,29993892.15942,28903.1363992148,29150.4247457146,28940.2892976322,28576.5689445627,29192.823411736626,28539.642773370953,
147,147,147,2023-05-07 03:00:00,28816.20000000,28845.63000000,28744.08000000,28798.56,1362.29961,28855.262993783028,28933.340098933004,29029.770980013418,28994.17407705735,28987.112878774562,39232267.056561604,28883.1907635892,29139.260828107,28940.992574842,28576.5689445627,29191.30275173317,28538.122113367495,
148,148,148,2023-05-07 04:00:00,28798.57000000,28853.28000000,28787.02000000,28840.03,669.57948,28852.49335854975,28924.453422844148,29022.330157267796,28991.121719095816,28985.649367542977,19310692.2905844,28871.9161927663,29133.1229593862,28944.6754806863,28576.5689445627,29190.212200771268,28537.031562405595,
149,149,149,2023-05-07 05:00:00,28840.03000000,28911.05000000,28824.88000000,28890.0,1109.88261,28859.31274790434,28921.17214447804,29017.140739335726,28989.11930881669,28984.69763254255,32064508.602900002,28841.8811509064,29129.0809905245,28946.9162001592,28576.5689445627,29189.193226358668,28536.012587992995,
150,150,150,2023-05-07 06:00:00,28890.00000000,28936.00000000,28851.78000000,28914.55,1097.17087,28869.355884649005,28920.541464051563,29013.117573087267,28987.642688840126,28983.999646149092,31724201.9791585,28835.0196007928,29124.5571054819,28950.221963198,28576.5689445627,29187.881622458102,28534.70098409243,
151,151,151,2023-05-07 07:00:00,28914.56000000,28952.56000000,28892.04000000,28910.41,691.54569,28876.820269258274,28919.57656271332,29009.08982512306,28986.113328665073,28983.267410864028,19992869.431632902,28812.4402527304,29122.4608147948,28951.9523095219,28576.5689445627,29185.908060414928,28532.727422049255,
152,152,152,2023-05-07 08:00:00,28910.42000000,28960.03000000,28843.76000000,28857.06,902.62875,28873.227493029495,28913.62260435967,29003.127871196666,28983.557817206358,28982.011615731055,26047211.996475,28799.8078605905,29119.5984474316,28953.4674039726,28576.5689445627,29182.898992502036,28529.718354136363,
153,153,153,2023-05-07 09:00:00,28857.06000000,28890.77000000,28757.38000000,28815.77,1225.04533,28862.780676115042,28904.303308706367,28995.78050369876,28980.235286172567,28980.357470300896,35300624.4688541,28776.4437055663,29117.351176576,28954.5992979364,28576.5689445627,29178.478780287325,28525.298141921652,
154,154,154,2023-05-07 10:00:00,28815.77000000,28863.75000000,28794.89000000,28847.74,746.11679,28860.04600773049,28898.91632692481,28989.97499374979,28977.611617139446,28979.037893481982,21523783.167554602,28761.2607590254,29116.1316843021,28957.612723039,28576.5689445627,29172.273748086573,28519.0931097209,
155,155,155,2023-05-07 11:00:00,28847.74000000,28919.41000000,28705.12000000,28840.06,1399.44636,28856.412188143127,28893.310962455776,28984.095974387055,28974.887822740646,28977.65502887022,40360116.9891816,28801.3659797736,29112.4469035989,28958.8200168098,28576.5689445627,29163.91858936381,28510.737950998137,
156,156,156,2023-05-07 12:00:00,28840.07000000,28940.00000000,28840.00000000,28919.07,820.69884,28867.804517571647,28895.764204126655,28981.545936175797,28973.78251932004,28977.072093259572,23733847.2028788,28840.2199939584,29110.8805896568,28961.0002545505,28576.5689445627,29153.065214732687,28499.884576367014,
157,157,157,2023-05-07 13:00:00,28919.06000000,28989.99000000,28884.65000000,28920.0,1231.7798,28877.29460528589,28898.07237516221,28979.13237005126,28972.717518937465,28976.504211734606,35623071.816,28856.9753087873,29107.9512826282,28962.4013449325,28576.5689445627,29139.393764922304,28486.21312655663,
158,158,158,2023-05-07 14:00:00,28920.00000000,29095.88000000,28884.44000000,29045.71,1954.60978,28907.915586142997,28912.13310133724,28981.74325750023,28974.162914602068,28977.192826543218,56773028.8330438,28879.446733505,29116.2996817763,28965.8588959865,28576.5689445627,29122.625164073692,28469.44452570802,
159,159,159,2023-05-07 15:00:00,29045.71000000,29053.21000000,28900.99000000,28942.67,1282.23253,28914.234570480636,28915.041377400357,28980.210972892382,28973.53929253074,28976.849315831347,37111232.9790551,28880.0695059951,29111.6596542712,28968.6642016314,28576.5689445627,29102.534299454466,28449.353661088793,
160,160,160,2023-05-07 16:00:00,28942.66000000,28973.09000000,28807.00000000,28953.65,1401.91519,28921.401012211427,28918.718389076515,28979.169366112288,28973.145445153892,28976.618476867854,40590561.7409435,28886.1217944947,29101.6319109022,28983.6453766984,28576.5689445627,29078.962718182596,28425.782079816923,
161,161,161,2023-05-07 17:00:00,28953.64000000,29029.11000000,28877.55000000,28904.56,1073.87189,28918.339009991167,28917.369971069227,28976.24350861769,28971.787317527083,28975.90147709803,31039794.476818398,28891.1124617861,29091.77072362,28995.096934546,28576.5689445627,29051.829654750603,28398.64901638493,
162,162,162,2023-05-07 18:00:00,28904.56000000,28954.99000000,28857.49000000,28857.62,724.37308,28907.299189992773,28911.679497634064,28971.591606318954,28969.52657856615,28974.724546977654,20903683.080869596,28893.8239313645,29052.2237555564,29005.3882385416,28576.5689445627,29021.140256947423,28367.95961858175,
163,163,163,2023-05-07 19:00:00,28857.50000000,28930.29000000,28770.69000000,28907.73,1057.53936,28907.377519084996,28911.30335500225,28969.087229600562,28968.302883941076,28974.057934569915,30571062.283252798,28896.4061366358,29037.3590653985,29011.1212940335,28576.5689445627,28986.99005958554,28333.809421219867,
164,164,164,2023-05-07 20:00:00,28907.73000000,28949.34000000,28885.09000000,28912.07,780.08677,28908.230697433173,28911.376368811558,28966.851259812305,28967.1893614868,28973.441139201062,22553923.3003139,28898.2927010323,29024.6397562346,29016.9327963395,28576.5689445627,28949.565048184413,28296.38440981874,
165,165,165,2023-05-07 21:00:00,28912.08000000,28952.87000000,28750.00000000,28772.83,938.38589,28883.61238880896,28898.18147654379,28959.242582956922,28963.340661259335,28971.445008462746,27000017.687368702,28890.788872228,29010.4039086072,29025.9990625145,28576.5689445627,28909.13702858742,28255.95639022175,
166,166,166,2023-05-07 22:00:00,28772.84000000,28840.86000000,28716.00000000,28739.22,1046.31616,28857.359227207333,28883.042288301524,28950.614246370376,28958.90262836311,28969.13431186113,30070310.311795205,28884.0807320865,28998.1761079015,29050.3517838702,28576.5689445627,28866.054433946705,28212.873795581032,
167,167,167,2023-05-07 23:00:00,28739.22000000,28792.19000000,28395.23000000,28430.1,3627.30846,28779.675731351454,28839.9049275109,28930.201922983302,28948.431289187603,28963.770786369976,103124742.248646,28821.3959431999,28967.3620322201,29051.5017725231,28576.5689445627,28820.729112939007,28167.548474573334,
168,168,168,2023-05-08 00:00:00,28430.09000000,28631.01000000,28357.70000000,28572.17,3090.48598,28741.947416560277,28814.40636298605,28916.16145541533,28940.98057058983,28959.874261132463,88301890.8031766,28793.8897340004,28943.7110086838,29049.3613667345,28576.5689445627,28773.62000762375,28120.439369258078,
169,169,169,2023-05-08 01:00:00,28572.17000000,28587.77000000,28034.34000000,28220.34,6092.20654,28647.109704458406,28757.828614130238,28888.874339516693,28926.71046028112,28952.51571127045,171924139.9090236,28684.7327208012,28888.24363242,29027.2270675727,28576.5689445627,28725.214906100435,28072.03426773476,
170,170,170,2023-05-08 02:00:00,28220.35000000,28302.08000000,28129.74000000,28284.98,2966.43174,28581.26794001142,28712.795412784504,28865.192208555258,28914.002926414163,28945.87356488965,83905462.4372652,28643.3372994982,28842.5937389619,29014.0460641809,28576.5689445627,28676.011613649913,28022.83097528424,
171,171,171,2023-05-08 03:00:00,28284.98000000,28284.98000000,28004.23000000,28199.71,2709.99534,28511.893769100254,28663.930135376453,28839.094867043288,28899.85851202972,28938.449051806172,76421082.6893514,28601.4002769096,28809.249968502,29002.5993883095,28576.5689445627,28626.499908940867,27973.319270575194,
172,172,172,2023-05-08 04:00:00,28199.72000000,28227.01000000,28112.79000000,28125.0,1519.54643,28441.54944744566,28612.60345581679,28811.09114676708,28884.51477911824,28930.35503139019,42737243.34375,28575.7763217337,28787.8363870369,28995.3712513548,28576.5689445627,28577.145536822125,27923.964898456452,
173,173,173,2023-05-08 05:00:00,28125.01000000,28262.19000000,28075.24000000,28260.47,1588.77487,28408.62591154645,28579.06693621519,28789.49816061935,28872.15745675946,28923.689508689793,44899524.5503889,28555.5267815098,28763.6349007228,28988.8746106541,28576.5689445627,28528.377249346733,27875.19661098106,
174,174,174,2023-05-08 06:00:00,28260.46000000,28260.47000000,28124.39000000,28170.75,1843.76649,28365.37574581073,28540.1796089566,28765.23352686957,28858.268200189967,28916.197573279944,51940284.8481675,28528.3932764845,28744.5385253354,28980.5042066039,28576.5689445627,28480.577569290635,27827.396930924962,
175,175,175,2023-05-08 07:00:00,28170.74000000,28192.12000000,27830.85000000,27975.48,3437.96235,28294.485610208776,28486.39869381788,28734.26280032567,28840.787245730757,28906.837199416463,96178646.963178,28475.6885606332,28711.3935502232,28962.3309659752,28576.5689445627,28434.077554118383,27780.89691575271,
176,176,176,2023-05-08 08:00:00,27975.47000000,27989.11000000,27577.01000000,27704.94,5210.60203,28187.295499261723,28411.974056311414,28693.8972003129,28818.29522106282,28894.878023302866,144359416.60502818,28373.7494727845,28646.1826149295,28929.0046960683,28576.5689445627,28389.155428688635,27735.97479032296,buy
177,177,177,2023-05-08 09:00:00,27704.95000000,27937.50000000,27680.00000000,27914.94,3757.37919,28137.776317577773,28364.63747951985,28663.349859124155,28800.406998863557,28885.127396205327,104887014.6460986,28327.8756173457,28611.4203534855,28907.9177768962,28576.5689445627,28346.03857937278,27692.857941007107,
178,178,178,2023-05-08 10:00:00,27914.94000000,27951.75000000,27868.82000000,27936.14,1899.42493,28101.115168927266,28323.828195756054,28634.831825433015,28783.29280086626,28875.68473554657,53062600.763970196,28297.1810221775,28577.8749139914,28897.0406725496,28576.5689445627,28304.908104178812,27651.72746581314,
179,179,179,2023-05-08 11:00:00,27936.14000000,27973.44000000,27870.27000000,27934.09,1669.58348,28070.746956395036,28286.710272350716,28607.351753847404,28766.476903819403,28866.315633700335,46638295.1928332,28253.8161567162,28561.0446999724,28887.9871385283,28576.5689445627,28265.904927018026,27612.724288652353,
180,180,180,2023-05-08 12:00:00,27934.09000000,27942.48000000,27747.41000000,27766.81,2751.68104,28015.48569159594,28237.195960698267,28574.3893321279,28746.681519585352,28855.375279136155,76405404.61828241,28208.6146276292,28522.6736647073,28871.8802685666,28576.5689445627,28229.136429450282,27575.95579108461,
181,181,181,2023-05-08 13:00:00,27766.82000000,27971.79000000,27732.23000000,27855.78,2647.0181,27986.448293123947,28200.870631107955,28546.208574005235,28729.039905336136,28845.42905745321,73734753.84961799,28169.3854275788,28496.2207416982,28857.9364403721,28576.5689445627,28194.682632963148,27541.501994597475,
182,182,182,2023-05-08 14:00:00,27855.78000000,27980.00000000,27669.50000000,27970.53,2902.98597,27983.5540580105,28178.933428145294,28523.63294365209,28714.019907210666,28836.723594194973,81198056.1634641,28143.2333163534,28462.6286323069,28839.6158051932,28576.5689445627,28162.601163950327,27509.420525584654,
183,183,183,2023-05-08 15:00:00,27970.53000000,28082.14000000,27857.34000000,27887.58,2963.51087,27966.104229281314,28151.185482607645,28498.68969095985,28697.654760533227,28827.279379327363,82645146.4679946,28119.8371575359,28427.9837723968,28823.7306151787,28576.5689445627,28132.930520615606,27479.749882249933,
184,184,184,2023-05-08 16:00:00,27887.58000000,27930.21000000,27833.58000000,27867.2,1433.93484,27948.121642139256,28124.139246168823,28473.925389353582,28681.210111809796,28817.72635067734,39959748.973248,28098.0523574652,28406.1646591255,28813.9551465347,28576.5689445627,28105.691492578,27452.510854212327,
185,185,185,2023-05-08 17:00:00,27867.21000000,27908.93000000,27523.00000000,27530.0,3057.90883,27872.099525386664,28067.55455605751,28436.908707418148,28658.413871971978,28804.913153158166,84184230.0899,28056.5503363408,28369.8053701123,28796.2873342879,28576.5689445627,28080.886910874346,27427.706272508673,
186,186,186,2023-05-08 18:00:00,27530.00000000,27613.74000000,27310.07000000,27475.26,7288.67063,27799.94688440727,28011.1455507187,28399.19699340175,28634.98508242798,28791.682773524753,200258120.61361378,27979.2502446229,28295.3447668952,28750.2784268184,28576.5689445627,28058.500181078078,27405.319542712405,
187,187,187,2023-05-08 19:00:00,27475.26000000,27498.35000000,27289.39000000,27340.72,3607.05921,27716.45108724231,27947.295498269297,28357.68809169972,28609.35607089475,28777.24533299217,98619595.8840312,27932.3520836017,28249.821915053,28724.9949796446,28576.5689445627,28038.493237357,27385.312598991328,buy
188,188,188,2023-05-08 20:00:00,27340.72000000,27550.88000000,27262.00000000,27534.91,2328.5547,27683.443616834615,27908.020688910317,28325.42228418209,28588.079911075052,28764.88378739026,64116544.09457701,27890.1866217104,28219.8370320125,28710.0363728043,28576.5689445627,28020.80462766165,27367.62398929598,
189,189,189,2023-05-08 21:00:00,27534.92000000,27656.53000000,27421.07000000,27541.41,1380.56464,27657.619322864684,27873.105385204573,28294.67670441024,28567.35377422208,28752.709918859015,38022696.7817424,27849.1262215104,28202.9255966573,28701.5175341925,28576.5689445627,28005.348395574398,27352.167757208725,
190,190,190,2023-05-08 22:00:00,27541.41000000,27660.88000000,27528.35000000,27653.09,1118.20371,27656.795809616557,27852.151538994614,28269.516441492193,28549.24954106917,28741.76842712908,30921787.8309639,27806.4167273731,28190.051733595,28694.9736934087,28576.5689445627,27992.014276980055,27338.833638614382,
191,191,191,2023-05-08 23:00:00,27653.09000000,27699.80000000,27584.47000000,27668.79,978.10988,27658.976571504452,27834.688535280842,28245.958541825836,28531.81469867176,28731.09202486909,27063116.8666452,27778.7095741147,28178.3203169939,28688.7261084581,28576.5689445627,27980.669509343792,27327.48887097812,
192,192,192,2023-05-09 00:00:00,27668.80000000,27668.89000000,27534.55000000,27578.26,1189.99499,27644.300831230914,27810.266770016002,28219.77428528365,28512.93242741093,28719.621059447505,32817991.232917394,27753.4335835279,28165.8183727297,28681.5687585611,28576.5689445627,27971.162297283583,27317.98165891791,
193,193,193,2023-05-09 01:00:00,27578.27000000,27749.34000000,27560.85000000,27701.39,1798.12786,27654.68068009802,27799.897553824,28199.445489782327,28496.862280333487,28709.489407114695,49810641.1197254,27741.4345385058,28152.8436112541,28672.667100156,28576.5689445627,27963.326731908575,27310.146093542902,
194,194,194,2023-05-09 02:00:00,27701.40000000,27701.40000000,27564.24000000,27641.55,1874.75734,27652.293283716557,27784.81683441219,28177.56723528106,28479.925403495203,28698.863144357336,51821198.751477,27723.0831888499,28132.6031098808,28663.0841358992,28576.5689445627,27956.98875985077,27303.808121485097,
195,195,195,2023-05-09 03:00:00,27641.54000000,27648.91000000,27543.97000000,27629.34,1202.22229,27648.119959404456,27770.009516849128,28156.06812801514,28463.082128178467,28688.22112302045,33216608.405988596,27705.8699187389,28108.3459093491,28656.6985441859,28576.5689445627,27951.972667301234,27298.79202893556,
196,196,196,2023-05-09 04:00:00,27629.35000000,27649.43000000,27565.71000000,27608.96,994.53351,27640.99996678546,27754.6714676254,28134.612907308667,28446.168818709586,28677.48220637348,27458035.8962496,27686.2120021013,28096.0663833649,28649.9959226963,28576.5689445627,27948.10749714883,27294.926858783158,
197,197,197,2023-05-09 05:00:00,27608.96000000,27618.00000000,27512.36000000,27549.7,1904.4388,27624.399972824467,27735.150375470603,28111.67514623774,28428.416960913357,28666.260492877227,52466717.60836,27678.8771776763,28076.2867171765,28626.5372478597,28576.5689445627,27945.23285180657,27292.052213440897,
198,198,198,2023-05-09 06:00:00,27549.70000000,27588.88000000,27437.32000000,27547.76,1801.85844,27610.465432310924,27717.30367304483,28089.560826777437,28410.978209212102,28655.131134739146,49637163.859094396,27654.8729746692,28061.9535870183,28604.7396036711,28576.5689445627,27943.203636769165,27290.022998403492,
199,199,199,2023-05-09 07:00:00,27547.76000000,27673.72000000,27506.29000000,27666.64,1583.32311,27620.67899007257,27712.478561326276,28072.975696315578,28396.238838732657,28645.295402055177,43805230.4880504,27643.7790114584,28046.894879233,28590.9395923073,28576.5689445627,27941.893448602666,27288.712810236993,
200,200,200,2023-05-09 08:00:00,27666.63000000,27670.23000000,27550.94000000,27569.87,1667.22167,27611.440991877556,27698.896793580916,28053.246061165948,28379.87509935181,28634.594651785974,45965084.7030829,27630.6983161116,28029.9581610137,28575.5167825681,28569.5965691273,27941.196480761446,27288.015842395773,
201,201,201,2023-05-09 09:00:00,27569.87000000,27598.47000000,27534.93000000,27579.99,1316.57758,27605.722629718,27687.5723370494,28034.686999943755,28364.035790453756,28624.10107316124,36311196.4906242,27620.9003250629,28018.3838927627,28566.427978079,28567.7926861806,27941.027987131907,27287.847348766234,
202,202,202,2023-05-09 10:00:00,27580.00000000,27651.22000000,27553.38000000,27584.56,1353.14931,27601.87487886018,27677.76163828279,28017.034960730274,28348.600626286352,28613.75738089098,37326028.3306536,27605.5638574509,28005.4902061677,28556.3236347029,28564.8793533177,27941.323486410343,27288.14284804467,
203,203,203,2023-05-09 11:00:00,27584.56000000,27728.99000000,27517.70000000,27678.31,1759.03352,27615.772173612873,27677.81386320824,28003.75162893693,28335.32754457771,28604.449446752762,48687075.0669512,27583.6978880281,27990.5232657073,28542.5237654272,28561.2779248273,27942.036996027102,27288.85635766143,
204,204,204,2023-05-09 12:00:00,27678.31000000,27815.80000000,27644.99000000,27758.34,2512.30701,27641.693596592348,27685.48301909317,27994.127643488424,28323.90204864548,28596.030447282585,69737472.1679634,27572.7418431036,27979.0450037013,28529.6571218145,28556.6281771242,27943.138644126208,27289.958005760534,
205,205,205,2023-05-09 13:00:00,27758.35000000,27818.00000000,27556.80000000,27619.3,2263.23396,27637.622033575557,27679.179874417634,27979.42852021437,28309.949532830717,28586.31173636435,62508937.711428,27565.3695093008,27960.2456429319,28516.7066231325,28552.2614244699,27944.612019337415,27291.431380971742,
206,206,206,2023-05-09 14:00:00,27619.31000000,27631.72000000,27402.94000000,27540.31,3234.06108,27619.928936561817,27665.954172092144,27962.208186088315,28294.70914604199,28575.90375888809,89067044.7021348,27565.9977591167,27940.7132260605,28497.654990604,28544.5338938843,27946.451582420934,27293.27094405526,
207,207,207,2023-05-09 15:00:00,27540.32000000,27584.48000000,27370.01000000,27400.39,2511.96687,27580.01276627785,27640.662346178604,27940.176100359364,28276.999856021357,28564.207104570796,68828871.9050793,27572.3906959059,27917.6386060467,28480.035062404,28537.4482993979,27948.660386621243,27295.47974825557,
208,208,208,2023-05-09 16:00:00,27400.39000000,27700.00000000,27353.00000000,27699.14,2737.81688,27601.67226331824,27646.231646542547,27930.723704266842,28265.55708659519,28555.599471689497,75835173.05348319,27603.9200080822,27892.5838767655,28456.2705155962,28532.0377056846,27951.24824329586,27298.067604930187,
209,209,209,2023-05-09 17:00:00,27699.15000000,27750.00000000,27566.41000000,27614.43,1632.90241,27603.99185180583,27643.202918300398,27918.320029589715,28252.663480920033,28546.234601324428,45091669.2977763,27608.7511433532,27876.5398093642,28437.1685505763,28528.6096850881,27954.23033795515,27301.049699589475,
210,210,210,2023-05-09 18:00:00,27614.43000000,27680.10000000,27520.00000000,27556.34,1543.81599,27595.327878750224,27634.930259414647,27904.124734311685,28238.874897139438,28536.384903798815,42541918.3178766,27609.0771683478,27858.7033515787,28411.6898315203,28525.1063045191,27957.626164613936,27304.445526248262,
211,211,211,2023-05-09 19:00:00,27556.35000000,27719.85000000,27464.90000000,27716.32,1691.92608,27617.326446250183,27642.681663279916,27896.75984277005,28228.527275413904,28528.225054009774,46893964.6496256,27612.5985206157,27846.6315013156,28393.6822488059,28521.9676131017,27961.45852187465,27308.277883508978,
212,212,212,2023-05-09 20:00:00,27716.32000000,27775.18000000,27606.09000000,27649.22,1464.7329,27623.125274204693,27643.304362015166,27887.05239795554,28217.05584421759,28519.478735064404,40498722.193338,27612.5637986166,27837.6499660117,28350.0142660052,28518.7712635568,27965.75222305496,27312.571584689285,
213,213,213,2023-05-09 21:00:00,27649.21000000,27658.53000000,27579.72000000,27602.74,693.08567,27619.41886071293,27639.44108944229,27875.902892153365,28204.891174035063,28510.356956606054,19131063.5467358,27613.4698088677,27826.2316675015,28332.5831415883,28517.5045804463,27970.53213528658,27317.351496920906,
214,214,214,2023-05-09 22:00:00,27602.74000000,27608.16000000,27521.49000000,27579.61,837.28188,27612.180886037848,27633.742890447786,27864.28356304931,28192.509368608626,28501.09579285873,23091907.710466802,27608.3730156962,27816.9432181078,28315.3366291271,28515.9844808423,27975.82019547957,27322.639557113896,
215,215,215,2023-05-09 23:00:00,27579.60000000,27659.59000000,27577.70000000,27628.27,544.94154,27615.106179485512,27633.221662786094,27855.028129204242,28181.336311804494,28492.410959098943,15055792.001335802,27606.9161228059,27808.0978224674,28302.6526281911,28519.9178548709,27981.631163268474,27328.4505249028,
216,216,216,2023-05-10 00:00:00,27628.28000000,27786.01000000,27620.19000000,27747.06,1554.71882,27639.097783215417,27644.06340918742,27850.794084921723,28172.736780877673,28484.99453164522,43138876.3816692,27612.2787672376,27798.6813378821,28289.4605791579,28518.4998410912,27987.967059904946,27334.786421539273,
217,217,217,2023-05-10 01:00:00,27747.07000000,27849.94000000,27670.23000000,27697.98,1250.47622,27649.803640812614,27649.198322598142,27844.801375709107,28163.335656503856,28477.163541280595,34635665.3320356,27615.3593991601,27776.9449888912,28279.9431127983,28517.2082260082,27994.810490873282,27341.62985250761,
218,218,218,2023-05-10 02:00:00,27697.98000000,27741.56000000,27651.80000000,27671.74,1151.72966,27653.792069755775,27651.34514901737,27838.014655093062,28153.60108904833,28469.14937669074,31870363.7018084,27620.7709712128,27753.3348223672,28268.1332339162,28516.2541706478,28002.11732783979,27348.936689474118,
219,219,219,2023-05-10 03:00:00,27671.74000000,27724.00000000,27660.00000000,27685.29,1537.15797,27659.518966163814,27654.577991968097,27832.02545293255,28144.32760213648,28461.349780902776,42556664.175261304,27627.3932933872,27725.1537384414,28257.8100564742,28524.0637273313,28009.809489814255,27356.628851448582,
220,220,220,2023-05-10 04:00:00,27685.29000000,27691.88000000,27647.56000000,27689.78,926.08944,27665.020972315848,27657.930564161612,27826.447199876373,28135.326659519913,28453.672469650013,25643212.853923198,27627.2656161562,27708.6530393062,28233.7932422487,28528.8988373627,28017.76876552685,27364.588127161176,
221,221,221,2023-05-10 05:00:00,27689.78000000,27720.97000000,27652.54000000,27655.55,845.1032,27663.29897734933,27657.703843765266,27819.74534890083,28125.826131608625,28445.73095253907,23371793.80276,27630.8503548169,27695.0009217923,28219.0194007905,28529.7965891592,28025.832712404557,27372.652074038884,
222,222,222,2023-05-10 06:00:00,27655.55000000,27655.56000000,27580.00000000,27628.27,1268.16173,27656.930072376723,27654.900620549528,27812.236511689032,28115.973534943107,28437.597012712813,35037114.6801071,27632.7621601901,27687.6582571451,28206.2813544833,28529.4516424018,28033.79361664847,27380.612978282796,
223,223,223,2023-05-10 07:00:00,27628.27000000,27631.39000000,27529.88000000,27542.26,1127.20242,27636.080968308226,27644.172942401954,27801.649197505147,28104.612870884826,28428.688186715674,31045702.1242692,27631.6502822455,27676.9240960284,28188.2211203125,28528.44675565,28041.401287730263,27388.22064936459,
224,224,224,2023-05-10 08:00:00,27542.26000000,27597.74000000,27474.91000000,27572.48,1438.10754,27624.517155888545,27637.345043125577,27792.662170152,28094.07558631285,28420.168702270745,39652191.3844992,27626.5484981746,27666.2793146747,28177.0248756137,28527.2373659793,28048.370098429248,27395.189460063575,
225,225,225,2023-05-10 09:00:00,27572.47000000,27607.38000000,27537.00000000,27577.7,847.93871,27616.00494572699,27631.664562827904,27784.232281126435,28083.850327177945,28411.785929113823,23384199.362767,27614.571266966,27654.5526861169,28170.0456318231,28527.109061739,28054.39020464387,27401.209566278198,
226,226,226,2023-05-10 10:00:00,27577.69000000,27614.53000000,27536.40000000,27590.09,977.20685,27611.29313741299,27627.705080653817,27776.618858337162,28074.072894956596,28403.60985021717,26961224.940116502,27613.4099777675,27651.0455181666,28157.2834157706,28526.2547596352,28059.142347666915,27405.961709301242,
227,227,227,2023-05-10 11:00:00,27590.09000000,27679.10000000,27590.09000000,27677.09,1078.03722,27623.2562033379,27632.408406305836,27772.71576585335,28066.211847531715,28396.38079698118,29836933.1612898,27624.4387129696,27640.3571610195,28148.4009309178,28525.1259604676,28062.315130931205,27409.134492565532,
228,228,228,2023-05-10 12:00:00,27677.08000000,28183.92000000,27635.81000000,28175.28,8888.81305,27723.62416636737,27684.110462848137,27788.502598564985,28068.371612927127,28394.180789051017,250444796.551404,27784.825606081,27683.5254139702,28132.7287007409,28518.9810907769,28063.623252481786,27410.442614116113,sell
229,229,229,2023-05-10 13:00:00,28175.27000000,28331.42000000,28033.27000000,28169.76,5846.21294,27804.739772482397,27730.362799719744,27803.453869209494,28070.379303760255,28391.947746373895,164686415.4286944,27851.7244341435,27707.4552242024,28129.016384861,28515.4336754563,28062.824932706226,27409.644294340553,sell
230,230,230,2023-05-10 14:00:00,28169.76000000,28254.91000000,28053.07000000,28089.31,2939.04101,27856.479813849233,27764.548247365485,27814.66391355422,28070.75416903233,28388.936425514454,82555634.0326031,27879.9611594943,27716.9035083891,28115.2052722208,28513.5256896032,28059.7367507176,27406.556112351926,sell
231,231,231,2023-05-10 15:00:00,28089.30000000,28227.95000000,28077.28000000,28153.2,2498.96113,27910.428938603916,27801.562699997343,27827.93983851288,28072.38675974456,28386.590789439684,70353752.485116,27909.9666657081,27724.0341968426,28108.7988949195,28513.0144384491,28054.244307238187,27401.063668872514,sell
232,232,232,2023-05-10 16:00:00,28153.21000000,28299.15000000,28145.79000000,28182.17,2765.3531,27959.836404312293,27837.81101428331,27841.83121739473,28074.56068529417,28384.556751733817,77933651.17422698,27936.6555184049,27729.481609628,28094.7225335745,28512.5455310083,28046.3075467031,27393.126908337428,sell
233,233,233,2023-05-10 17:00:00,28182.18000000,28218.88000000,26777.00000000,27498.72,17856.79677,27875.99705807369,27805.51663197061,27828.375875536116,28063.15789944676,28375.742455696665,491039054.47513443,27806.5553802835,27689.9548732944,28030.9929944774,28473.7521811541,28035.96014386196,27382.779505496288,
234,234,234,2023-05-10 18:00:00,27498.73000000,27539.57000000,27355.09000000,27432.18,3179.80461,27795.303047514837,27769.960762259125,27812.838782377836,28050.663287576528,28366.353774545456,87228972.4263498,27788.8802738929,27680.8429673151,28003.0042827646,28467.4174229041,28023.30301350356,27370.122375137886,
235,235,235,2023-05-10 19:00:00,27432.18000000,27790.49000000,27411.72000000,27692.26,3879.56771,27776.567947966683,27762.560689663016,27808.110202676748,28043.56619277303,28359.646373803713,107433997.71292458,27785.6812011614,27685.1031268393,27986.0996218047,28461.6582415515,28008.49264752151,27355.312009155838,
236,236,236,2023-05-10 20:00:00,27692.27000000,27982.23000000,27652.68000000,27857.22,3083.71356,27791.231957427284,27771.575862076064,27810.03607708158,28039.876169153762,28354.64710640268,85903687.0579032,27790.3991585488,27703.1018044758,27976.3194808795,28459.0971833124,27991.725535436737,27338.544897071064,
237,237,237,2023-05-10 21:00:00,27857.22000000,27868.40000000,27219.00000000,27508.57,3481.95503,27739.838874258687,27746.527684735487,27798.21387798034,28029.35525491309,28346.228428727034,95783603.67960711,27776.7312749088,27708.6097344697,27960.259993822,28453.7535266353,27973.22031259885,27320.039674233176,
238,238,238,2023-05-10 22:00:00,27508.57000000,27699.00000000,27490.62000000,27670.34,1448.78244,27727.20271530256,27739.271714760678,27793.199216098757,28022.246041944512,28339.50317072975,40088302.700829595,27775.9013248101,27711.685896715,27949.3586742034,28452.8334540462,27953.199460293294,27300.01882192762,
239,239,239,2023-05-10 23:00:00,27670.35000000,27723.99000000,27572.85000000,27598.75,1284.18242,27703.84767615664,27725.88869430728,27785.573756643902,28013.859981707985,28332.13249241403,35441829.563975,27774.3011487989,27712.4802053388,27942.1869525523,28448.9331304684,27931.87234045893,27278.691702093256,
240,240,240,2023-05-11 00:00:00,27598.74000000,27622.68000000,27426.99000000,27515.09,1631.16638,27669.528098673614,27705.812628182775,27774.966550501005,28003.983348406837,28324.002716370112,44881689.750674196,27770.0511417239,27710.2359914355,27934.4093684738,28445.3533419317,27909.421101908094,27256.24046354242,
241,241,241,2023-05-11 01:00:00,27515.09000000,27579.67000000,27474.21000000,27554.12,960.18361,27648.54480800568,27691.365711212988,27766.305901461754,27995.07516328987,28316.342191829117,26457014.4119732,27768.0757576108,27709.2755004872,27928.3275726185,28442.8812622915,27885.99058784436,27232.809949478687,
242,242,242,2023-05-11 02:00:00,27554.12000000,27577.82000000,27498.48000000,27503.66,994.183,27622.202115641012,27673.48897681175,27756.006062188742,27985.344169957396,28308.25580186067,27343671.20978,27765.589194436,27708.8487016587,27922.8796502996,28439.0518271438,27861.682866639774,27208.5022282741,
243,243,243,2023-05-11 03:00:00,27503.66000000,27503.66000000,27367.76000000,27446.9,2165.81389,27590.32900370628,27651.909074258252,27743.884255828398,27974.68190916616,28299.68509736454,59444877.257441,27758.0412097026,27703.9910990047,27915.0771972214,28432.2008284227,27836.55646759643,27183.375829230758,
244,244,244,2023-05-11 04:00:00,27446.90000000,27494.99000000,27395.88000000,27493.55,1031.82105,27572.732821214224,27636.82725766223,27734.067226188068,27965.154544628214,28291.663852614645,28368423.6292275,27757.6065359929,27703.1069503532,27906.3924620009,28428.948901361,27810.62989736409,27157.44925899842,
245,245,245,2023-05-11 05:00:00,27493.56000000,27536.96000000,27422.03000000,27528.85,996.91245,27564.754126448002,27626.543709313446,27726.019491827752,27956.514850675183,28284.07366502644,27443853.2991825,27758.1693842882,27702.3543207659,27893.4730959675,28426.4443150205,27783.88859765531,27130.707959289637,
246,246,246,2023-05-11 06:00:00,27528.86000000,27536.18000000,27457.30000000,27504.52,922.87647,27553.80246709382,27614.922403664546,27717.333237246272,27947.564457592503,28276.316912140606,25383274.326644402,27756.9757689342,27701.5599582497,27887.2891702668,28423.058634249,27756.294222333236,27103.113583967563,
247,247,247,2023-05-11 07:00:00,27504.53000000,27553.21000000,27416.02000000,27450.07,1116.63395,27534.942018531307,27599.222174744114,27706.852325981716,27937.71308219463,28268.09554983075,30651680.091876496,27754.3362782397,27701.6347484432,27879.1731079347,28419.8237169833,27727.794984766635,27074.614346400962,
248,248,248,2023-05-11 08:00:00,27450.07000000,27450.07000000,27257.98000000,27390.46,2204.99244,27508.672560616524,27579.34006286372,27694.444783786355,27926.87638749771,28259.362857792636,60395757.2281224,27743.9417525034,27698.0011566488,27871.1554409944,28414.2113111,27698.335858153438,27045.155219787765,
249,249,249,2023-05-11 09:00:00,27390.47000000,27448.95000000,27345.07000000,27417.47,1277.08676,27492.090276868064,27563.92386640051,27683.58302755944,27916.78913229973,28250.985814431515,35014487.9296972,27674.8936580306,27695.2511523927,27863.1942216749,28410.8763503101,27667.867587677367,27014.686949311694,
250,250,250,2023-05-11 10:00:00,27417.47000000,27490.29000000,27408.93000000,27459.86,964.14628,27486.230226528416,27554.013021981416,27674.809575498286,27907.741030670033,28243.113915780454,26475321.8683208,27620.1971064061,27695.0905203172,27856.0097045298,28408.3709257217,27636.353763569725,26983.17312520405,
251,251,251,2023-05-11 11:00:00,27459.87000000,27482.56000000,27375.02000000,27405.61,918.71881,27471.57200352325,27539.879400840327,27664.252729400312,27897.797841943895,28234.780543484132,25178049.4065241,27591.3683108535,27694.0608898838,27850.6913927573,28406.0004397737,27603.7755660765,26950.594927710827,
252,252,252,2023-05-11 12:00:00,27405.62000000,27630.14000000,27300.82000000,27399.0,3105.5244,27458.37709379175,27526.46231504601,27653.85066158069,27887.920656954906,28226.46431917086,85088263.03559999,27555.1571249333,27687.2554302316,27840.0466112928,28398.5835160197,27570.13417727173,26916.95353890606,
253,253,253,2023-05-11 13:00:00,27399.00000000,27494.94000000,27099.98000000,27206.61,3882.50831,27412.601258556886,27496.000189803533,27636.31181210694,27874.42935681718,28216.316515000006,105629889.4119291,27500.4081787035,27671.1646224656,27823.4172819468,28387.8769292875,27535.451208941842,26882.27057057617,
254,254,254,2023-05-11 14:00:00,27206.62000000,27343.37000000,26952.00000000,27121.19,4296.13557,27359.617393364722,27460.303981250814,27616.110956730194,27859.51372598912,28205.419733756225,116516309.05972831,27463.0710291907,27649.0565038882,27806.4858513695,28374.5360047873,27499.767772696967,26846.587134331294,
255,255,255,2023-05-11 15:00:00,27121.19000000,27223.81000000,27046.49000000,27179.42,2869.6044,27326.854230934772,27433.553125893595,27598.985821172148,27846.046523494286,28195.21078118154,77994183.221448,27446.2366553812,27638.149534023,27792.0463324781,28365.8953969719,27463.142980383767,26809.962342018094,
256,256,256,2023-05-11 16:00:00,27179.43000000,27219.52000000,27097.25000000,27129.17,2346.59703,27290.911643492083,27404.56425676087,27580.56167132226,27831.850948771626,28184.603410224514,63661229.7483651,27404.7933840571,27630.6133775923,27781.0862172106,28357.9562275678,27425.652687540514,26772.47204917484,
257,257,257,2023-05-11 17:00:00,27129.17000000,27148.58000000,26742.90000000,26907.28,5876.68371,27221.16043558443,27357.203851355072,27554.158468525307,27813.542613152385,28171.89372455064,158125574.0564088,27306.1358380824,27599.9743840227,27752.7785229785,28338.082837825,27387.38917710926,26734.208538743587,
258,258,258,2023-05-11 18:00:00,26907.27000000,26993.19000000,26770.26000000,26963.73,2873.47032,27174.354901841805,27319.730151226016,27531.00441093608,27796.714640614715,28159.87219495312,77479477.8714936,27267.0152224715,27582.4764955327,27732.1019375766,28328.4924040755,27348.462242712932,26695.28160434726,
259,259,259,2023-05-11 19:00:00,26963.74000000,27055.00000000,26702.05000000,26843.05,2471.46579,27114.117646961477,27274.332041585443,27504.025806585647,27777.83019228571,28146.76948654563,66341679.7742595,27230.0810906571,27566.921345417,27716.0144721904,28319.6077522484,27309.001807436925,26655.821169071252,
260,260,260,2023-05-11 20:00:00,26843.06000000,27037.61000000,26807.22000000,26996.18,1419.53922,27092.674438423026,27247.84137095826,27484.11028475876,27762.35197065629,28135.32083493821,38322136.3001796,27211.9096169419,27560.3449773585,27704.1867147982,28315.5413681598,27269.161856386087,26615.981218020414,
261,261,261,2023-05-11 21:00:00,26996.17000000,27060.47000000,26941.51000000,26977.99,821.53189,27071.82272234611,27222.141240390803,27464.262430454495,27746.820050445272,28123.805105237334,22163279.113101102,27196.1291385526,27554.1508489196,27696.0880792138,28312.526609694,27229.125127074632,26575.94448870896,
262,262,262,2023-05-11 22:00:00,26978.00000000,27056.44000000,26900.00000000,26903.81,1043.33136,27041.274954646815,27191.823979401204,27442.283903770007,27730.12678211962,28111.665850458856,28069588.676481597,27181.2500336342,27547.3030623422,27688.9340279313,28309.8260397472,27189.107745992253,26535.92710762658,
263,263,263,2023-05-11 23:00:00,26903.80000000,27056.18000000,26820.00000000,26968.62,1444.38656,27028.064962892844,27170.56645755347,27423.7088487202,27715.04743989943,28100.292259907026,38953112.2697472,27167.0012800418,27540.0279911816,27678.9599992908,28305.4247417948,27149.362865504252,26496.18222713858,
264,264,264,2023-05-12 00:00:00,26968.61000000,27042.96000000,26922.54000000,27033.78,1095.41646,27029.10406054869,27157.53917588171,27408.41752131941,27701.556995544983,28089.680197619396,29613247.588018797,27149.5012309034,27535.148062182,27671.8245100753,28301.3259570999,27110.182366016317,26457.001727650644,
265,265,265,2023-05-12 01:00:00,27033.78000000,27091.12000000,26850.00000000,26878.48,1558.83797,27001.717867721654,27130.962111512024,27387.63565773826,27685.258441177757,28077.628454359503,41899195.1998856,27131.6308728663,27526.3013584252,27662.143929683,28293.291392659,27071.895843702423,26418.71520533675,
266,266,266,2023-05-12 02:00:00,26878.48000000,26889.99000000,26539.28000000,26646.7,3672.2498,26937.169164499534,27084.841910415642,27358.5793574348,27664.69292749107,28063.390360286277,97853338.74566,27084.4957906465,27497.3820516905,27641.6635977571,28276.249052154,27034.866379988765,26381.685741623092,
267,267,267,2023-05-12 03:00:00,26646.70000000,26707.96000000,26528.01000000,26584.32,3288.95433,26873.014770954163,27037.173157042726,27328.216245378535,27643.299404174413,28048.67324227348,87434614.3741056,27042.6260221105,27471.4756467658,27614.8965695739,28262.9802897228,26999.482942194016,26346.302303828343,
268,268,268,2023-05-12 04:00:00,26584.33000000,26710.00000000,26513.18000000,26654.19,2925.73321,26833.228448962494,27000.698570657703,27301.783843598983,27623.71307933928,28034.79778712648,77983048.8686499,27011.0230940858,27450.8922006639,27590.5126289197,28250.9122338984,26966.149641003034,26312.96900263736,
269,269,269,2023-05-12 05:00:00,26654.19000000,26667.89000000,26177.00000000,26276.67,5076.54058,26732.036003696583,26931.743468690303,27261.583300712748,27597.038958956324,28017.30397829935,133394581.56226858,26925.2676813895,27402.606384137,27545.9134531363,28218.9216324069,26935.27241462507,26282.091776259396,buy
270,270,270,2023-05-12 06:00:00,26276.68000000,26318.62000000,26120.74000000,26299.75,4904.76776,26653.438548479022,26871.553614529323,27223.86434774362,27571.350068679963,28000.21388896304,128994165.89605999,26860.2508902942,27360.5344219956,27510.9501607743,28187.8017071794,26907.243975360198,26254.063336994524,
271,271,271,2023-05-12 07:00:00,26299.74000000,26390.14000000,26265.18000000,26311.52,3057.22916,26591.271539664653,26818.217079812246,27188.086138028186,27546.402938607094,27983.41096469475,80440346.1879232,26821.9856389932,27335.3245530255,27487.6874591238,28170.3278154717,26882.42801237168,26229.24737400601,
272,272,272,2023-05-12 08:00:00,26311.51000000,26374.99000000,26234.79000000,26289.12,1829.06985,26536.334896089258,26767.826881734887,27152.832563987868,27521.506246753488,27966.552348130626,48084636.775032,26796.7459829286,27318.7257784015,27474.4171885277,28158.7395839732,26861.143685825155,26207.96304745948,
273,273,273,2023-05-12 09:00:00,26289.12000000,26437.00000000,26289.12000000,26380.93,2189.28699,26508.079460436664,26730.9795596649,27122.561875204032,27498.920578500944,27950.775011333306,57755426.8331007,26749.5709322115,27302.1099942155,27459.1611479174,28146.9833370996,26843.65138330813,26190.470744942457,
274,274,274,2023-05-12 10:00:00,26380.92000000,26430.22000000,26334.17000000,26343.27,1311.8232,26478.114103993634,26694.05483969681,27092.001409509758,27476.03640862964,27934.779936593673,34557712.749864005,26708.6388001133,27290.2295410459,27447.5099712468,28137.8424581842,26830.140565997437,26176.959927631764,
275,275,275,2023-05-12 11:00:00,26343.28000000,26423.26000000,26322.01000000,26348.01,1097.83791,26454.458812358425,26661.098188297114,27062.825275803494,27453.69925202311,27918.991181005676,28925844.231059097,26667.8618550889,27281.0242982811,27434.6989144864,28130.7707902727,26820.720343569337,26167.539705203664,
276,276,276,2023-05-12 12:00:00,26348.02000000,26486.48000000,26324.02000000,26412.22,1965.6531,26446.779028293255,26637.395503697386,27037.311343419045,27433.0759004979,27903.998432935972,51917262.120882004,26630.1641815545,27266.6522307911,27420.0082405078,28120.3718052918,26815.41321686458,26162.232578498908,
277,277,277,2023-05-12 13:00:00,26412.23000000,26556.96000000,26358.89000000,26450.0,2481.73655,26447.36465951266,26619.54831286906,27014.279526030063,27413.60905098309,27889.53078683711,65641931.7475,26599.2879530247,27249.1705021886,27401.5674116785,28106.4777248998,26814.152241389216,26160.971603023543,
278,278,278,2023-05-12 14:00:00,26450.00000000,26614.67000000,26292.10000000,26313.85,3958.98542,26423.089266873994,26590.43418783391,26986.811701479866,27391.83164403293,27873.852371047687,104176148.494067,26541.0557904496,27161.6156556657,27378.7713648709,28086.7611967892,26816.781706040434,26163.60106767476,
279,279,279,2023-05-12 15:00:00,26313.84000000,26394.80000000,26271.65000000,26320.84,2061.52029,26404.49849107872,26564.758550897346,26960.695164166933,27370.623888705544,27858.399511634278,54260945.7098436,26507.4676480367,27104.0652627449,27365.4796700328,28075.138360142,26823.06129009377,26169.880651728097,
280,280,280,2023-05-12 16:00:00,26320.83000000,26408.19000000,26241.07000000,26290.98,1999.89361,26383.85876542804,26538.684403192838,26934.43182439568,27349.244801800483,27842.80329758817,52579162.9026378,26481.812737398,27069.7027742853,27351.5224999814,28064.3772157705,26832.6735474561,26179.492909090426,
281,281,281,2023-05-12 17:00:00,26290.99000000,26403.49000000,26277.21000000,26304.49,1714.97285,26369.428080804762,26516.380174317328,26909.728223438986,27328.556587903444,27827.49669761217,45111486.183096506,26460.9183288776,27038.9707187996,27338.0382851569,28055.3286838908,26845.234455907474,26192.0538175418,
282,282,282,2023-05-12 18:00:00,26304.48000000,26365.70000000,26299.29000000,26299.3,1649.14121,26356.677520658443,26495.705872001392,26885.789861735495,27308.1752693311,27812.2907603225,43371259.424153,26447.1818205159,27005.1887847223,27322.6673793964,28040.1378672493,26860.30664795774,26207.126009592066,
283,283,283,2023-05-12 19:00:00,26299.29000000,26500.00000000,25811.46000000,26459.62,8559.66341,26375.39433508418,26492.269122286973,26869.07731813803,27291.372194690877,27798.831349772026,226485441.15650418,26440.7861738285,26893.1987781067,27284.351646596,28005.8293953547,26877.41480412245,26224.234165756778,
284,284,284,2023-05-12 20:00:00,26459.63000000,26500.00000000,26360.85000000,26438.42,3310.02132,26386.853546887054,26487.140634450116,26852.188795858106,27274.48205222175,27785.294918431013,87511733.8671144,26427.8865464836,26866.4886361618,27269.0989485345,27987.5234791556,26896.062544841017,26242.881906475344,
285,285,285,2023-05-12 21:00:00,26438.42000000,26810.58000000,26438.41000000,26750.09,4356.95279,26452.896538362133,26512.183431169153,26848.184921510732,27264.098051187655,27774.994371978963,116548879.2582511,26439.6399105131,26835.8210983215,27256.3351735667,27964.7938170558,26915.75002066719,26262.569382301517,
286,286,286,2023-05-12 22:00:00,26750.10000000,26894.90000000,26637.42000000,26684.77,2097.69072,26495.055349569015,26528.62024724828,26841.776493216195,27252.62620858988,27764.146368277678,55976394.394334406,26436.9651471937,26806.9365181385,27244.4167352017,27953.0712692303,26935.991295949018,26282.810657583344,
287,287,287,2023-05-12 23:00:00,26684.78000000,26806.50000000,26657.04000000,26795.01,1043.95645,26549.592558738284,26553.9906998913,26839.94251309007,27243.56450148909,27754.503220334616,27972823.517314497,26430.4538754779,26786.0521323868,27240.8959399785,27946.2863451706,26956.3305748651,26303.149936499427,
288,288,288,2023-05-13 00:00:00,26795.01000000,26850.00000000,26692.03000000,26838.99,1272.65293,26602.210275331323,26581.133490377844,26839.90515963556,27235.55312522198,27745.393636052682,34156719.2617407,26430.6894315628,26775.7133901862,27235.7148416703,27938.9010794816,26976.35635138255,26323.175713016877,
289,289,289,2023-05-13 01:00:00,26838.99000000,26983.98000000,26785.66000000,26827.2,2460.82265,26643.117497998355,26604.568396056144,26839.406918081226,27227.466924722536,27736.25738096758,66016981.39608,26436.2003553082,26767.8684295816,27229.5610712786,27929.9370985338,26995.712686706094,26342.53204834042,
290,290,290,2023-05-13 02:00:00,26827.20000000,26840.00000000,26764.17000000,26779.94,935.28246,26667.994316544107,26621.270453574605,26837.074882078043,27218.605005421097,27726.74178513706,25046808.1618524,26457.0513994457,26757.6245903501,27225.7031149845,27923.4824185176,27014.107025075657,26360.926386709983,
291,291,291,2023-05-13 03:00:00,26779.95000000,26855.23000000,26772.58000000,26808.27,657.98033,26693.49898626336,26639.079934186546,26835.945278859297,27210.479559769195,27717.60276239938,17639314.3413291,26477.0989538539,26751.4035779853,27222.6437678562,27918.4826738203,27031.314232588782,26378.13359422311,
292,292,292,2023-05-13 04:00:00,26808.27000000,26845.59000000,26752.83000000,26797.75,610.98658,26712.453716033655,26654.191369025924,26834.447424786384,27202.306697199507,27708.44999859441,16373065.624195,26491.8600713788,26745.2637187796,27219.6861845114,27914.8227668487,27047.176853318204,26393.99621495253,
293,293,293,2023-05-13 05:00:00,26797.75000000,26870.19000000,26737.59000000,26741.03,1020.99556,26717.649404027536,26662.461714832978,26830.78399636339,27193.172505175753,27698.823928956655,27302472.8998268,26505.23166691,26732.1320682764,27213.7975478634,27910.6380130835,27061.601884868254,26408.42124650258,
294,294,294,2023-05-13 06:00:00,26741.02000000,26766.84000000,26712.87000000,26731.59,804.56031,26720.184057840706,26669.045361039363,26826.894035721685,27184.032257548508,27689.199710758083,21507176.3371929,26515.2431198635,26725.3451544243,27208.6017645776,27906.7755578832,27074.554643954467,26421.374005588794,
295,295,295,2023-05-13 07:00:00,26731.58000000,26796.10000000,26695.41000000,26771.88,888.20033,26729.583320051483,26678.83913617847,26824.73662255613,27175.870826705963,27680.072151447057,23778792.650720403,26525.3331814133,26718.7799379786,27204.6939162403,27903.1503632224,27086.050490082278,26432.869851716605,
296,296,296,2023-05-13 08:00:00,26771.87000000,26815.03000000,26746.53000000,26799.73,741.05432,26742.337261860303,26690.35255178052,26823.755970691185,27168.422493503862,27671.312528049577,19860055.6913336,26534.2587421374,26713.0226771405,27201.6202760144,27898.1421088372,27096.145281546782,26442.96464318111,
297,297,297,2023-05-13 09:00:00,26799.74000000,26849.81000000,26790.00000000,26842.05,634.51416,26760.46685061297,26704.799927801425,26824.473383605255,27161.95967185032,27663.061159611276,17031660.808427997,26544.3180996663,26706.5808010608,27197.697967902,27882.9788036219,27104.92544613054,26451.744807764866,
298,298,298,2023-05-13 10:00:00,26842.05000000,26877.00000000,26765.61000000,26830.69,755.03356,26773.234695956067,26716.789458487,26824.71717248348,27155.399876368134,27654.77885951564,20258071.3879564,26555.1594228386,26694.1315710037,27193.6831343958,27868.0981975128,27112.498466115747,26459.317827750074,
299,299,299,2023-05-13 11:00:00,26830.68000000,26863.00000000,26796.92000000,26823.94,750.06559,26782.45384214587,26726.99427196443,26824.686695131186,27148.83631445985,27646.51180618713,20119714.3822246,26585.3463641637,26686.8230554536,27189.128319075,27859.2120888963,27118.98442201662,26465.803783650947,
300,300,300,2023-05-13 12:00:00,26823.93000000,26904.98000000,26763.51000000,26824.6,996.91357,26790.11677993753,26736.290055586865,26824.68329532212,27142.41579338144,27638.333579259895,26741807.749822,26606.3815744746,26681.4478646605,27184.6845247064,27849.4767944234,27124.50903765522,26471.32839928955,
301,301,301,2023-05-13 13:00:00,26824.60000000,26888.68000000,26782.58000000,26821.38,1081.27868,26795.801001767068,26744.393859816686,26824.553754329096,27136.058648958046,27630.20468792398,29001386.362178396,26630.1344013764,26676.9100344229,27180.6144324435,27844.0641075882,27129.198449544023,26476.01781117835,
302,302,302,2023-05-13 14:00:00,26821.38000000,26847.36000000,26736.00000000,26789.12,1237.066,26794.586274173056,26748.653492215097,26823.1641953358,27129.18857670145,27621.835686054088,33139909.52192,26651.1897618499,26658.0263215264,27176.0177859799,27837.1590153763,27133.175713138302,26479.99507477263,
303,303,303,2023-05-13 15:00:00,26789.12000000,26822.79000000,26760.69000000,26816.25,654.43967,26798.525133414318,26755.09125486128,26822.893050420673,27122.99177320241,27613.8199080834,17549617.8006375,26670.9298043444,26639.2939050293,27171.0036542813,27828.3121584027,27136.558879591415,26483.378241225742,
304,304,304,2023-05-13 16:00:00,26816.25000000,26834.02000000,26782.29000000,26822.8,523.07779,26802.9387455208,26761.53970677925,26822.889401384567,27117.047381653847,27605.94906322685,14030410.945612,26741.2962308657,26620.3828607729,27163.50879072,27823.2472279651,27139.460344429706,26486.279706064033,
305,305,305,2023-05-13 17:00:00,26822.80000000,26848.02000000,26792.53000000,26812.32,552.69007,26804.644428153384,26766.375925181226,26822.47491505576,27111.013176076543,27598.052256627576,14818903.0176624,26784.5663600863,26605.707153665,27157.9241138477,27818.6421858036,27141.98709167964,26488.806453313966,
306,306,306,2023-05-13 18:00:00,26812.31000000,27045.45000000,26757.32000000,26785.0,2035.24653,26801.072713943675,26768.149646592537,26821.005310543773,27104.557469619584,27589.962184422326,54514078.306049995,26791.5117911477,26597.2229147471,27148.7810588084,27809.4812211854,27144.24143393594,26491.060795570265,
307,307,307,2023-05-13 19:00:00,26785.00000000,26958.13000000,26770.73000000,26837.94,1496.20121,26807.775856863005,26774.796346917057,26821.669416012643,27099.27791576573,27582.479376617128,40154958.3019074,26805.3810743199,26582.211770029,27143.7311427773,27801.4970759733,27146.321875322345,26493.14123695667,
308,308,308,2023-05-13 20:00:00,26837.93000000,26922.21000000,26836.71000000,26904.86,710.40684,26825.42751925155,26787.183361496383,26824.931791855284,27095.428056047596,27575.736895257756,19113396.5732424,26809.2955573752,26573.1065393545,27135.8775406469,27783.8974658313,27148.32379076456,26495.143152398887,
309,309,309,2023-05-13 21:00:00,26904.86000000,26939.40000000,26853.30000000,26862.56,596.64592,26832.17887938763,26794.362088972917,26826.40740786096,27090.81680741299,27568.640607742756,16027436.824755201,26808.9971624419,26567.8099162733,27131.4678945028,27770.8275092859,27150.339709459928,26497.159071094255,
310,310,310,2023-05-13 22:00:00,26862.55000000,26899.67000000,26839.88000000,26889.94,590.14208,26842.68090131715,26803.464747165974,26828.89888206249,27086.839048850357,27561.88736786472,15868885.122675199,26809.1599083025,26563.2922977288,27127.7234145609,27753.0331219383,27152.459099887623,26499.27846152195,
311,311,311,2023-05-13 23:00:00,26889.95000000,26929.08000000,26750.00000000,26775.28,808.64707,26830.426191986757,26800.78048553112,26826.79618080514,27080.669562734507,27554.060428880995,21651751.7204296,26809.1561598007,26561.4626238173,27121.6916542929,27741.0655586864,27154.76766532036,26501.587026954687,
312,312,312,2023-05-14 00:00:00,26775.27000000,26811.65000000,26560.53000000,26741.31,1590.47799,26814.22324798916,26795.11662976625,26823.443781557882,27073.949571393227,27545.973359936906,42531464.9787669,26803.5307731586,26560.6981684592,27115.2078303566,27708.8275222166,27157.346260777565,26504.165622411892,
313,313,313,2023-05-14 01:00:00,26741.31000000,26751.96000000,26635.65000000,26730.0,931.55827,26798.909930172947,26788.91504597899,26819.779319536006,27067.13868879138,27537.854222027087,24900552.557099998,26800.1818632531,26556.0357569773,27111.9323828018,27695.4503273228,27160.269624526976,26507.088986161303,
314,314,314,2023-05-14 02:00:00,26729.99000000,26839.73000000,26720.97000000,26810.64,745.71153,26801.0426701415,26790.984089219088,26819.42091484832,27062.059506835114,27530.61825961886,19993003.3746792,26803.7476856331,26552.418782399,27109.03407626,27683.1937707076,27163.605171442796,26510.424533077123,
315,315,315,2023-05-14 03:00:00,26810.64000000,26874.42000000,26784.47000000,26865.03,786.9463,26812.676730115774,26798.03608072203,26821.209506422896,27058.15793244234,27523.995490866437,21141335.957888998,26809.3103012748,26549.5500560863,27106.8027807286,27673.9309568025,27167.412115921245,26514.23147755557,
316,316,316,2023-05-14 04:00:00,26865.04000000,26876.94000000,26793.53000000,26825.87,604.65065,26815.075506458357,26800.686930177075,26821.392270876902,27053.558171403878,27517.04896856926,16220279.732315501,26811.6084988088,26547.4032577238,27101.3040183332,27666.3417163072,27171.741175365492,26518.56053699982,
317,317,317,2023-05-14 05:00:00,26825.88000000,26849.89000000,26802.82000000,26828.49,357.86079,26817.514505284107,26803.334841588785,26821.670613195456,27049.101375930535,27510.19763554867,9600864.6259071,26812.4134978827,26547.1594455304,27097.3056415564,27661.4822934914,27176.635051080964,26523.45441271529,
318,318,318,2023-05-14 06:00:00,26828.49000000,26898.87000000,26822.97000000,26843.29,604.6997,26822.200958868812,26807.140094770806,26822.518432285833,27045.02590313983,27503.56173867754,16232129.410013001,26812.4062317,26545.5461235239,27093.4325749442,27654.5094452878,27182.12979458634,26528.949156220668,
319,319,319,2023-05-14 07:00:00,26843.29000000,26873.66000000,26828.67000000,26855.21,428.98202,26828.202602710844,26811.71818098311,26823.800454549135,27041.26717238459,27497.110477596172,11520402.2333242,26812.6582368889,26564.6370904468,27088.5991641566,27649.5783431254,27188.257050239103,26535.07641187343,
320,320,320,2023-05-14 08:00:00,26855.22000000,26886.73000000,26829.98000000,26845.53,463.16594,26831.353038581598,26814.938354222813,26824.652593586427,27037.39118877301,27490.627089759397,12433935.1372482,26813.0382498958,26583.9483304191,27085.3952116363,27634.1140958699,27195.04702990824,26541.866391542568,
321,321,321,2023-05-14 09:00:00,26845.53000000,26868.73000000,26808.81000000,26842.53,580.18808,26833.38521338494,26817.566130011117,26825.353668347743,27033.532551371565,27484.17836249811,15573715.9430424,26813.3595772597,26597.688031741,27082.4104509286,27624.4725840684,27202.53193616078,26549.351297795107,
322,322,322,2023-05-14 10:00:00,26842.53000000,26849.97000000,26814.35000000,26827.07,662.8264,26832.236992769493,26818.471260486247,26825.420975471363,27029.444184017673,27477.639970831464,17781690.230648,26813.3840629968,26607.8688137579,27078.2694327031,27616.9369692928,27210.749424165097,26557.568785799423,
323,323,323,2023-05-14 11:00:00,26827.07000000,26829.26000000,26790.02000000,26805.98,653.82849,26827.46299408413,26817.281616630415,26824.65858427641,27025.01915067079,27470.956787042098,17526513.4263702,26814.9211649276,26616.9682402545,27074.8919515897,27605.429972867,27219.745598149177,26566.564959783504,
324,324,324,2023-05-14 12:00:00,26805.97000000,26880.00000000,26744.70000000,26871.33,843.18767,26835.43881334156,26822.42908171323,26826.488835873417,27021.975801152556,27464.990351350138,22657574.132501103,26817.7396108422,26625.3570577574,27070.6051851997,27599.1823088382,27229.576994321782,26576.39635595611,
325,325,325,2023-05-14 13:00:00,26871.32000000,26929.99000000,26819.12000000,26912.42,939.3887,26849.435392733998,26830.999645359592,26829.85868544701,27019.806379347556,27459.492138898895,25281223.237653997,26822.8207162169,26633.7745607926,27067.8109103517,27594.4879697665,27240.311023997176,26587.130385631503,
326,326,326,2023-05-14 14:00:00,26912.41000000,26977.00000000,26850.11000000,26963.41,931.8294,26870.158048600544,26843.610155325347,26835.095991900067,27018.689619360473,27454.555998213335,25125298.162254,26830.7002351761,26644.8302551559,27064.8755699487,27586.1396825472,27252.024447206994,26598.84380884132,
327,327,327,2023-05-14 15:00:00,26963.42000000,27200.00000000,26960.98000000,27082.02,3762.00643,26908.67840340044,26866.315854818167,26844.77928633536,27019.94368630383,27450.849172360467,101882733.3773886,26885.1011307437,26675.9196958937,27062.0358163283,27577.0910215567,27264.799618003926,26611.618979638253,
328,328,328,2023-05-14 16:00:00,27082.01000000,27135.04000000,26925.17000000,26958.7,1366.47477,26917.773239145812,26875.114344835485,26849.246765302603,27018.73094004039,27445.95216567032,36838383.381999,26894.127339778,26703.5506057188,27012.3928815067,27562.6532786819,27278.71847639898,26625.537838033306,
329,329,329,2023-05-14 17:00:00,26958.69000000,26982.02000000,26866.09000000,26940.72,1118.93132,26921.945377482938,26881.3625024702,26852.833950977012,27017.18616895048,27440.924979942254,30144815.3913504,26896.4254132994,26719.7912617168,26977.7185565494,27557.2958682185,27293.85453536221,26640.673896996537,
330,330,330,2023-05-14 18:00:00,26940.71000000,26953.49000000,26856.00000000,26920.72,865.94321,26921.72258157695,26885.110835568277,26855.496148977916,27015.275947783142,27435.748810987607,23311814.6923112,26898.5256554269,26735.9636258042,26960.7442527101,27545.74593363,27310.26339175794,26657.082753392267,
331,331,331,2023-05-14 19:00:00,26920.72000000,26939.35000000,26827.23000000,26878.97,918.52126,26913.949384926593,26884.525994085583,26856.416692155253,27012.576820104267,27430.20872331609,24688905.3919022,26897.8797753758,26749.7964046618,26944.9801500833,27538.9526638018,27327.972538918588,26674.791900552915,
332,332,332,2023-05-14 20:00:00,26878.96000000,26961.55000000,26842.57000000,26942.55,686.76702,26919.14949675812,26890.052089886958,26859.794468933476,27011.19015039923,27425.356397710955,18503254.774701,26904.4217195325,26763.9081156155,26927.1260344011,27525.7197140754,27346.971437118456,26693.790798752783,
333,333,333,2023-05-14 21:00:00,26942.55000000,26957.93000000,26882.03000000,26906.62,648.05209,26916.871406438462,26891.629986088203,26861.630764269416,27009.119454351723,27420.19484151483,17436891.3258358,26918.2222075106,26813.7475777299,26868.560713122,27511.3226719141,27367.202874259583,26714.02223589391,
334,334,334,2023-05-14 22:00:00,26906.62000000,26943.63000000,26870.42000000,26900.79,506.44623,26913.94751435874,26892.502368365516,26863.166420572576,27006.97431664179,27415.026634136575,13623803.6795217,26927.2343205917,26838.818241196,26858.2259216579,27490.5396380415,27388.556602994533,26735.37596462886,
335,335,335,2023-05-14 23:00:00,26900.79000000,26928.53000000,26854.19000000,26917.62,596.35934,26914.615239020786,26894.894523759278,26865.301855059926,27005.204924233043,27410.077314393922,16052574.0975708,26931.6655909582,26847.9363603976,26839.2390259018,27477.8211385584,27410.86606980944,26757.685431443766,
336,336,336,2023-05-15 00:00:00,26917.61000000,26931.24000000,26726.00000000,26800.25,2062.76348,26893.821559198823,26885.880759591728,26862.75080192032,27001.146410881895,27404.009380917367,55282576.95487,26920.5120906478,26853.0694667547,26820.0211271531,27466.5781917507,27433.908772761562,26780.72813439589,
337,337,337,2023-05-15 01:00:00,26800.25000000,27290.93000000,26780.00000000,27208.38,3347.54444,26951.014002980854,26916.594972963947,26876.30488811952,27005.250046309975,27402.062819913215,91081261.1904072,26966.1975231991,26878.1603732212,26813.4651394163,27456.5462934757,27457.410431559572,26804.2297931939,
338,338,338,2023-05-15 02:00:00,27208.38000000,27253.52000000,27122.21000000,27162.07,2186.24335,26989.387820620697,26939.97354696738,26887.51136309523,27008.3553919276,27399.674831655375,59382894.9097345,26985.9502357425,26891.3773683193,26810.6144900741,27447.2238649073,27481.05277307705,26827.872134711375,
339,339,339,2023-05-15 03:00:00,27162.07000000,27259.72000000,27161.00000000,27232.8,1207.60297,27033.644580507844,26967.861780589534,26901.05209395424,27012.7998396122,27398.01438556925,32886410.161415998,27001.4631022754,26902.9017751864,26807.6257602975,27442.1243926331,27504.484379056423,26851.30374069075,
340,340,340,2023-05-15 04:00:00,27232.80000000,27300.00000000,27180.01000000,27289.04,1579.04566,27080.080111324598,26998.45018243815,26916.267305956037,27018.269941798095,27396.930063324784,43090640.1775664,27021.3973286093,26917.3605517324,26805.2816822009,27437.4796810283,27527.333759146393,26874.15312078072,
341,341,341,2023-05-15 05:00:00,27289.03000000,27380.00000000,27235.34000000,27335.52,2511.13618,27126.5237274474,27030.552069824993,26932.70858807541,27024.552121168428,27396.31901791857,68643213.2711136,27052.5057422319,26938.9437166456,26808.8939315598,27432.9862258518,27549.223638313222,26896.04299994755,
342,342,342,2023-05-15 06:00:00,27335.52000000,27550.03000000,27312.38000000,27475.63,3954.95747,27189.997595184235,27072.940444127373,26953.999623837157,27033.484356392815,27397.10818191938,108664948.1114561,27109.7712005996,26978.8711918376,26820.1750886237,27430.4505764858,27569.78540191099,26916.604763545318,
343,343,343,2023-05-15 07:00:00,27475.64000000,27498.02000000,27387.53000000,27407.48,1291.18769,27229.53985060528,27104.801354210478,26971.783168000406,27040.89021072167,27397.211384089336,35388200.7899212,27127.6514893293,26993.1944187407,26816.6849852127,27427.8049269009,27588.67272216508,26935.492083799407,
344,344,344,2023-05-15 08:00:00,27407.47000000,27448.00000000,27385.80000000,27434.67,1308.68361,27266.83624140432,27136.217415714244,26989.935592784706,27048.68783031134,27397.58410663571,35903302.9747587,27146.4087816732,27007.2459397924,26817.3268184003,27422.372938612,27605.573574313767,26952.392935948094,
345,345,345,2023-05-15 09:00:00,27434.67000000,27485.50000000,27335.00000000,27390.5,1426.13046,27289.320561148987,27160.43480469384,27005.644000910797,27055.456388126957,27397.513618012472,39062426.36463,27163.8717120417,27020.5882566445,26817.9539989158,27413.0379907202,27620.220101525505,26967.039463159832,
346,346,346,2023-05-15 10:00:00,27390.51000000,27450.19000000,27351.01000000,27416.61,1065.59599,27312.464095485535,27184.832442342045,27021.76031460057,27062.60794479771,27397.703631763594,29215029.6753939,27179.0335029219,27030.8706839154,26817.9789847375,27409.2626799224,27632.39605933654,26979.215420970868,
347,347,347,2023-05-15 11:00:00,27416.61000000,27454.66000000,27315.55000000,27336.12,1193.94307,27316.765169033617,27199.240781166613,27034.08814540055,27068.024025098744,27397.090859308235,32637771.0346884,27190.5938162537,27039.2900304783,26817.4737733909,27404.1289895767,27641.941817905856,26988.761179540183,
348,348,348,2023-05-15 12:00:00,27336.12000000,27411.99000000,27330.80000000,27395.73,944.51959,27331.122411027507,27217.954040103126,27048.270178914256,27074.513252324512,27397.077318419597,25875803.6673507,27210.1544583685,27047.8533718567,26813.2868287861,27401.6173490396,27648.75708814918,26995.576449783508,
349,349,349,2023-05-15 13:00:00,27395.72000000,27450.00000000,27347.37000000,27374.25,1282.24467,27338.963790840688,27232.839369617115,27061.053701309775,27080.4486334666,27396.850180922887,35100486.1577475,27228.1990689924,27057.9234016387,26812.9815260518,27397.2482800881,27652.801645417687,26999.621007052014,
350,350,350,2023-05-15 14:00:00,27374.25000000,27534.00000000,27221.20000000,27404.71,2567.23613,27350.91764705147,27249.208001082152,27074.53041890547,27086.86965062568,27396.928388077886,70354361.6441723,27252.2983631754,27076.697789008,26818.1598864886,27393.0026925919,27654.094349679963,27000.91371131429,
351,351,351,2023-05-15 15:00:00,27404.71000000,27448.52000000,27366.12000000,27396.8,1222.97454,27359.259893042108,27263.264381931473,27087.16844169349,27093.006885266754,27396.927110584573,33505588.877472,27266.567173735,27087.8326253826,26819.1295229845,27390.311035868,27652.710719290353,26999.53008092468,
352,352,352,2023-05-15 16:00:00,27396.81000000,27586.00000000,27366.53000000,27482.65,2076.32467,27381.69445794354,27284.158250318953,27102.677522411395,27100.722590508994,27397.78007465836,57062904.191975504,27290.4690366246,27107.3964974389,26816.6722638719,27387.4027552686,27648.779234373193,26995.59859600752,
353,353,353,2023-05-15 17:00:00,27482.66000000,27663.59000000,27416.53000000,27506.41,3148.20526,27404.370011044713,27305.32508362191,27118.51016859134,27108.756004558323,27398.86096943788,86595824.64571661,27315.9004532809,27130.2570885107,26820.5070475886,27383.8877723471,27642.476459512014,26989.29582114634,
354,354,354,2023-05-15 18:00:00,27506.42000000,27525.59000000,27381.47000000,27431.88,1432.72999,27409.371827218398,27317.377932800777,27130.799181587758,27115.15449951756,27399.189517005663,39302477.1580812,27327.5878148796,27139.49423727,26818.0405064611,27381.2763666524,27634.021015723116,26980.840377357443,
355,355,355,2023-05-15 19:00:00,27431.88000000,27443.80000000,27317.90000000,27418.24,1039.91292,27410.984222269595,27326.983843962607,27142.0713705451,27121.15619259642,27399.379074050383,28512582.0196608,27335.8777786129,27146.7714395941,26815.5647809392,27376.1607215754,27623.66642140853,26970.485783042855,
356,356,356,2023-05-15 20:00:00,27418.24000000,27418.24000000,27331.66000000,27346.3,669.58747,27399.223454584215,27328.82347787093,27150.08033640608,27125.614485812333,27398.850924059832,18310739.830861002,27342.7120082842,27160.5105246616,26813.2597399838,27372.874443483,27611.692869893835,26958.512231528162,
357,357,357,2023-05-15 21:00:00,27346.31000000,27386.05000000,27315.95000000,27362.45,636.66443,27392.53737193254,27332.026003787985,27158.408558507803,27130.304297974464,27398.488725810483,17420698.6326535,27374.0630706987,27170.2966023644,26811.9905392367,27367.9811026045,27598.39811033689,26945.217471971217,
358,358,358,2023-05-15 22:00:00,27362.45000000,27368.00000000,27250.26000000,27310.17,901.46521,27377.561486126622,27329.944479617698,27164.35998758593,27133.865995044274,27397.609932518837,24619168.134185698,27388.8353550977,27175.319337555,26812.0733430291,27359.433618851,27584.08772841861,26930.907090052937,
359,359,359,2023-05-15 23:00:00,27310.16000000,27317.79000000,27126.73000000,27162.14,1373.38408,27338.39394319451,27313.96310060649,27164.272929249226,27134.425876330526,27395.266948115666,37304050.6547312,27394.4523096658,27177.9761733099,26814.6516515554,27353.5311872919,27569.0652534113,26915.884615045627,
360,360,360,2023-05-16 00:00:00,27162.15000000,27296.89000000,27082.99000000,27205.57,1477.27659,27314.244135340963,27303.639948167776,27165.892422219848,27135.834670858632,27393.37941629362,40190151.6786063,27391.9202405398,27181.2531648249,26816.6907974023,27347.2175735885,27553.62261672189,26900.441978356215,
361,361,361,2023-05-16 01:00:00,27205.56000000,27252.17000000,26852.11000000,27024.64,3830.42268,27261.58883800624,27277.068524532748,27160.353111544562,27133.632796188165,27389.710367375275,103515793.9748352,27356.7229373637,27177.2193734079,26820.8450006391,27339.8120195361,27538.03152639086,26884.850888025187,
362,362,362,2023-05-16 02:00:00,27024.64000000,27089.00000000,26976.61000000,27080.49,1022.5571,27228.661776550558,27258.346760291537,27157.221224817324,27132.58046359038,27386.633547799403,27691347.320979003,27349.9544833474,27186.1221808095,26821.9646302196,27336.3394619486,27522.53628569989,26869.355647334218,
363,363,363,2023-05-16 03:00:00,27080.49000000,27145.30000000,27061.66000000,27130.0,1081.92788,27210.723271723182,27246.12325931139,27156.15372580488,27132.529365301463,27384.07998015961,29352703.3844,27326.2389079871,27191.5646682563,26822.7262323632,27331.5428938928,27507.348469979428,26854.167831613755,
364,364,364,2023-05-16 04:00:00,27130.02000000,27145.88000000,27080.00000000,27114.73,715.81049,27193.269949591693,27233.60961556745,27154.529265969395,27132.176902622225,27381.39988085454,19409008.1675177,27317.8129368485,27194.9893583535,26822.5868536318,27328.0101409104,27492.643697133073,26839.4630587674,
365,365,365,2023-05-16 05:00:00,27114.74000000,27157.86000000,27033.69000000,27061.55,805.05291,27169.320867847746,27217.222985513406,27150.883020245106,27130.77835009505,27378.21729497539,21785979.576610498,27305.8040262035,27197.2648019843,26823.2516166671,27324.0124242739,27478.560510385003,26825.37987201933,
366,366,366,2023-05-16 06:00:00,27061.54000000,27085.00000000,26993.71000000,27065.57,858.55119,27150.457073693608,27202.779844035937,27147.537411608042,27129.48709563772,27375.10637661743,23237177.3315283,27294.6598700692,27198.9250480543,26828.7584576566,27319.6757540887,27465.20117033648,26812.020531970807,
367,367,367,2023-05-16 07:00:00,27065.57000000,27252.59000000,27062.55000000,27252.58,1705.48229,27169.024878476586,27207.522716032512,27151.656728799884,27131.924578892416,27373.887208690892,46478792.5468082,27287.932923992,27202.1959410693,26838.6770798797,27309.0733556098,27452.63396327328,26799.45332490761,
368,368,368,2023-05-16 08:00:00,27252.58000000,27286.08000000,27095.40000000,27202.22,1672.34022,27175.060355117206,27207.017695457987,27153.63960218028,27133.3165674292,27372.179077261135,45491366.5792884,27281.339260132,27205.3160079363,26846.1944877025,27298.5864757945,27440.89650465438,26787.71586628871,
369,369,369,2023-05-16 09:00:00,27202.21000000,27221.43000000,27071.88000000,27092.56,1690.39248,27160.060290550442,27196.11696255723,27151.244323663406,27132.509506688028,27369.396797885405,45797059.6879488,27267.6530088646,27204.7454792101,26868.3505118579,27283.0910285328,27429.99947149705,26776.818833131376,
370,370,370,2023-05-16 10:00:00,27092.55000000,27110.06000000,26987.02000000,27013.92,1896.77266,27133.48932863218,27178.764870885112,27145.859056068763,27130.161199624898,27365.85971531938,51239264.8954272,27248.235699342,27202.0391950217,26889.3029845718,27274.0171315609,27419.930242040737,26766.749603675064,
371,371,371,2023-05-16 11:00:00,27013.93000000,27126.98000000,26996.82000000,27059.03,1259.52205,27119.95126888087,27167.361549848436,27142.45399504646,27128.752661018465,27362.806683326155,34081444.936611496,27227.2635284536,27202.4293387016,26903.0082284961,27266.7479176685,27410.65604817588,26757.475409810206,
372,372,372,2023-05-16 12:00:00,27059.03000000,27137.69000000,26976.95000000,27060.0,1841.76607,27109.051038175257,27157.136640339064,27139.22050504464,27127.391222186416,27359.793681502015,49838189.8542,27210.7104510093,27202.2468993407,26912.7799781313,27262.3448732147,27402.126435210015,26748.945796844342,
373,373,373,2023-05-16 13:00:00,27060.00000000,27128.21000000,26976.09000000,26984.84,1762.15706,27086.46721305248,27140.727436497247,27133.166367591908,27124.568425707475,27356.06279909901,47551526.3189704,27179.4777407149,27200.598515935,26921.7433727121,27256.9254873678,27394.275044560854,26741.09440619518,
374,374,374,2023-05-16 14:00:00,26984.84000000,27042.39000000,26900.00000000,26982.79,2126.62309,27067.6168106793,27125.68577587846,27127.269255137326,27121.76093212911,27352.34864189405,57382224.2466211,27130.9035402127,27198.1734292735,26927.87707323,27251.0062058306,27387.020952952247,26733.840314586574,
375,375,375,2023-05-16 15:00:00,26982.80000000,27090.77000000,26980.02000000,27038.02,1455.15109,27062.23557237397,27117.336654366227,27123.769284347625,27120.102695849324,27349.220993716,39344404.2744418,27111.9121240501,27198.632790899,26933.3636118132,27243.6583059499,27380.269981833695,26727.089343468022,
376,376,376,2023-05-16 16:00:00,27038.01000000,27151.51000000,26981.48000000,27052.83,1346.99992,27060.525468305976,27111.193163474203,27120.98735162811,27118.770563258247,27346.271829599424,36440159.8457736,27098.6980795177,27198.9270664056,26941.559456827,27236.6063371909,27373.916503132565,26720.73586476689,
377,377,377,2023-05-16 17:00:00,27052.84000000,27100.00000000,26959.46000000,27086.56,1353.71446,27065.25901952307,27108.84714790523,27119.637259407402,27118.132730322443,27343.68763228998,36667467.9436576,27092.7844546558,27202.7609128092,26951.42885522,27229.2656737452,27367.846290894533,26714.66565252886,
378,378,378,2023-05-16 18:00:00,27086.56000000,27116.92000000,27000.57000000,27051.78,1435.44912,27062.808288700693,27103.412181438067,27116.97619041103,27116.818814870512,27340.783078734858,38831453.795433596,27085.4916449986,27204.315687171,26970.3561771967,27224.9992396982,27361.940893068957,26708.760254703284,
379,379,379,2023-05-16 19:00:00,27051.79000000,27071.98000000,26880.00000000,26933.05,1155.54439,27039.21587257329,27087.1872117773,27109.76339863021,27113.17982843743,27336.72603317531,31122334.8330895,27073.6080656714,27204.0693114474,26979.608140989,27220.9306823653,27356.083826511946,26702.903188146272,
380,380,380,2023-05-16 20:00:00,26933.06000000,26993.45000000,26897.34000000,26951.41,864.34377,27023.251168469054,27074.25604875089,27103.553461429026,27109.976465498075,27332.892042795458,23295283.3262157,27066.3623702066,27204.4283538109,26989.3454883566,27216.2667834361,27350.16864671829,26696.98800835262,
381,381,381,2023-05-16 21:00:00,26951.41000000,27049.00000000,26923.12000000,27012.97,835.17918,27021.38186511104,27068.419282203184,27100.001168823965,27108.0555453892,27329.708738887046,22560670.133964602,27058.2154004492,27206.2806986929,26997.9962458648,27211.2355242372,27344.10863872069,26690.928000355016,
382,382,382,2023-05-16 22:00:00,27012.98000000,27039.99000000,26975.71000000,26998.36,531.08583,27017.196071454488,27061.746969612406,27096.015240634788,27105.883356371593,27326.41173651006,14338446.4292388,27061.7468465266,27207.2245308702,27006.4123961267,27204.9357033113,27337.84755282557,26684.666914459896,
383,383,383,2023-05-16 23:00:00,26998.37000000,27049.74000000,26962.13000000,27033.84,546.33199,27020.222240280942,27059.089162982655,27093.57699590401,27104.456755255324,27323.500574952748,14769451.6045416,27060.4694859267,27208.5624640981,27042.8333138341,27199.1436606078,27331.370509681812,26678.18987131614,
384,384,384,2023-05-17 00:00:00,27033.85000000,27115.00000000,26982.93000000,27098.59,983.05573,27034.470923866225,27062.851147460497,27093.773584299935,27104.34058188393,27321.262658784064,26639424.1744207,27059.0629826895,27209.1969111364,27059.0699993009,27196.2480353414,27324.713966085565,26671.53332771989,
385,385,385,2023-05-17 01:00:00,27098.58000000,27238.55000000,27058.61000000,27170.77,1800.20541,27059.252574072365,27073.129133416638,27096.793051582288,27105.656015906032,27319.76521939318,48912967.147865705,27064.8371771133,27210.5659367649,27071.5446419016,27193.3158654765,27317.97350465856,26664.792866292886,
386,386,386,2023-05-17 02:00:00,27170.78000000,27191.58000000,27062.66000000,27065.15,899.9553,27060.32483333193,27072.369215948383,27095.552147598668,27104.85391658116,27317.2317346231,24357425.187795002,27064.941667227,27220.0655049334,27078.1027305911,27187.2418816645,27311.30821705514,26658.127578689466,
387,387,387,2023-05-17 03:00:00,27065.15000000,27131.70000000,27041.00000000,27060.04,782.44402,27060.273045453396,27071.19500490568,27094.159514359508,27103.966512292423,27314.67261288556,21172966.4789608,27064.7851164376,27218.8821883405,27080.3984787152,27185.3994391055,27304.94060808812,26651.759969722447,
388,388,388,2023-05-17 04:00:00,27060.05000000,27100.00000000,27055.09000000,27072.5,596.52444,27062.49612809823,27071.31929015276,27093.31012163953,27103.343413039107,27312.262935145405,16149407.9019,27053.0216670553,27219.4004783549,27082.8801696426,27182.9014254932,27299.15125638345,26645.970618017778,
389,389,389,2023-05-17 05:00:00,27072.51000000,27072.51000000,26985.37000000,26990.78,998.82757,27049.456832080366,27063.648881566784,27089.289332555625,27101.114434563086,27309.06409996983,26959135.1998046,27041.1082612611,27215.9542732723,27087.3404922477,27180.9522742639,27294.26790601012,26641.08726764445,
390,390,390,2023-05-17 06:00:00,26990.78000000,27005.97000000,26931.54000000,26993.92,1101.58501,27039.359226247572,27057.008035703282,27085.549358729917,27098.99177249253,27305.92833778108,29736097.633139197,27035.6746312831,27210.8465028892,27088.8710844708,27178.8692550887,27290.649194323032,26637.46855595736,
391,391,391,2023-05-17 07:00:00,26993.93000000,27032.66000000,26760.00000000,26845.14,2346.35861,27004.046639657106,27036.830127541067,27076.121540740507,27093.965004720398,27301.343379196194,62988325.375655405,27020.080667267,27194.190766532,27085.7044908497,27175.3008788941,27288.66378949438,26635.48315112871,
392,392,392,2023-05-17 08:00:00,26845.14000000,26861.89000000,26774.83000000,26813.07,2167.66485,26969.323614264904,27015.519639203823,27065.8057940448,27088.4027273992,27296.484937612153,58121749.3595895,27001.5968418595,27165.8924636232,27082.3532857654,27171.7353756129,27288.66625203472,26635.485613669047,
393,393,393,2023-05-17 09:00:00,26813.08000000,26877.42000000,26798.55000000,26871.8,892.06297,26951.59204803492,27001.832054517745,27058.197723690104,27084.1135644804,27292.25921683989,23971337.717246,26993.0001887897,27157.4630717794,27083.6518833921,27168.2872709533,27290.971380460716,26637.790742095043,
394,394,394,2023-05-17 10:00:00,26871.80000000,26914.30000000,26835.00000000,26868.21,1099.71969,26936.431675664935,26989.106144563673,27050.74722472187,27079.838246371877,27288.039821647457,29547499.572054897,26988.1478827898,27147.4384000836,27084.0254607753,27164.8392283538,27295.82909076012,26642.648452394445,
395,395,395,2023-05-17 11:00:00,26868.22000000,26868.22000000,26573.62000000,26637.62,3524.12183,26882.10228008949,26955.631273652845,27034.546157085715,27071.081449414018,27281.567982626093,93874218.14124459,26942.336613528,27116.8276027558,27073.7931170795,27158.0391088897,27303.401966157264,26650.22132779159,buy
396,396,396,2023-05-17 12:00:00,26637.61000000,26760.56000000,26600.10000000,26669.89,2011.23741,26843.518229164125,26928.41781901924,27020.245915631374,27063.137064277103,27275.48163454026,53639480.4885849,26917.1394062522,27099.6589723642,27069.0304342567,27154.0257083293,27313.747474359392,26660.56683599372,
397,397,397,2023-05-17 13:00:00,26669.88000000,26757.77000000,26590.68000000,26635.91,1843.73332,26805.77127840701,26900.559931493597,27005.173918939952,27054.67712241023,27269.117737679164,49109514.775521204,26891.8852168157,27083.7771175719,27063.9616449117,27149.2298086411,27326.806488205686,26673.625849840013,buy
398,398,398,2023-05-17 14:00:00,26635.91000000,26830.22000000,26544.71000000,26780.77,2855.97748,26801.225591423914,26889.151366589445,26996.373765256034,27049.253218996168,27264.258556209723,76485276.0170596,26872.0407109589,27067.9997287094,27059.1406957969,27144.2756711176,27342.399195816884,26689.21855745121,
399,399,399,2023-05-17 15:00:00,26780.78000000,26836.06000000,26708.68000000,26796.93,1501.02651,26800.444574801382,26880.368379295214,26988.552441128348,27044.256719610104,27259.608520824553,40222902.3166143,26859.4030875392,27057.1571285562,27057.4952572176,27140.501440026,27360.228807645795,26707.048169280122,
400,400,400,2023-05-17 16:00:00,26796.93000000,26947.76000000,26741.36000000,26905.1,1897.00592,26819.472833928405,26882.723771743287,26985.279796378214,27041.501141003962,27256.08107285615,51039133.978192,26859.455784307,27040.9993112735,27057.0669225483,27137.250005322,27379.89273929741,26726.712100931738,
401,401,401,2023-05-17 17:00:00,26905.10000000,27174.00000000,26862.19000000,27086.12,2961.63608,26867.954136850512,26902.09484110107,26989.234314167305,27042.38468276626,27254.389917902357,80219230.2592096,26877.8490483443,27036.9691470608,27059.5964578704,27135.2053835212,27400.900258745667,26747.719620379994,
402,402,402,2023-05-17 18:00:00,27086.12000000,27205.00000000,27064.95000000,27099.07,2469.59544,26909.975202877693,26920.854380043824,26993.541595964667,27043.50716429564,27252.844446082436,66923739.7002408,26890.6699313773,27026.7037030808,27062.7736267278,27133.2699277095,27422.69501957818,26769.514381212506,
403,403,403,2023-05-17 19:00:00,27099.08000000,27447.29000000,27099.07000000,27385.09,4016.4588,26996.359711445384,26965.06729623013,27008.896435338604,27050.27118084424,27254.16032224082,109991085.719292,26942.3818992676,27025.7734160711,27073.2208884733,27133.4152447527,27444.68052757747,26791.4998892118,
404,404,404,2023-05-17 20:00:00,27385.09000000,27467.02000000,27274.45000000,27340.59,2209.3942,27058.94703663713,27000.83136325583,27021.90402610964,27056.020068352274,27255.020319034444,60406140.97057801,26963.682263819,27027.2530877048,27078.3378294332,27130.344561079,27466.246449692764,26813.06581132709,
405,405,405,2023-05-17 21:00:00,27340.60000000,27500.00000000,27275.00000000,27364.96,1881.97764,27114.585757248562,27035.510281040988,27035.357201556322,27062.13769076114,27256.11424620823,51500242.8394944,26979.3022527445,27030.2001627053,27083.1592560232,27128.5065210444,27486.793782739274,26833.6131443736,
406,406,406,2023-05-17 22:00:00,27364.96000000,27388.88000000,27301.12000000,27333.73,973.19375,27154.43016502155,27063.912159037085,27047.058095612938,27067.51575629062,27256.886542265864,26601015.2001875,26979.3085451056,27031.273770838,27089.1791737297,27125.3582014708,27505.75722958748,26852.57659122181,
407,407,407,2023-05-17 23:00:00,27333.72000000,27431.00000000,27333.72000000,27405.61,1145.21587,27200.099225926722,27096.454810557363,27061.118954608508,27074.210691809618,27258.366377666207,31385339.4990307,26989.7718360643,27034.0487489743,27094.4167242081,27124.3255174693,27522.623627344317,26869.442988978644,
408,408,408,2023-05-18 00:00:00,27405.62000000,27485.33000000,27354.15000000,27357.42,1554.65732,27228.70300303095,27121.308638123326,27072.73860344739,27079.8187969223,27259.351985848632,42531413.259314395,27002.6710153192,27037.2552406533,27098.2497668822,27120.9326608572,27536.94585635415,26883.765217988475,
409,409,409,2023-05-18 01:00:00,27357.42000000,27392.55000000,27306.59000000,27323.21,963.18663,27245.88609338896,27140.53733925444,27082.561011155332,27084.638424706016,27259.987388974518,26317350.5606823,27009.2796152954,27038.574817222,27100.7629527377,27119.2181023071,27548.35224138212,26895.171603016446,
410,410,410,2023-05-18 02:00:00,27323.21000000,27388.86000000,27286.58000000,27349.32,1112.44294,27264.69225822733,27160.421402182586,27093.022147972773,27089.87964401877,27260.876270676265,30424557.947800796,27019.0691677397,27039.8377047667,27103.5726232661,27118.0412958248,27556.5519512123,26903.371312846626,
411,411,411,2023-05-18 03:00:00,27349.32000000,27378.90000000,27331.90000000,27365.69,1163.73376,27283.055484004173,27179.97079245091,27103.71500491502,27095.341235226315,27261.9191933561,31846377.3186944,27029.6893710336,27045.6148241659,27107.560839477,27116.0040340716,27561.337241356912,26908.15660299124,
412,412,412,2023-05-18 04:00:00,27365.69000000,27367.09000000,27300.00000000,27302.62,803.62547,27286.612668730686,27191.651669360348,27111.515200800703,27099.445765221833,27262.32417650679,21941080.829731397,27046.3959516335,27047.878151837,27112.7573857944,27114.2251293452,27562.58352592341,26909.40288755774,
413,413,413,2023-05-18 05:00:00,27302.62000000,27318.63000000,27217.01000000,27220.16,1187.68354,27274.530365325103,27194.366748468885,27115.77578116146,27101.83614610853,27261.90463246195,32328935.9881664,27065.1033969291,27049.409401189,27116.1543071717,27113.6261864732,27560.24820247927,26907.067564113597,
414,414,414,2023-05-18 06:00:00,27220.16000000,27250.00000000,27152.29000000,27210.88,1481.05219,27262.957571629628,27195.939439090893,27119.505358370818,27103.995430344003,27261.39692467626,40300733.41582721,27075.1493088361,27051.9286457541,27118.7240219848,27112.9345977791,27554.368916313393,26901.18827794772,
415,415,415,2023-05-18 07:00:00,27210.89000000,27454.14000000,27200.00000000,27391.61,2215.54298,27286.34892224242,27214.574730606048,27130.176128630785,27109.69076835699,27262.692577167047,60687289.24639781,27098.4998026899,27061.5050038031,27124.2826725847,27113.8759769547,27545.061595493975,26891.8809571283,
416,416,416,2023-05-18 08:00:00,27391.61000000,27440.01000000,27346.45000000,27388.54,1700.75228,27304.929118198343,27231.14285150071,27140.308045155067,27115.21253532022,27263.944790329562,46581121.8508712,27154.2977386836,27068.5351732038,27128.6034423418,27112.4298095017,27532.518192205484,26879.33755383981,
417,417,417,2023-05-18 09:00:00,27388.53000000,27430.00000000,27354.63000000,27405.0,1177.10188,27323.12382398046,27247.70067516731,27150.688121815652,27120.950900957443,27265.348324754144,32258477.021399997,27188.4985004795,27069.5873686975,27131.5553858182,27111.3453362767,27517.00371095264,26863.823072586965,
418,418,418,2023-05-18 10:00:00,27405.00000000,27423.74000000,27334.02000000,27347.86,1060.68169,27327.621310529466,27257.23965848471,27158.420352332683,27125.444150443433,27266.169336448136,29007374.362683397,27221.1930820991,27070.5340821007,27134.3009583666,27110.2417781291,27498.851863123393,26845.67122475772,
419,419,419,2023-05-18 11:00:00,27347.86000000,27400.00000000,27342.62000000,27398.97,994.18461,27340.593799524107,27270.737786248068,27167.853671849047,27130.8605039,27267.490736085467,27239634.3038517,27262.8111632722,27074.3016963823,27136.8945085465,27108.5697595883,27478.45861086944,26825.277972503765,
420,420,420,2023-05-18 12:00:00,27398.97000000,27472.14000000,27226.33000000,27237.02,2455.64136,27321.76219961063,27267.52656851016,27170.566076874577,27132.962672139605,27267.187544681634,66884352.8351472,27280.7637492949,27080.9488042832,27139.4399333678,27107.9482423163,27456.272971243066,26803.092332877393,
421,421,421,2023-05-18 13:00:00,27237.02000000,27283.00000000,27180.17000000,27257.21,2118.36446,27310.025436045064,27266.544038175856,27173.963877781458,27135.42301526555,27267.08826563008,57740704.94275659,27299.3559797313,27086.0764582887,27142.2301885701,27107.5408135292,27432.78472982782,26779.604091462148,
422,422,422,2023-05-18 14:00:00,27257.21000000,27404.51000000,27021.95000000,27244.99,3841.20211,27298.200811309594,27264.4912726353,27176.749215907676,27137.59265852762,27266.868382389977,104653513.07492891,27310.9285651518,27094.2863608311,27146.1414762102,27107.1754386017,27408.50911621749,26755.328477851817,
423,423,423,2023-05-18 15:00:00,27245.00000000,27300.00000000,27045.10000000,27086.77,2964.70782,27259.75884561694,27247.565437146222,27173.220619205415,27136.586269249845,27265.076358684604,80304358.8375414,27307.1101792812,27096.3818099969,27146.4376252241,27105.6627470752,27383.968953201907,26730.788314836234,
424,424,424,2023-05-18 16:00:00,27086.78000000,27118.36000000,26981.56000000,27069.56,2607.92394,27225.17723732295,27230.61253837039,27169.155496883635,27135.259016393415,27263.130922279783,70595353.56926641,27280.9193290522,27098.477641654,27146.6363361941,27103.5676548221,27359.675228421158,26706.494590055485,
425,425,425,2023-05-18 17:00:00,27069.55000000,27090.58000000,26361.20000000,26488.99,7917.59124,27091.32501235514,27159.981820430352,27142.482340143102,27122.461610128197,27255.428027530732,209728995.1804476,27125.9837786365,27044.8520366536,27116.4819834367,27089.423105316,27336.107376041553,26682.92673767588,buy
426,426,426,2023-05-18 18:00:00,26489.00000000,26653.40000000,26409.77000000,26617.62,4334.33737,27005.19682829057,27108.3283137227,27121.899503274744,27112.4647465613,27249.08167899809,115369745.0664594,27065.371557769,27024.459927618,27104.5163588998,27082.6795669513,27313.694737783197,26660.514099417524,buy
427,427,427,2023-05-18 19:00:00,26617.62000000,26847.99000000,26572.71000000,26734.01,2789.36175,26955.89013223774,27072.678950511014,27106.688150205147,27104.970593164046,27243.956587664776,74570824.9181175,27039.3685254155,27014.8207225121,27098.8621048443,27078.4058667708,27292.800664883976,26639.620026518303,
428,428,428,2023-05-18 20:00:00,26734.01000000,26771.53000000,26691.20000000,26720.63,1111.68683,26913.115562739968,27039.150479033775,27091.548614902986,27097.359888348914,27238.74935793677,29704972.460302904,27022.3834497954,27010.7091621403,27097.4957098961,27050.9599452429,27273.71052403795,26620.529885672277,
429,429,429,2023-05-18 21:00:00,26720.63000000,27065.27000000,26720.63000000,26917.24,2155.55537,26913.865460423607,27027.539957221034,27084.712982946006,27093.793157886557,27235.55025984785,58021601.227578804,27006.1882916524,27009.5134103069,27096.2315388523,27032.3036416453,27256.62451007398,26603.443871708307,
430,430,430,2023-05-18 22:00:00,26917.24000000,26948.14000000,26843.93000000,26891.75,792.82654,26909.844467619314,27014.60758034284,27077.145807144203,27089.792303274942,27232.12936173991,21320493.107045002,26997.5752184432,27009.051354694,27096.1713952769,27023.4603877841,27241.6556994429,26588.475061077228,
431,431,431,2023-05-18 23:00:00,26891.74000000,26894.92000000,26817.48000000,26821.28,694.80735,26893.741837143072,26996.195429834,27067.111853922863,27084.475227962568,27228.041308389264,18635622.480408,26986.3001328075,27007.6169403564,27096.2219463767,27015.2755681875,27228.83326901614,26575.652630650467,
432,432,432,2023-05-19 00:00:00,26821.28000000,26929.04000000,26799.28000000,26885.47,858.88397,26892.23786675342,26985.65015080219,27059.9886439651,27080.53453037915,27224.63263865405,23091499.2089159,26974.6326742743,27006.5482060853,27095.7739403186,27006.0070955503,27218.110324277885,26564.92968591221,
433,433,433,2023-05-19 01:00:00,26885.47000000,26914.64000000,26749.33000000,26809.99,971.75973,26877.28370916189,26968.92061263055,27050.184775574315,27075.1772129459,27220.506841254508,26052868.6437027,26965.3093919651,27004.3573186179,27094.8548679046,26979.8236942556,27209.3753908713,26556.194752505628,
434,434,434,2023-05-19 02:00:00,26810.00000000,26849.21000000,26762.77000000,26802.05,768.22407,26863.604852950637,26953.0281733324,27040.454000061596,27069.768753283603,27216.343091590286,20589979.9353435,26955.7985978612,27001.712077859,27094.1056588918,26975.2034852481,27202.46636703223,26549.285728666557,
435,435,435,2023-05-19 03:00:00,26802.05000000,26874.59000000,26769.35000000,26834.73,686.05386,26858.354879686885,26941.761680634077,27032.386392216045,27065.114520545314,27212.545946400336,18410070.0985578,26945.3762160784,26997.1912393532,27093.6758642046,26966.6802781618,27197.185632275043,26544.00499390937,
436,436,436,2023-05-19 04:00:00,26834.73000000,26876.25000000,26812.03000000,26875.0,567.94706,26861.381265198357,26935.403425335593,27026.214376835025,27061.34987657412,27209.187280267,15263577.237499999,26921.212958584,26995.7771610894,27096.5453947755,26958.3317846875,27193.31505671855,26540.134418352878,
437,437,437,2023-05-19 05:00:00,26874.99000000,26888.82000000,26827.28000000,26876.45,613.86669,26864.12103516229,26929.78881339887,27020.341264017967,27057.68849287958,27205.876461557877,16498557.4004505,26901.3905789381,26994.4367229344,27093.4560348332,26952.4151275067,27190.629832149694,26537.44919378402,
438,438,438,2023-05-19 06:00:00,26876.44000000,26938.49000000,26866.05000000,26902.72,1116.97452,26871.139028769147,26927.210831170407,27015.72866542903,27054.619809852262,27202.85997935332,30049652.7586944,26887.1154026101,26992.8288975678,27091.2402003908,26949.1148431893,27188.910312433767,26535.729674068094,
439,439,439,2023-05-19 07:00:00,26902.72000000,26960.24000000,26844.04000000,26851.38,1597.05942,26867.546478083845,26919.988847249413,27009.28361972593,27050.595259162117,27199.362666125926,42883249.3689996,26874.1080516492,26990.4290040006,27087.8668648553,26946.1345164912,27187.951362484666,26534.770724118993,
440,440,440,2023-05-19 08:00:00,26851.39000000,26926.61000000,26834.32000000,26886.52,844.68404,26870.996209341327,26916.801337987563,27004.469360128835,27047.346244129203,27196.249803776416,22710614.3351408,26861.878151936,26989.4441036747,27084.8837774267,26943.1830820469,27187.569027694146,26534.388389328473,
441,441,441,2023-05-19 09:00:00,26886.53000000,26906.73000000,26819.00000000,26842.18,911.71229,26865.75689855199,26909.69454389351,26998.10507149633,27043.28354622565,27192.72672115178,24472345.3963922,26838.5536638403,26991.6750892234,27079.6295929521,26941.1354635288,27187.60461238039,26534.423974014717,
442,442,442,2023-05-19 10:00:00,26842.18000000,26876.66000000,26790.72000000,26823.08,1055.88297,26857.99746245163,26901.44553971318,26991.24134320236,27038.92307996376,27189.048644324397,28322033.3749476,26815.5145098452,26993.9866832586,27068.0759520349,26939.0725174259,27187.92647037916,26534.745832013487,
443,443,443,2023-05-19 11:00:00,26823.08000000,26878.88000000,26798.54000000,26855.89,1023.64289,26857.614287460423,26897.106916883353,26985.933447390504,27035.298662538735,27185.733632938085,27490840.8531221,26771.3108427261,26993.6294927624,27063.9468088675,26935.4856729552,27188.429950008802,26535.24931164313,
444,444,444,2023-05-19 12:00:00,26855.90000000,26988.20000000,26855.89000000,26909.94,1400.69728,26867.128053376706,26898.329115275417,26982.95331219872,27032.816312785493,27182.989417684974,37692679.7629632,26750.0289568215,26993.8572280152,27059.5339636364,26933.6365032393,27189.035998117703,26535.85535975203,
445,445,445,2023-05-19 13:00:00,26909.93000000,26955.00000000,26843.20000000,26865.46,1042.98471,26866.82477094458,26895.198723344423,26978.345731328183,27029.5023263937,27179.829920991593,28020264.007116597,26728.591974951,27006.540303978,27055.2774431325,26931.6277364988,27189.68892252875,26536.508284163076,
446,446,446,2023-05-19 14:00:00,26865.47000000,26865.47000000,26762.31000000,26835.33,1409.69993,26861.098448954654,26889.496940168763,26972.7372712761,27025.65732983145,27176.402061081233,37829762.8225269,26805.1393591555,27011.5016907316,27050.8999255146,26929.6219914126,27190.35375436204,26537.173115996367,
447,447,447,2023-05-19 15:00:00,26835.34000000,27183.60000000,26630.00000000,26883.65,6876.15325,26865.198730962897,26888.940088724117,26969.243652794685,27022.845303498154,27173.48910524958,184856097.31936252,26851.3190079373,27009.4917378945,27041.8370165154,26926.9597960095,27191.013560030304,26537.83292166463,
448,448,448,2023-05-19 16:00:00,26883.65000000,26961.34000000,26801.56000000,26837.72,1752.64044,26860.202598060554,26884.061985036104,26964.085862489013,27019.17945590413,27170.148119127694,47036873.3893968,26862.056809515,27013.3299769817,27037.6501075987,26923.4586943717,27191.666945673907,26538.486307308234,
449,449,449,2023-05-19 17:00:00,26837.73000000,26973.56000000,26825.00000000,26919.17,1328.47539,26870.923943867725,26887.405605508855,26962.324456116898,27017.1990706387,27167.650824410008,35761454.8642263,26870.2440745592,27015.5109320095,27034.0873965453,26921.5676571169,27192.325890424705,26539.145252059032,
450,450,450,2023-05-19 18:00:00,26919.16000000,26937.62000000,26872.83000000,26890.8,910.10451,26874.537772255408,26887.728881174677,26959.519575484865,27014.69611874486,27164.896089838763,24473438.357508,26867.210317588,27016.5700602649,27027.477122621,26919.9425163855,27193.013951081954,26539.83331271628,
451,451,451,2023-05-19 19:00:00,26890.80000000,26890.81000000,26780.73000000,26834.46,1018.50532,26867.250904572604,26882.655654396134,26954.61527840703,27011.12708669051,27161.608168546838,27331040.269327197,26865.2864333389,27012.1542708066,27023.5113066376,26918.3586616091,27193.76480683209,26540.584168466416,
452,452,452,2023-05-19 20:00:00,26834.47000000,26875.81000000,26807.73000000,26831.04,599.06929,26860.66710374122,26877.739877786982,26949.769189057733,27007.561005765947,27158.31893303891,16073652.0827616,26865.6541905632,27008.4305209924,27016.9142496039,26913.7354901767,27194.621061425765,26541.440423060092,
453,453,453,2023-05-19 21:00:00,26831.03000000,26906.13000000,26826.57000000,26906.12,556.46863,26868.931266697356,26880.442746569177,26948.057456153507,27005.552272978504,27155.80949091912,14972411.735015599,26865.8574416808,26989.5902506804,27006.8593323776,26910.2858140668,27195.63319102967,26542.452552663995,
454,454,454,2023-05-19 22:00:00,26906.13000000,26921.21000000,26862.18000000,26871.15,454.80868,26869.334672752382,26879.5577230864,26945.04147748082,27002.890841830413,27152.97705817366,12221232.261582,26867.9940699642,26979.4221512338,27002.6257688947,26907.4605918967,27196.858515656164,26543.67787729049,
455,455,455,2023-05-19 23:00:00,26871.15000000,26900.00000000,26864.03000000,26880.26,387.8365,26871.32109588831,26879.62460660198,26942.501027383532,27000.46250832882,27150.26345560477,10425145.957489999,26870.1128399915,26969.8802392116,26999.5853884126,26905.023304967,27198.3600763047,26545.179437939027,
456,456,456,2023-05-20 00:00:00,26880.26000000,26908.42000000,26825.11000000,26845.71,564.98609,26866.664532999523,26876.39464406846,26938.705300819474,26997.3981022233,27147.23307296194,15167452.7261739,26870.5156666135,26964.5546698686,26997.5614393689,26903.2897612366,27200.205314274295,26547.024675908622,
457,457,457,2023-05-20 01:00:00,26845.71000000,26885.86000000,26845.54000000,26858.98,270.6386,26865.267345181426,26874.73610653813,26935.5788184344,26994.657149704024,27144.364883181224,7269076.744628,26870.2954045574,26957.7811338384,26995.8460573718,26903.1780081255,27202.464469802806,26549.283831437133,
458,458,458,2023-05-20 02:00:00,26858.98000000,26870.05000000,26832.36000000,26839.63,327.99884,26860.606009693893,26871.39266782021,26931.816119672265,26991.587305155426,27141.332695288875,8803367.5060292,26869.7517596936,26949.271077048,26993.7110877749,26902.5586761178,27205.208641675566,26552.028003309893,
459,459,459,2023-05-20 03:00:00,26839.63000000,26874.74000000,26839.62000000,26865.58,318.51343,26861.51037156773,26870.839080408765,26929.218624783156,26989.092110993934,27138.588887375554,8557048.034739401,26868.2041134446,26944.241898826,26991.9629094149,26902.991703499,27208.50747638785,26555.326838022178,
460,460,460,2023-05-20 04:00:00,26865.59000000,26873.63000000,26851.11000000,26873.63,337.53628,26863.713940373593,26871.104882274598,26927.038678713227,26986.80573255841,27135.952480535998,9070825.1002964,26869.4309973044,26938.0106562518,26989.6623154131,26902.5350115709,27212.426484481595,26559.245846115922,
461,461,461,2023-05-20 05:00:00,26873.62000000,26873.63000000,26840.00000000,26869.36,358.13357,26864.7404966693,26870.93870301035,26924.77676974408,26984.480074487947,27133.299819038126,9622819.8204152,26868.7997248984,26931.077888084,26988.490114906,26902.2974083515,27217.02401296829,26563.843374602617,
462,462,462,2023-05-20 06:00:00,26869.36000000,26870.00000000,26835.10000000,26854.04,530.4636,26862.794951820335,26869.32930272365,26922.002778773724,26981.89710271591,27130.521114371084,14245090.732944002,26869.5295743205,26926.5557581339,26987.3915776357,26902.2098488921,27222.347936442282,26569.16729807661,
463,463,463,2023-05-20 07:00:00,26854.05000000,26857.21000000,26840.00000000,26854.98,338.19574,26861.374051489365,26867.962702464254,26919.374434508085,26979.38389276114,27127.77941174053,9082239.8337852,26871.5529425771,26921.5308851054,26986.0627983753,26901.8480532321,27228.43216520828,26575.251526842607,
464,464,464,2023-05-20 08:00:00,26854.98000000,26917.38000000,26854.97000000,26908.98,465.98316,26870.0296784913,26871.86911175337,26918.966809625417,26977.989756270817,27125.602303165997,12539131.532776799,26873.1281805284,26915.5965075066,26985.2068548997,26901.3905821762,27235.293105306184,26582.11246694051,
465,465,465,2023-05-20 09:00:00,26908.99000000,26913.53000000,26869.96000000,26880.31,566.81186,26871.898827856516,26872.673005872097,26917.450856306776,26976.055503671392,27123.16158373151,15236078.508476602,26870.8019924033,26900.5772578615,26984.3971159215,26901.467828329,27242.926240592795,26589.74560222712,
466,466,466,2023-05-20 10:00:00,26880.31000000,26902.68000000,26874.88000000,26887.08,424.02931,26874.65904097351,26874.045100550946,26916.259842333962,26974.29361250958,27120.812513246623,11400909.9803148,26871.4320846243,26888.686172809,26983.6519116006,26904.5212110218,27251.303038129285,26598.12239976361,
467,467,467,2023-05-20 11:00:00,26887.08000000,26904.11000000,26871.78000000,26880.06,379.04245,26875.64103352378,26874.617948117524,26914.840240673806,26972.427600380677,27118.416965851135,10188683.798547,26874.3182784043,26879.8913449577,26980.2777409886,26907.9834542494,27260.368401635027,26607.187763269354,
468,468,468,2023-05-20 12:00:00,26880.05000000,26945.66000000,26880.05000000,26895.77,656.69076,26879.300845610363,26876.63242924919,26914.09238809836,26970.90962809591,27116.2015731561,17662203.6420852,26870.3269282779,26872.8560340988,26977.3664266539,26910.4381443916,27270.038910205858,26616.858271840185,
469,469,469,2023-05-20 13:00:00,26895.77000000,26916.76000000,26875.51000000,26889.11,627.69597,26881.08432822666,26877.820769320697,26913.11268660431,26969.28983348015,27113.941955512757,16878185.9838867,26876.3625045427,26865.3914697309,26975.6472565554,26921.307177957,27280.202077623915,26627.021439258242,
470,470,470,2023-05-20 14:00:00,26889.12000000,26928.23000000,26889.11000000,26920.01,540.29829,26888.161723094538,26881.838791290153,26913.38316948257,26968.313995193414,27112.012284313627,14544835.369782899,26873.2322968081,26852.1696930933,26974.9350278725,26931.802153694,27290.716848683493,26637.53621031782,
471,471,471,2023-05-20 15:00:00,26920.02000000,26976.00000000,26891.60000000,26945.66,767.49336,26898.615955259163,26887.917001643473,26914.64892754208,26967.865401229184,27110.357037703543,20680615.1308176,26877.0068255936,26840.1543193585,26974.0412148312,26938.4207473505,27301.415510965708,26648.234872600035,
472,472,472,2023-05-20 16:00:00,26945.67000000,26948.19000000,26913.25000000,26918.46,424.56655,26902.22396339386,26890.825858629807,26914.798381363962,26966.88707645237,27108.44761444281,11428677.693513,26883.1634581919,26815.6177127417,26972.7621435264,26942.5332642084,27312.10714209664,26658.926503730967,
473,473,473,2023-05-20 17:00:00,26918.46000000,27146.22000000,26917.69000000,27139.45,1493.95747,26945.355970049517,26914.50434828411,26923.608248761455,26970.30416404737,27108.75609589114,40545184.0591915,26921.5345695724,26810.3313547743,26974.366462717,26947.8604087242,27322.582633276,26669.401994910328,
474,474,474,2023-05-20 18:00:00,27139.46000000,27150.00000000,27027.14000000,27029.05,2061.90664,26960.573066404148,26925.41345797134,26927.743219398264,26971.467447927622,27107.963000409636,55731377.667892,26940.2589340761,26806.5804965416,26975.0348559881,26951.2097981612,27332.62123052857,26679.440592162897,
475,475,475,2023-05-20 19:00:00,27029.04000000,27073.61000000,26969.55000000,27063.03,940.38514,26979.201599785207,26938.519795307402,26933.048583343432,26973.28056777064,27107.515905878197,25449671.255374197,26951.7493157674,26858.5475907797,26974.9718778908,26953.8871280326,27341.99841830265,26688.817779936977,
476,476,476,2023-05-20 20:00:00,27063.04000000,27091.95000000,27004.16000000,27011.29,575.07562,26985.035854369715,26945.450290992412,26936.11687419271,26974.033229794983,27106.558434177918,15533534.343749799,26956.5268514542,26881.5256305758,26974.3745312473,26957.7357849367,27350.494841089316,26697.314202723643,
477,477,477,2023-05-20 21:00:00,27011.29000000,27055.69000000,26967.18000000,27033.03,580.97902,26993.762062666126,26953.791215659803,26939.91738893025,26975.20148267033,27105.826807967194,15705623.277030598,26964.7706095131,26892.1395520226,26973.5321613402,26962.3375861808,27357.905826839647,26704.725188473974,
478,478,478,2023-05-20 22:00:00,27033.02000000,27068.06000000,27011.31000000,27067.32,314.66996,27007.136233090467,26964.60348083506,26944.913569756518,26977.025611726363,27105.443655649113,8517272.5017072,26969.4443040099,26897.4523707971,26972.9351719691,26971.6352487956,27364.05095481918,26710.870316453507,
479,479,479,2023-05-20 23:00:00,27067.31000000,27129.36000000,27045.73000000,27102.43,568.49547,27024.462372528564,26977.729815993625,26951.09068466803,26979.5088669397,27105.41366902574,15407608.680992099,26978.3495399974,26899.1059431826,26973.8018349496,26976.725258097,27368.783018176448,26715.602379810774,
480,480,480,2023-05-21 00:00:00,27102.42000000,27277.55000000,27063.09000000,27237.75,1460.27722,27063.24194115973,27002.49364304185,26962.332226445753,26984.622552742876,27106.73044843842,39774665.849055,27007.1238541085,26910.1404517787,26976.7199009147,26983.0374888998,27371.99568846871,26718.815050103036,
481,481,481,2023-05-21 01:00:00,27237.76000000,27257.19000000,27150.95000000,27158.79,820.46066,27080.614315494324,27017.379010371194,26970.036452859647,26988.071413084603,27107.248453926593,22282718.7682014,27018.502717033,26915.9849966298,26977.5786045145,26987.7632928025,27373.629215132674,26720.448576767,
482,482,482,2023-05-21 02:00:00,27158.79000000,27191.04000000,27145.59000000,27168.54,544.77241,27096.600803586265,27031.77529509775,26977.82090568868,26991.645048469065,27107.858320056675,14800671.011981402,27027.4635272575,26919.6123406373,26978.2489839289,26992.2394537755,27373.673600526097,26720.492962160424,
483,483,483,2023-05-21 03:00:00,27168.53000000,27191.10000000,27156.60000000,27176.22,367.38889,27111.077021116034,27045.531933659866,26985.601262328342,26995.29999800433,27108.538535777505,9984241.3001958,27037.2929135779,26924.1195718617,26978.5547544113,27009.5379990018,27372.16888187829,26718.988243512616,
484,484,484,2023-05-21 04:00:00,27176.22000000,27176.22000000,27118.00000000,27129.32,462.73225,27114.393926367666,27053.511749501784,26991.237291256642,26997.95385942999,27108.745316516037,12553611.284570001,27044.2221440958,26928.3850874119,26978.2052559079,27016.8915908775,27369.20241040184,26716.021772036165,
485,485,485,2023-05-21 05:00:00,27129.32000000,27138.34000000,27089.74000000,27098.85,668.41698,27111.56775793718,27057.82967812066,26995.457397481874,26999.951802807613,27108.646855655184,18113331.478472997,27050.750662602,26932.4140926625,26976.2619383841,27021.5566752597,27364.903313492854,26711.72267512718,
486,486,486,2023-05-21 06:00:00,27098.84000000,27103.00000000,27065.01000000,27083.85,484.56662,27106.528165584965,27060.30780401393,26998.92377405121,27001.613153247064,27108.400120773043,13123929.651087,27058.1792670712,26934.8150513654,26976.0577810633,27024.3975299257,27359.43461470268,26706.253976337008,
487,487,487,2023-05-21 07:00:00,27083.85000000,27083.86000000,27047.88000000,27054.99,573.34622,27097.15759002406,27059.801346488795,27001.122449578615,27002.670120509498,27107.868676785252,15511876.248637801,27062.7976660367,26937.1896756791,26975.9076599462,27025.3904681857,27352.98372094586,26699.803082580187,
488,488,488,2023-05-21 08:00:00,27055.00000000,27072.67000000,27025.74000000,27042.87,503.95228,27087.287119110595,27058.18883729939,27002.759608418673,27003.46615772713,27107.221923782417,13628315.9942436,27066.633800881,26939.299533577,26975.7323360092,27026.3438224124,27345.75212791791,26692.571489552236,
489,489,489,2023-05-21 09:00:00,27042.88000000,27077.22000000,27030.00000000,27077.21,486.32887,27085.454915635943,27060.00037660421,27005.67923161794,27004.92643183154,27106.92329767513,13168428.9420527,27074.319810155,26944.1952815319,26975.9853370258,27028.3539931202,27337.94522126748,26684.764582901807,
490,490,490,2023-05-21 10:00:00,27077.22000000,27085.81000000,26890.39000000,26955.0,1582.39716,27061.735840065772,27050.00034073714,27003.691810770182,27003.937789617055,27105.4116230714,42653515.4478,27069.8472550914,26945.7216729662,26975.5962938792,27028.806828657,27329.762963926987,26676.582325561314,
491,491,491,2023-05-21 11:00:00,26954.99000000,26955.00000000,26776.23000000,26829.94,2524.77054,27019.591141871995,27029.042213047887,26996.87801426939,27000.492288832556,27102.67061189656,67739442.1019676,27041.0256092468,26941.2969504269,26975.1440276377,27027.4264285217,27321.39208210711,26668.21144374144,
492,492,492,2023-05-21 12:00:00,26829.93000000,26949.82000000,26803.58000000,26930.01,1672.18181,27003.30366153163,27019.610573709993,26994.255739200005,26999.096599944784,27100.95259585779,45031872.8651181,27035.1419758989,26943.63335424,26977.1750044253,27027.3395154116,27313.00013153835,26659.819493172676,
493,493,493,2023-05-21 13:00:00,26930.00000000,26935.79000000,26888.07000000,26890.69,637.30013,26982.82845034406,27007.33242383285,26990.194337662753,26996.949934599343,27098.86043072488,17137440.2327897,27032.9416445,26944.8805951802,26977.461832138,27028.1310483636,27304.731583994042,26651.55094562837,
494,494,494,2023-05-21 14:00:00,26890.69000000,26972.21000000,26881.00000000,26898.32,850.35544,26967.46327755423,26996.950288229724,26986.591422460293,26994.996866587473,27096.86500355349,22873132.7388608,27018.295815804,26945.0910889268,26977.8523790954,27028.6253929393,27296.70585918267,26643.525220817,
495,495,495,2023-05-21 15:00:00,26898.32000000,26977.00000000,26811.00000000,26898.97,1138.95152,26955.009954362555,26987.618832207845,26983.155288246162,26993.09534447683,27094.895899040523,30636622.767934404,27009.3937893362,26945.7769284847,26986.1963238951,27028.9350050888,27289.017064040636,26635.836425674963,
496,496,496,2023-05-21 16:00:00,26898.97000000,26916.81000000,26851.65000000,26886.43,707.36867,26942.54087175118,26977.981800569003,26979.362139687488,26990.983159437685,27092.82161148788,19018618.2301481,27001.552357552,26948.372956481,26990.4932442936,27029.2010420466,27281.73510119286,26628.554462827185,
497,497,497,2023-05-21 17:00:00,26886.42000000,26933.33000000,26832.98000000,26871.55,831.38138,26929.63344052369,26967.845438610053,26975.134212640918,26988.618146379515,27090.619903910887,22340506.321739,26995.1589700929,26958.4678134334,26994.7413512853,27029.1536182827,27274.90776885884,26621.727130493167,
498,498,498,2023-05-21 18:00:00,26871.55000000,26894.75000000,26846.38000000,26872.28,608.30466,26919.20554224665,26958.743968266237,26971.10071410598,26986.314420708633,27088.447367553566,16346533.1488248,26989.7261395196,26962.815724164,26998.9215454577,27029.363247698,27268.563484757164,26615.38284639149,
499,499,499,2023-05-21 19:00:00,26872.27000000,26916.99000000,26855.80000000,26902.12,632.57797,26916.099080019983,26953.351209383738,26968.39558806261,26984.64720445698,27086.593363896318,17017688.4582964,26985.3218181031,26963.3610455474,27000.8192773486,27029.6468495123,27262.714311267977,26609.533672902304,
500,500,500,2023-05-21 20:00:00,26902.13000000,26926.29000000,26820.00000000,26845.8,714.82489,26903.317429107257,26943.10823706148,26963.58791794251,26981.89775486377,27084.197410026703,19190046.031962,26976.2202877071,26962.8572531117,27001.3795197455,27029.9284684939,27065.014589384522,26419.1727164866,
501,501,501,2023-05-21 21:00:00,26845.79000000,26846.65000000,26666.03000000,26745.15,2132.48646,26874.55971472412,26924.255071627053,26955.02172508202,26977.209680510034,27080.823803956788,57033670.24566901,26930.0515710833,26953.8044915331,26995.0253308366,27028.4614743691,27067.39806076656,26421.55618786864,
502,502,502,2023-05-21 22:00:00,26745.15000000,26794.81000000,26731.42000000,26754.81,515.25099,26852.787039319734,26908.11744575781,26947.170284882726,26972.80572644053,27077.579885509458,13785442.339761902,26915.1390494542,26953.0157983677,26991.9434301036,27029.059024862,27070.339834379447,26424.497961481524,
503,503,503,2023-05-21 23:00:00,26754.82000000,26804.63000000,26726.15000000,26747.78,427.47877,26833.69485035251,26892.847212828496,26939.35105802458,26968.34977146151,27074.298294608867,11434108.094630599,26903.823630747,26951.3328551232,26977.908398653,27029.1324134729,27073.86920066583,26428.027327767908,
504,504,504,2023-05-22 00:00:00,26747.78000000,26779.54000000,26549.29000000,26656.11,1814.57122,26801.40669574296,26870.300811606736,26928.243565553028,26962.166805689994,27070.13721705057,48369410.0431542,26876.3032526125,26938.1898433404,26966.3213570492,27026.9491411612,27078.00938244209,26432.167509544168,
505,505,505,2023-05-22 01:00:00,26656.10000000,26688.23000000,26560.00000000,26584.17,1348.4227,26761.909114698785,26843.05025812038,26914.750484550947,26954.681720428805,27065.30172235355,35846698.288659,26851.8011018963,26926.5093644371,26955.6881305348,27025.1188094795,27082.77643667929,26436.934563781368,
506,506,506,2023-05-22 02:00:00,26584.17000000,26666.04000000,26538.21000000,26649.67,1427.40856,26741.50200293537,26824.633090680345,26904.355171431303,26948.641884380708,27061.166083325155,38039967.0791752,26830.8123639502,26917.7293755325,26948.952420102,27024.9377468454,27088.17852598531,26442.336653087386,
507,507,507,2023-05-22 03:00:00,26649.67000000,26675.69000000,26635.77000000,26644.8,627.38681,26723.91982058348,26807.50612966317,26894.17653725753,26942.625213402873,27057.02313722242,16716596.075087998,26819.8129256936,26913.8619773461,26942.9517917237,27025.0966185516,27094.21575341125,26448.373880513325,
508,508,508,2023-05-22 04:00:00,26644.80000000,26728.79000000,26643.12000000,26691.67,767.58316,26718.056216841025,26796.474117314297,26886.2351044239,26937.65580323648,27053.38778262319,20488076.404277198,26809.1894815922,26910.2612924501,26935.8665365868,27024.4407139379,27100.880750395212,26455.03887749729,
509,509,509,2023-05-22 05:00:00,26691.66000000,26800.00000000,26691.66000000,26756.09,941.74353,26724.971450142657,26792.628010903412,26881.13137483865,26934.060440796155,27050.429595731417,25197374.6455977,26801.6960982577,26907.0848071837,26931.2756539612,27023.8409335854,27108.160170384264,26462.31829748634,
510,510,510,2023-05-22 06:00:00,26756.08000000,26913.14000000,26751.46000000,26821.69,1452.87038,26742.55664102581,26795.395819388803,26878.800340531252,26931.835283552664,27048.153579853493,38968438.9425422,26797.2028828567,26904.4214133362,26926.0069302772,27023.018971563,27116.037161835597,26470.195288937673,
511,511,511,2023-05-22 07:00:00,26821.68000000,26875.77000000,26795.03000000,26843.13,857.76414,26760.842706293843,26799.941931827965,26877.401503647674,26930.078743284295,27046.113544233063,23025074.3193582,26787.9101769631,26903.4873633935,26921.0757394315,27023.1951824284,27124.494771532653,26478.65289863473,
512,512,512,2023-05-22 08:00:00,26843.12000000,26900.00000000,26826.62000000,26826.62,694.36389,26772.802214240415,26802.4827002253,26875.41007213208,26928.030055298466,27043.92952886756,18627436.2187518,26784.100813627,26902.8562019633,26917.9233182866,27024.3930316101,27133.520069264356,26487.678196366433,
513,513,513,2023-05-22 09:00:00,26826.62000000,26887.62000000,26824.66000000,26862.57,601.11258,26789.123629833066,26808.205300203845,26874.906539891606,26926.733816579683,27042.124956441017,16147428.758130599,26774.1250010628,26902.67073473,26914.5846670749,27025.0736851304,27143.10860607746,26497.26673317954,
514,514,514,2023-05-22 10:00:00,26862.56000000,26875.56000000,26795.75000000,26831.77,661.21279,26796.87751531796,26810.449557327287,26873.21491087625,26924.853344964245,27040.031872297328,17741509.5023383,26772.2938610645,26901.5244984527,26910.3537982591,27025.1971510792,27153.26864971959,26507.426776821667,
515,515,515,2023-05-22 11:00:00,26831.77000000,26834.12000000,26767.34000000,26826.78,668.56744,26802.314330714693,26812.00483758183,26871.393933979143,26922.91129852931,27037.90996312024,17935511.6280432,26768.6794791592,26900.6534760025,26900.606102886,27025.171699367,27164.024518920654,26518.18264602273,
516,516,516,2023-05-22 12:00:00,26826.79000000,26866.00000000,26731.00000000,26731.6,971.3034,26789.457179675657,26804.347234002606,26865.911818921137,26919.122955984174,27034.86210279069,25964493.967439998,26759.1757603752,26897.0616757702,26891.9161968838,27024.5388717032,27175.418299143927,26529.576426246003,
517,517,517,2023-05-22 13:00:00,26731.61000000,27099.89000000,26702.91000000,27007.0,3265.09349,26829.010419734626,26823.647497430928,26871.444688767366,26920.863095469635,27034.58486793705,88180379.88443,26791.9215563582,26904.8362974693,26889.9570394496,27024.5878779136,27187.509293475305,26541.66742057738,
518,518,518,2023-05-22 14:00:00,27007.01000000,27041.34000000,26769.49000000,26957.28,2749.7847,26852.332161601054,26836.37440243751,26874.81077940394,26921.58422229202,27033.81566527101,74126716.097616,26808.1902616456,26907.8950617285,26887.4134068319,27024.3033884026,27200.370752747105,26554.528879849182,
519,519,519,2023-05-22 15:00:00,26957.27000000,26977.23000000,26811.73000000,26877.18,1426.88984,26856.849950400858,26840.26064982441,26874.903690015548,26920.704930761483,27032.257101437466,38350775.069851205,26810.5974602324,26907.2529579059,26883.0019527173,27023.7872980598,27214.083725310516,26568.241852412593,
520,520,520,2023-05-22 16:00:00,26877.17000000,26925.10000000,26835.65000000,26873.16,1066.53729,26859.815413964337,26843.393921269704,26874.83531001494,26919.763446984027,27030.674045701773,28661227.2401364,26810.948801485,26906.3950499451,26875.4952837958,27023.4946382871,27228.728233103982,26582.88636020606,
521,521,521,2023-05-22 17:00:00,26873.16000000,26896.87000000,26781.99000000,26850.16,1296.73483,26858.059884152637,26844.038309720207,26873.867650798667,26918.385160905134,27028.87788604305,34817537.6630728,26811.957335781,26904.3722220722,26868.2653359521,27023.0469372393,27244.372364329254,26598.53049143133,
522,522,522,2023-05-22 18:00:00,26850.16000000,26930.00000000,26836.44000000,26880.19,901.94161,26862.083541579428,26847.48132784209,26874.115586061464,26917.628821085233,27027.398404589887,24244361.845705897,26820.2896112953,26903.8317777527,26855.6045806576,27023.0508587283,27261.0602150508,26615.218342152875,
523,523,523,2023-05-22 19:00:00,26880.19000000,26889.96000000,26819.10000000,26862.43,883.21086,26862.146534019532,26848.90501090475,26873.657327784542,26916.535775123146,27025.7569279273,23725189.901989803,26823.1448074532,26896.184850519,26849.5047401965,27023.0511013561,27278.799857775582,26632.95798487766,
524,524,524,2023-05-22 20:00:00,26862.43000000,26934.93000000,26833.21000000,26895.13,525.7812,26868.14352783416,26853.307390818583,26874.499393361617,26916.111898388033,27024.457157500165,14140953.725556001,26825.9530045435,26890.6141804839,26844.4728647473,27023.2777509146,27297.552623888983,26651.71075099106,
525,525,525,2023-05-22 21:00:00,26895.14000000,26959.52000000,26880.44000000,26900.52,576.12171,26874.030159137037,26857.80382978824,26875.51980930822,26915.803147924904,27023.223951952903,15497973.5822892,26840.7621449676,26887.4160793436,26872.3992437097,27023.4027501876,27317.22493812852,26671.383065230595,
526,526,526,2023-05-22 22:00:00,26900.52000000,26913.78000000,26872.02000000,26872.03,371.218,26873.66649383939,26859.15870314174,26875.382954041233,26914.936352916488,27021.719534520536,9975381.23254,26856.4915348992,26885.8363415512,26883.6686860698,27023.4016657703,27337.663738726515,26691.82186582859,
527,527,527,2023-05-22 23:00:00,26872.02000000,26883.17000000,26834.45000000,26849.27,561.21415,26869.230767686775,26858.216921890147,26874.358916627854,26913.63602909636,27020.003618754163,15068190.241170501,26869.80597606,26883.6585176718,26887.8268694988,27022.1941743835,27358.6561791625,26712.814306264576,
528,528,528,2023-05-23 00:00:00,26849.28000000,26936.58000000,26798.11000000,26822.33,824.15766,26860.703355380087,26854.79911980537,26872.318566956175,26911.827988916233,27018.036717075018,22105828.7285478,26874.4303647564,26881.4565152542,26889.2084641429,27021.8977833231,27379.93387665598,26734.092003758058,
529,529,529,2023-05-23 01:00:00,26822.34000000,27110.00000000,26803.36000000,26994.98,3103.48337,26885.117290765524,26868.149679823906,26877.128819232406,26913.47456339314,27017.807297004623,83778471.5034826,26895.5116857593,26885.83843583,26891.9865454358,27021.9253055147,27401.181500521685,26755.33962762376,
530,530,530,2023-05-23 02:00:00,26994.98000000,27173.53000000,26994.97000000,27128.42,2379.27506,26929.354146989972,26892.937329364486,26886.98337534094,26917.730908672485,27018.907920915026,64545973.12320519,26922.0398798343,26887.0402553744,26897.7288343702,27023.2048437818,27422.049037595603,26776.20716469768,
531,531,531,2023-05-23 03:00:00,27128.41000000,27442.03000000,27115.20000000,27366.67,5427.82964,27008.86612026452,26938.05472656787,26905.79461552365,26926.62079166907,27022.368240109903,148541622.5740988,27007.8789638376,26928.6113116617,26923.0227742491,27030.572231532,27442.166687746,26796.324814848078,
532,532,532,2023-05-23 04:00:00,27366.67000000,27435.34000000,27338.35000000,27381.65,3187.08987,27076.64500748915,26980.301895466167,26924.45561099331,26935.631271041955,27025.943182994382,87267779.3388855,27049.3362270922,26950.5328796473,26937.2428693455,27034.8839462123,27461.16107692268,26815.319204024756,
533,533,533,2023-05-23 05:00:00,27381.64000000,27495.83000000,27366.69000000,27387.49,2396.74337,27133.162278854757,27019.081714945583,26942.613822326908,26944.578968645084,27029.540663760607,65640785.07844131,27077.8516734765,26966.1040392159,26948.538403125,27038.2559492069,27478.671360330445,26832.829487432522,
534,534,534,2023-05-23 06:00:00,27387.50000000,27426.52000000,27278.18000000,27292.49,2210.67511,27162.13095542662,27045.120599236478,26956.334456745462,26951.468295998646,27032.157075066472,60334828.332923904,27094.8847131348,26976.2485845292,26956.6263794316,27040.5364383508,27494.363836917815,26848.521964019892,
535,535,535,2023-05-23 07:00:00,27292.50000000,27324.28000000,27205.01000000,27304.4,1584.70412,27187.99805443996,27069.813875499673,26969.984085892702,26958.457042612532,27034.865959891682,43269395.174128,27108.7939327226,26983.0302710381,26962.4591301242,27042.3044436238,27507.94390011021,26862.102027212288,
536,536,536,2023-05-23 08:00:00,27304.40000000,27337.00000000,27250.32000000,27334.52,1097.53462,27214.638408178147,27095.023982594943,26984.279611936123,26965.903833847926,27037.84759213157,30000582.021082398,27120.6472124585,26988.1969693214,26966.6475618836,27045.2647720588,27519.164480282252,26873.32260738433,
537,537,537,2023-05-23 09:00:00,27334.52000000,27347.07000000,27269.86000000,27273.54,1137.51824,27225.347788509393,27112.025508062092,26995.623156566082,26971.99563911826,27040.192790219815,31024149.219369605,27135.571432147,26992.5495769047,26970.3286103365,27044.2226457823,27527.830547651283,26881.98867475336,
538,538,538,2023-05-23 10:00:00,27273.54000000,27334.78000000,27253.27000000,27327.8,922.81316,27243.975463325867,27132.575459675223,27008.649699445843,26979.04127002681,27043.05455350121,25218453.473848,27152.8156451979,26996.8403030133,26974.0246664267,27044.2374373486,27533.799686351747,26887.957813453824,
539,539,539,2023-05-23 11:00:00,27327.80000000,27349.00000000,27283.22000000,27337.36,876.93211,27260.954469993892,27152.078749229964,27021.540299467575,26986.136690422318,27045.982965904182,23973008.7866296,27174.169364294,27000.7380798551,26978.746355835,27044.3448314699,27536.979165798668,26891.137292900745,
540,540,540,2023-05-23 12:00:00,27337.36000000,27386.26000000,27240.45000000,27284.78,1444.60836,27265.286384540457,27164.716963589017,27031.863424978652,26992.050419324845,27048.359055795685,39415821.288760796,27191.9737925873,27008.0027645002,26983.4924785587,27044.201823865,27537.320274209884,26891.47840131196,
541,541,541,2023-05-23 13:00:00,27284.77000000,27306.72000000,27175.19000000,27236.03,1841.3558,27259.967041896736,27171.508681342442,27039.86995733243,26996.881698150097,27050.226428374834,50151221.809474,27204.526344487,27021.2238741228,26988.8670093424,27042.8129688853,27534.81090377792,26888.969030879998,
542,542,542,2023-05-23 14:00:00,27236.04000000,27358.22000000,27233.17000000,27321.35,1436.29183,27271.12757973369,27185.77928311935,27050.908390378216,27003.306813038216,27052.92417535618,39241431.789570495,27223.1461941845,27030.1301664753,26994.7529525326,27037.9525293139,27529.467466692113,26883.62559379419,
543,543,543,2023-05-23 15:00:00,27321.34000000,27359.93000000,27291.02000000,27320.05,1259.92714,27280.022565236653,27198.56697044132,27061.462963304562,27009.57895535429,27055.5821437606,34421272.461157,27235.8168957456,27036.995648357,26999.7209881105,27037.5015018564,27521.32717394355,26875.485301045628,
544,544,544,2023-05-23 16:00:00,27320.04000000,27328.48000000,27200.16000000,27229.23,1338.80023,27270.78755337544,27201.487258970716,27068.042062782817,27013.92848099084,27057.309983126168,36454499.3867229,27245.1190093681,27042.6274421253,27003.620416283,27036.526670586,27510.441540519838,26864.599667621915,
545,545,545,2023-05-23 17:00:00,27229.24000000,27270.23000000,27185.52000000,27203.71,1066.45387,27258.591634579905,27201.69894859255,27073.36237404624,27017.686530872208,27058.766699711978,29011501.8078577,27249.1098169309,27047.6662382279,27006.8389415925,27035.3151629007,27496.87172196201,26851.029849064085,
546,546,546,2023-05-23 18:00:00,27203.71000000,27219.97000000,27119.00000000,27139.01,1406.66368,27236.84951920174,27195.728572536118,27075.936790750307,27020.08897580543,27059.565140510866,38175459.6781568,27250.3908309254,27051.2720810735,27010.6896968673,27034.3500446709,27480.685978973233,26834.84410607531,
547,547,547,2023-05-23 19:00:00,27139.01000000,27219.48000000,27100.79000000,27181.22,1136.08024,27226.735061165058,27194.346803723154,27080.065544054218,27023.279689155817,27060.77563662519,30880046.9410928,27252.0794357478,27055.6683304744,27020.8226099902,27033.6330625815,27461.95925328509,26816.117380387168,
548,548,548,2023-05-23 20:00:00,27181.23000000,27242.67000000,27151.38000000,27215.11,1131.92459,27224.6214136805,27196.324250987615,27085.3614050717,27027.078309172535,27062.3113019324,30805452.228554904,27257.0300262864,27059.9570949763,27025.9877823839,27033.1271477787,27440.774561243517,26794.932688345594,
549,549,549,2023-05-23 21:00:00,27215.10000000,27239.41000000,27187.56000000,27200.38,486.93209,27220.213883920405,27196.710512798316,27089.871938206143,27030.510025822583,27063.68511982362,13244737.8821942,27265.9978600059,27062.4328701537,27028.1715797754,27031.8048011077,27417.225705195302,26771.38383229738,
550,550,550,2023-05-23 22:00:00,27200.37000000,27221.12000000,27178.09000000,27194.91,573.16334,27215.613177753057,27196.539035388952,27093.991077884333,27033.765470855797,27064.99084002438,15587125.446599398,27289.3023788612,27065.836535974,27030.3022972393,27028.57177815,27391.420687640966,26745.578814743043,
551,551,551,2023-05-23 23:00:00,27194.91000000,27249.38000000,27192.35000000,27219.61,429.88108,27216.339872707045,27198.736270113815,27098.91731012416,27037.445560541822,27066.529339128618,11701195.3439788,27300.1940514159,27077.1820230298,27033.0305414361,27027.1896218318,27363.48519503524,26717.643322137315,
552,552,552,2023-05-24 00:00:00,27219.61000000,27219.61000000,27124.91000000,27156.7,803.33097,27205.49625948758,27194.73281581726,27101.18329796243,27039.8070345905,27067.4265596348,21815818.152999,27283.0495351065,27080.6461000288,27035.1669010817,27024.0151594815,27333.565587660065,26687.72371476214,
553,553,553,2023-05-24 01:00:00,27156.71000000,27188.93000000,27134.99000000,27138.19,673.22575,27193.258757762567,27189.347785739425,27102.634541179592,27041.75521212336,27068.130673469284,18270128.316392496,27266.745334491,27083.3628386034,27036.5339994721,27018.525773653,27301.830967058424,26655.9890941605,
554,554,554,2023-05-24 02:00:00,27138.20000000,27170.71000000,27111.00000000,27161.76,612.33363,27187.53171089664,27186.720377573765,27104.95318662353,27044.13154455656,27069.062308559143,16632059.097988797,27251.6766212797,27095.9447680814,27038.0027666129,27016.5989137421,27268.47406281304,26622.632189915115,
555,555,555,2023-05-24 03:00:00,27161.75000000,27164.59000000,26649.88000000,26786.0,6221.40696,27114.52594527907,27148.556532090548,27092.44521852065,27039.020028822768,27066.24576817547,166646606.83056,27142.9726790284,27078.3333756082,27024.212374416,27009.6617885442,27233.710853438533,26587.86898054061,
556,556,556,2023-05-24 04:00:00,26786.01000000,26812.63000000,26704.71000000,26804.12,2292.1151,27058.088500682876,27115.75305284383,27081.138347206113,27034.368543103505,27063.637551576714,61438128.194212,27106.3451591189,27078.0994223622,27020.5754359542,27007.0689552981,27197.778983156877,26551.937110258954,
557,557,557,2023-05-24 05:00:00,26804.11000000,26830.42000000,26718.03000000,26775.45,1847.73988,27006.699682376897,27083.343238287274,27069.150568884306,27029.241443240066,27060.770013750083,49474066.769946,27076.5644778025,27074.1297723075,27016.9399850589,27004.6445280042,27160.935137757915,26515.093264859992,
558,558,558,2023-05-24 06:00:00,26775.44000000,26775.45000000,26613.00000000,26712.55,1656.34699,26953.217921944735,27048.029596545628,27055.166232849628,27022.97032555214,27057.305137991378,44245251.7877245,27048.491005077,27069.9631710759,27013.0235950733,27001.8388417744,27123.451591240548,26477.609718342625,
559,559,559,2023-05-24 07:00:00,26712.56000000,26757.72000000,26646.00000000,26678.67,1519.91544,26903.30011795478,27012.85249211271,27040.40167469866,27016.152497323383,27053.53762418052,40549322.4516648,27021.2131821688,27065.912959145,27009.0159405789,26999.2115381694,27085.61213573737,26439.770262839447,
560,560,560,2023-05-24 08:00:00,26678.67000000,26754.02000000,26670.00000000,26748.58,1372.73962,26875.169187417545,26987.68368334007,27028.95768745558,27010.854032029853,27050.50321995982,36718835.544739604,26999.8885570591,27064.8179132349,27006.330711245,26996.8139416684,27047.707575773275,26401.86570287535,
561,561,561,2023-05-24 09:00:00,26748.58000000,26839.02000000,26737.40000000,26750.8,1723.75942,26852.55660788708,26965.12333254578,27018.049542849476,27005.70444723718,27047.521098368183,46111943.492536,26972.6126980477,27060.1138319725,27002.9991172653,26994.837866067,27010.030925090236,26364.189052192312,
562,562,562,2023-05-24 10:00:00,26750.80000000,26762.60000000,26715.06000000,26730.0,1033.32953,26830.273588271244,26942.73063420809,27006.753482345575,27000.244953232486,27044.361684454074,27620898.3369,26948.1061699734,27057.7268274244,27001.2779498786,26993.4926842469,26972.872410591925,26327.030537694,
563,563,563,2023-05-24 11:00:00,26730.01000000,26764.91000000,26680.64000000,26742.24,1102.61352,26814.267481312836,26923.636288093032,26996.380404606534,26995.135944257585,27041.35549853911,29486355.379084803,26922.4035180845,27054.6726063139,26999.2894658449,26991.9112562621,26936.514378045486,26290.672505147562,
564,564,564,2023-05-24 12:00:00,26742.25000000,26742.25000000,26661.05000000,26695.41,1301.37294,26792.657030165043,26901.90045113179,26984.577643641573,26989.200777044563,27037.91325477255,34740684.1962054,26895.6155811682,27050.4670678359,26996.3345516693,26990.1510403029,26901.226212914306,26255.384340016382,
565,565,565,2023-05-24 13:00:00,26695.41000000,26709.62000000,26274.69000000,26442.86,5577.53705,26729.057570135035,26858.182312928762,26963.33381447916,26978.382147796157,27031.992326864365,147486031.357963,26808.126522324,27010.4914576644,26972.0869905293,26978.7976764935,26867.25943117377,26221.417558275847,
566,566,566,2023-05-24 14:00:00,26442.85000000,26442.86000000,26144.36000000,26254.93,6194.4086,26642.85255738321,26800.72971169745,26935.553272734876,26964.05636269128,27024.26036341298,162633764.184398,26709.6889311157,26959.3728182357,26938.2886872949,26962.4747130183,26834.843144263425,26189.0012713655,
567,567,567,2023-05-24 15:00:00,26254.93000000,26377.63000000,26080.50000000,26314.69,5950.33781,26583.186637858988,26754.440215345316,26911.20569341194,26951.197622836007,27017.19996178698,156581294.8654289,26641.9929194218,26914.4946675689,26911.1554673622,26947.1337685593,26804.180139890574,26158.33826699265,
568,568,568,2023-05-24 16:00:00,26314.69000000,26326.47000000,26159.97000000,26238.01,2384.09871,26520.42724915735,26705.256385312427,26884.805862297748,26937.075095651137,27009.446827838852,62554005.7939671,26606.8894980304,26894.9585044299,26899.5716408616,26939.6846066315,26775.443827619754,26129.60195472183,
569,569,569,2023-05-24 17:00:00,26238.01000000,26358.99000000,26170.18000000,26285.01,2314.20204,26477.62411294692,26665.232920044575,26861.28445593313,26924.162915539233,27002.23850119369,60828823.7634204,26575.777508879,26879.4643423159,26889.4131178588,26933.4585301446,26748.77626287371,26102.934389975788,
570,570,570,2023-05-24 18:00:00,26285.01000000,26324.41000000,26214.00000000,26220.55,1901.30293,26430.883365138387,26622.882165754618,26836.15761452399,26910.22998651865,26994.46050615694,49853208.5412115,26555.1492942358,26865.6649702348,26880.2582818645,26928.1642594538,26724.287383152754,26078.44551025483,
571,571,571,2023-05-24 19:00:00,26220.55000000,26397.64000000,26201.67000000,26252.33,2349.96235,26398.419116931407,26587.591483301796,26813.26241395442,26897.202264013333,26987.0761230111,61691987.0997755,26533.2601668804,26850.1075445971,26869.535816651,26922.0335621315,26702.055475309742,26056.21360241182,
572,572,572,2023-05-24 20:00:00,26252.34000000,26486.46000000,26242.62000000,26404.18,2878.77545,26399.466550216603,26570.12372298734,26797.219966348366,26887.439446904158,26981.276161588103,76011705.161381,26520.3684514559,26836.062022556,26860.13761239,26915.9533388913,26682.12876147822,26036.286888580296,
573,573,573,2023-05-24 21:00:00,26404.18000000,26464.65000000,26310.48000000,26368.66,1223.45586,26393.86535926813,26550.936701750452,26780.413693158236,26877.166586569423,26975.18047838822,32260891.597347602,26507.0022450333,26829.7084674719,26853.0877908194,26913.191915072,26664.527867862904,26018.68599496498,
574,574,574,2023-05-24 22:00:00,26368.66000000,26406.00000000,26313.47000000,26348.52,746.24121,26385.620748492103,26531.658920631362,26763.476685583406,26866.698337330425,26968.945050742568,19662351.4465092,26496.5969526489,26825.5176025242,26847.9235890332,26911.1944621957,26649.248848805546,26003.406975907623,
575,575,575,2023-05-24 23:00:00,26348.52000000,26394.16000000,26318.25000000,26329.01,712.51394,26375.3278851299,26512.359023428377,26746.43877634484,26856.0510435219,26962.577537799858,18759786.6513994,26486.5268246003,26821.2956035325,26843.9217931969,26909.0863650132,26636.26639618955,25990.424523291626,
576,576,576,2023-05-25 00:00:00,26329.00000000,26394.37000000,26197.12000000,26236.47,1510.80228,26350.080996924462,26486.08387833996,26726.440000801907,26843.78211196701,26955.352587174988,39638118.695151605,26439.4420842257,26811.8133291041,26836.8741131406,26904.833638471,26625.536879300467,25979.695006402544,
577,577,577,2023-05-25 01:00:00,26236.46000000,26318.58000000,25871.89000000,26124.08,4961.18524,26308.989906574556,26451.607318498056,26702.81803998615,26829.530584997367,26947.08121814837,129606400.10457921,26391.6838797976,26777.3337137151,26812.2527029248,26890.5342386747,26617.000929196034,25971.15905629811,
578,578,578,2023-05-25 02:00:00,26124.08000000,26147.00000000,26052.88000000,26122.71,980.06435,26275.120832651908,26420.283764355383,26680.06870508473,26815.534137769693,26938.878519460326,25601936.7963885,26371.9913530381,26770.5282067069,26807.1758003311,26887.1132734057,26610.58539062033,25964.743517722407,
579,579,579,2023-05-25 03:00:00,26122.72000000,26227.71000000,26122.71000000,26183.72,1286.50113,26258.50249944247,26397.75388203582,26660.60404998337,26803.022966724748,26931.364504341316,33685385.36760361,26355.5447924222,26755.7024618205,26800.6940263589,26883.7841445904,26606.20459280523,25960.362719907305,
580,580,580,2023-05-25 04:00:00,26183.73000000,26269.30000000,26153.00000000,26224.39,1119.75205,26252.300226816566,26381.243036127646,26643.497616650686,26791.564888175744,26924.329932158817,29364814.4624995,26342.4242902804,26740.3707709367,26792.096891986,26881.017614706,26603.76101534776,25957.91914244984,
581,581,581,2023-05-25 05:00:00,26224.39000000,26279.45000000,26214.40000000,26260.12,876.80372,26253.722003759005,26369.707508877393,26628.463200311446,26781.041227023747,26917.720878107488,23024970.9036464,26329.3404846927,26698.8857654886,26786.9594901048,26878.7451351379,26603.14552671703,25957.303653819108,
582,582,582,2023-05-25 06:00:00,26260.11000000,26300.00000000,26220.01000000,26261.27,918.14311,26255.09436671191,26359.380127079545,26614.0634669659,26770.74872747872,26911.18902857408,24111604.1103497,26312.6681155796,26670.187567038,26782.3475867123,26876.5594394321,26604.237437393484,25958.39556449556,
583,583,583,2023-05-25 07:00:00,26261.26000000,26267.29000000,26126.76000000,26131.27,1260.39696,26232.58084549156,26337.65535307197,26595.130389829985,26758.08578238013,26903.428640230064,32935773.2689392,26298.7907558802,26643.1442965903,26775.9386648461,26873.0137003853,26606.904632184927,25961.062759287004,
584,584,584,2023-05-25 08:00:00,26131.27000000,26252.26000000,26128.37000000,26223.87,1292.58748,26230.997055402186,26326.818652779402,26580.57115885626,26747.507252035968,26896.666862715338,33896646.03914759,26286.5203474149,26620.6147179432,26770.1472424778,26869.3489727848,26611.00403009484,25965.162157196915,
585,585,585,2023-05-25 09:00:00,26223.87000000,26286.76000000,26223.04000000,26284.76,924.32631,26240.77213623815,26322.813066800412,26568.970721254052,26738.343940114464,26890.578237215683,24295695.220035598,26275.2512011806,26604.6116348888,26765.7416044227,26865.5964004042,26616.38257448744,25970.540701589518,
586,586,586,2023-05-25 10:00:00,26284.76000000,26302.88000000,26213.79000000,26248.18,941.55516,26242.119020558486,26315.705155676565,26556.39069296958,26728.637723478532,26884.186214954832,24714109.3196088,26252.7753908257,26591.5392882846,26761.5260408768,26862.9601340718,26622.878893271667,25977.037020373744,
587,587,587,2023-05-25 11:00:00,26248.17000000,26335.16000000,26205.84000000,26296.62,1191.27834,26252.028289547852,26313.887521802604,26546.203606970776,26720.082917073018,26878.339784955282,31326593.8212108,26253.8061486562,26578.5851293433,26756.7997726587,26860.0925056266,26630.32569992141,25984.483827023487,
588,588,588,2023-05-25 12:00:00,26296.61000000,26499.99000000,26296.61000000,26403.52,3353.24498,26279.572236902786,26322.423948297594,26540.608171403295,26713.81434445771,26873.615209980606,88537470.8943296,26257.7844834864,26564.2913023327,26748.2616508222,26854.4115670906,26638.55293968314,25992.711066785218,
589,589,589,2023-05-25 13:00:00,26403.52000000,26432.96000000,26269.53000000,26338.37,2000.3342,26290.262739284095,26323.942619888297,26532.677262720812,26706.3798029833,26868.289386995726,52685542.283254,26263.781078835,26551.8153705512,26742.0260391593,26850.4209502447,26647.39162515979,26001.549752261868,
590,590,590,2023-05-25 14:00:00,26338.36000000,26426.85000000,26287.90000000,26364.65,1932.76207,26303.787695777894,26327.81951323227,26526.087958300388,26699.612876191553,26863.278049811688,50956595.5088255,26268.02494294,26536.2130790747,26735.2551406762,26846.6851573234,26656.67825131786,26010.836378419935,
591,591,591,2023-05-25 15:00:00,26364.66000000,26391.71000000,26168.60000000,26226.12,2252.36031,26289.666296545547,26318.133845305383,26514.324508955277,26690.236779633302,26856.938168719036,59070671.7732972,26267.9062330435,26514.4874564085,26726.4408408823,26841.9358539578,26666.259629005443,26020.41775610752,
592,592,592,2023-05-25 16:00:00,26226.12000000,26320.03000000,26207.47000000,26276.73,1544.87957,26287.314242628174,26314.190621942966,26505.00707723154,26682.048526571256,26851.164953109892,40594383.3434061,26269.3877498613,26497.8204377776,26719.8515341474,26839.1685079352,26675.997925254112,26030.15605235619,
593,593,593,2023-05-25 17:00:00,26276.73000000,26393.75000000,26250.01000000,26350.84,1595.73866,26298.86438033214,26317.68103890078,26498.96130949697,26675.489941886677,26846.186595367504,42049054.1114744,26261.4778435307,26483.9965729485,26715.4370972552,26836.4154550651,26685.775647025304,26039.93377412738,
594,594,594,2023-05-25 18:00:00,26350.85000000,26413.08000000,26330.47000000,26374.54,1501.99422,26312.623583908113,26323.09617805309,26494.082042457874,26669.53053709684,26841.493594418575,39614406.6351588,26262.6535880232,26471.3742635431,26711.2309512191,26833.9370817013,26695.50025541771,26049.65838251979,
595,595,595,2023-05-25 19:00:00,26374.53000000,26631.98000000,26370.16000000,26468.68,3098.11072,26340.997477743,26336.961303952798,26493.085883930115,26665.55329873849,26837.78400641441,82002901.2522496,26278.9409267659,26462.985900653,26705.2229597341,26832.4392420312,26705.108056542067,26059.266183644144,
596,596,596,2023-05-25 20:00:00,26468.67000000,26522.80000000,26458.52000000,26485.21,814.61595,26367.217936335182,26351.080227385864,26492.777025736777,26661.982144308025,26834.275807345613,21575274.505099498,26282.6842740317,26453.0099668858,26703.3109021438,26832.5899484165,26714.5669933298,26068.725120431878,
597,597,597,2023-05-25 21:00:00,26485.21000000,26485.22000000,26437.53000000,26475.86,672.1993,26386.971038819695,26362.964015253878,26492.11361296279,26658.296557292026,26830.709480904367,17797054.558898002,26288.4687457589,26444.2835579644,26701.4881191853,26833.0117186534,26723.877970636753,26078.03609773883,
598,598,598,2023-05-25 22:00:00,26475.85000000,26478.44000000,26432.46000000,26454.41,565.98514,26399.2326681252,26371.67315665827,26490.635039905424,26654.259199721884,26826.965207462534,14972802.9474674,26318.6604321686,26434.910736643,26699.970185892,26832.7864747165,26733.074393720184,26087.23252082226,
599,599,599,2023-05-25 23:00:00,26454.41000000,26551.02000000,26454.41000000,26473.79,839.8277,26412.78854664789,26381.398570309866,26489.974450105212,26650.685552202638,26823.451026293755,22233422.165983003,26329.4105863365,26431.2473309077,26697.993376599,26831.9273256623,26742.219692850784,26096.37781995286,
600,600,600,2023-05-26 00:00:00,26473.80000000,26505.24000000,26384.36000000,26469.93,1100.64504,26423.177901802817,26389.83013504226,26489.188393238343,26647.10623433724,26819.93340414158,29133997.163647205,26340.8911678966,26427.0149870991,26695.7802734197,26830.0585461789,26751.402743489445,26105.560870591522,
601,601,601,2023-05-26 01:00:00,26469.94000000,26539.34000000,26350.00000000,26414.9,2072.24102,26421.67282874776,26392.217741228713,26486.27512291527,26642.508091083037,26815.903221015793,54738039.319198005,26350.1209657106,26423.164235735,26691.5138820219,26824.410556245,26760.73126381885,26114.889390920926,
602,602,602,2023-05-26 02:00:00,26414.90000000,26442.37000000,26385.36000000,26403.34,615.13573,26418.339587157257,26393.277003968837,26483.02276515389,26637.77208927941,26811.79811433902,16241637.8253382,26353.7830224376,26416.8205350894,26690.2119302115,26821.1187076974,26770.323464192843,26124.48159129492,
603,603,603,2023-05-26 03:00:00,26403.34000000,26467.56000000,26394.54000000,26435.14,659.12119,26421.39420767412,26397.263955971805,26481.14500965766,26633.759572660016,26808.0502724053,17423960.9346166,26358.3667911131,26411.8250261976,26689.0180624473,26812.1643708053,26780.298415587975,26134.45654269005,
604,604,604,2023-05-26 04:00:00,26435.14000000,26450.85000000,26410.03000000,26426.43,572.61717,26422.309806278823,26400.04167445068,26478.99932300442,26629.65403656774,26804.253055764453,15132227.5598031,26369.3752234483,26407.0672140967,26688.4521938083,26807.2013299592,26790.76577295436,26144.923900056438,
605,605,605,2023-05-26 05:00:00,26426.44000000,26432.10000000,26336.99000000,26347.43,834.85234,26408.69529604631,26395.031038788708,26473.83974171013,26624.06544178422,26799.707552722022,21996213.588486202,26375.2120488403,26380.1319213024,26687.5498461722,26802.0576308982,26801.815611424274,26155.97373852635,
606,606,606,2023-05-26 06:00:00,26347.44000000,26442.80000000,26327.24000000,26434.4,1030.08019,26413.368878583344,26398.78046366597,26472.293085172478,26620.30969046176,26796.072651699913,27229551.774536,26380.165033757,26369.7367250563,26686.2521854204,26798.8428275335,26813.509189324806,26167.667316426883,
607,607,607,2023-05-26 07:00:00,26434.40000000,26534.05000000,26414.36000000,26501.33,1532.23064,26429.361809750008,26408.547086173974,26473.431787714733,26617.95365698727,26793.139888996433,40606149.8267512,26390.5720591086,26363.4946888715,26684.6457107304,26794.72039313,26825.871429182895,26180.02955628497,
608,608,608,2023-05-26 08:00:00,26501.34000000,26549.00000000,26468.26000000,26473.36,1664.40136,26437.361480704552,26414.719744633596,26473.428972510235,26615.090416254847,26789.95799955368,44062296.3877696,26398.826192533,26358.9926193552,26682.4291303634,26789.6723093111,26838.885802594843,26193.04392969692,
609,609,609,2023-05-26 09:00:00,26473.37000000,26473.50000000,26427.93000000,26445.45,1165.18735,26438.83212057645,26417.646435620874,26472.331757901993,26611.731200091384,26786.530059259614,30813903.8050575,26400.2010560486,26354.5883923264,26680.2872922916,26786.3981168445,26852.492123105156,26206.650250207233,
610,610,610,2023-05-26 10:00:00,26445.46000000,26485.86000000,26423.62000000,26450.13,917.13231,26440.88628047164,26420.74010841889,26471.461100729364,26608.531176327197,26783.182794988377,24258268.8267003,26406.4820390265,26349.3785068158,26677.6965122754,26783.0513013779,26866.587509104524,26220.7456362066,
611,611,611,2023-05-26 11:00:00,26450.12000000,26500.00000000,26429.16000000,26463.29,1288.54293,26444.95968402225,26424.79247904566,26471.140665406645,26605.655113429628,26779.99978210292,34099085.2340397,26412.3310581816,26343.0801223184,26675.102417419,26779.149603398,26881.03050063993,26235.188627742005,
612,612,612,2023-05-26 12:00:00,26463.29000000,26528.64000000,26355.81000000,26440.04,2090.29052,26444.065196018208,26426.244623898456,26469.92103146913,26602.375606233003,26776.617097703886,55267364.9604208,26430.5667417285,26340.8300283088,26671.4335220767,26775.1252372179,26895.648030136537,26249.806157238614,
613,613,613,2023-05-26 13:00:00,26440.04000000,26593.35000000,26440.04000000,26539.97,2147.29604,26461.5024331058,26437.075612098604,26472.66804984289,26601.13985165413,26774.262400214295,56989172.48271881,26448.2146650142,26340.6609815537,26669.0137939411,26771.4554708948,26910.244689723717,26264.402816825794,
614,614,614,2023-05-26 14:00:00,26539.98000000,26932.16000000,26539.97000000,26760.01,5884.01743,26515.776536177473,26467.831268089212,26483.93636161376,26604.285795185733,26774.12058528679,157456365.2669743,26512.2705498805,26362.1726878916,26671.5397016198,26768.944706348,26924.613537457088,26278.771664559164,
615,615,615,2023-05-26 15:00:00,26760.00000000,26846.29000000,26741.61000000,26750.21,2715.69143,26558.40080232702,26494.724480652145,26494.378465079888,26607.175383399877,26773.88266901528,72645316.0477003,26538.6966577492,26368.8528338335,26672.1805782038,26763.9525078762,26938.547565293924,26292.705692396,
616,616,616,2023-05-26 16:00:00,26750.22000000,26830.00000000,26744.63000000,26792.36,1276.23413,26600.93883826756,26523.070720590036,26506.064015468914,26610.84240551077,26774.066523054928,34193324.2552468,26556.4472339693,26383.4344966052,26672.7376654243,26760.3663809884,26951.850927395397,26306.009054497474,
617,617,617,2023-05-26 17:00:00,26792.35000000,26837.34000000,26686.04000000,26713.0,1672.57471,26621.313594946187,26541.159223390983,26514.17915211719,26612.865328173924,26773.458895959855,44679488.22823,26566.6616317999,26395.2628425637,26666.7183061529,26757.4423835412,26964.349100130476,26318.507227232552,
618,618,618,2023-05-26 18:00:00,26713.00000000,26757.09000000,26610.49000000,26730.69,1922.71379,26641.20021404688,26559.209773544222,26522.669773602793,26615.19848999226,26773.033334806027,51395466.2792151,26578.2199116716,26407.89663816,26662.7254956974,26755.0849319425,26975.897304074628,26330.055431176705,
619,619,619,2023-05-26 19:00:00,26730.68000000,26822.88000000,26730.68000000,26767.21,1434.76741,26664.11108422017,26579.019318920964,26532.259586402684,26618.208618903303,26772.975391176118,38404720.5646261,26588.4255423571,26417.9151854001,26661.8035540457,26752.9219094229,26986.38674077546,26340.544867877536,
620,620,620,2023-05-26 20:00:00,26767.22000000,26807.50000000,26736.11000000,26747.66,915.97852,26679.301796180138,26595.080336166586,26540.706661445718,26620.772012588386,26772.72349673656,24500282.0202632,26595.6507525502,26426.5039004668,26660.9358596127,26748.7538314079,26995.74845213615,26349.906579238228,
621,621,621,2023-05-26 21:00:00,26747.66000000,26790.00000000,26722.35000000,26725.24,668.95967,26687.65419687466,26607.47649462691,26547.943262957655,26622.84068560644,26772.251024132216,17878107.7310708,26602.4543636357,26434.3967099315,26659.7351404809,26744.918218946,27003.95486316693,26358.112990269008,
622,622,622,2023-05-26 22:00:00,26725.23000000,26754.11000000,26686.00000000,26686.0,476.78842,26687.35343380654,26614.954923710062,26553.357252645594,26624.091365099383,26771.392804986623,12723575.77612,26616.0639142424,26437.1643223285,26658.6268135618,26737.9959633077,27011.019286260347,26365.177413362424,
623,623,623,2023-05-26 23:00:00,26686.01000000,26726.77000000,26686.00000000,26705.92,403.68779,26690.72917311444,26623.6182643091,26559.34010548302,26625.711734107317,26770.741334290236,10780853.824716799,26621.4080450055,26439.7646114617,26657.6668754545,26734.2432779175,27016.993820219453,26371.15194732153,
624,624,624,2023-05-27 00:00:00,26705.93000000,26713.40000000,26633.00000000,26651.92,757.05421,26683.672959820906,26626.313667708237,26562.970689581725,26626.230709669548,26769.559032456506,20176948.2405832,26626.0579433863,26442.856613028,26656.8971428946,26730.8630132554,27021.966153584443,26376.12428068652,
625,625,625,2023-05-27 01:00:00,26651.93000000,26713.76000000,26645.62000000,26713.76,944.48038,26689.143330762556,26634.64188983126,26568.88399587264,26627.963962943417,26769.00381820321,25230622.1960288,26632.2685567003,26447.3982375671,26656.3820540669,26737.8916470668,27026.05577547059,26380.21390257267,
626,626,626,2023-05-27 02:00:00,26713.75000000,26742.98000000,26688.08000000,26742.97,459.21649,26698.929997896634,26644.958852704473,26575.710897995283,26630.241310211863,26768.744775236017,12280812.815575302,26641.4702995071,26453.6104522627,26656.1426791824,26739.8580301188,27029.41001681677,26383.56814391885,
627,627,627,2023-05-27 03:00:00,26742.98000000,26782.73000000,26713.15000000,26752.0,510.19944,26708.57908918815,26655.153247684997,26582.624196113116,26632.652373375986,26768.578160557052,13648855.418879999,26650.2130399518,26479.6252162357,26655.7891851447,26739.9432804793,27032.200209858333,26386.35833696041,
628,628,628,2023-05-27 04:00:00,26752.00000000,26786.51000000,26725.50000000,26760.96,736.6081,26718.10289115394,26665.230081238806,26589.617757049855,26635.193118457646,26768.502357964444,19712339.899776,26660.5185801277,26487.7627753669,26655.433682897,26740.0834408133,27034.61808996353,26388.776217065606,
629,629,629,2023-05-27 05:00:00,26760.95000000,26763.71000000,26724.76000000,26725.16,417.81894,26719.38600185322,26670.937692549396,26594.933139126333,26636.974640864424,26768.07109072102,11166278.0225304,26672.2704490486,26495.0181071624,26649.2420456896,26738.6015483682,27036.872400428685,26391.030527530762,
630,630,630,2023-05-27 06:00:00,26725.16000000,26763.99000000,26710.00000000,26749.47,575.0991,26724.85581969809,26678.416959925646,26600.993408180202,26639.202271738395,26767.88600524121,15383596.122477,26683.2108725788,26501.7212608705,26642.6289712155,26738.1614337848,27039.18552424217,26393.343651344247,
631,631,631,2023-05-27 07:00:00,26749.46000000,26749.47000000,26710.00000000,26722.8,427.07326,26724.482034298435,26682.643916123205,26605.770137271174,26640.85767229803,26767.437388273636,11412593.312328,26691.5308973018,26506.3204190938,26618.0786161355,26737.9154179812,27041.78987839205,26395.948005494127,
632,632,632,2023-05-27 08:00:00,26722.80000000,26722.80000000,26676.17000000,26688.65,670.07974,26717.967118971446,26683.21592411147,26609.020327966424,26641.8040550248,26766.65343416146,17883523.652951002,26702.3093588374,26511.5534822,26602.7982282283,26737.3038983353,27044.923779069886,26399.081906171963,
633,633,633,2023-05-27 09:00:00,26688.64000000,26732.66000000,26683.43000000,26699.17,447.03861,26714.549460976636,26684.73535991038,26612.555609222643,26642.940014331238,26765.981957204633,11935559.844953699,26723.7839545578,26520.1480209158,26590.8823738704,26736.9675701214,27048.82652397478,26402.98465107686,
634,634,634,2023-05-27 10:00:00,26699.16000000,26716.55000000,26667.93000000,26676.89,675.33439,26707.702286253607,26683.98818277606,26615.07852650803,26643.612291275174,26765.09547006827,18015821.235247098,26738.9157782538,26527.6786861257,26581.1042103593,26736.6200341213,27053.732535806925,26407.890662909,
635,635,635,2023-05-27 11:00:00,26676.89000000,26714.01000000,26666.37000000,26699.02,450.38607,26706.123688752952,26685.419784416434,26618.37034899791,26644.70947362616,26764.43800270441,12024866.6906514,26731.259300163,26532.3609089473,26573.8912506919,26736.2964837927,27059.864556355667,26414.022683457744,
636,636,636,2023-05-27 12:00:00,26699.02000000,26743.80000000,26677.40000000,26711.5,608.65364,26707.101199888777,26687.903614472012,26622.022492174463,26646.032058306828,26763.911256408846,16258051.70486,26727.3998508722,26538.2358659255,26568.9192540275,26735.9360215808,27067.426055154476,26421.584182256553,
637,637,637,2023-05-27 13:00:00,26711.50000000,26777.77000000,26551.00000000,26628.29,1169.30285,26692.77189081809,26682.22612737944,26622.268276795072,26645.680730419564,26762.56179117095,31136535.387626503,26715.2366084439,26544.3707376248,26564.0738163654,26735.1231708811,27076.593198967817,26430.751326069894,
638,638,638,2023-05-27 14:00:00,26628.29000000,26724.19000000,26607.42000000,26666.87,876.55253,26688.062456123887,26680.763639057586,26624.01736397958,26646.100319916204,26761.60963404487,23374912.3656811,26712.7504049416,26553.7804458741,26560.004327413,26734.1757095063,27087.50689569735,26441.665022799425,
639,639,639,2023-05-27 15:00:00,26666.87000000,26690.06000000,26636.98000000,26690.05,519.80287,26688.423827737723,26681.648054385438,26626.606879117637,26646.970610610933,26760.89759788522,13873564.5904435,26709.477670603,26562.1252527984,26555.9290446313,26733.3664701625,27100.26555678114,26454.42368388322,
640,640,640,2023-05-27 16:00:00,26690.06000000,26694.26000000,26620.35000000,26664.07,526.03404,26683.995859058137,26679.973953967776,26628.076021113025,26647.309212381013,26759.9341391998,14026208.4649428,26701.4150200048,26569.5386831547,26549.2786322867,26732.727061427,27114.919296547283,26469.07742364936,
641,641,641,2023-05-27 17:00:00,26664.07000000,26765.03000000,26663.62000000,26756.7,878.06118,26697.214793774838,26687.281196447035,26633.120098716437,26649.47536659129,26759.90195871025,23494019.574906003,26701.8835817462,26585.8935343499,26542.0044966153,26732.4233953175,27131.466290269676,26485.624417371753,
642,642,642,2023-05-27 18:00:00,26756.71000000,26846.00000000,26702.63000000,26702.64,972.08491,26698.201194906684,26688.743939642558,26635.84636935501,26650.528131609284,26759.332187976815,25957233.4011624,26700.7807889586,26596.3057641797,26535.5112137784,26731.9424225822,27149.851935617633,26504.01006271971,
643,643,643,2023-05-27 19:00:00,26702.64000000,26765.73000000,26702.63000000,26729.6,405.54357,26703.910068560013,26692.634993009935,26639.522982321483,26652.09391118138,26759.03634531038,10840017.408672,26702.175770221,26604.3257905763,26529.3428310552,26731.4481064464,27169.971302718386,26524.129429820463,
644,644,644,2023-05-27 20:00:00,26729.60000000,26751.52000000,26726.01000000,26751.52,338.38058,26712.56641973092,26698.24308891375,26643.915022230445,26654.06274462333,26758.961555804803,9052194.8534816,26703.31201047,26611.5835692988,26523.4594634703,26730.5036805277,27191.675122319262,26545.83324942134,
645,645,645,2023-05-27 21:00:00,26751.52000000,26774.95000000,26733.84000000,26771.27,329.47792,26723.239797961658,26705.198032826727,26648.909335084154,26656.38368037336,26759.084027886347,8820542.3553584,26708.0500572938,26621.1743238824,26519.0422163319,26730.0079019542,27214.779264488498,26568.937391590574,
646,646,646,2023-05-27 22:00:00,26771.28000000,26835.93000000,26761.88000000,26803.28,773.85827,26737.792561968625,26714.539172557514,26654.963086649484,26659.292518385766,26759.5237888029,20741939.891125597,26713.4000733578,26626.0512016403,26514.5483824714,26729.6496815556,27239.077325385995,26593.235452488072,
647,647,647,2023-05-27 23:00:00,26803.28000000,26895.00000000,26803.27000000,26854.27,627.54561,26758.97027797433,26727.84687040918,26662.77904403578,26663.15345861575,26760.46653717302,16852279.2482547,26719.1846638901,26630.7867214785,26510.7850753579,26725.7257680976,27264.355597519563,26618.51372462164,
648,648,648,2023-05-28 00:00:00,26854.28000000,27119.50000000,26764.36000000,27072.42,2783.3021,26815.961136524453,26760.663358941638,26678.843395250064,26671.25774656395,26763.570551728513,75350723.438082,26782.7312087428,26655.4989815237,26516.0220775738,26728.788609252,27290.40938500049,26644.567512102567,
649,649,649,2023-05-28 01:00:00,27072.41000000,27165.62000000,27070.83000000,27093.94,2381.56573,26866.50274806546,26792.403991423387,26695.121693475554,26679.627692176546,26766.85780992027,64525998.994676195,26827.6609675159,26677.1320737645,26523.0628500722,26731.2357052594,27317.059376376812,26671.21750347889,
650,650,650,2023-05-28 02:00:00,27093.94000000,27129.64000000,27072.16000000,27100.01,894.21219,26908.95861205356,26821.699801764014,26710.999666280433,26687.952094311662,26770.172757085245,24233159.291121896,26844.1857663841,26688.1308061381,26523.9440461737,26731.9680064606,27344.166637623515,26698.324764725592,
651,651,651,2023-05-28 03:00:00,27100.00000000,27247.10000000,27100.00000000,27187.23,1945.12459,26959.553409862005,26856.51220159601,26729.675365641986,26697.83878551341,26774.32258039783,52882549.606985696,26882.7824144491,26716.0824468943,26530.551972544,26735.0564224256,27371.64476370781,26725.802890809886,
652,652,652,2023-05-28 04:00:00,27187.24000000,27285.52000000,27167.97000000,27167.97,1840.13486,26997.44733534164,26886.174849063056,26746.863390518774,26707.148314513146,26778.23947014512,49992728.672434196,26912.2719622164,26734.2972656074,26534.9878264334,26737.9643809668,27399.467844759318,26753.625971861395,
653,653,653,2023-05-28 05:00:00,27167.98000000,27190.81000000,27128.41000000,27164.75,1459.78402,27027.86600164316,26912.705815818954,26763.25110069451,26716.209734027736,26782.085346064076,39654667.957295,26937.0735828183,26748.7770604835,26538.3684702054,26740.040017733,27427.673164324347,26781.831291426424,
654,654,654,2023-05-28 06:00:00,27164.75000000,27228.91000000,27164.75000000,27184.9,1455.13251,27056.41763770804,26938.629071455245,26779.78635164767,26725.490729393525,26786.09345207339,39557631.771099,26958.3865227793,26762.926447288,26542.0307327423,26742.3350533029,27456.357939154273,26810.51606625635,
655,655,655,2023-05-28 07:00:00,27184.90000000,27229.15000000,27182.01000000,27226.37,863.34309,27087.31806721567,26966.032969411892,26797.29943589678,26735.40913079167,26790.47431324679,23505698.4052833,26977.4588626218,26775.8222741329,26535.7372700403,26743.7554227361,27485.669903990754,26839.82803109283,
656,656,656,2023-05-28 08:00:00,27226.38000000,27247.42000000,27178.36000000,27197.63,986.50776,27107.374782267365,26988.0898294679,26812.99867370475,26744.562019290846,26794.525613612495,26830673.0486088,26992.5953560859,26789.0875096232,26535.9961759051,26745.2736755911,27515.792099163504,26869.95022626558,
657,657,657,2023-05-28 09:00:00,27197.63000000,27198.99000000,27136.01000000,27156.68,703.64548,27116.33936730966,27004.146036185244,26826.476372775156,26752.722771384095,26798.129139845205,19108675.1338064,27005.2022516398,26801.349254162,26535.9567758904,26746.2787503534,27546.922782152084,26901.08090925416,
658,658,658,2023-05-28 10:00:00,27156.69000000,27218.94000000,27147.19000000,27212.35,628.63901,27133.795845980632,27023.97498511998,26841.608671882015,26761.824300663615,26802.250740443764,17106744.763773497,27030.9335870039,26815.7069976522,26536.8795074487,26747.2968571408,27579.25190040478,26933.410027506856,
659,659,659,2023-05-28 11:00:00,27212.34000000,27344.23000000,27153.75000000,27153.76,1795.88389,27137.42569216597,27036.335462727602,26853.84990043566,26769.585403620767,26805.748345016465,48765000.1369264,27054.2891926674,26834.0400255638,26543.0721473405,26749.9678920699,27612.93597634178,26967.09410344386,
660,660,660,2023-05-28 12:00:00,27153.76000000,27187.37000000,27100.02000000,27142.48,1070.92681,27138.344657226702,27046.444466277353,26865.168727869557,26776.969455034217,26809.09890874765,29067609.521888796,27066.2836227486,26846.0540348607,26545.5744219592,26751.4245598826,27648.073518132765,27002.231645234842,
661,661,661,2023-05-28 13:00:00,27142.49000000,27226.46000000,27134.75000000,27181.31,928.51519,27146.156537730938,27059.288802822368,26877.56642481585,26784.976198498887,26812.802501695434,25238259.2190989,27079.5155308043,26860.3077226347,26547.2284915692,26752.7947601186,27684.683145641306,27038.841272743382,
662,662,662,2023-05-28 14:00:00,27181.31000000,27239.99000000,27168.09000000,27190.21,975.37554,27154.166258143494,27071.757488267856,26889.826957176014,26793.00063021178,26816.557800186027,26520665.7614634,27095.7173905167,26882.0018563893,26550.2946832809,26754.2240144871,27722.6864913605,27076.844618462575,
663,663,663,2023-05-28 15:00:00,27190.21000000,27280.00000000,27171.56000000,27272.17,1084.12486,27175.62148393558,27090.84439414711,26904.820801992642,26802.48913258382,26821.091254910545,29566437.483146194,27119.3423216386,26903.3318208183,26554.2895789722,26756.239638316,27761.897603458274,27116.05573056035,
664,664,664,2023-05-28 16:00:00,27272.17000000,27344.00000000,27224.70000000,27252.27,1293.84044,27189.557577765474,27106.218261371192,26918.44626073803,26811.395684413845,26825.38159068258,35260089.0077988,27132.4605097475,26929.3977873023,26559.3235075765,26758.4133473903,27802.020066441863,27156.17819354394,
665,665,665,2023-05-28 17:00:00,27252.26000000,27424.44000000,27212.91000000,27351.59,1824.71681,27219.01801817175,27129.58699838346,26935.4322897287,26822.092601554166,26830.617495252904,49908906.053227894,27152.3043492676,26955.1654001095,26574.3795972027,26762.2550042742,27842.65240951585,27196.810536617926,
666,666,666,2023-05-28 18:00:00,27351.59000000,27746.33000000,27314.49000000,27589.75,5361.54706,27286.423833049615,27173.412046156463,26961.091807778554,26837.293738157052,26838.17105251407,147923742.998635,27230.306408553,27023.4518604389,26628.0395587506,26778.569538974,27883.301655524225,27237.4597826263,
667,667,667,2023-05-28 19:00:00,27589.76000000,27630.36000000,27477.56000000,27525.99,1660.16644,27329.981317949685,27206.990898903467,26983.244678061747,26850.931287896517,26845.015022140797,45697724.8257756,27255.5287717712,27049.0605838243,26653.0716301001,26783.0230757759,27923.404147199915,27277.562274301992,
668,668,668,2023-05-28 20:00:00,27525.99000000,27593.84000000,27525.99000000,27554.48,835.87875,27370.79926014065,27240.085099007898,27005.646063235796,26864.86294556193,26852.07437515432,23032204.2993,27270.8372527751,27069.0459058828,26666.2273471527,26785.1359083016,27962.35214745851,27316.510274560587,
669,669,669,2023-05-28 21:00:00,27554.47000000,27956.00000000,27548.68000000,27835.02,2628.63416,27455.203031024168,27296.745565769048,27038.170531344196,26884.073976342883,26861.85492863537,73168084.4162832,27333.2354368502,27115.2398800643,26696.0042765593,26795.0362594767,27999.524214983754,27353.68234208583,
670,670,670,2023-05-28 22:00:00,27835.03000000,28175.00000000,27835.02000000,28090.39,5264.43925,27570.691570837953,27372.33074998152,27079.434039918935,26907.961422355897,26874.079158201188,147880151.6638075,27461.5683527591,27210.690239348,26756.5515301263,26819.4209890108,28034.317057854776,27388.475184956853,sell
671,671,671,2023-05-28 23:00:00,28090.39000000,28261.32000000,28050.69000000,28065.0,3250.56801,27660.565830685595,27438.29924998328,27118.08368541231,26930.873077358752,26885.929116826053,91227191.20064999,27521.9220471526,27262.4789545492,26796.2256339917,26833.5669820565,28066.176495861277,27420.334622963353,
672,672,672,2023-05-29 00:00:00,28065.01000000,28447.14000000,28065.00000000,28192.53,5865.77291,27757.286588742754,27510.13074998487,27160.218835003987,26955.856382757585,26898.93012063873,165370978.73836228,27631.6615782532,27350.2581403469,26862.7632667577,26861.4287862671,28094.625318474213,27448.78344557629,sell
673,673,673,2023-05-29 01:00:00,28192.52000000,28214.68000000,28133.71000000,28166.57,2156.43484,27831.70175442589,27572.648773795834,27199.68358657246,26979.830909831693,26911.54345277168,60739372.8712988,27679.334787409,27380.3986317092,26886.9926794943,26869.8327436288,28119.28618445005,27473.444311552128,sell
674,674,674,2023-05-29 02:00:00,28166.57000000,28179.00000000,28096.00000000,28096.01,1428.54515,27879.757799075727,27622.492700100993,27234.83364200099,27001.93346607265,26923.329189560023,40136418.819851495,27711.3447151969,27403.6431750595,26902.0201540261,26874.8298013753,28139.89822099929,27494.056348101367,
675,675,675,2023-05-29 03:00:00,28096.01000000,28134.25000000,27914.28000000,27954.99,2727.71419,27893.436381061958,27654.159109615186,27263.075067804875,27020.80587268507,26933.594471255943,76253222.90430811,27744.3580824388,27434.6626058805,26924.8509119599,26884.4918051955,28156.326579041648,27510.484706143725,
676,676,676,2023-05-29 04:00:00,27954.99000000,28004.41000000,27854.00000000,27947.07,2298.30663,27903.1879481416,27682.05538488993,27289.898398479196,27039.147736592295,26943.67880487529,64230936.2700741,27764.7532542011,27455.6264892912,26948.3110034341,26892.7082541983,28168.564813384608,27522.722940486685,
677,677,677,2023-05-29 05:00:00,27947.07000000,28047.01000000,27938.36000000,27990.72,1494.37831,27919.102866661306,27711.452014900413,27317.381598538836,27057.99075170928,26954.09712522479,41828724.8492832,27784.5675178662,27471.6490530593,26988.3579246957,26898.098917791,28176.730513947154,27530.88864104923,
678,678,678,2023-05-29 06:00:00,27990.71000000,28037.28000000,27982.59000000,28002.49,1003.4448,27934.264163631975,27739.16991824323,27344.24859467457,27076.693707120976,26964.52889512305,28098952.977552,27799.0588409803,27486.2010967579,27001.5891849503,26901.737266744,28181.05506150441,27535.213188606485,
679,679,679,2023-05-29 07:00:00,28002.49000000,28002.55000000,27841.00000000,27907.87,1855.23496,27929.465224789798,27755.236592696256,27366.351394883408,27093.15264361363,26973.915373778542,51775656.083135195,27811.2520906264,27501.0663968703,27020.8939943348,26907.7547336508,28181.868684723282,27536.02681182536,
680,680,680,2023-05-29 08:00:00,27907.86000000,27945.00000000,27846.72000000,27900.61,1186.17515,27924.218820282564,27769.081679106137,27387.302712731118,27109.14189819554,26983.1362158305,33095010.2518415,27839.1075039845,27513.2090311213,27034.5555912715,26910.1461430924,28179.582144173688,27533.740271275765,
681,681,681,2023-05-29 09:00:00,27900.60000000,27944.77000000,27857.22000000,27939.95,907.5865,27927.07903477664,27785.3548525246,27408.975155369113,27125.593543775827,26992.656750996364,25357921.430675,27857.3029175396,27522.8600593093,27045.1468790098,26912.6564645184,28174.666375743764,27528.82450284584,
682,682,682,2023-05-29 10:00:00,27939.96000000,27971.01000000,27745.78000000,27857.59,1871.39317,27914.444664817252,27792.234390379403,27426.567894374246,27140.088523107,27001.263051981477,52132503.6586603,27870.6763415518,27538.3942397279,27060.85042353,26918.2278191259,28167.63132022097,27521.789447323048,
683,683,683,2023-05-29 11:00:00,27857.60000000,27936.53000000,27842.93000000,27913.87,1062.90718,27914.340180305026,27803.818734152792,27445.677780869373,27155.41092859003,27010.343718130916,29669852.844586596,27885.7548326154,27548.4593982145,27075.4399874865,26921.5153572726,28159.00498745651,27513.163114558585,
684,684,684,2023-05-29 12:00:00,27913.87000000,27949.70000000,27862.92000000,27876.98,972.08024,27907.547420249568,27810.78647375729,27462.591593384303,27169.699425053594,27018.96696471668,27098661.4088752,27899.7415422413,27560.2170980033,27088.6663474811,26924.3514532621,28149.313593838226,27503.471720940302,
685,685,685,2023-05-29 13:00:00,27876.98000000,27944.13000000,27862.44000000,27903.12,1134.13561,27906.742434749645,27819.58014292326,27479.867217173156,27184.2226047555,27027.764507356318,31645922.0221032,27917.7273386304,27570.1877727867,27100.3759911728,26927.7298644945,28139.063406114077,27493.221533216154,
686,686,686,2023-05-29 14:00:00,27903.12000000,27932.53000000,27699.00000000,27787.77,2069.21576,27885.111082976982,27816.550605501994,27491.941836107544,27196.174038324698,27035.326751064214,57498891.6192552,27933.9734895555,27582.445770902,27115.8828093145,26933.4936128215,28128.724747077595,27482.88287417967,
687,687,687,2023-05-29 15:00:00,27787.77000000,27841.94000000,27588.00000000,27630.51,3367.56031,27838.819976981165,27798.832452597042,27497.375881750388,27204.77475043708,27041.24897244666,93047408.8210581,27952.260087461,27598.1089625069,27134.4827809744,26941.1255582489,28118.71847998271,27472.876607084785,
688,688,688,2023-05-29 16:00:00,27630.50000000,27673.64000000,27545.53000000,27597.24,3363.29117,27794.89634480277,27779.633171397323,27501.292121681745,27212.546339537334,27046.781221477042,92817553.60837081,27941.8553342548,27607.7859151025,27161.9961563314,26948.2796275001,28109.405187056745,27463.563314158822,
689,689,689,2023-05-29 17:00:00,27597.24000000,27737.99000000,27524.60000000,27689.14,2206.1068,27775.667918474996,27771.014774121388,27508.658705145208,27221.983837764317,27053.172851114086,61085200.040152,27936.9977341588,27615.4432326126,27181.2641639611,26953.4666845836,28101.0771823742,27455.235309476277,
690,690,690,2023-05-29 18:00:00,27689.14000000,27719.02000000,27612.36000000,27635.45,1185.41365,27750.173751479542,27758.103843252684,27513.630912786575,27230.17128652146,27058.966653590564,32759439.6538925,27935.0822575141,27621.5102612787,27195.8507284747,26956.1301986954,28093.95343569163,27448.111562793707,
691,691,691,2023-05-29 19:00:00,27635.46000000,27706.62000000,27621.51000000,27637.94,847.85027,27729.767614846896,27746.65966770481,27518.505778951807,27238.245914511135,27064.72758241056,23432834.8912438,27909.7701594335,27630.4638109925,27213.6575088508,26959.1098442291,28088.177417403618,27442.335544505695,
692,692,692,2023-05-29 20:00:00,27637.94000000,27697.70000000,27627.81000000,27682.77,620.80317,27721.222593965642,27740.574937447207,27524.947513110557,27247.048371649526,27070.87725820747,17185551.3703809,27893.4794805967,27641.3269578668,27225.834264854,26960.770201429,28083.817795965217,27437.975923067293,
693,693,693,2023-05-29 21:00:00,27682.78000000,27724.72000000,27650.00000000,27666.7,548.09133,27711.309395062795,27733.539229118902,27530.506434165047,27255.35830488419,27076.80584270292,15163878.399711,27838.724578797,27645.7798586725,27237.3900663911,26962.2097842349,28080.871825029015,27435.02995213109,
694,694,694,2023-05-29 22:00:00,27666.70000000,27693.33000000,27554.57000000,27689.22,1053.68751,27707.29314141501,27729.318350155198,27536.73049557034,27263.949625579553,27082.89951590986,29175785.2756422,27812.6882449136,27649.7899932823,27249.9322597214,26964.9443909554,28079.27115207012,27433.429279172196,
695,695,695,2023-05-29 23:00:00,27689.22000000,27818.00000000,27681.76000000,27736.4,1159.28984,27712.58529752137,27729.99279299756,27544.56067221464,27273.30507853837,27089.402008288867,32154526.718176,27797.7138073978,27654.2352207913,27271.3484290385,26968.1758244202,28078.889672551293,27433.04779965337,
696,696,696,2023-05-30 00:00:00,27736.39000000,27768.15000000,27584.45000000,27709.55,1142.62432,27712.033425244757,27728.045860331127,27551.030841931715,27281.943591834643,27095.572635072065,31661605.726255998,27780.8158882267,27662.429948308,27279.5178831396,26971.1877475789,28079.55295550579,27433.711082607868,
697,697,697,2023-05-30 01:00:00,27709.55000000,27795.55000000,27699.76000000,27766.03,805.67337,27721.850984291163,27731.663397442448,27559.462181463805,27291.52946130326,27102.24385263354,22370350.9616211,27767.619107893,27669.1226040176,27286.1853034887,26973.5950654903,28081.048689516367,27435.206816618444,
698,698,698,2023-05-30 02:00:00,27766.03000000,27795.39000000,27722.74000000,27783.43,678.01949,27733.047168965495,27736.593550066973,27568.245233171107,27301.27006602993,27109.02182424913,18837707.039050702,27756.5078632143,27689.3015754175,27291.9592341786,26975.6274235083,28083.137551940494,27437.29567904257,
699,699,699,2023-05-30 03:00:00,27783.43000000,27940.55000000,27773.69000000,27829.23,1430.88893,27750.534956426312,27745.416069108214,27578.479929909496,27311.724718187754,27116.188074754114,39820537.1374239,27751.6628769118,27708.2949223412,27302.3203395022,26979.8356412155,28085.563894942035,27439.722022044112,
700,700,700,2023-05-30 04:00:00,27829.23000000,27848.09000000,27760.38000000,27776.19,733.62881,27755.199509803344,27748.346919669333,27586.233265991475,27320.922050500863,27122.755258089896,20377413.216033902,27742.0741144899,27715.2774385464,27311.3379944069,26982.092568534,28088.06567195105,27442.22379905313,
701,701,701,2023-05-30 05:00:00,27776.18000000,27776.19000000,27672.93000000,27753.38,969.42806,27754.8686898391,27748.826260653204,27592.78803987416,27329.485574253322,27129.03013114373,26904905.3318428,27735.7785891405,27727.9361057941,27327.7798107105,26986.2671034098,28090.383097105918,27444.541224207995,
702,702,702,2023-05-30 06:00:00,27753.38000000,27821.86000000,27752.88000000,27795.81,835.43097,27762.31256441381,27753.300902495757,27600.749685369294,27338.71972129781,27135.66475670449,23221480.5102357,27730.9616588997,27741.0255782055,27334.6706746116,26988.9148772082,28092.265635423362,27446.42376252544,
703,703,703,2023-05-30 07:00:00,27795.82000000,27848.28000000,27729.10000000,27733.22,1013.19295,27757.023007247662,27751.3884355914,27605.94459966854,27346.531608004785,27141.610580020864,28099102.984799,27722.3333814418,27751.1135547742,27341.8093851746,26991.7622096263,28093.477058666944,27447.63518576902,
704,704,704,2023-05-30 08:00:00,27733.22000000,27817.81000000,27712.19000000,27781.78,1052.95799,27761.524278657176,27754.282870296982,27612.840105563893,27355.150388044294,27147.980424995785,29253047.2274222,27717.1478676819,27761.529179972,27348.8574208827,26996.5605788981,28093.798465283504,27447.95659238558,
705,705,705,2023-05-30 09:00:00,27781.77000000,27893.00000000,27781.77000000,27852.33,1019.62795,27778.034409810418,27763.62069217346,27622.231866130016,27364.9955288751,27154.988878478416,28399014.140623502,27716.5041025935,27768.2631163744,27358.4763906898,27001.3232791147,28093.029344159313,27447.18747126139,
706,706,706,2023-05-30 10:00:00,27852.34000000,28037.22000000,27852.33000000,27900.18,2404.59354,27800.242698935792,27776.626340537892,27633.131792948447,27375.593241174603,27162.403715508484,67088592.5928372,27724.5728262875,27778.7686955524,27374.3909392387,27010.1732786947,28090.98694984579,27445.145076947865,
707,707,707,2023-05-30 11:00:00,27900.18000000,28038.59000000,27856.85000000,28021.4,1991.33792,27840.4531173111,27799.93811762952,27648.357997146548,27388.38149382461,27170.950942219846,55800076.391488,27740.7642698789,27789.5942892112,27392.8694566242,27017.5926606711,28087.504435846226,27441.662562948302,
708,708,708,2023-05-30 12:00:00,28021.39000000,28027.78000000,27794.73000000,27903.51,2403.11474,27851.918005072715,27809.802106426712,27658.363958042763,27398.58205830333,27178.240087073384,67055336.178737395,27768.5226205468,27796.9253201688,27412.1723331292,27025.4202612687,28082.428343245672,27436.58647034775,
709,709,709,2023-05-30 13:00:00,27903.52000000,27969.65000000,27755.01000000,27800.01,2335.85353,27842.480185968583,27808.869524862264,27663.918704786185,27406.53112645574,27184.42685237614,64936751.49253529,27793.0945506647,27810.2264029084,27426.2830777454,27032.1766538856,28075.61614279775,27429.774269899826,
710,710,710,2023-05-30 14:00:00,27800.02000000,27865.00000000,27621.00000000,27622.65,2909.60156,27802.51106124702,27791.13433201824,27662.300324206335,27410.81070811008,27188.787281705732,80370905.53133401,27783.2721487667,27812.1243680377,27436.3269394529,27038.7734648194,28066.93455857967,27421.092685681746,
711,711,711,2023-05-30 15:00:00,27622.65000000,27738.01000000,27615.00000000,27673.08,1775.51775,27778.978141020285,27779.891062302217,27662.723056590403,27416.00415943463,27193.60611472359,49134044.73717,27782.535876524,27815.8865448513,27447.7540535189,27042.9788447987,28056.259344212707,27410.417471314784,
712,712,712,2023-05-30 16:00:00,27673.08000000,27743.48000000,27554.00000000,27713.43,1956.96687,27767.06029719841,27773.561437321052,27664.711564175093,27421.89378003988,27198.778491691515,54234264.3640641,27782.097523091,27820.3870990767,27465.696646359,27047.7115665443,28043.477031191404,27397.63515829348,
713,713,713,2023-05-30 17:00:00,27713.43000000,27776.15000000,27625.14000000,27696.12,1545.38259,27754.162061344156,27766.186062338093,27665.943267540777,27427.32400221731,27203.72716341598,42801101.6585508,27779.7052656958,27824.7833371193,27481.7758348329,27051.3039143086,28028.488928554958,27382.647055657035,
714,714,714,2023-05-30 18:00:00,27696.12000000,27799.00000000,27664.32000000,27765.84,1204.83819,27756.28532291794,27766.15310402018,27669.860786460747,27434.027289302114,27209.320325969056,33453344.4094296,27781.1920947967,27832.1091231843,27514.3013883616,27054.5444497093,28011.217344016368,27365.375471118445,
715,715,715,2023-05-30 19:00:00,27765.84000000,27862.84000000,27750.80000000,27850.2,1102.54064,27773.360718751042,27774.157570303974,27676.932912481898,27442.268333078307,27215.69723814847,30705977.332128,27786.8695142907,27841.9964250137,27531.8334905711,27057.8559196501,27991.61365262682,27345.771779728897,
716,716,716,2023-05-30 20:00:00,27850.21000000,27855.13000000,27751.51000000,27762.51,867.54354,27771.387860796305,27773.04827789407,27680.288876698294,27448.60975222527,27221.138161151972,24085186.204685397,27788.107996299,27856.8852362389,27540.0585004887,27060.8425303927,27969.66750424497,27323.82563134705,
717,717,717,2023-05-30 21:00:00,27762.52000000,27842.00000000,27655.14000000,27719.37,872.5504,27761.930067924244,27767.93606095178,27681.821469768947,27453.97134129012,27226.095691886778,24186547.381247997,27789.1038577408,27861.9118227868,27551.1943991199,27063.2757443598,27945.416183799043,27299.57431090112,
718,718,718,2023-05-30 22:00:00,27719.38000000,27758.91000000,27651.17000000,27738.52,856.88406,27757.67369193802,27765.134531337324,27684.044941542714,27459.605968195265,27231.19444122124,23768695.6359912,27788.277603038,27863.6820486035,27563.8623425461,27066.1144259092,27918.95296338137,27273.111090483446,
719,719,719,2023-05-30 23:00:00,27738.52000000,27742.96000000,27673.44000000,27694.4,778.55554,27746.169384312925,27758.397909305197,27684.451022266527,27464.255354963676,27235.803451756354,21561628.546976,27785.9555423281,27863.0066646939,27572.9773053563,27068.595138822,27890.433246114757,27244.591373216834,
720,720,720,2023-05-31 00:00:00,27694.39000000,27757.42000000,27657.99000000,27754.78,653.06905,27747.73495080148,27758.053346514225,27687.20902139333,27470.00831823172,27240.967397510023,18125787.807559,27783.1456594126,27846.9545946139,27579.3954278401,27070.7446837573,27860.077414346175,27214.23554144825,
721,721,721,2023-05-31 01:00:00,27754.79000000,27835.51000000,27738.67000000,27742.09,1115.07427,27746.708596110304,27756.533027798585,27689.36121663281,27475.39607430634,27245.95369206216,30934490.755024303,27781.7743961932,27836.208891465,27584.901157135,27074.1340332228,27828.169553638378,27182.327680740455,
722,722,722,2023-05-31 02:00:00,27742.09000000,27742.09000000,27571.04000000,27673.47,1957.15814,27733.39248772661,27748.62226324634,27688.738031666817,27479.31833026067,27250.207585673485,54161357.072545804,27775.7570480052,27803.1834115247,27589.2562432276,27078.5344430348,27795.051602531756,27149.209729633832,
723,723,723,2023-05-31 03:00:00,27673.47000000,27690.44000000,27600.00000000,27657.3,864.36479,27719.557489958133,27739.924904841926,27687.505167679883,27482.842719760458,27254.258256462803,23905996.306467,27771.8737318634,27790.4849098286,27592.2518161349,27080.7908385541,27761.112931766787,27115.271058868864,
724,724,724,2023-05-31 04:00:00,27657.29000000,27677.67000000,27250.88000000,27257.7,4851.38937,27635.583400874835,27693.99872342841,27670.65006306499,27478.384448082033,27254.292502667155,132237716.030649,27700.7448229741,27750.2357254207,27585.869715138,27083.8681028596,27726.775830289076,27080.933957391153,
725,725,725,2023-05-31 05:00:00,27257.70000000,27282.58000000,27021.00000000,27088.15,5956.78206,27536.05005526123,27636.298845006655,27647.806923336953,27470.657033268526,27252.639343436636,161358205.958589,27606.0172654037,27692.7274519093,27571.3811857693,27084.2830876984,27692.477811103352,27046.63593820543,
726,726,726,2023-05-31 06:00:00,27088.16000000,27188.97000000,26968.49000000,27163.37,2753.03347,27468.29004521373,27591.258002625065,27628.809396931585,27464.572141520635,27251.751091263137,74781666.7679939,27570.3052268977,27666.7973864984,27566.4313048401,27085.2144120128,27658.65199622818,27012.81012333026,
727,727,727,2023-05-31 07:00:00,27163.36000000,27206.35000000,27117.71000000,27167.9,1291.59774,27413.673673356687,27550.938192851252,27610.734518620542,27458.69744564894,27250.91675204659,35089998.240546,27537.5165919854,27652.4303439295,27565.7735905938,27085.9640178092,27625.707058226122,26979.8651853282,
728,728,728,2023-05-31 08:00:00,27167.91000000,27203.73000000,27107.62000000,27136.93,1843.63071,27363.35664183729,27511.50884115113,27592.153949262873,27452.32581306183,27249.782555508813,50030477.5231203,27494.8523492089,27636.0332976676,27564.4719726189,27086.9362236973,27594.0082654008,26948.166392502877,
729,729,729,2023-05-31 09:00:00,27136.92000000,27157.58000000,27044.86000000,27133.28,1840.55232,27321.524525139597,27475.487046755785,27574.158892429034,27446.008074189318,27248.623326100766,49940221.4532096,27452.9651603131,27618.0204107363,27561.5841378596,27088.0986998811,27563.86109709534,26918.01922419742,
730,730,730,2023-05-31 10:00:00,27133.27000000,27142.76000000,27046.20000000,27056.53,1368.46166,27273.34370238694,27435.586375636187,27553.859720176915,27438.29563707666,27246.711949721655,37025823.9576398,27417.6951281842,27604.1478639871,27560.1306206289,27087.6609761084,27535.49868000412,26889.656807106196,
731,731,731,2023-05-31 11:00:00,27056.52000000,27130.00000000,26994.33000000,27097.18,1999.06572,27241.313938316584,27403.35719700417,27535.950711542526,27431.54087198603,27245.22406962492,54169043.646669604,27384.6669829866,27587.8013056677,27556.4846149598,27082.9051766556,27509.073974282986,26863.232101385063,
732,732,732,2023-05-31 12:00:00,27097.18000000,27119.00000000,27043.92000000,27072.34,1378.73155,27210.591404077204,27371.831749670437,27517.769899325172,27424.427983431855,27243.503830126167,37325489.290327,27359.2286672731,27572.6352169882,27555.9350334079,27079.8130002592,27484.657245223778,26838.815372325855,
733,733,733,2023-05-31 13:00:00,27072.34000000,27231.34000000,27060.00000000,27117.11,1938.22341,27193.594785154073,27347.572535416108,27502.05774641046,27418.34247880944,27242.24618007516,52559017.4135451,27327.8448050797,27557.2621323653,27552.9750276264,27077.6823042927,27462.238930288,26816.397057390077,
734,734,734,2023-05-31 14:00:00,27117.10000000,27119.24000000,26851.00000000,27033.86,5162.13378,27164.55209694424,27317.695151090764,27483.697050472794,27410.72896437757,27240.172685746053,139552401.9097908,27276.5189071074,27521.9086531254,27540.1202645351,27075.4574688877,27441.73758837144,26795.895715473518,
735,735,735,2023-05-31 15:00:00,27033.87000000,27064.03000000,26880.58000000,26911.54,2045.34009,27118.549897499834,27279.01370812974,27461.259519081705,27400.844034389895,27236.902708773454,55043251.6456386,27244.3221468792,27502.3937130128,27534.5918305298,27073.2454300226,27423.012229925196,26777.170357027273,
736,736,736,2023-05-31 16:00:00,26911.55000000,26979.04000000,26839.01000000,26936.01,1810.52658,27085.360825227133,27246.346688307858,27440.66149872556,27391.63940004554,27233.908751472227,48768362.064145796,27215.2681975497,27483.5746161741,27531.0648892574,27071.5532399137,27405.877999340035,26760.03612644211,
737,737,737,2023-05-31 17:00:00,26936.00000000,27084.51000000,26916.35000000,27055.4,1785.13173,27079.913402458566,27228.161289421398,27425.553204657892,27384.981194104046,27232.132544989916,48297453.007842004,27197.6405976662,27468.635379236,27532.3099482033,27070.7373140003,27390.12393608287,26744.282063184946,
738,738,738,2023-05-31 18:00:00,27055.39000000,27093.32000000,27020.10000000,27037.06,947.99679,27072.121874738823,27209.96116661936,27410.318177024248,27378.091665507927,27230.19152464176,25631046.091037404,27183.5781579987,27458.3548834292,27534.052390736,27069.8881762583,27375.53139511936,26729.689522221437,
739,739,739,2023-05-31 19:00:00,27037.06000000,27123.43000000,27000.20000000,27010.57,1064.24189,27060.930624786306,27190.971531703228,27394.64177792526,27370.814008765195,27228.006235839355,28745780.0667773,27168.3807746139,27446.1449534468,27533.341150864,27068.9495620579,27361.891672173922,26716.049799276,
740,740,740,2023-05-31 20:00:00,27010.57000000,27116.13000000,27005.16000000,27114.2,835.43916,27070.61596573425,27183.659957255302,27383.644061143877,27365.732543245093,27226.873835482747,22652264.472072,27157.9164493188,27439.9029223321,27533.9833288537,27068.0840035802,27349.02146182509,26703.179588927167,
741,741,741,2023-05-31 21:00:00,27114.19000000,27119.77000000,27045.61000000,27090.79,644.01902,27074.283971964385,27174.815199421464,27372.159588157843,27360.28813644816,27225.519767467995,17446984.0268258,27147.9510872962,27435.0043483891,27536.3675903754,27067.1497105606,27336.77497539931,26690.933102501385,
742,742,742,2023-05-31 22:00:00,27090.78000000,27193.24000000,27084.92000000,27183.98,999.11868,27094.2287043345,27175.6880375718,27364.77999646538,27356.796886221462,27225.106436448412,27160022.2147464,27133.49432422,27429.9813536168,27539.1194802574,27066.3609783055,27325.051850710606,26679.209977812683,
743,743,743,2023-05-31 23:00:00,27183.97000000,27299.99000000,27159.63000000,27210.35,1483.72375,27115.341667182773,27178.989176850675,27358.72391817262,27353.896947880443,27224.959606234996,40372642.5408125,27111.49926773,27424.3901905982,27538.1680264295,27066.024644135,27313.800375386243,26667.95850248832,
744,744,744,2023-06-01 00:00:00,27210.36000000,27350.00000000,27023.35000000,27065.77,2772.82443,27106.328636785904,27168.20639810299,27347.235529224676,27348.191463764,27223.375630053553,75048628.2727611,27098.1299599359,27409.0858486878,27532.0315840714,27065.3321969226,27303.015986968163,26657.17411407024,
745,745,745,2023-06-01 01:00:00,27065.76000000,27165.47000000,27059.74000000,27078.56,1785.47203,27101.27979373392,27159.668645902704,27336.699233960964,27342.85222685778,27221.934678510734,48348011.4926768,27078.7304224882,27397.5201558336,27528.7727670063,27064.9415211983,27292.73546385621,26646.893590958287,
746,746,746,2023-06-01 02:00:00,27078.56000000,27114.16000000,26640.00000000,26719.26,3775.37874,27031.82164941866,27117.724965340545,27312.48593066838,27330.503865929903,27216.9329404161,100875326.1525324,27042.974315795,27363.7820244296,27514.4791132685,27060.5327918791,27283.027633714395,26637.185760816472,
747,747,747,2023-06-01 03:00:00,26719.26000000,26838.89000000,26605.05000000,26779.94,2879.51275,26986.02498588799,27085.554968641445,27291.601776524523,27319.60161115901,27212.58475195425,77113178.67423499,27015.5132013346,27341.1340590965,27504.8586498714,27057.5922556983,27273.981752939588,26628.139880041665,
748,748,748,2023-06-01 04:00:00,26779.93000000,26822.81000000,26746.00000000,26804.15,1223.77081,26952.95680663563,27058.754495437497,27272.486020582386,27309.3946485618,27208.520724571623,32802136.356861502,27004.0062625121,27330.3913102276,27506.8337645099,27056.0729098735,27265.694912195897,26619.853039297974,
749,749,749,2023-06-01 05:00:00,26804.14000000,26863.62000000,26784.89000000,26849.2,786.7396,26934.09193270188,27038.79692444345,27255.886568794842,27300.281883243744,27204.94539397887,21123328.86832,26994.4841047498,27318.0402283937,27509.5172380023,27055.3487621326,27258.259872488055,26612.417999590132,
750,750,750,2023-06-01 06:00:00,26849.20000000,26883.60000000,26778.08000000,26785.13,1305.19049,26907.007944937897,27014.63816973455,27237.425526881318,27290.08085585278,27200.76812637709,34959696.9494137,26980.5674534406,27306.4503019228,27506.1889551357,27054.0072118208,27251.754625815236,26605.912752917313,
751,751,751,2023-06-01 07:00:00,26785.14000000,26864.09000000,26764.16000000,26802.67,1298.07343,26888.037409494642,26994.450724997925,27220.376290533033,27280.42915573688,27196.806950990256,34791833.78005809,26971.7364932378,27294.2812563896,27504.5003462157,27052.7782174937,27246.234716569936,26600.392843672013,
752,752,752,2023-06-01 08:00:00,26802.66000000,26922.76000000,26790.96000000,26912.53,1139.4347,26892.49060776834,26986.6487511886,27208.303886982718,27273.14402394011,27193.978324612242,30665070.546791,26963.1497970879,27284.7552231839,27504.1804235876,27052.0266940098,27241.72898638206,26595.887113484136,
753,753,753,2023-06-01 09:00:00,26912.54000000,26951.07000000,26899.54000000,26908.63,1023.37411,26895.42504271955,26979.218393932544,27196.55196984614,27265.925924456147,27191.13903780018,27537595.2775693,26957.5283726817,27275.3939532992,27503.5187840137,27051.3948790057,27238.23896319382,26592.397090295897,
754,754,754,2023-06-01 10:00:00,26908.63000000,26934.83000000,26858.33000000,26860.0,894.7211,26888.98412586145,26967.864261177063,27183.353853381584,27257.887787338204,27187.844122001177,24032208.746,26946.4083087803,27265.2835276082,27502.8656923937,27050.658577363,27235.74166100593,26589.899788108007,
755,755,755,2023-06-01 11:00:00,26860.00000000,26905.02000000,26841.65000000,26892.96,1218.03791,26889.70701206846,26960.730522017344,27171.965859131327,27250.661494519627,27184.909951633006,32756644.7921136,26930.12297264,27253.5542874058,27499.9353969196,27055.2129687197,27234.195147166978,26588.353274269055,
756,756,756,2023-06-01 12:00:00,26892.95000000,26964.88000000,26782.53000000,26941.79,1939.00748,26899.17664623783,26958.926662777598,27162.939354851667,27244.545227301416,27182.49084763666,52240332.3345892,26932.0409613839,27229.3543506675,27495.403727558,27056.3277158264,27233.545919955726,26587.704047057803,
757,757,757,2023-06-01 13:00:00,26941.80000000,26971.07000000,26867.95000000,26891.74,1377.22419,26897.82452874004,26952.52793298926,27152.304086033953,27237.558985176634,27179.597804376597,37035954.8391906,26930.0302923669,27206.3090760436,27491.9892374869,27057.2454123354,27233.736958026184,26587.89508512826,
758,758,758,2023-06-01 14:00:00,26891.74000000,26981.34000000,26833.01000000,26898.08,2050.06214,26897.870978060033,26947.34241556171,27142.334514032624,27230.836629034522,27176.79663219375,55142735.4466912,26920.8295740474,27180.1676579856,27486.0398804753,27058.0124781113,27234.71527473042,26588.873401832498,
759,759,759,2023-06-01 15:00:00,26898.07000000,26947.24000000,26860.01000000,26894.48,1115.38165,26897.254436594572,26942.30789979393,27132.614729168603,27224.17610172691,27173.987511475407,29997609.478292,26916.4141169435,27159.8730480827,27485.6782388378,27059.2499738977,27236.43793408605,26590.596061188127,
760,760,760,2023-06-01 16:00:00,26894.47000000,27175.00000000,26795.06000000,27092.08,3182.53568,26932.67726630465,26956.571909337366,27131.025131946306,27221.560337336276,27173.172511361226,86221511.2454144,26930.0183665895,27141.9812013075,27480.6645157622,27060.907488876,27238.87574136279,26593.033868464867,
761,761,761,2023-06-01 17:00:00,27092.07000000,27137.42000000,26916.29000000,26956.94,2445.80688,26937.088672431077,26956.60696559095,27124.198264026843,27216.32033065635,27171.020944084004,65931469.3157472,26927.5274525092,27126.1202618164,27475.0315029394,27061.7804511892,27242.014173414547,26596.172300516624,
762,762,762,2023-06-01 18:00:00,26956.93000000,27048.43000000,26938.06000000,26964.77,907.67826,26942.12164107997,26957.38439743943,27117.94617524148,27211.33913598989,27168.968695884163,24475335.5149002,26925.523694476,27111.2152737219,27473.9901499049,27062.574353756,27245.851513671576,26600.009640773653,
763,763,763,2023-06-01 19:00:00,26964.76000000,26984.68000000,26656.00000000,26862.68,2438.22631,26927.67770633816,26948.36493101663,27107.935736996715,27204.434994683157,27165.9210471689,65497293.1331108,26914.4159326854,27094.0242924159,27466.8990393738,27062.1579761039,27250.39455029269,26604.552677394768,
764,764,764,2023-06-01 20:00:00,26862.68000000,26919.99000000,26828.82000000,26863.0,875.88118,26915.918123367584,26940.234937586472,27098.330413977237,27197.673905679527,27162.906907396078,23528796.13834,26901.1285029323,27082.4612636615,27465.4948011747,27063.0989420526,27255.6525308621,26609.810657964175,
765,765,765,2023-06-01 21:00:00,26862.99000000,26942.98000000,26855.77000000,26889.84,837.24211,26911.176646391657,26935.435419721096,27090.154319311467,27191.578184774982,27160.1898237404,22513306.3791624,26887.621545308,27070.9094413639,27463.9542369167,27073.551120769,27261.630298881748,26615.788425983825,
766,766,766,2023-06-01 22:00:00,26889.85000000,26902.43000000,26849.43000000,26880.97,751.81829,26905.684528865902,26930.248236890515,27081.9510126718,27185.427527650725,27157.411517036515,20209604.8989413,26877.284924579,27062.3833632767,27457.5341350722,27089.3574127036,27268.32163584713,26622.479762949206,
767,767,767,2023-06-01 23:00:00,26880.97000000,26883.51000000,26713.34000000,26817.93,1194.41453,26889.729159981194,26919.551261948563,27071.597247468988,27178.150348885367,27154.033591493862,32031725.2565229,26894.3069192093,27052.4884378854,27452.4571410138,27103.3208159752,27275.703785853493,26629.86191295557,
768,768,768,2023-06-02 00:00:00,26817.93000000,26824.64000000,26505.00000000,26786.03,3258.7619,26870.874767257337,26906.834951286794,27060.39853188197,27170.385589501497,27150.371864215318,87289294.01625699,26893.5543551917,27036.2806196876,27439.5806532224,27106.6642327212,27283.7339555371,26637.892082639177,
769,769,769,2023-06-02 01:00:00,26786.04000000,26849.09000000,26716.80000000,26811.9,1616.17119,26860.152082301458,26897.79352735472,27050.65349141601,27163.28686495691,27147.003984969397,43332620.329161,26892.8417847228,27026.6312477302,27427.7948050872,27111.3050783501,27292.34828813799,26646.506415240066,
770,770,770,2023-06-02 02:00:00,26811.89000000,26984.26000000,26811.89000000,26960.01,1391.57953,26878.308067337555,26903.718905701888,27047.098844693817,27159.261580502316,27145.143348303034,37516998.04459529,26896.8034141515,27020.4155420053,27403.5034185003,27116.1427412797,27301.463449754177,26655.621576856254,
771,771,771,2023-06-02 03:00:00,26960.01000000,27017.00000000,26932.16000000,27000.0,749.52898,26900.43387327618,26912.88853373028,27045.251831176414,27156.107885838905,27143.69913588211,20237282.46,26903.8402909985,27011.4096988626,27388.8950047533,27122.5135723681,27310.980591360927,26665.138718463004,
772,772,772,2023-06-02 04:00:00,27000.01000000,27120.00000000,26949.40000000,27068.27,1679.75278,26930.949532680508,26927.68676861311,27046.154504463615,27154.368521762888,27142.94859721662,45468001.7822906,26916.5411445634,26998.1878030306,27356.8105301629,27129.021249197,27320.791116857738,26674.949243959814,
773,773,773,2023-06-02 05:00:00,27068.27000000,27213.00000000,27064.96000000,27152.6,2395.14389,26971.24961764769,26949.107076364246,27050.328837621906,27154.33350152996,27143.04463107516,65034383.98761399,26933.6354813766,26996.0225065096,27343.1762454798,27132.2571422959,27330.78344402981,26684.941571131887,
774,774,774,2023-06-02 06:00:00,27152.60000000,27164.94000000,27068.00000000,27071.06,1558.53392,26989.396959893562,26960.721640520034,27051.141824381833,27152.684521301646,27142.32836608934,42191165.260355204,26940.7130598843,26983.0746827862,27334.0369098381,27133.858059921,27340.849826873084,26695.00795397516,
775,775,775,2023-06-02 07:00:00,27071.05000000,27114.16000000,27045.80000000,27049.65,1223.21395,27000.352058094733,26969.191008089558,27051.0833214649,27150.644233751118,27141.40619329243,33087509.222617503,26946.7198670533,26976.6144851523,27321.4785606287,27135.394209885,27350.892329953404,26705.05045705548,
776,776,776,2023-06-02 08:00:00,27049.65000000,27172.39000000,27049.38000000,27166.14,984.41797,27030.495320259324,26987.94805493817,27055.59534807412,27150.95108060753,27141.652300821857,26742836.3915358,26955.0054995194,26972.6445353753,27311.614194246,27139.9353014356,27360.827202248118,26714.985329350195,
777,777,777,2023-06-02 09:00:00,27166.13000000,27183.07000000,27068.47000000,27080.68,1108.38127,27039.6198074849,26996.77966875358,27056.57905991435,27149.559574060848,27141.045611261445,30015718.490863603,26959.9817057254,26971.0357946376,27303.7147756632,27156.412572857,27370.587162300217,26724.745289402294,
778,778,778,2023-06-02 10:00:00,27080.68000000,27104.20000000,27061.60000000,27096.99,603.14207,27050.050751578558,27006.32350982467,27058.16380266281,27148.518592396274,27140.60724697029,16343334.639369301,26965.4383718883,26968.2008975759,27298.5683166987,27159.6538425464,27380.12143510954,26734.279562211617,
779,779,779,2023-06-02 11:00:00,27096.98000000,27171.46000000,27072.55000000,27130.75,881.16869,27064.723342200636,27018.173651746132,27061.010320205445,27148.1667390815,27140.509164910884,23906767.436217498,26974.5334797559,26966.1966041921,27290.5539967496,27163.7391215939,27389.39372130589,26743.551848407966,
780,780,780,2023-06-02 12:00:00,27130.75000000,27240.00000000,26987.00000000,27095.42,3559.44337,27070.304552709607,27025.53044681793,27062.359719413074,27147.122249198695,27140.06051650381,96444613.0763654,26989.9774453329,26970.2823979884,27281.7927440026,27166.4032358653,27398.37857748037,26752.536704582446,
781,781,781,2023-06-02 13:00:00,27095.43000000,27134.40000000,26860.71000000,26908.84,2607.33789,27040.94736130786,27014.417070930507,27056.33933825962,27142.403788818523,27137.759814847057,70160438.10794759,26973.7531947275,26965.2916507778,27272.1960486487,27166.806415667,27407.056897868777,26761.215024970854,
782,782,782,2023-06-02 14:00:00,26908.85000000,26986.08000000,26890.00000000,26964.74,1685.83953,27027.0914774337,27009.68592131808,27052.74720734748,27138.885693990433,27136.038224649576,45458224.6081722,26974.5556983209,26963.5073180861,27262.3186928807,27168.4100179038,27415.411281951383,26769.56940905346,
783,783,783,2023-06-02 15:00:00,26964.75000000,27107.34000000,26962.99000000,27095.92,1248.06997,27039.605754263932,27017.89869071636,27054.440258039736,27138.034888168837,27135.639038334655,33817604.0615224,26979.4672722461,26961.9026846131,27256.8151887242,27172.3859664629,27423.4220398441,26777.580166946176,
784,784,784,2023-06-02 16:00:00,27095.93000000,27120.02000000,27032.93000000,27056.06,1402.81796,27042.597435306852,27021.533101124325,27054.503777332295,27136.41162305658,27134.847207107447,37954726.8948376,26991.8736765768,26958.864508586,27251.4221306902,27175.8578286431,27431.064438333637,26785.222565435713,
785,785,785,2023-06-02 17:00:00,27056.06000000,27093.82000000,27023.58000000,27057.58,952.23822,27045.321537978332,27024.966139112486,27054.624413515343,27134.850600817837,27134.07837917603,25765261.8167076,26997.4101719114,26961.3202514341,27245.7836469934,27178.1802470613,27438.307554128358,26792.465681230435,
786,786,786,2023-06-02 18:00:00,27057.57000000,27193.62000000,27006.22000000,27192.6,1502.23473,27072.099440164086,27040.931268720822,27060.035220828468,27135.99415327689,27134.660683860846,40849668.118998,27009.2567160936,26966.4021154177,27238.4246443532,27181.1057173766,27445.11481925182,26799.272946353896,
787,787,787,2023-06-02 19:00:00,27192.61000000,27287.64000000,27131.02000000,27239.02,2437.06595,27102.448632861524,27059.79686217598,27067.054231776372,27138.034269053584,27135.699085016462,66383288.153369,27028.5402319006,26972.8799858308,27230.2993495596,27184.9853652781,27451.44606376979,26805.604190871865,
788,788,788,2023-06-02 20:00:00,27239.03000000,27274.10000000,27172.84000000,27172.84,1339.76508,27115.24706325034,27070.56287530208,27071.20269327534,27138.72349144856,27136.068646359585,36405222.1564272,27041.5543843685,26975.5200437456,27222.1202063145,27193.4969834524,27457.26062785656,26811.41875495864,
789,789,789,2023-06-02 21:00:00,27172.84000000,27246.11000000,27143.37000000,27207.4,868.89438,27132.002142659367,27083.59498241617,27076.543764127287,27140.083422310963,27136.778411072428,23640356.954412,27072.2763028719,26977.6185990036,27215.5583500238,27199.1481854527,27462.520963457126,26816.679090559202,
790,790,790,2023-06-02 22:00:00,27207.41000000,27300.00000000,27199.00000000,27262.92,855.95607,27155.80538944857,27100.673555519388,27083.852636122298,27142.515829789954,27138.033551260763,23335861.8599244,27091.0939031556,26979.2811312662,27212.6761811207,27204.6378633272,27467.19609549794,26821.354222600017,
791,791,791,2023-06-02 23:00:00,27262.91000000,27269.22000000,27229.90000000,27242.59,471.4434,27171.58440954883,27114.189407374684,27090.07763078417,27144.497496526787,27139.073913934786,12843339.254406,27099.522946903,26979.9512177762,27210.4869620162,27211.9958693324,27471.26436656737,26825.422493669448,
792,792,792,2023-06-03 00:00:00,27242.59000000,27242.60000000,27152.20000000,27165.09,678.25975,27170.403607812677,27119.03708286281,27093.019292322046,27144.905268872793,27139.3327804628,18424987.1521275,27103.4861445533,26978.9445808957,27208.4404812304,27216.6888684564,27474.715033486475,26828.87316058855,
793,793,793,2023-06-03 01:00:00,27165.08000000,27189.40000000,27092.00000000,27130.4,1101.74244,27163.130224574008,27120.119265447305,27094.485202427066,27144.618035825806,27139.24389707511,29890713.094176,27106.5001007875,26976.6638909641,27206.3182780807,27220.9689006797,27477.548492173926,26831.706619276003,
794,794,794,2023-06-03 02:00:00,27130.41000000,27169.26000000,27129.17000000,27153.26,612.83696,27161.335638287823,27123.275525880897,27096.790096449535,27144.789163829253,27139.383360785807,16640521.312489599,27103.5466536326,26974.817928125,27202.9012744306,27225.0722391106,27479.77514340132,26833.933270503396,
795,795,795,2023-06-03 03:00:00,27153.26000000,27171.47000000,27131.89000000,27143.2,323.04687,27158.03824950822,27125.17309484462,27098.6100926672,27144.75769523857,27139.421337295404,8768525.801784001,27105.9454391961,26973.0440692882,27198.8542833343,27232.8749260285,27481.41313886382,26835.571265965897,
796,796,796,2023-06-03 04:00:00,27143.20000000,27163.77000000,27105.73000000,27160.24,420.01096,27158.438567779453,27128.512800097513,27101.02695177829,27145.064275530876,27139.628488168084,11407598.476230402,27109.5199701326,26987.7705121655,27195.0309827683,27234.8258927212,27482.485430329652,26836.64355743173,
797,797,797,2023-06-03 05:00:00,27160.24000000,27168.40000000,27137.34000000,27157.2,370.29837,27158.21337363773,27131.244914373943,27103.229816414438,27145.304586906503,27139.803329081835,10056266.893764,27107.9985180049,26997.5094035002,27192.0006121099,27236.4510080186,27483.016658494806,26837.174785596882,
798,798,798,2023-06-03 06:00:00,27157.20000000,27212.78000000,27157.20000000,27182.35,551.27991,27162.601851158142,27136.112065385947,27106.33256871191,27146.038159443007,27140.22667904122,14985083.461588498,27110.9106303259,27002.5455592456,27189.4010809029,27237.8445163188,27483.030447807505,26837.18857490958,
799,799,799,2023-06-03 07:00:00,27182.35000000,27200.01000000,27165.23000000,27174.42,480.87524,27164.750605493027,27139.760440111095,27109.002664056545,27146.600176087697,27140.566911090562,13067505.7393608,27112.5096118712,27005.5837144939,27183.4616152821,27239.9101970585,27482.547616669246,26836.705743771323,
800,800,800,2023-06-03 08:00:00,27174.42000000,27181.00000000,27141.94000000,27146.62,394.76994,27161.454131767023,27140.413731529086,27110.477853701388,27146.600568640413,27140.62714083096,10716669.5486028,27112.400364543,27010.7866791131,27180.5626566671,27242.6566154584,27481.585678747702,26835.74380584978,
801,801,801,2023-06-03 09:00:00,27146.62000000,27151.52000000,27129.41000000,27151.51,379.06522,27159.646107809378,27141.470519002505,27112.086957477808,27146.69778510298,27140.73542798687,10292193.1114822,27116.0392302659,27015.7570922993,27176.895415739,27248.3837765924,27480.159820306006,26834.317947408083,
802,802,802,2023-06-03 10:00:00,27151.51000000,27180.03000000,27112.73000000,27140.0,736.47675,27156.07408820767,27141.330469573695,27113.181586596325,27146.565155695,27140.72811029546,19987978.995,27145.6934756505,27018.9902306002,27173.3689285842,27249.8824300653,27478.28531702822,26832.4434441303,
803,803,803,2023-06-03 11:00:00,27139.99000000,27171.48000000,27123.74000000,27129.79,510.67532,27151.295163079,27140.231377233344,27113.832896925884,27146.232974394108,27140.6192733771,13854514.1897828,27162.5287166876,27021.6320735077,27169.5366977492,27251.5034702492,27475.9811316857,26830.139258787778,
804,804,804,2023-06-03 12:00:00,27129.78000000,27173.73000000,27129.78000000,27165.81,479.78328,27153.934224337365,27142.667436544456,27115.871214693496,27146.62063826749,27140.869927373347,13033701.425656801,27167.5499952748,27024.9854630562,27165.3184402723,27252.9738438582,27473.27424054617,26827.432367648245,
805,805,805,2023-06-03 13:00:00,27165.81000000,27183.99000000,27149.88000000,27166.98,520.87423,27156.30618354875,27144.982918778318,27117.87548078395,27147.023793945362,27141.129729091026,14150579.7889254,27177.3140211164,27028.708703613,27160.7382901528,27255.4008448881,27470.204097087702,26824.36222418978,
806,806,806,2023-06-03 14:00:00,27166.97000000,27193.62000000,27166.97000000,27171.24,439.7442,27159.021422903523,27147.483593180383,27119.96820702772,27147.503322778124,27141.42933377669,11948395.196808001,27184.5090830172,27032.4647939492,27148.9771463518,27258.1660835459,27466.82657478036,26820.984701882437,
807,807,807,2023-06-03 15:00:00,27171.25000000,27333.29000000,27126.85000000,27305.26,1647.91895,27185.61025510288,27162.509917639396,27127.23455185016,27150.627217376576,27143.05948965951,44996855.38867699,27196.4696399628,27042.8704039922,27139.1413132801,27262.3950977829,27463.216745777256,26817.374872879333,
808,808,808,2023-06-03 16:00:00,27305.27000000,27318.63000000,27227.19000000,27248.48,1156.43612,27197.041117811445,27170.69754453088,27131.989275307016,27152.564896240405,27144.108449961408,31511126.487097602,27193.4326170448,27051.6438940968,27127.6771903555,27266.8366503895,27459.469948486832,26813.62807558891,
809,809,809,2023-06-03 17:00:00,27248.49000000,27253.57000000,27111.79000000,27160.9,1185.19741,27190.47000548209,27169.76444505175,27133.12302921655,27152.729947800002,27144.2755300613,32191028.333269,27192.6594163876,27056.6401039723,27117.3352488711,27269.6835646644,27455.70076330272,26809.858890404797,
810,810,810,2023-06-03 18:00:00,27160.91000000,27183.09000000,27125.34000000,27147.43,634.17095,27182.64454993989,27167.63735504682,27133.684086894333,27152.624998338615,27144.306917821883,17216111.473158497,27189.6853212238,27055.6955823762,27107.3801013546,27271.9938010339,27452.0397326804,26806.19785978248,
811,811,811,2023-06-03 19:00:00,27147.44000000,27163.13000000,27025.59000000,27096.36,1111.9535,27166.956449950816,27160.84903551855,27132.2203972122,27151.51083995567,27143.82983406246,30129892.339260004,27177.9685106054,27060.7156470457,27100.3738530269,27274.8974603696,27448.62790345747,26802.786030559546,
812,812,812,2023-06-03 20:00:00,27096.37000000,27124.68000000,27054.41000000,27062.33,698.85558,27147.933459050666,27151.46627023107,27129.479597321526,27149.744882728824,27143.018890439947,18912660.328301404,27170.2590817227,27062.2656682025,27091.8488824962,27280.3985170042,27445.609507048124,26799.7676341502,
813,813,813,2023-06-03 21:00:00,27062.34000000,27074.66000000,26914.93000000,27004.41,1401.33078,27121.838284677815,27137.460911161445,27124.574907230486,27146.866964258945,27141.639697500246,37842110.9287398,27155.1572631996,27069.5239025734,27084.4980368498,27284.5548478798,27443.123298862534,26797.28142596461,
814,814,814,2023-06-03 22:00:00,27004.41000000,27079.79000000,27004.40000000,27071.55,431.07884,27112.694960190936,27131.18368152702,27122.4954991038,27145.375539224115,27140.94228757487,11669972.371002,27154.5522111901,27072.8029993445,27078.7156587683,27295.0983009655,27441.29322830968,26795.45135541176,
815,815,815,2023-06-03 23:00:00,27071.55000000,27085.51000000,27050.38000000,27069.22,328.6596,27104.7904219744,27125.28237852445,27120.40626384483,27143.86750874443,27140.228632972136,8896559.017512001,27152.6333003122,27075.5706593206,27072.7102892143,27300.0887825947,27440.21918866092,26794.377315763,
816,816,816,2023-06-04 00:00:00,27069.22000000,27069.23000000,27001.59000000,27005.13,492.5209,27086.67034525178,27113.839294855454,27115.885626046995,27141.120231343553,27138.88436796744,13300590.932217,27147.7904686904,27077.6124512443,27068.2547879026,27301.8787024495,27439.968594791837,26794.126721893914,
817,817,817,2023-06-04 01:00:00,27005.13000000,27079.79000000,26951.00000000,27041.03,704.48666,27078.37210066055,27106.905076297793,27112.95011130005,27139.13824656447,27137.91069266428,19050044.9076598,27142.3020826214,27082.8622126414,27064.107564293,27304.7412157247,27440.569459210597,26794.727586312674,
818,818,818,2023-06-04 02:00:00,27041.04000000,27100.43000000,27034.13000000,27091.27,448.49261,27080.71717326772,27105.41602141229,27112.099910856912,27138.190360493885,27137.44660617011,12150234.3905147,27140.3743684117,27101.768364416,27060.1013078151,27308.3617293733,27442.00549482472,26796.163621926797,
819,819,819,2023-06-04 03:00:00,27091.28000000,27091.28000000,27042.85000000,27061.38,372.13858,27077.20132358268,27101.22211461112,27110.110894744877,27136.66936325638,27136.689724516677,10070583.5260404,27136.764931589,27110.8157773251,27056.5973364503,27310.8297877047,27444.213585788984,26798.37171289106,
820,820,820,2023-06-04 04:00:00,27061.37000000,27083.56000000,27042.37000000,27054.95,377.40749,27073.15562838583,27096.81524655292,27107.947722401943,27135.05115804338,27135.87639392447,10210740.7715755,27133.3754468859,27114.6600890117,27053.3482082514,27312.3444679876,27447.08375898919,26801.241886091266,
821,821,821,2023-06-04 05:00:00,27054.95000000,27056.47000000,27027.00000000,27038.63,250.41259,27066.878241406586,27091.273794500263,27105.229380346966,27133.141828181135,27134.908768114277,6770813.3683517,27131.3517781238,27116.0365165009,27047.822768509,27313.5174646227,27450.461582646272,26804.61970974835,
822,822,822,2023-06-04 06:00:00,27038.62000000,27141.70000000,27038.62000000,27127.78,892.17539,27077.951288423566,27094.750575976428,27106.113718372573,27133.035653365667,27134.837835098217,24202737.701334197,27130.6211872749,27117.9335642041,27039.5024603647,27313.999685664,27454.15273713663,26808.310864238705,
823,823,823,2023-06-04 07:00:00,27127.78000000,27163.94000000,27127.78000000,27150.45,938.24329,27091.132872346552,27100.055283026293,27107.852396083454,27133.38049191288,27134.99318002261,25473727.5329805,27131.3998146112,27116.8006601091,27036.4022257046,27314.3314953026,27457.92936313855,26812.08749024063,
824,824,824,2023-06-04 08:00:00,27150.46000000,27158.12000000,27123.81000000,27150.82,458.66225,27101.985077374447,27104.89001797617,27109.537400158613,27133.725828706683,27135.15066081841,12453056.190544998,27132.0497174496,27118.7204400389,27028.7975908391,27315.8709061328,27461.537703160055,26815.69583026213,
825,825,825,2023-06-04 09:00:00,27150.81000000,27249.86000000,27150.81000000,27215.89,806.3478,27122.695063306364,27115.461444835582,27113.70809034847,27135.352841999622,27135.954037327683,21945473.026542,27135.4102748328,27122.3516676229,27027.2278995486,27317.6334624267,27464.706515986985,26818.864643089062,
826,826,826,2023-06-04 10:00:00,27215.88000000,27230.17000000,27190.34000000,27221.05,532.53164,27140.57777906884,27125.517497708384,27117.91757700147,27137.049815425373,27136.800763324423,14496070.399022,27137.3151970624,27122.5646304203,27025.087822417,27318.4005273868,27467.155753799456,26821.313880901533,
827,827,827,2023-06-04 11:00:00,27221.06000000,27235.67000000,27175.51000000,27198.55,939.50915,27151.118182874507,27132.472974117107,27121.079632805333,27138.267640862494,27137.415183589852,25553286.5917325,27140.010730557,27125.2286572867,27024.9180395685,27319.0363277847,27468.605037155605,26822.76316425768,
828,828,828,2023-06-04 12:00:00,27198.54000000,27216.58000000,27160.11000000,27210.1,736.78595,27161.842149624594,27139.866024201194,27124.57062759728,27139.69006381571,27138.138415593934,20048019.378094997,27125.1976318369,27127.0223615923,27024.3594808321,27320.2288663391,27468.781529234235,26822.93965633631,
829,829,829,2023-06-04 13:00:00,27210.10000000,27298.00000000,27206.36000000,27245.46,963.22786,27177.045395147394,27149.92259332489,27129.31138729935,27141.784517997577,27139.20629205569,26243586.130515598,27123.3799103492,27129.5155946234,27024.4597967274,27320.8642642923,27467.426883334367,26821.585010436444,
830,830,830,2023-06-04 14:00:00,27245.47000000,27271.05000000,27170.00000000,27234.2,1120.61661,27187.43714148423,27157.949013008234,27133.424666228784,27143.61452754218,27140.15150308001,30519096.880062003,27128.8252829301,27135.1981951405,27025.997357117,27321.6954710138,27464.30300560628,26818.46113270836,
831,831,831,2023-06-04 15:00:00,27234.20000000,27244.58000000,27178.99000000,27179.0,627.04149,27185.903115759826,27159.953868912213,27135.211934219813,27144.315229967087,27140.538055288172,17042360.65671,27130.1690783898,27150.631821613,27025.620292881,27322.2921570325,27459.19643302068,26813.354560122756,
832,832,832,2023-06-04 16:00:00,27179.00000000,27197.98000000,27155.00000000,27170.66,709.24706,27183.13164016713,27160.973500444386,27136.60205444649,27144.8369085816,27140.837776131077,19270710.7232596,27134.8291804347,27159.0221361546,27025.9347769844,27323.4295872932,27451.92117627,26806.079303372077,
833,833,833,2023-06-04 17:00:00,27170.66000000,27210.41000000,27168.05000000,27176.76,429.63017,27181.973160136742,27162.47697659254,27138.176875840745,27145.46904900573,27141.19521119445,11675956.0188492,27139.7488446397,27161.2818110494,27025.0080752214,27324.2047497063,27442.319926708074,26796.47805381015,
834,834,834,2023-06-04 18:00:00,27176.75000000,27209.03000000,27176.75000000,27194.18,488.86549,27184.192585566423,27165.496312155155,27140.373076788168,27146.433622292745,27141.722423023362,13294296.130848201,27156.3232355557,27165.6689515308,27025.3268362443,27325.5460145694,27430.263587901532,26784.42171500361,
835,835,835,2023-06-04 19:00:00,27194.19000000,27222.00000000,27188.49000000,27213.11,358.87616,27189.45029728162,27170.03094909276,27143.225505149418,27147.75394660378,27142.432747172385,9766136.418457601,27160.7100956019,27168.9358003166,27027.9500319796,27326.414513689,27415.649178817537,26769.807305919614,
836,836,836,2023-06-04 20:00:00,27213.11000000,27269.09000000,27205.84000000,27241.51,546.99091,27198.91569777587,27176.838477750593,27147.079799065126,27149.61050211658,27143.418590484103,14900858.3446741,27166.3387699354,27169.0517940105,27030.4536148872,27327.5921332337,27398.396276117168,26752.554403219245,
837,837,837,2023-06-04 21:00:00,27241.50000000,27280.00000000,27187.39000000,27194.57,630.62225,27198.125570907527,27178.527194155296,27148.9421598861,27150.500789203375,27143.92755973302,17149500.9211825,27173.6294735024,27164.5040343503,27030.9800999092,27330.2332244096,27378.442318185676,26732.600445287753,
838,838,838,2023-06-04 22:00:00,27194.57000000,27455.02000000,27188.27000000,27234.06,3633.43419,27204.659103469796,27183.816032807175,27152.28011440037,27152.155427040932,27144.824399934685,98953164.73651141,27192.8767472005,27171.1677431594,27037.3641336883,27331.0601436966,27355.737272692255,26709.89539979433,
839,839,839,2023-06-04 23:00:00,27234.06000000,27319.84000000,27043.65000000,27115.21,1800.144,27188.39563011165,27177.282124920777,27150.826384423886,27151.42383442626,27144.52972928857,48811282.59024,27187.5260441075,27167.6118016158,27038.8253783605,27330.8637397554,27330.238349531697,26684.396476633774,
840,840,840,2023-06-05 00:00:00,27115.20000000,27129.33000000,26966.00000000,27024.76,1770.73298,27158.643697364074,27162.756208261657,27145.882604642557,27148.915639685147,27143.337990688688,47853633.808584794,27174.8352341925,27158.8304949378,27038.0700977723,27330.1881664543,27301.905588448448,26656.063715550525,
841,841,841,2023-06-05 01:00:00,27024.75000000,27054.97000000,26948.10000000,27047.14,1087.24287,27138.370297843332,27151.745140808165,27142.010345636965,27146.90028048346,27142.380796751488,29406810.1188918,27170.0896059994,27154.6735489561,27037.8638236362,27330.8792779199,27270.699226503137,26624.857353605214,
842,842,842,2023-06-05 02:00:00,27047.14000000,27079.05000000,26859.00000000,26922.71,1366.6475,27099.159334599088,27129.932270255005,27133.410332082574,27142.46086898874,27140.195017679336,36793854.314725,27155.4448318582,27146.4482566793,27035.2745441169,27331.0656473819,27236.579717767974,26590.73784487005,
843,843,843,2023-06-05 03:00:00,26922.72000000,26924.81000000,26791.04000000,26843.58,2225.14224,27052.69036467198,27102.660625468816,27122.044436706787,27136.542435939456,27137.2436244686,59730783.73081921,27125.2578507456,27130.2541060818,27029.4535240517,27328.1211232725,27199.51110974023,26553.669236842306,
844,844,844,2023-06-05 04:00:00,26843.57000000,26870.54000000,26769.51000000,26837.0,1119.14678,27013.47393473162,27077.359613519406,27110.866223502602,27130.610902554516,27134.25612571767,30034542.13486,27109.7671652418,27121.9115588827,27026.7344970143,27326.8829472648,27159.468170130585,26513.626297232662,
845,845,845,2023-06-05 05:00:00,26837.00000000,26837.91000000,26740.38000000,26816.7,1838.2393,26977.696855689508,27052.53488842232,27099.33029316917,27124.394845078186,27131.09636327272,49295511.83631,27086.2723087267,27108.5626620545,27022.6190952327,27324.2607218131,27116.447220619073,26470.60534772115,
846,846,846,2023-06-05 06:00:00,26816.70000000,26834.63000000,26761.26000000,26765.34,1222.38539,26939.086518291413,27025.182994286864,27086.232634613516,27117.284848145944,27127.45699647399,32717560.5743826,27065.6975511466,27098.3831472505,27029.9229502256,27323.2892880064,27070.480113887425,26424.6382409895,
847,847,847,2023-06-05 07:00:00,26765.33000000,26832.38000000,26742.13000000,26829.99,1242.361,26919.250787692974,27006.593185307163,27076.183903844358,27111.595841251965,27124.49712586231,33332533.206390005,27050.5885019801,27090.3500096062,27034.1280635856,27322.1867497073,27021.65025290521,26375.808380007285,
848,848,848,2023-06-05 08:00:00,26830.00000000,26840.77000000,26794.79000000,26798.64,837.57029,26897.321553566977,26986.788120039815,27065.299829183798,27105.398695880638,27121.254766400994,22445744.6764056,27036.4484712316,27083.7206320859,27034.8817235184,27323.0812055079,26970.10907808854,26324.267205190616,
849,849,849,2023-06-05 09:00:00,26798.63000000,26825.09000000,26713.74000000,26776.99,1324.97756,26875.44308928207,26966.80734670269,27053.993561372667,27098.89555338795,27117.829246337304,35478910.8743444,27017.8351257804,27073.7971965317,27033.1392329869,27322.459154599,26916.091122022983,26270.24924912506,
850,850,850,2023-06-05 10:00:00,26777.00000000,26792.70000000,26714.00000000,26716.8,1350.86586,26846.598891230788,26942.9971232072,27040.77028445609,27091.329304806008,27113.83890557773,36090813.008448005,26993.5096800643,27062.7618186586,27032.2164869663,27320.2966428444,26859.925624185547,26214.083751287624,
851,851,851,2023-06-05 11:00:00,26716.80000000,26799.66000000,26668.00000000,26773.39,1210.05222,26833.28818373428,26926.84406385413,27030.28478310487,27085.03347698807,27110.451354278448,32397200.0064258,26972.74773586,27054.6196600467,27032.0808137162,27318.8858398976,26802.04285435643,26156.200981458507,
852,852,852,2023-06-05 12:00:00,26773.39000000,26782.63000000,26654.39000000,26690.76,1525.13085,26807.373968509863,26904.359867296593,27016.97008572821,27077.226081404147,27106.275320902543,40706901.485946,26951.8108942139,27041.7285447975,27028.6677039139,27316.5014892786,26742.973720622445,26097.131847724522,
853,853,853,2023-06-05 13:00:00,26690.76000000,26765.30000000,26640.00000000,26728.64,1517.5261,26793.058701508067,26887.62464183977,27005.66302354279,27070.323386722877,27102.517755520432,40561408.817504,26933.8687572739,27031.0997900351,27025.7282317905,27314.1516053194,26683.341900831078,26037.500027933154,sell
854,854,854,2023-06-05 14:00:00,26728.63000000,26817.61000000,26699.99000000,26802.21,1631.85739,26794.722573961146,26879.489914045505,26997.684473599937,27065.014210748166,27099.529618649583,43737384.456831895,26922.7579000145,27022.3516319584,27023.826673268,27311.8845418127,26623.84855905391,25978.006686155986,sell
855,855,855,2023-06-05 15:00:00,26802.21000000,26809.59000000,26000.00000000,26007.53,10045.19226,26651.596651422755,26796.44611270784,26958.854886399942,27044.07392934721,27088.663950802325,261250639.05771777,26679.1560853649,26850.0715837242,26941.9003323495,27267.6779091111,26565.2505835941,25919.408710696178,
856,856,856,2023-06-05 16:00:00,26007.53000000,26074.51000000,25471.00000000,25809.05,15303.29987,26498.40635116407,26702.408387688047,26913.764498697987,27019.618009954196,27075.931473679917,394963631.5098235,26425.4038992815,26634.2560446375,26814.4562088079,27195.6716637331,26508.334086854687,25862.492213956764,buy
857,857,857,2023-06-05 17:00:00,25809.05000000,25809.70000000,25578.96000000,25756.28,4108.6381,26363.474287316054,26612.300922193946,26868.37294972944,26994.601415697678,27062.800613245294,105823233.322268,26369.1347931792,26572.9944309843,26782.3570634759,27176.8314599012,26453.885519715383,25808.04364681746,buy
858,858,858,2023-06-05 18:00:00,25756.27000000,25756.28000000,25526.15000000,25564.43,3580.96488,26218.193507804044,26512.50369150881,26817.23793209299,26966.281189644258,27047.891452914493,91545326.0072184,26312.1868680304,26517.6400852905,26749.5782453857,27158.4536721693,26402.66307651283,25756.821203614905,buy
859,859,859,2023-06-05 19:00:00,25564.42000000,25637.82000000,25388.00000000,25629.99,4463.15529,26111.247415476035,26428.45476850797,26770.679189657974,26939.819977968134,27033.782980746193,114390625.4511471,26206.6200600584,26460.4720993637,26713.6652754802,27137.0323345105,26355.371043291867,25709.529170393944,buy
860,860,860,2023-06-05 20:00:00,25630.00000000,25680.01000000,25587.47000000,25631.16,1859.43545,26023.958794480393,26352.521933411972,26725.992162612565,26913.90591899847,27019.82653317658,47659487.528622,26161.9953134282,26436.8889733748,26691.0595208259,27128.2323015768,26312.639363706374,25666.79749080845,buy
861,861,861,2023-06-05 21:00:00,25631.15000000,25685.84000000,25509.98000000,25658.35,1572.51351,25957.484468211227,26286.41032070607,26684.12384251011,26889.043425552954,27006.27950299572,40348102.0193085,26123.6099925336,26413.6734685497,26674.9806615279,27120.8434935082,26275.01000848934,25629.168135591415,
862,862,862,2023-06-05 22:00:00,25658.35000000,25774.90000000,25647.29000000,25710.73,1838.0922,25912.620019445545,26231.583623495968,26645.951534960695,26865.710486433094,26993.388463164916,47258692.269306004,26094.7946791567,26393.2501257451,26660.684332248,27112.5416167757,26242.930827383243,25597.08895448532,
863,863,863,2023-06-05 23:00:00,25710.74000000,25858.42000000,25701.42000000,25728.2,1764.43316,25879.08910681908,26183.64232602016,26609.96127868773,26843.185526305704,26980.799523232927,45395689.227112,26065.9172527129,26369.5984723112,26645.5973649962,27104.3942057505,26216.756562135073,25570.91468923715,
864,864,864,2023-06-06 00:00:00,25728.20000000,25756.34000000,25675.26000000,25690.89,1829.55213,25844.871087397427,26136.713533065857,26573.9192677588,26820.36779311153,26967.964602603744,47002822.5210957,26026.4218412647,26351.89279034,26632.0182470883,27095.7573054331,26196.755746205832,25550.91387330791,
865,865,865,2023-06-06 01:00:00,25690.89000000,25695.59000000,25611.90000000,25640.01,1515.07302,25807.62361696153,26089.40843467863,26537.295374905516,26796.994371465757,26954.751123970873,38846487.3835302,26002.1840010777,26337.0264729493,26620.0262650629,27087.4389810466,26183.12144646994,25537.279573572017,
866,866,866,2023-06-06 02:00:00,25640.02000000,25801.09000000,25601.00000000,25764.76,1638.10867,25799.83023205943,26058.489536137808,26506.99987000726,26776.554086882275,26942.91041626967,42205476.7364692,25971.4546883708,26322.8843194029,26608.9513095245,27072.134346531,26175.983324663313,25530.14145176539,
867,867,867,2023-06-06 03:00:00,25764.76000000,25764.76000000,25712.02000000,25730.83,754.55594,25787.28473532135,26027.283866029447,26476.56183588933,26755.846679221242,26930.849914615246,19415350.6176302,25952.5426028354,26312.2524390052,26602.6067943167,27066.5583352912,26175.41838131358,25529.576508415656,
868,868,868,2023-06-06 04:00:00,25730.83000000,25806.60000000,25726.11000000,25797.65,679.57161,25789.169328899286,26005.413974026644,26449.937842325042,26736.872487553494,26919.5742935743,17531350.5447165,25932.735546939,26304.4705064517,26594.4993462958,27062.5449403023,26181.458011702915,25535.61613880499,
869,869,869,2023-06-06 05:00:00,25797.66000000,25821.41000000,25758.00000000,25769.95,942.45063,25785.67490546305,25982.988833643154,26423.271652429943,26717.72550760194,26908.135245877045,24286905.6125685,25918.2013199488,26295.7826192174,26586.4690552827,27052.224642566,26194.089618716083,25548.24774581816,
870,870,870,2023-06-06 06:00:00,25769.96000000,25807.63000000,25752.60000000,25766.21,1146.56549,25782.135831742493,25962.343230439044,26397.504528805242,26698.8836163623,26896.772805619563,29542647.1940929,25896.4327684575,26285.9805170326,26576.0591850941,27029.8866768279,26213.25190995653,25567.410037058606,
871,871,871,2023-06-06 07:00:00,25766.21000000,25809.90000000,25706.18000000,25722.33,1793.86272,25771.262044152947,25939.484827540087,26371.027096303078,26679.545920988785,26885.086807553696,46142328.85853761,25873.0381404134,26273.0425681947,26562.9741502783,27011.4198704651,26238.824038276394,25592.98216537847,
872,872,872,2023-06-06 08:00:00,25722.34000000,25746.03000000,25670.90000000,25707.8,1185.0488,25759.723490670593,25917.4196058696,26345.018190565705,26660.30342750386,26873.372510961122,30464997.54064,25851.8619738087,26257.642097967,26549.7510792045,26983.5974796231,26270.60978698439,25624.767914086467,
873,873,873,2023-06-06 09:00:00,25707.80000000,25789.71000000,25691.72000000,25750.76,791.97455,25758.09376509412,25901.547262453445,26321.713947798424,26642.292666563186,26862.202237220215,20393946.563157998,25829.1892417904,26244.2989645522,26534.8351204307,26971.9626306277,26308.31891210845,25662.477039210527,
874,874,874,2023-06-06 10:00:00,25750.75000000,25797.00000000,25741.99000000,25742.36,861.22598,25755.23308053155,25886.386570791212,26298.99418513966,26624.47221772035,26851.059528392154,22169989.218512803,25804.912945988,26235.2060845247,26523.8754853042,26963.1567389151,26351.548408957686,25705.706536059763,
875,875,875,2023-06-06 11:00:00,25742.36000000,25749.17000000,25640.33000000,25686.64,1867.16747,25742.761611343994,25867.363087858714,26274.980295526344,26605.90128271599,26839.473264428052,47961258.6216008,25773.8707122951,26215.9643787671,26508.0218506788,26946.2918503691,26399.766776193796,25753.924903295872,buy
876,876,876,2023-06-06 12:00:00,25686.64000000,25737.23000000,25351.02000000,25533.41,5378.21189,25704.697682008722,25835.55803187217,26245.89910746649,26584.663831573096,26826.477610055634,137324089.2542449,25707.5295001697,26173.5524207062,26466.9988302267,26913.8179645945,26452.30425987685,25806.46238697893,buy
877,877,877,2023-06-06 13:00:00,25533.41000000,25784.31000000,25385.80000000,25735.2,4315.54458,25710.243558007136,25826.00012407482,26225.87169148741,26567.84276560135,26815.619126373487,111061402.87521599,25674.8498163807,26145.7150335311,26440.8476630288,26892.0537945451,26508.351576045516,25862.509703147593,buy
878,878,878,2023-06-06 14:00:00,25735.20000000,26111.15000000,25735.20000000,26024.73,6006.62536,25767.422911096743,25844.92677892484,26217.983782017316,26557.088057371617,26807.74958282748,156320803.2051528,25713.4446722939,26131.7015116581,26421.822404655,26871.8268609239,26566.968788051545,25921.12691515362,
879,879,879,2023-06-06 15:00:00,26024.72000000,26143.69000000,25925.85000000,26066.11,2880.24787,25821.729654533698,25865.991847598667,26212.0279474284,26547.36571960188,26800.37008449089,75076857.8066857,25747.8116301136,26120.2037975902,26411.1253957574,26858.300861963,26627.10495307362,25981.263080175697,
880,880,880,2023-06-06 16:00:00,26066.12000000,26401.00000000,26066.11000000,26369.99,3915.54382,25921.413353709388,25913.99167163689,26218.222537725327,26543.853329114714,26796.087695590482,103252851.3779618,25814.3204293334,26117.8016867021,26394.3213067534,26848.3504185192,26687.62798133214,26041.78610843422,
881,881,881,2023-06-06 17:00:00,26370.00000000,26780.00000000,26290.56000000,26669.16,8776.3447,26057.36728939859,25985.912464814326,26235.906359775316,26546.334649330263,26794.824733445304,234057741.01945198,25966.7505171898,26152.3845305485,26400.9830740004,26840.4454837252,26747.36301604577,26101.521143147846,
882,882,882,2023-06-06 18:00:00,26669.16000000,26782.52000000,26637.64000000,26698.08,2926.69288,26173.860509507937,26053.73794435582,26254.030816254715,26549.339507759367,26793.86209928167,78137080.64567041,26016.4663894468,26159.5032009776,26400.4835609094,26833.3138064458,26805.136681655284,26159.29480875736,
883,883,883,2023-06-06 19:00:00,26698.08000000,27216.89000000,26690.93000000,27080.13,6336.18815,26338.63678050649,26151.489568702887,26286.4268626761,26559.850210576013,26796.710536104736,171584798.80645952,26143.8818991847,26201.3976657559,26421.0691302762,26834.5701305809,26859.823878366053,26213.98200546813,sell
884,884,884,2023-06-06 20:00:00,27080.12000000,27222.00000000,26857.92000000,26944.98,5242.13695,26448.88100223258,26227.06008596928,26312.252475904486,26567.476543039855,26798.185854153446,141249275.275011,26225.0383702339,26226.9492172356,26431.9290809951,26833.2725521456,26910.393500080467,26264.551627182544,sell
885,885,885,2023-06-06 21:00:00,26944.99000000,27092.82000000,26938.06000000,27057.03,2014.79907,26559.453547281202,26306.10483968649,26341.459437633723,26577.17067090045,26800.76141779371,54514478.880962096,26268.5620360142,26236.7006749155,26435.7892305618,26831.0014567579,26955.949549515048,26310.107676617125,sell
886,886,886,2023-06-06 22:00:00,27057.03000000,27188.46000000,27044.34000000,27152.65,1842.84082,26667.30744777553,26386.728188287776,26373.27083223632,26588.56630117965,26804.262796721137,50038011.791172996,26310.6781271121,26245.0394493585,26436.8581912609,26826.8676094109,26995.76459691402,26349.922724016098,sell
887,887,887,2023-06-06 23:00:00,27152.66000000,27355.33000000,27120.02000000,27230.08,3752.27128,26769.62972999816,26467.047408450846,26406.871191756465,26601.269542740447,26808.499783818443,102174647.13610241,26379.1866798214,26267.2216785821,26442.7425961455,26823.3150232071,27029.303308900402,26383.46143600248,sell
888,888,888,2023-06-07 00:00:00,27230.07000000,27391.77000000,27163.06000000,27179.8,2992.02834,26844.206142725765,26534.928607646,26437.182125413074,26612.725591399052,26812.194313332686,81322731.87553199,26423.128734401,26261.5919133106,26449.7451963747,26818.7363614308,27056.234757475733,26410.39288457781,sell
889,889,889,2023-06-07 01:00:00,27179.80000000,27222.14000000,27065.89000000,27085.83,2618.44012,26888.13775313926,26587.39540691781,26462.619296965502,26622.09399552976,26814.917056483606,70922623.9554996,26455.0923720275,26266.0378648485,26455.4360769504,26815.1024039336,27076.4332814466,26430.591408548677,sell
890,890,890,2023-06-07 02:00:00,27085.82000000,27093.95000000,26912.69000000,26943.69,2657.89391,26898.238161659392,26621.328225306588,26481.48481473156,26628.462233242044,26816.198379304667,71613469.56392789,26483.1487514458,26269.2905067609,26458.8286065992,26813.2333061167,27089.96868628911,26444.126813391187,
891,891,891,2023-06-07 03:00:00,26943.68000000,26967.88000000,26720.47000000,26909.01,3105.70144,26900.196677721317,26648.726489563105,26498.2505082715,26634.01763456398,26817.121878018053,83571351.10597439,26513.2440549453,26277.2859667306,26464.4982996741,26812.0505122654,27097.087420612912,26451.24554771499,
892,892,892,2023-06-07 04:00:00,26909.01000000,26965.00000000,26874.76000000,26933.12,1266.22184,26906.182736317438,26675.811585795193,26515.30421382948,26639.940453681524,26818.27608818703,34103304.76334079,26540.8187824185,26276.9238998064,26465.1476776883,26810.9126539005,27098.186973324264,26452.34510042634,
893,893,893,2023-06-07 05:00:00,26933.11000000,26980.04000000,26871.71000000,26912.99,1028.78255,26907.420420623355,26698.40000619565,26530.89973485578,26645.3473753908,26819.218515170243,27687614.4803245,26560.2309623483,26272.635062311,26463.6515645918,26809.8445042739,27093.786048328733,26447.94417543081,
894,894,894,2023-06-07 06:00:00,26912.99000000,26943.90000000,26814.71000000,26829.3,1276.59358,26893.216707782743,26710.866672272256,26542.601706037905,26648.990001620685,26819.31882845213,34250112.135894,26574.0861746807,26273.1932661393,26463.8934361771,26807.2003172785,27084.493087168506,26438.651214270583,
895,895,895,2023-06-07 07:00:00,26829.30000000,26899.99000000,26753.01000000,26795.87,1823.54312,26875.5173063677,26718.962227293945,26552.533795997206,26651.898516440076,26819.08550677599,48863424.3829144,26589.6468122964,26272.8685148583,26465.989659186,26803.987300769,27070.9754566976,26425.133583799678,
896,896,896,2023-06-07 08:00:00,26795.87000000,26840.90000000,26761.41000000,26816.47,1198.72003,26864.78143248266,26728.248681837376,26562.884235369864,26655.15735769869,26819.05948183295,32145439.7228941,26617.0864062662,26273.2192088965,26466.6848792242,26801.0033940109,27053.93116160019,26408.089288702267,
897,897,897,2023-06-07 09:00:00,26816.47000000,26816.47000000,26428.58000000,26486.28,3819.66805,26795.962990213084,26705.20404547191,26559.8801477083,26651.813251605647,26815.748243207745,101168797.479354,26693.430910736,26274.0665329762,26465.7246150943,26795.2614187113,27034.064362124358,26388.222489226435,
898,898,898,2023-06-07 10:00:00,26486.28000000,26629.99000000,26352.00000000,26595.74,3987.08298,26759.55881017434,26694.77889828411,26561.286416425624,26650.702890187713,26813.55910645941,106039422.29450521,26747.3516607843,26279.7921346428,26466.3676848701,26791.051096966,27012.06536361033,26366.223490712408,
899,899,899,2023-06-07 11:00:00,26595.73000000,26968.00000000,26579.60000000,26896.14,3293.93935,26784.391753779004,26713.95614606657,26574.41792950697,26655.563030976075,26814.38080689265,88594253.909109,26819.7143016443,26288.9820738614,26471.893159355,26787.7951962024,26988.595177189054,26342.75330429113,
900,900,900,2023-06-07 12:00:00,26896.14000000,26932.10000000,26743.02000000,26802.35,2251.66556,26787.656889455546,26722.374608345945,26583.356442075325,26658.469703630013,26814.26109737133,60349928.422065996,26851.9472081487,26292.8320440114,26474.3250395931,26785.8252682695,26964.274294053233,26318.43242115531,
901,901,901,2023-06-07 13:00:00,26802.35000000,26864.26000000,26670.94000000,26818.62,2295.14329,26793.286545918174,26731.54083612252,26592.582463954725,26661.640996627437,26814.30446953679,61552575.7400598,26880.0161359589,26296.9668518464,26477.0147044401,26783.3798272129,26939.675008397022,26293.8331354991,
902,902,902,2023-06-07 14:00:00,26818.63000000,26818.63000000,26340.55000000,26443.57,5906.95885,26729.701719387594,26704.11504220609,26586.738837917284,26657.32275907046,26810.615569342397,156201079.8370945,26868.2128433011,26298.6724593117,26473.6449589136,26775.4071154216,26915.316479119607,26269.474606221684,
903,903,903,2023-06-07 15:00:00,26443.56000000,26679.03000000,26236.00000000,26349.52,5675.3498,26660.577770408032,26670.34408580551,26577.436138391116,26651.227654930448,26806.02755372705,149542743.062096,26830.2257355772,26296.3945792112,26468.6637529365,26766.0626554465,26891.66172518563,26245.819852287706,
904,904,904,2023-06-07 16:00:00,26349.52000000,26439.34000000,26240.47000000,26329.16,3138.06466,26600.319993970206,26637.850363347843,26567.699819238525,26644.850077605093,26801.2826029437,82622606.5234856,26778.6498533805,26291.9137399898,26465.0098333922,26759.3689218915,26869.115871750957,26223.273998853034,
905,905,905,2023-06-07 17:00:00,26329.15000000,26553.78000000,26272.63000000,26507.04,2310.94402,26583.35999506653,26625.39223350519,26565.3210027978,26642.12116517727,26798.354815849732,61256285.5759008,26752.908577398,26313.758569963,26463.7500490307,26754.7294818313,26848.02515919741,26202.183286299485,
906,906,906,2023-06-07 18:00:00,26507.05000000,26530.08000000,26441.56000000,26472.94,1192.52054,26563.28363232716,26610.87297317136,26561.698218374357,26638.77104309455,26795.11685748307,31569524.704187598,26736.4269520148,26370.5193278131,26462.3467421067,26746.2552372101,26828.67644692353,26182.834574025608,
907,907,907,2023-06-07 19:00:00,26472.95000000,26531.05000000,26442.37000000,26482.42,1028.3047,26548.581153722218,26598.63935667885,26558.589268634187,26635.67498283525,26792.005445965828,27231996.953373995,26718.2667205168,26389.8737284511,26455.9304654457,26738.5279332106,26811.297144527685,26165.455271629762,
908,908,908,2023-06-07 20:00:00,26482.43000000,26493.30000000,26317.40000000,26359.93,1711.09205,26514.28094395454,26575.905132233245,26550.798709079907,26630.214686145446,26787.706187797015,45104266.6615565,26671.8454738307,26411.4746241413,26450.8759075504,26729.0315969385,26796.055652303825,26150.2137794059,
909,909,909,2023-06-07 21:00:00,26359.94000000,26457.23000000,26125.01000000,26156.0,2031.37972,26449.138954144622,26535.91416725865,26535.316406763046,26620.82429632078,26781.420554087596,53132767.956319995,26623.956856475,26433.960129178,26444.1655824095,26718.9254696232,26783.06247292097,26137.220600023047,
910,910,910,2023-06-07 22:00:00,26154.52000000,26373.33000000,26132.40000000,26275.9,1989.36987,26417.64096248196,26511.150913234014,26525.143214340966,26613.99411223522,26776.390498823042,52272483.767133005,26588.0663292083,26442.8754749195,26440.5515477084,26709.2217021211,26772.372164606502,26126.53029170858,
911,911,911,2023-06-07 23:00:00,26275.90000000,26364.95000000,26257.35000000,26339.34,1020.03527,26403.404423848875,26494.78796911649,26517.856813778577,26608.555416943433,26772.041737640724,26867055.7885218,26564.718824393,26451.4464640065,26436.6963873607,26703.4367040414,26763.986254649655,26118.144381751732,
912,912,912,2023-06-08 00:00:00,26339.34000000,26440.49000000,26305.11000000,26390.01,1503.99009,26400.96907405817,26484.80911491492,26512.84321323824,26604.22778492475,26768.24042681843,39690313.515000895,26537.9440945316,26461.1135935468,26434.3551454075,26696.6480912245,26757.857141858593,26112.01526896067,
913,913,913,2023-06-08 01:00:00,26390.01000000,26470.00000000,26383.90000000,26443.6,1022.65527,26408.720151502137,26480.884437303976,26510.12779311125,26601.04703670842,26765.01017381526,27042686.897772,26525.8876929136,26470.8828554117,26430.706725214,26691.6397454157,26753.892913423977,26108.051040526054,
914,914,914,2023-06-08 02:00:00,26443.60000000,26446.00000000,26363.48000000,26386.51,1033.29331,26404.681942138108,26471.89639565598,26505.280036518652,26596.798778555778,26761.244002931526,27265004.2572481,26514.9351844112,26481.2098982755,26429.2229713333,26687.1675594415,26751.96291014904,26106.121037251116,
915,915,915,2023-06-08 03:00:00,26386.50000000,26386.51000000,26210.00000000,26344.17,1658.6812,26393.679770840266,26459.731977022075,26498.961995870864,26591.796228485367,26757.09401285261,43696579.508604,26501.2144357076,26489.2721484241,26427.6131431428,26682.031761548,26751.90381318647,26106.061940288546,
916,916,916,2023-06-08 04:00:00,26344.16000000,26428.06000000,26326.19000000,26400.97,718.48832,26395.005267051125,26454.135598258068,26495.11917250338,26588.017491287635,26753.550490336664,18968788.581670403,26488.7246894602,26497.9828310093,26426.2238835426,26678.8697054748,26753.52600547502,26107.6841325771,
917,917,917,2023-06-08 05:00:00,26400.96000000,26435.22000000,26350.00000000,26377.51,839.63098,26391.824309405463,26446.837922233488,26490.507048091484,26583.849026113625,26749.808793915407,22147374.5712598,26478.6839779321,26501.6845083542,26424.0559812591,26675.647354592,26756.619982203156,26110.778109305233,
918,918,918,2023-06-08 06:00:00,26377.51000000,26495.01000000,26290.19000000,26427.34,1115.90348,26398.281707695376,26444.98097725887,26488.029908950644,26580.749837477713,26746.600149199832,29490360.673143197,26476.7963855237,26504.7386993996,26422.7083084944,26672.3526349306,26760.962637931163,26115.12076503324,
919,919,919,2023-06-08 07:00:00,26427.34000000,26523.93000000,26416.92000000,26444.69,1051.35051,26406.719579023487,26444.953265138978,26486.33030467807,26578.055583270234,26743.596068113267,27802638.3182919,26464.9242696764,26509.5950707441,26421.7330286874,26669.4838280891,26766.323327936094,26120.48145503817,
920,920,920,2023-06-08 08:00:00,26444.68000000,26463.99000000,26403.87000000,26441.54,620.38652,26413.05056465558,26444.6281922686,26484.573822141676,26575.352304393593,26740.590535097217,16403974.9840408,26429.1546496415,26515.8716320362,26420.703754728,26667.1272405823,26772.469669400587,26126.627796502664,
921,921,921,2023-06-08 09:00:00,26441.55000000,26444.18000000,26370.00000000,26385.06,750.87232,26407.961371081838,26438.955031100162,26480.67131931259,26571.58413995015,26737.05291783257,19811811.2155392,26406.5356205915,26526.2231682118,26419.8815403288,26663.2137106035,26779.173096756662,26133.33122385874,
922,922,922,2023-06-08 10:00:00,26385.05000000,26496.10000000,26368.04000000,26484.77,799.15752,26421.926576339683,26443.318361471574,26480.83205188857,26569.86504806995,26734.542640043193,21165503.1109704,26382.7395944804,26533.5620238775,26417.2542752908,26657.312951829,26786.214202001225,26140.372329103302,
923,923,923,2023-06-08 11:00:00,26484.77000000,26504.94000000,26408.92000000,26432.0,1034.12004,26423.758107914284,26442.240422283805,26478.917069461568,26567.13504711807,26731.5322655154,27333860.89728,26373.1760688048,26537.5885847081,26414.2070678641,26654.2598078702,26793.38786954824,26147.54599665032,
924,924,924,2023-06-08 12:00:00,26432.01000000,26575.95000000,26370.00000000,26462.9,2417.66604,26430.87481556623,26444.20800111392,26478.28894909053,26565.070986779097,26728.859307649578,63978454.64991601,26385.2907404054,26541.4845865041,26413.2186275038,26644.7631164966,26800.508159031546,26154.666286133623,
925,925,925,2023-06-08 13:00:00,26462.90000000,26479.00000000,26300.00000000,26400.93,2457.93413,26425.430303645095,26440.08628672212,26475.25526481247,26561.820670209214,26725.59632946401,64891746.910740905,26392.8710661607,26551.102784388,26410.1991987526,26635.5958736747,26807.412809250494,26161.57093635257,
926,926,926,2023-06-08 14:00:00,26400.92000000,26686.87000000,26351.32000000,26648.55,2988.17396,26465.99752116417,26459.939973700966,26482.05113678061,26563.53808268032,26724.82969932009,79630503.181758,26410.1274062165,26596.2650554598,26411.4355809026,26631.5976003454,26813.96714904449,26168.125276146566,
927,927,927,2023-06-08 15:00:00,26648.54000000,26810.00000000,26579.97000000,26721.68,2794.1661,26512.485244588865,26484.867595253254,26491.44834710294,26566.66960579556,26724.798359028347,74664812.391048,26436.1395504442,26628.507424449,26411.9925995795,26630.3561776946,26820.06712622487,26174.225253326946,
928,928,928,2023-06-08 16:00:00,26721.69000000,26732.24000000,26414.02000000,26498.4,2839.83235,26509.92429102725,26486.156395705326,26491.720960942042,26565.317732413467,26722.54563903802,75251013.54324001,26440.1280102517,26654.9987383246,26410.5077971598,26626.6824038984,26825.64112316773,26179.799250269807,
929,929,929,2023-06-08 17:00:00,26498.39000000,26515.12000000,26435.01000000,26485.0,976.46959,26505.39260174957,26486.046262781012,26491.457393846274,26563.727282266664,26720.18200083864,25861797.09115,26445.8456974194,26667.6394583493,26407.3381499635,26623.6691697527,26830.65023258257,26184.808359684648,
930,930,930,2023-06-08 18:00:00,26485.00000000,26571.99000000,26442.00000000,26550.0,1050.51441,26513.5030377951,26492.137094897105,26493.75318232289,26563.455454895047,26718.488647596463,27891157.5855,26468.601271923,26676.4551822966,26403.9715542151,26621.7827641099,26835.08672760163,26189.244854703706,
931,931,931,2023-06-08 19:00:00,26550.00000000,26564.38000000,26515.99000000,26539.9,591.34861,26518.302485468717,26496.685943002143,26495.562861447484,26562.98901024366,26716.711646127842,15694332.974539,26483.1316220252,26676.3031201723,26402.2133015487,26618.9584184931,26838.970576104985,26193.12870320706,
932,932,932,2023-06-08 20:00:00,26539.86000000,26649.97000000,26521.07000000,26637.3,958.11632,26539.938397201677,26510.07775795432,26501.121180606406,26564.460514991308,26715.92148049473,25521631.850736,26493.2054088585,26675.367237901,26400.8285546902,26617.2384211699,26842.344010203014,26196.50213730509,
933,933,933,2023-06-08 21:00:00,26637.31000000,26644.51000000,26552.00000000,26573.42,663.12157,26546.025961346822,26516.110352434862,26503.95642842576,26564.63793053603,26714.50355531568,17621407.9906694,26500.5480119259,26649.6509013711,26399.8815391078,26614.4028875041,26845.26434979895,26199.422476901025,
934,934,934,2023-06-08 22:00:00,26573.42000000,26601.77000000,26525.89000000,26544.38,545.50744,26545.726695647398,26518.802699822016,26505.54166652671,26564.236783396704,26712.810783621,14480156.7801872,26503.4919159243,26633.2105004049,26398.543067837,26608.0585636362,26847.795469951598,26201.953597053674,
935,935,935,2023-06-08 23:00:00,26544.39000000,26553.53000000,26488.01000000,26498.61,644.13075,26537.160023711505,26516.87958555325,26505.26983646684,26562.937243131422,26710.679432540193,17068569.533257503,26507.7706580949,26623.4419802614,26397.5587560459,26606.0603262371,26849.998468600203,26204.15659570228,
936,936,936,2023-06-09 00:00:00,26498.62000000,26509.72000000,26430.00000000,26456.95,935.16043,26522.576383036685,26511.172005976754,26503.374940919122,26560.838485841694,26708.154761569644,24741492.738488503,26516.1252205789,26611.5850442149,26395.8075425404,26603.9248527953,26851.92220882361,26206.080335925686,
937,937,937,2023-06-09 01:00:00,26456.95000000,26596.58000000,26439.98000000,26504.21,1113.87611,26519.237040666376,26510.508957788494,26503.40768833406,26559.71712968641,26706.1254604595,29522406.333423097,26518.6802828989,26585.2721442696,26394.1594771695,26601.2619764388,26853.594458450338,26207.752585552415,
938,938,938,2023-06-09 02:00:00,26504.21000000,26537.18000000,26269.91000000,26457.51,2532.48238,26508.013942363395,26505.461437999114,26501.60777898763,26557.693226128264,26703.651674783287,67003177.89367379,26517.420540704,26562.4904114291,26381.6579470298,26599.0154778315,26855.01431880856,26209.172445910637,
939,939,939,2023-06-09 03:00:00,26457.50000000,26501.75000000,26439.11000000,26483.7,741.0086,26503.59322557005,26503.388920094436,26500.90551314498,26556.228013729684,26701.463100904846,19624649.459820002,26520.0703540583,26546.687237629,26376.2504733205,26597.5010183315,26856.146524360967,26210.304651463044,
940,940,940,2023-06-09 04:00:00,26483.69000000,26507.11000000,26424.35000000,26491.38,877.26907,26501.372639102767,26502.245213418773,26500.531963609883,26554.943894645927,26699.37272179137,23240068.2956166,26521.9792670358,26534.2337170739,26371.6833728939,26595.9829120906,26856.91801864425,26211.076145746327,
941,941,941,2023-06-09 05:00:00,26491.38000000,26533.30000000,26475.51000000,26504.54,683.74932,26501.94852290226,26502.463764521748,26500.689141507537,26553.945797722245,26697.434087743695,18122461.2019128,26523.316818785,26520.4960679744,26368.8721360508,26594.8802914409,26857.21699289508,26211.375119997156,
942,942,942,2023-06-09 06:00:00,26504.54000000,26576.55000000,26475.24000000,26492.93,1051.33756,26500.308791465482,26501.555786948247,26500.38486144842,26552.737564103983,26695.399221198983,27853012.3834508,26525.8212989374,26514.0830251989,26366.1316939583,26592.8680396551,26856.894343278098,26211.052470380175,
943,943,943,2023-06-09 07:00:00,26492.92000000,26500.00000000,26440.38000000,26493.43,1003.56886,26499.058102108123,26500.781902476985,26500.112121783775,26551.563156894004,26693.389577206955,26587981.3425898,26525.8316643328,26509.0679773927,26362.0212612967,26589.92563473,26855.76729495273,26209.925422054806,
944,944,944,2023-06-09 08:00:00,26493.44000000,26650.00000000,26491.66000000,26642.37,1657.03118,26525.114810815736,26514.266483193464,26505.69086210598,26553.361312203033,26692.88191972231,44147237.7990966,26535.6594636884,26506.8915801094,26361.7271914336,26586.3444478826,26853.624787743887,26207.782914845964,
945,945,945,2023-06-09 09:00:00,26642.38000000,26685.43000000,26591.00000000,26639.03,1272.2901,26545.82666339469,26526.148722889324,26510.919847905745,26555.05772186238,26692.34607972507,33892574.142602995,26546.4930413031,26502.7089076574,26359.6003771315,26583.9821788824,26850.234141755274,26204.39226885735,
946,946,946,2023-06-09 10:00:00,26639.03000000,26675.82000000,26602.51000000,26635.4,988.92677,26562.112724595656,26536.553606423673,26515.80142249768,26556.648658063124,26691.779452066115,26340460.089658003,26563.0570924828,26499.8475000873,26358.6175300142,26582.6330476268,26845.348531339518,26199.506658441594,
947,947,947,2023-06-09 11:00:00,26635.39000000,26644.96000000,26560.00000000,26610.19,968.93409,26570.854047396446,26543.566596288085,26519.502935340908,26557.708882655934,26690.967616722177,25783520.232377097,26554.6276523971,26501.7661778108,26357.1105328569,26581.0356612246,26838.71488575563,26192.873012857708,
948,948,948,2023-06-09 12:00:00,26610.18000000,26699.99000000,26610.18000000,26673.76,1186.0818,26589.564220597087,26555.96596807017,26525.55223199421,26560.00692458354,26690.79639665529,31637261.273567997,26540.6473813526,26499.6308290649,26357.135886389,26580.5545388937,26830.081981875224,26184.2401089773,
949,949,949,2023-06-09 13:00:00,26673.75000000,26783.33000000,26627.21000000,26634.65,2351.81394,26597.76163503398,26563.459685396818,26529.830575837575,26561.485005284856,26690.237726041803,62639741.157021,26555.6105742666,26487.1160952099,26357.5581251651,26580.3074459228,26819.208662850524,26173.3667899526,
950,950,950,2023-06-09 14:00:00,26634.64000000,26712.52000000,26536.96000000,26594.64,1793.16256,26597.1940650278,26566.429239168552,26532.372121883163,26562.14153983367,26689.286504887157,47688512.7446784,26561.4953064462,26480.532821414,26357.2950269085,26579.5987929023,26805.872264362657,26160.030391464734,
951,951,951,2023-06-09 15:00:00,26594.63000000,26633.76000000,26452.86000000,26477.37,1874.5623,26575.407871386382,26557.947406866784,26530.215175926962,26560.462895480527,26687.177882947984,49633479.605151,26555.5353636013,26470.5228410848,26356.0810131385,26578.1899298842,26789.877415851246,26144.035542953323,
952,952,952,2023-06-09 16:00:00,26477.36000000,26529.54000000,26442.98000000,26482.84,1257.10608,26558.57734931613,26550.79432049852,26528.35732589061,26558.92580844131,26685.144670182333,33291739.1796672,26552.2627608411,26472.9008846561,26354.5483222335,26576.7241085131,26771.06537687146,26125.223503973535,
953,953,953,2023-06-09 17:00:00,26482.83000000,26515.00000000,26417.92000000,26496.06,1105.22958,26547.210558531377,26545.58152807009,26527.09076409098,26557.68094094742,26683.263230678036,29284229.2654548,26546.5751062844,26483.4367717099,26352.7495324935,26575.4693405486,26749.323954810578,26103.482081912654,
954,954,954,2023-06-09 18:00:00,26496.05000000,26516.71000000,26412.44000000,26450.0,917.15989,26529.53591152567,26536.47852539675,26524.067596871726,26555.548645087074,26680.94220350711,24258879.0905,26542.4035525596,26490.2383953432,26349.9230078824,26574.3877681635,26724.597838219917,26078.755965321994,
955,955,955,2023-06-09 19:00:00,26450.00000000,26490.00000000,26383.05000000,26407.15,1165.90636,26507.28392761191,26524.16152297801,26519.482593072837,26552.61005805565,26678.217902974706,30788264.134474,26536.3252081557,26488.1674128832,26365.9287093525,26572.6816431014,26696.8989014631,26051.057028565177,
956,956,956,2023-06-09 20:00:00,26407.15000000,26470.00000000,26397.11000000,26451.16,869.25481,26497.079577137014,26517.208996980105,26516.80327569743,26550.601146014942,26675.958620358044,22992798.0600796,26534.4373728849,26487.9525428783,26407.9389725082,26570.2705550652,26666.315741625036,26020.473868727113,
957,957,957,2023-06-09 21:00:00,26451.16000000,26499.50000000,26445.75000000,26479.52,534.364,26493.886926748466,26513.619568696286,26515.341186454396,26549.1935985691,26674.004007220155,14149702.225280002,26536.0992370664,26487.9708265318,26421.4467041232,26568.8249429252,26633.02145873908,25987.179585841157,
958,958,958,2023-06-09 22:00:00,26479.51000000,26500.00000000,26458.07000000,26492.69,472.82674,26493.66930370329,26511.6262764395,26514.452904632657,26548.07471542912,26672.199887745326,12526452.246530598,26536.6918537349,26491.4578769525,26437.1214502213,26566.7228462268,26597.278545983787,25951.436673085864,
959,959,959,2023-06-09 23:00:00,26492.69000000,26498.17000000,26449.78000000,26477.81,581.60717,26490.785793939056,26508.405678683357,26513.0159279804,26546.683334925576,26670.265660006567,15399684.1418977,26543.8121030683,26502.3174172639,26455.8067981275,26565.4871593836,26559.439765707943,25913.59789281002,
960,960,960,2023-06-10 00:00:00,26477.80000000,26487.26000000,26450.00000000,26459.99,665.29959,26485.186558677407,26503.794661665896,26510.936479824308,26544.96663522408,26668.173364882125,17603820.4984041,26543.3299535997,26509.2745588846,26463.7718495,26560.2777391101,26519.944075131923,25874.102202234,
961,961,961,2023-06-10 01:00:00,26459.99000000,26533.87000000,26311.31000000,26396.93,1547.82949,26469.13991164515,26493.61707484057,26506.465637478257,26542.03521670479,26665.474425928074,40857946.6994657,26535.7707520332,26509.2655594158,26469.8032199676,26556.6191583268,26479.307027831357,25833.465154933434,
962,962,962,2023-06-10 02:00:00,26396.94000000,26437.08000000,26280.00000000,26326.92,1554.34919,26443.281745891483,26477.741162950995,26499.424632086953,26537.775509443305,26662.105725172572,40921226.7771948,26523.5511877616,26507.5671230843,26475.8958228275,26554.4470400078,26438.105578069,25792.263705171077,
963,963,963,2023-06-10 03:00:00,26326.93000000,26365.74000000,26266.00000000,26323.07,1254.18152,26421.4250648203,26463.01057600328,26492.508764161976,26533.523915196904,26658.732235369862,33013907.943666402,26514.7888546293,26504.8685468274,26481.7673335301,26551.3256896601,26396.957792623474,25751.11591972555,
964,964,964,2023-06-10 04:00:00,26323.07000000,26349.17000000,25715.46000000,25765.28,9775.41263,26302.125962125698,26396.56004495535,26463.9899890968,26518.311164400922,26649.842163376135,251866243.5274864,26298.612369866,26403.6905850395,26453.9808747738,26528.1035344636,26356.498550112876,25710.656677214953,
965,965,965,2023-06-10 05:00:00,25765.29000000,25808.12000000,25456.41000000,25518.06,7756.38422,26159.56851446648,26312.89337400722,26426.894695406732,26498.504210650408,26638.58064931269,197927877.9090132,26132.5698596584,26315.0068423248,26424.7605651713,26504.8254272335,26317.352798472984,25671.51092557506,buy
966,966,966,2023-06-10 06:00:00,25518.06000000,25638.93000000,25457.46000000,25538.81,5172.6708,26046.703330018026,26239.171147911296,26392.06784460647,26479.500364894953,26627.637657777243,132103856.753748,26047.723351756,26264.5512405495,26408.0677569468,26489.9103856941,26280.108275239974,25634.26640234205,buy
967,967,967,2023-06-10 07:00:00,25538.81000000,25743.80000000,25493.27000000,25651.09,5389.58832,25974.77363365111,26183.163419538792,26363.009889916022,26463.09619925347,26617.920765660056,138248815.0592688,25991.3081307914,26224.7014548983,26391.42235982,26476.1946224939,26245.289723317444,25599.44785041952,
968,968,968,2023-06-10 08:00:00,25651.08000000,25750.25000000,25561.25000000,25669.07,3349.48241,25919.191154805456,26134.202141487476,26335.79656089971,26447.372908179143,26608.479464509208,85978098.4460587,25958.1096965124,26200.8702527326,26382.1350789316,26465.8305389679,26213.33653841053,25567.494665512608,
969,969,969,2023-06-10 09:00:00,25669.06000000,25682.78000000,25614.85000000,25651.88,1441.75021,25870.589126659004,26088.266699441047,26308.97630360953,26431.620573363714,26598.961061877275,36983603.3768948,25932.7245301431,26188.9592716992,26379.9477764173,26460.9915351474,26184.585477793,25538.743604895077,
970,970,970,2023-06-10 10:00:00,25651.89000000,25701.68000000,25598.49000000,25698.31,1177.12476,25839.265649084635,26051.127966160948,26285.02860542876,26417.099571910967,26589.999359769045,30250116.9911556,25893.9223259384,26180.6654300795,26379.4942748589,26456.5425723244,26159.259587558026,25513.417714660103,
971,971,971,2023-06-10 11:00:00,25698.30000000,25739.29000000,25659.07000000,25731.4,1197.11154,25819.653712887426,26020.677683669426,26263.317679725675,26403.521362566196,26581.456082557415,30803355.880356003,25864.3446319987,26172.8959881465,26381.3514843625,26452.9832222012,26137.463931950962,25491.62205905304,
972,972,972,2023-06-10 12:00:00,25731.41000000,25731.41000000,25608.58000000,25616.18,1533.2788,25782.65849236244,25982.15409474853,26237.939731501137,26387.930444495578,26571.85134541754,39276745.730984,25832.9463319011,26160.6026662234,26379.6260346985,26446.5155953467,26119.188108072896,25473.346235174973,
973,973,973,2023-06-10 13:00:00,25616.19000000,25679.06000000,25572.94000000,25657.49,1219.23391,25759.90058466018,25951.23370477248,26215.176996932467,26373.466277277843,26562.75322257757,31282481.8534859,25811.7691211735,26150.6570009209,26377.8700963806,26439.0838271901,26104.31497348268,25458.473100584757,
974,974,974,2023-06-10 14:00:00,25657.50000000,25706.57000000,25627.00000000,25668.34,1412.86466,25743.253205631056,25924.291447175103,26193.73240881747,26359.503380698083,26553.853588522074,36265890.4668644,25792.1939047689,26134.4983952753,26375.7854060519,26433.2722617301,26092.63456079822,25446.792687900295,
975,975,975,2023-06-10 15:00:00,25668.35000000,25679.93000000,25600.00000000,25628.8,1103.39326,25722.44353187995,25896.149404586995,26171.578196706978,26345.034006822876,26544.649075203448,28278645.181888,25776.2586043376,26120.6428970045,26377.9113308466,26428.6705572334,26083.861839594578,25438.019966696655,
976,976,976,2023-06-10 16:00:00,25628.81000000,25649.50000000,25582.01000000,25588.67,1188.53634,25698.121071538142,25866.86565176919,26148.719051738077,26330.056501737272,26535.136845599434,30413064.1872678,25756.7752000422,26094.8691630988,26394.8009604084,26423.8396880281,26077.656826037837,25431.814953139914,
977,977,977,2023-06-10 17:00:00,25588.67000000,26154.00000000,25400.00000000,26022.34,7288.3803,25757.069967622116,25881.672732553074,26143.763010493447,26323.963105663264,26530.034389424316,189660710.215902,25780.7242045653,26069.6002062068,26395.4106210735,26413.7761483111,26073.645528063775,25427.80365516585,
978,978,978,2023-06-10 18:00:00,26022.34000000,26043.49000000,25358.00000000,25547.28,4939.79125,25718.926337145364,25849.825805643257,26120.37151988586,26308.583242184784,26520.25573878328,126198230.2053,25755.2901983739,26028.46678925,26386.2921815353,26401.0063830698,26071.44032603213,25425.598453134207,
979,979,979,2023-06-10 19:00:00,25547.28000000,25750.95000000,25540.56000000,25750.0,1558.2151,25724.576094028023,25840.318586058187,26105.847146557,26297.522187884093,26512.59150257648,40124038.824999996,25749.4494826377,26018.9987027169,26385.9684032659,26396.5041665976,26070.658594374545,25424.81672147662,
980,980,980,2023-06-10 20:00:00,25750.01000000,25873.54000000,25679.59000000,25751.25,1741.52798,25729.425895113836,25831.835863576456,26091.941376103787,26286.704916836883,26505.015965237413,44846522.394975,25742.6964985971,26008.0576789822,26381.0445220775,26386.6453476848,26070.938635496037,25425.096762598114,
981,981,981,2023-06-10 21:00:00,25751.25000000,25829.72000000,25687.26000000,25761.28,928.70332,25735.217550547684,25825.116257521557,26078.974263315406,26276.300463038133,26497.615607374355,23924586.263449598,25735.3407028115,26002.2701183851,26365.8234637329,26381.3186936118,26071.952292790113,25426.11041989219,
982,982,982,2023-06-10 22:00:00,25761.29000000,25932.02000000,25745.78000000,25875.16,1084.6685,25760.66163226629,25829.88232823379,26070.98154710696,26268.35708753243,26491.422019241276,28065970.98446,25721.2853308706,25994.3363810423,26358.378449752,26377.1088002838,26073.413910305004,25427.57203740708,
983,983,983,2023-06-10 23:00:00,25875.17000000,25892.38000000,25830.00000000,25841.21,664.82298,25775.30679003605,25830.96115411629,26061.970898200805,26259.89872936347,26484.952247905545,17179830.2390058,25707.2009960422,25989.1720331799,26333.3462684444,26373.6602334633,26075.08559307967,25429.24372018175,
984,984,984,2023-06-11 00:00:00,25841.22000000,25850.00000000,25730.86000000,25750.28,1006.26589,25770.756464574948,25823.277234676643,26049.747725722344,26249.807269376077,26477.642076284596,25911628.4219492,25695.2352635965,25983.4250675343,26313.6107007647,26369.2957523046,26076.778979135397,25430.937106237474,
985,985,985,2023-06-11 01:00:00,25750.27000000,25864.32000000,25718.97000000,25824.99,1035.45895,25780.6171073795,25823.44035518363,26040.933697262644,26241.395046220114,26471.148025774302,26740717.0291605,25684.6897880267,25978.2007306698,26303.1312507353,26365.9389044703,26078.35394844376,25432.512075545837,
986,986,986,2023-06-11 02:00:00,25824.99000000,25827.93000000,25747.28000000,25766.72,1166.38053,25778.090360583225,25818.03841659471,26030.18021893862,26231.99554035437,26464.138791686997,30053800.529961597,25715.1315849057,25970.9032223339,26291.6310455989,26360.5896310569,26079.714854282443,25433.87298138452,
987,987,987,2023-06-11 03:00:00,25766.71000000,25770.00000000,25695.00000000,25727.51,1010.00082,25768.893931386272,25809.41666263331,26018.31079858809,26222.005727674088,26456.809151968722,25984806.196558196,25737.4441340311,25962.0670377584,26269.8459339535,26352.8963422975,26080.804959049932,25434.96308615201,
988,988,988,2023-06-11 04:00:00,25727.51000000,25759.99000000,25634.70000000,25727.74,1218.85905,25761.411398406948,25801.63793285871,26006.915865310126,26212.218287522126,26449.554732546152,31358488.735047,25749.6157403075,25945.6343691256,26251.6577090914,26347.7462786148,26081.599785220988,25435.757912323064,
989,989,989,2023-06-11 05:00:00,25727.74000000,25834.59000000,25727.74000000,25819.1,913.31373,25771.900235060228,25803.300986872167,25999.55053725875,26204.43376697713,26443.281551127784,23580938.526242997,25759.1836562565,25940.1579243911,26237.6637095686,26344.3425838793,26082.100054885792,25436.25818198787,
990,990,990,2023-06-11 06:00:00,25819.10000000,25823.91000000,25767.34000000,25786.49,595.08665,25774.55291959473,25801.69994050339,25991.195222072132,26196.157652779562,26436.74631181308,15345195.9493585,25764.2142485351,25934.0162256339,26225.8940771995,26341.2453560225,26082.32479825393,25436.482925356006,
991,991,991,2023-06-11 07:00:00,25786.49000000,25796.88000000,25740.02000000,25741.33,941.71498,25768.51238875932,25795.950422360213,25981.396585912444,26187.15116460571,26429.82674652141,24240996.0661234,25765.8744278933,25927.9283110098,26211.5794885945,26338.5071932841,26082.305079486538,25436.463206588614,
992,992,992,2023-06-11 08:00:00,25741.32000000,25768.54000000,25695.08000000,25740.2,643.87081,25763.36468171217,25790.640858325907,25971.93789626882,26178.300646494707,26422.96478884458,16573363.423562001,25766.6196965161,25920.2805187617,26204.7974513448,26335.8905250826,26082.07863800073,25436.236765102807,
993,993,993,2023-06-11 09:00:00,25740.21000000,25772.97000000,25701.42000000,25706.26,797.94329,25752.982012309956,25782.604586104393,25961.51915523867,26168.95330696016,26415.833397910803,20512137.6779954,25772.2422419093,25912.2825217351,26198.5130400522,26332.0758817257,26081.68559566699,25435.843722769067,
994,994,994,2023-06-11 10:00:00,25706.25000000,25795.27000000,25695.00000000,25774.08,1170.50916,25756.818010071784,25781.792720761117,25954.168600131274,26161.13403355501,26409.44779196144,30168796.730572805,25776.6254442915,25897.5002704971,26191.2441524896,26328.8790709735,26081.165252018927,25435.323379121004,
995,995,995,2023-06-11 11:00:00,25774.08000000,25842.44000000,25757.13000000,25796.06,1164.36338,25763.95291733146,25783.15150926006,25947.968262871225,26153.904844771743,26403.344430847395,30035987.6122828,25782.0860070762,25886.0457165932,26182.4880056542,26326.4424412524,26080.553891481148,25434.712018583225,
996,996,996,2023-06-11 12:00:00,25796.05000000,25798.72000000,25747.61000000,25750.0,809.95086,25761.416023271195,25779.994222663867,25940.204801582157,26145.90672903369,26396.843491236974,20856234.645,25786.5778177829,25876.8426825913,26176.2533887226,26324.1912701672,26079.883462668495,25434.04158977057,
997,997,997,2023-06-11 13:00:00,25750.01000000,25776.13000000,25672.68000000,25703.33,1389.19458,25750.854928130975,25772.69286812445,25930.915593676975,26137.14283340926,26389.942859483373,35706926.72395141,25790.306438373,25866.6011519432,26165.7712611922,26320.9741993865,26079.180958139663,25433.33908524174,
998,998,998,2023-06-11 14:00:00,25703.32000000,25806.11000000,25694.72000000,25753.19,950.1524,25751.279486652613,25770.8354521126,25923.94596255239,26129.539807005116,26383.60701013528,24469455.286156,25723.2111478658,25855.1088481302,26153.5685862282,26318.1904690955,26078.468317765302,25432.62644486738,
999,999,999,2023-06-11 15:00:00,25753.18000000,25778.08000000,25732.95000000,25751.36,932.80837,25751.294125443048,25768.980647149496,25917.17788558955,26122.05109795551,26377.31599510906,24021084.1468832,25764.4249393182,25833.959619986,26136.9979930285,26315.6126270124,26077.76269243169,25431.920819533767,
1000,1000,1000,2023-06-11 16:00:00,25751.36000000,25953.24000000,25738.07000000,25868.39,2437.41159,25772.5842844534,25778.44820456383,25915.264635174273,26117.02810591679,26372.252054859222,63051913.6006401,25776.630518519,25820.03121574,26124.366609986,26311.7472315061,26300.369113268636,25579.52238945957,
1001,1001,1001,2023-06-11 17:00:00,25868.39000000,26080.74000000,25836.88000000,25941.63,2832.13906,25803.319869098235,25793.989327938703,25916.298571049792,26113.554876096652,26367.96725829346,73470303.6030678,25798.2187090647,25810.4705376503,26112.0200354993,26308.0471521341,26297.255623014247,25576.40889920518,
1002,1002,1002,2023-06-11 18:00:00,25941.63000000,26047.58000000,25927.86000000,25975.0,1574.00804,25834.5344383531,25811.228439563587,25918.60058787137,26110.811215183847,26364.057136320393,40884858.839,25811.0607015816,25804.1787728879,26098.9733151069,26304.9757469496,26293.886670593027,25573.03994678396,
1003,1003,1003,2023-06-11 19:00:00,25974.99000000,26106.66000000,25934.56000000,26030.89,1470.74385,25870.235449561627,25832.14858817658,25923.004094229356,26109.228616863373,26360.74204043661,38284771.3775265,25821.3250538326,25799.568699402,26089.6030612419,26302.7546149105,26290.2922938449,25569.445570035834,
1004,1004,1004,2023-06-11 20:00:00,26030.89000000,26206.88000000,26030.88000000,26123.68,1809.46899,25916.316276914054,25859.913484540713,25930.873737592912,26109.514782866077,26358.38321416361,47269988.8646832,25841.9624429544,25799.4619613254,26085.319701529,26300.7728827781,26286.510801855187,25565.66407804612,
1005,1005,1005,2023-06-11 21:00:00,26123.69000000,26139.78000000,25972.64000000,26046.37,963.47924,25939.962408384225,25877.671247917788,25935.403002785348,26108.264391126155,26355.278605067455,25095136.772358797,25853.1600632407,25794.4679283836,26078.9846043478,26298.9056313196,26282.58856365356,25561.741839844493,
1006,1006,1006,2023-06-11 22:00:00,26046.37000000,26070.00000000,25745.03000000,25895.8,2097.21566,25931.93287958709,25879.39779573514,25933.849943852587,26104.05717546029,26350.706678648872,54309077.288228,25857.5706320648,25790.7144871427,26073.6693477679,26295.6244111137,26278.57936167701,25557.732637867943,
1007,1007,1007,2023-06-11 23:00:00,25895.79000000,25938.80000000,25819.66000000,25925.55,1083.95607,25930.7723560258,25883.793243760367,25933.52445585837,26100.52237990662,26346.47626393595,28102157.290588498,25864.2725562472,25788.4031716796,26070.0551647868,26290.1030703766,26274.543295461866,25553.6965716528,
1008,1008,1008,2023-06-12 00:00:00,25925.54000000,26028.50000000,25856.84000000,25965.13,1363.72265,25937.019200384744,25891.539601497476,25934.763888961963,26097.841342680746,26342.681773747532,35409235.8911945,25874.4225107191,25787.4537882584,26066.0701494857,26285.956960758,26270.545274613614,25549.698550804547,
1009,1009,1009,2023-06-12 01:00:00,25965.13000000,26000.00000000,25891.66000000,25935.17,1111.02989,25936.68298213297,25895.69487754534,25934.779814885023,26094.620127974194,26338.62693022766,28814749.0722313,25883.5263412716,25785.0172686662,26064.0123952455,26282.1434992631,26266.65320406518,25545.806480256113,
1010,1010,1010,2023-06-12 02:00:00,25935.17000000,25959.56000000,25602.11000000,25773.47,3157.17512,25907.00789447243,25884.05441301721,25928.453939791496,26088.260719499456,26333.003478185594,81371358.2400664,25873.6742718487,25780.1584917894,26055.6771503684,26276.4227593604,26262.936029500877,25542.08930569181,
1011,1011,1011,2023-06-12 03:00:00,25773.48000000,25848.84000000,25752.87000000,25791.29,1034.01167,25885.968277295622,25875.219707015567,25923.07496176046,26082.380111192535,26327.61329432305,26668494.8443543,25872.5542365961,25770.671208597,26052.1740202225,26272.6695100213,26259.461862818138,25538.61513900907,
1012,1012,1012,2023-06-12 04:00:00,25791.29000000,25823.53000000,25756.57000000,25814.98,1104.75677,25873.061317787327,25869.482592061704,25918.835943652204,26077.08505948575,26322.512465523818,28519273.922414597,25874.5600724146,25762.4291209836,26047.3677063276,26269.8643140005,26256.296430567058,25535.44970675799,
1013,1013,1013,2023-06-12 05:00:00,25814.99000000,25818.89000000,25762.57000000,25772.8,771.01816,25854.831987280537,25860.274726151067,25913.10904390114,26071.05961276326,26317.04268974746,19871296.834048,25874.8282372471,25755.3702593368,26043.5116643984,26266.1108936894,26253.50206784381,25532.65534403474,
1014,1014,1014,2023-06-12 06:00:00,25772.80000000,25905.63000000,25744.06000000,25844.34,1131.26471,25852.92435322953,25858.7571331843,25910.412218650115,26066.57011548082,26312.339180396742,29236789.795241397,25878.1228012596,25755.4122978751,26039.8901879739,26263.9245808903,26251.137407802787,25530.29068399372,
1015,1015,1015,2023-06-12 07:00:00,25844.34000000,25858.31000000,25773.20000000,25802.98,889.02955,25843.84356173325,25853.445025261986,25906.199190467756,26061.350509233675,26307.27092984553,22939611.698059,25879.9507449639,25778.1113772776,26035.4001238943,26262.138435272,26249.25779533264,25528.411071523573,
1016,1016,1016,2023-06-12 08:00:00,25802.97000000,25948.91000000,25780.00000000,25939.32,1461.74645,25861.202914145382,25861.623594284654,25907.49804574353,26058.934063506273,26303.609726563485,37916708.925414,25886.0237148186,25796.7025707068,26032.8816112509,26259.9253613806,26247.91629841261,25527.06957460354,
1017,1017,1017,2023-06-12 09:00:00,25939.31000000,26106.48000000,25920.00000000,25965.1,2237.04529,25880.093293391674,25871.478490067067,25909.75694591045,26057.075963238818,26300.24147057778,58085104.659379,25895.0506744403,25811.9646432426,26030.1502236767,26256.7425491512,26247.165030361306,25526.31830655224,
1018,1018,1018,2023-06-12 10:00:00,25965.10000000,26059.59000000,25944.18000000,25964.59,1224.51558,25895.456330956822,25880.34625291782,25911.907261757096,26055.24455802617,26296.901654950143,31794044.9833122,25906.1608508893,25820.9606433107,26026.9099465882,26254.8206442384,26247.056365703884,25526.209641894817,
1019,1019,1019,2023-06-12 11:00:00,25964.60000000,26029.25000000,25936.30000000,25988.83,910.4549,25912.433361691943,25890.67803835422,25914.92383972741,26053.929418263277,26293.83626534865,23661657.618767,25913.1429106338,25826.3605323018,26023.9741225379,26253.3988005205,26247.64356539399,25526.796841584925,
1020,1020,1020,2023-06-12 12:00:00,25988.82000000,25993.60000000,25899.89000000,25933.1,967.00744,25916.190932293408,25894.71822517763,25915.636630326335,26051.53675651549,26290.246849773044,25077500.642263997,25918.5240249577,25829.8280039875,26021.8295127754,26251.7961249781,26248.980346866258,25528.13362305719,
1021,1021,1021,2023-06-12 13:00:00,25933.10000000,25933.11000000,25779.71000000,25798.3,1714.07782,25894.75621733097,25885.535537065472,25911.035193842952,26046.52216727756,26285.351856242964,44220293.823706,25915.8102795747,25830.692870375,26017.7990095471,26249.2552637677,26251.119046887878,25530.27232307881,
1022,1022,1022,2023-06-12 14:00:00,25798.29000000,25878.84000000,25734.47000000,25846.35,1501.21474,25885.955086907157,25881.803581154476,25908.4985195746,26042.558361984935,26280.983678568908,38800921.595199,25909.8123697591,25835.4731305364,26013.9407556298,26245.6398056161,26254.10721701938,25533.260493210313,
1023,1023,1023,2023-06-12 15:00:00,25846.35000000,25866.34000000,25766.86000000,25824.63,1285.36761,25874.805071105853,25876.358478187383,25905.20955802266,26038.242948876323,26276.442845946334,33194142.9422343,25902.5706897197,25838.2251214242,26009.8129407716,26242.0238688949,26257.982732802437,25537.13600899337,
1024,1024,1024,2023-06-12 16:00:00,25824.63000000,25905.23000000,25789.26000000,25825.41,1232.739,25865.824149086606,25871.506242169537,25902.0801635904,26034.028435037188,26271.954956931942,31835990.097990002,25892.7999178448,25841.2713313971,26001.6729947739,26239.6085257544,26262.76774915581,25541.921025346743,
1025,1025,1025,2023-06-12 17:00:00,25825.41000000,25966.18000000,25652.04000000,25804.56,2309.53466,25854.68521288904,25865.13040958196,25898.2558434496,26029.48450563051,26267.30426084307,59596525.7060496,25871.7658784948,25843.2716526613,25992.824331266,26234.9746087329,26268.462055585594,25547.615331776527,
1026,1026,1026,2023-06-12 18:00:00,25804.55000000,25863.48000000,25756.77000000,25845.31,864.86544,25852.980628727393,25863.242751526537,25896.17953586334,26025.837485717035,26263.105312973985,22352715.4050864,25865.2770203928,25847.3575997252,25979.799077606,26232.7471423414,26275.036542313206,25554.18981850414,
1027,1027,1027,2023-06-12 19:00:00,25845.32000000,25851.27000000,25761.47000000,25824.23,807.4572,25847.753241686045,25859.52725138115,25893.357985437327,26021.84525827709,26258.73839443693,20851960.447956,25861.8270873273,25828.3308141135,25965.905343948,26229.5493965683,26282.427560961616,25561.58083715255,
1028,1028,1028,2023-06-12 20:00:00,25824.23000000,25898.99000000,25804.30000000,25893.48,745.83335,25856.067197743127,25862.760846487705,25893.36277032214,26019.303371974573,26255.103982551984,19312220.931557998,25860.1930571452,25850.8474321255,25955.8749497503,26227.034382225,26290.53294356496,25569.68621975589,
1029,1029,1029,2023-06-12 21:00:00,25893.48000000,25939.33000000,25880.12000000,25930.52,649.35736,25869.604070880738,25869.214099203164,25894.819916584016,26017.545285400818,26251.87429118331,16838174.0106272,25856.5988352635,25854.1678439937,25952.4534351098,26223.9989369476,26299.210336677792,25578.363612868725,
1030,1030,1030,2023-06-12 22:00:00,25930.52000000,25970.05000000,25888.98000000,25929.93,788.63176,25880.57242162969,25874.996565945723,25896.19678260033,26015.810329254266,26248.670865400392,20449166.3325768,25855.4989169458,25858.0252447348,25948.3038878942,26220.467863049,26308.27832822708,25587.431604418012,
1031,1031,1031,2023-06-12 23:00:00,25929.93000000,25938.48000000,25870.00000000,25905.19,638.65181,25885.048344969746,25877.87213109375,25896.549457792473,26013.619827684874,26245.253145346658,16544396.481893899,25867.4779837318,25859.9707706449,25945.8786809848,26218.3906609446,26317.520614285517,25596.67389047645,
1032,1032,1032,2023-06-13 00:00:00,25905.20000000,26033.91000000,25820.00000000,25868.89,1834.85547,25882.11046406615,25877.016690037202,25895.46477317316,26010.753890502994,26241.508238427785,47465674.3193283,25870.7237745642,25859.9690117287,25940.7424574294,26214.9920004495,26326.69319422531,25605.846470416243,
1033,1033,1033,2023-06-13 01:00:00,25868.88000000,26048.70000000,25818.07000000,25970.67,1294.33307,25898.2121978723,25885.9360528908,25898.413997754604,26009.96015009699,26238.813330582736,33614697.031056896,25878.2833377608,25862.439593994,25938.3186856415,26213.1133375321,26335.534318409143,25614.687594600076,
1034,1034,1034,2023-06-13 02:00:00,25970.67000000,26157.99000000,25937.11000000,26125.49,2041.22597,25939.53543462279,25908.750714520247,25907.31893901913,26012.247869897048,26237.685735253555,53328028.666975304,25900.3697189995,25872.5803291081,25938.6430562738,26211.4242103454,26343.776663411198,25622.92993960213,
1035,1035,1035,2023-06-13 03:00:00,26125.49000000,26151.37000000,26043.04000000,26063.85,1476.54989,25962.13808287319,25923.52207504213,25913.45741199877,26013.269694255523,26235.956026445063,38484574.850476496,25911.7102573799,25877.7213212851,25937.5403440469,26209.9473243542,26351.160993967977,25630.31427015891,
1036,1036,1036,2023-06-13 04:00:00,26063.85000000,26070.18000000,25973.70000000,26055.51,1005.47285,25979.11479507806,25936.092353609547,25919.02810172431,26014.106135953432,26234.160543594862,26198107.8979035,25920.648485161,25882.5105631076,25935.2388402777,26208.1089729344,26357.450404218398,25636.60368040933,
1037,1037,1037,2023-06-13 05:00:00,26055.51000000,26121.01000000,26030.89000000,26080.82,1109.71017,25997.606650518414,25949.875938980065,25925.372882048847,26015.427202568215,26232.63476704168,28942151.195939403,25926.2962758218,25888.3533095652,25932.2784070809,26206.1611003958,26362.44412680558,25641.597402996515,
1038,1038,1038,2023-06-13 06:00:00,26080.82000000,26133.03000000,26054.56000000,26080.01,806.11619,26012.58907769688,25962.269659077203,25931.437082752815,26016.70606984409,26231.116112643256,21023518.296361897,25927.7682479768,25893.8222222581,25924.6028821599,26196.3000558298,26365.98986808374,25645.143144274673,
1039,1039,1039,2023-06-13 07:00:00,26080.01000000,26114.94000000,26070.00000000,26073.92,732.88273,26023.740154479263,25972.90302487937,25937.02464813506,26017.83901895609,26229.55197221895,19109125.6714016,25930.2776521771,25896.9574806135,25922.6705848172,26191.8054360305,26367.99367867879,25647.146954869724,
1040,1040,1040,2023-06-13 08:00:00,26073.91000000,26272.25000000,26060.77000000,26176.83,2197.84688,26051.57467184667,25992.324641557527,25946.428779580747,26020.987355214384,26229.02737548045,57532664.14379041,25949.0663032646,25907.3572204684,25923.0457878792,26187.9233724005,26368.42650388586,25647.579780076794,
1041,1041,1041,2023-06-13 09:00:00,26176.82000000,26206.81000000,26105.09000000,26147.37,1514.76235,26068.992004238182,26007.090866171093,25954.308827440327,26023.489981843803,26228.214864281643,39607051.627519496,25960.9610237304,25915.2297370101,25922.6843769351,26185.362941257,26367.326774164772,25646.480050355705,
1042,1042,1042,2023-06-13 10:00:00,26147.37000000,26170.89000000,26111.91000000,26156.31,940.55651,26084.8680034676,26021.302212250037,25962.230442050513,26026.12008121323,26227.49939299526,24601487.648078103,25978.9046590844,25920.3466428895,25920.3079667064,26182.6982290087,26364.798680461194,25643.951956652127,
1043,1043,1043,2023-06-13 11:00:00,26156.31000000,26212.50000000,26086.90000000,26191.81,2621.02821,26104.312002837127,26037.541049178606,25971.2335619701,26029.401069704058,26227.144274657,68649472.8809601,26007.0491362662,25933.29156557,25921.1532012629,26178.9774833413,26361.00611145408,25640.159387645013,
1044,1044,1044,2023-06-13 12:00:00,26191.81000000,26433.21000000,25891.25000000,26082.29,6842.52332,26100.308002321286,26041.802854018737,25975.588716402646,26030.448375254473,26225.70293859076,178468677.5640028,26030.1369357832,25949.6240935186,25920.5980556301,26175.4340568113,26356.162581004715,25635.31585719565,
1045,1045,1045,2023-06-13 13:00:00,26082.29000000,26143.68000000,26001.64000000,26032.92,2780.76467,26088.05563826287,26040.956867921715,25977.837002033917,26030.49731831874,26223.784700395827,72391424.19293639,26037.7866793882,25955.0638885909,25917.0190931797,26171.4512933984,26350.517808968103,25629.671085159036,
1046,1046,1046,2023-06-13 14:00:00,26032.91000000,26050.00000000,25901.07000000,25985.67,2400.96975,26069.440067669617,26035.69145192917,25978.144178424744,26029.60964864906,26221.415399894377,62390807.6034825,26049.9151987418,25958.1736223785,25913.8009324455,26168.4965613666,26344.341899995125,25623.495176186058,
1047,1047,1047,2023-06-13 15:00:00,25985.66000000,25985.67000000,25712.57000000,25759.54,3923.18742,26013.094600820594,26009.3913136502,25969.571465545345,26024.261734814427,26216.81962477105,101059503.27298681,26024.0156026676,25952.829591311,25906.3805587538,26162.4209415042,26337.908258992484,25617.061535183417,
1048,1048,1048,2023-06-13 16:00:00,25759.54000000,25880.30000000,25739.38000000,25865.29,1682.8275,25986.22103703503,25995.66737901685,25965.481996308274,26021.113779669588,26213.321817559397,43526821.307475,26021.2337250214,25953.3572392009,25900.7193392394,26159.8398793122,26331.476463139505,25610.629739330438,
1049,1049,1049,2023-06-13 17:00:00,25865.30000000,25893.46000000,25777.44000000,25821.88,1126.74634,25956.340848483203,25979.116200062865,25959.85054547266,26017.168556309796,26209.426874101096,29094708.7819192,26017.8663348112,25953.8576438158,25890.1530305478,26156.8435055831,26325.276266878474,25604.429543069407,
1050,1050,1050,2023-06-13 18:00:00,25821.87000000,25978.37000000,25802.79000000,25889.63,1208.09908,25944.21160330444,25970.59370481878,25957.096798591378,26014.643040343264,26206.244815652328,31277238.1845404,26015.346219253,25955.5067318183,25882.7695326271,26154.1443260153,26319.49375281484,25598.647029005773,
1051,1051,1051,2023-06-13 19:00:00,25889.64000000,25928.72000000,25868.99000000,25902.84,564.47241,25936.68949361272,25964.140971026518,25954.96908099956,26012.42911875231,26203.225862262752,14621438.520644398,26015.4457269996,25955.6310354706,25876.2745615339,26151.9119086661,26314.260379927877,25593.41365611881,
1052,1052,1052,2023-06-13 20:00:00,25902.83000000,25959.26000000,25821.83000000,25847.98,1213.06145,25920.560494774043,25953.078021404945,25950.773430764282,26009.172700559193,26199.691077563624,31355188.098371,26012.0698883446,25953.5294285391,25871.5824018227,26148.9273326578,26309.645357765563,25588.798633956496,
1053,1053,1053,2023-06-13 21:00:00,25847.97000000,25880.64000000,25817.72000000,25847.45,715.16853,25907.267677542397,25943.018209842572,25946.721531518626,26005.970270845148,26196.18619121971,18485282.8207485,26015.8654346828,25951.0304461,25867.4070228536,26146.1758014266,26305.65143804676,25584.804714237693,
1054,1054,1054,2023-06-13 22:00:00,25847.44000000,25863.29000000,25808.10000000,25840.0,419.40495,25895.037190716503,25933.206951762328,25942.536373419854,26002.683730828412,26192.642050013543,10837423.908,26015.4565518518,25946.2118999004,25864.1760609768,26143.1547466539,26302.213912562478,25581.36718875341,
1055,1055,1055,2023-06-13 23:00:00,25840.01000000,25937.66000000,25840.00000000,25934.25,613.04282,25902.16679240441,25933.306289689725,25942.21141759947,26001.32860744567,26190.07098483928,15898805.754585,26007.8124581794,25944.811533034,25860.6715610682,26146.3405717101,26299.202382100357,25578.35565829129,
1056,1056,1056,2023-06-14 00:00:00,25934.24000000,26030.00000000,25911.60000000,25989.72,1127.65179,25918.08555742179,25938.67902400499,25944.074499262235,26001.098734030904,26188.077442701575,29307354.2795988,26004.9107713399,25946.9081938292,25858.490820914,26159.695917441,26296.424745624874,25575.578021815807,
1057,1057,1057,2023-06-14 01:00:00,25989.72000000,26052.50000000,25957.95000000,26046.27,757.63957,25941.391819708737,25948.925783623563,25948.082165957832,26001.993214545142,26186.666423371214,19733684.8029039,26004.3571845554,25948.2593245972,25857.3681075516,26163.9443807949,26293.632863312527,25572.78613950346,
1058,1058,1058,2023-06-14 02:00:00,26046.27000000,26055.99000000,26013.60000000,26027.4,688.05766,25957.029670670785,25956.399518516555,25951.192669253607,26002.496319207617,26185.08168284016,17908351.939884003,26002.3788849921,25948.6950170348,25856.2833815934,26169.5378069264,26290.52946059162,25569.682736782554,
1059,1059,1059,2023-06-14 03:00:00,26027.40000000,26031.68000000,25964.46000000,25985.07,677.42228,25962.127912367003,25959.1300405626,25952.521192027976,26002.151243579745,26183.091516841752,17602865.3653596,26000.2404921503,25949.2479406606,25854.6623374726,26175.8233757183,26286.776031634978,25565.92930782591,
1060,1060,1060,2023-06-14 04:00:00,25985.06000000,26005.36000000,25967.16000000,25981.01,581.10579,25965.561019209363,25961.2138462233,25953.638400183743,26001.732605093017,26181.080755480143,15097715.341047898,25998.3566688745,25957.5384056713,25852.7148551432,26178.308660351,26282.001722527635,25561.154998718568,
1061,1061,1061,2023-06-14 05:00:00,25981.00000000,25984.83000000,25837.13000000,25845.14,947.05325,25943.666288444023,25950.159194202035,25949.383560960854,25998.63176142781,26177.738061395765,24476723.833705,25982.2417309506,25958.4859499817,25847.6728827514,26179.6982911819,26275.813371597207,25554.96664778814,
1062,1062,1062,2023-06-14 06:00:00,25845.14000000,25925.13000000,25840.00000000,25894.54,591.60636,25934.734235999655,25944.862128087556,25947.232833080037,25996.570538429238,26174.920170237598,15319374.5532744,25972.9267177805,25960.2464203739,25843.3918660157,26181.6236998735,26267.807004498824,25546.960280689756,
1063,1063,1063,2023-06-14 07:00:00,25894.53000000,25923.84000000,25872.02000000,25897.72,995.8449,25928.004374908807,25940.372401603025,25945.29115335141,25994.613102024698,26172.161959588466,25790112.383628003,25965.3098996729,25961.4421906726,25840.1187033495,26183.0634217958,26257.581084484566,25536.7343606755,
1064,1064,1064,2023-06-14 08:00:00,25897.71000000,25942.88000000,25885.35000000,25928.3,682.54353,25928.058124925385,25939.2226490694,25944.62483361214,25993.299971291533,26169.735472428383,17697193.408899,25945.0433519421,25963.0495841597,25845.1242821895,26185.0920020522,26244.751684877836,25523.90496106877,
1065,1065,1065,2023-06-14 09:00:00,25928.30000000,25989.98000000,25911.23000000,25980.53,693.04545,25937.59846584804,25943.156682491364,25946.032879352842,25993.047100572887,26167.852830911685,18005688.1050885,25907.5472388794,25965.3156178644,25862.5329058995,26187.006311701,26228.969488423478,25508.12276461441,
1066,1066,1066,2023-06-14 10:00:00,25980.53000000,25988.67000000,25939.04000000,25956.99,784.08866,25941.124199330214,25944.47414130171,25946.462570358613,25992.333098581345,26165.754693290677,20352581.506733403,25893.7096963461,25965.7820728187,25874.450271032,26188.4406613033,26209.938161156588,25489.09143734752,
1067,1067,1067,2023-06-14 11:00:00,25957.00000000,26028.58000000,25950.00000000,25975.71,970.02164,25947.412526724722,25947.448984987263,25947.609528383768,25992.003928312406,26163.863701317638,25197000.8143644,25886.9712542851,25965.9505908911,25883.5999183597,26188.830168261,26187.43325358017,25466.586529771103,
1068,1068,1068,2023-06-14 12:00:00,25975.71000000,26085.33000000,25963.10000000,26022.15,1554.08203,25961.001158229315,25954.56336736943,25950.532684133424,25992.60088022701,26162.453614737362,40440555.6969645,25925.1585338141,25967.2883823565,25890.2462959708,26188.8491857434,26161.320419870837,25440.47369606177,
1069,1069,1069,2023-06-14 13:00:00,26022.15000000,26029.98000000,25927.22000000,25990.0,1394.33783,25966.27367491489,25957.938284762815,25952.080422010546,25992.549377648258,26160.737658371818,36238840.2017,25935.6018326081,25967.4682678115,25893.6831904496,26189.1774488721,26131.571488885864,25410.724765076797,
1070,1070,1070,2023-06-14 14:00:00,25990.00000000,26030.00000000,25970.00000000,26001.27,958.62879,25972.63664311218,25962.065114785404,25954.009425068954,25992.722063239384,26159.150915502447,24925565.9985633,25946.1379521356,25968.4478401642,25896.0584383363,26190.0292891548,26098.27682985018,25377.430106041113,
1071,1071,1071,2023-06-14 15:00:00,26001.26000000,26020.00000000,25950.00000000,25986.75,786.48022,25975.20270800087,25964.416056234415,25955.2933691839,25992.603804561375,26157.4354835074,20438064.857085,25951.7946913653,25973.0792892195,25897.9781625232,26191.932435097,26061.652568382317,25340.80584457325,
1072,1072,1072,2023-06-14 16:00:00,25986.74000000,26012.02000000,25962.25000000,25965.86,723.52435,25973.504033818892,25964.55357468828,25955.70774686296,25992.07422427303,26155.52925979091,18786931.978691,25953.910086012,25975.9126919712,25901.4393663492,26193.0833321203,26022.041530936785,25301.19480712772,
1073,1073,1073,2023-06-14 17:00:00,25965.87000000,26045.00000000,25888.00000000,26027.04,2025.51272,25983.237845851818,25970.504662813208,25958.50509012324,25992.766615871584,26154.25075969349,52718100.5839488,25968.7137561174,25980.4252131959,25905.3858525343,26193.12244169,25979.90729905215,25259.060575243082,sell
1074,1074,1074,2023-06-14 18:00:00,26027.03000000,26098.00000000,25753.38000000,25915.03,4206.21158,25970.836419333304,25965.221361592903,25956.80018462821,25991.227276943435,26151.87045362689,109004099.2820474,25962.4424257147,25979.2084769896,25908.0185149679,26190.957326484,25935.821378640503,25214.974654831436,
1075,1075,1075,2023-06-14 19:00:00,25915.02000000,25979.45000000,25833.88000000,25874.59,1576.36842,25953.33707036361,25956.58980334596,25953.576255819262,25988.91762789505,26149.111444138067,40787886.556447804,25958.7082256979,25982.7004768103,25909.8032724854,26192.185434193,25890.44415087682,25169.597427067754,
1076,1076,1076,2023-06-14 20:00:00,25874.58000000,25879.69000000,24820.56000000,24934.21,13801.71624,25768.041239388403,25859.22029826539,25913.601108532235,25968.03232833277,26137.022872554608,344134891.08857036,25571.9694068517,25805.9901613304,25825.780230774,26154.7438785346,25844.500877613405,25123.65415380434,buy
1077,1077,1077,2023-06-14 21:00:00,24934.21000000,25190.03000000,24826.08000000,25121.25,4418.26518,25650.442832226872,25788.937412716306,25882.528516040773,25951.264361435093,26126.91567979287,110992344.15307501,25510.1192411054,25770.1524045416,25796.0404830357,26147.2797195445,25798.754499227227,25077.90777541816,
1078,1078,1078,2023-06-14 22:00:00,25121.25000000,25121.25000000,24950.00000000,25034.98,2326.53078,25538.54049909471,25717.131944838562,25849.291319333293,25933.120116654198,26116.05064815314,58244651.5466844,25473.5908290583,25749.2939008762,25792.4338806096,26142.2136696448,25753.977220622855,25033.13049681379,
1079,1079,1079,2023-06-14 23:00:00,25034.98000000,25140.00000000,24972.37000000,25128.6,1809.57706,25464.005862895672,25661.081283425367,25821.028914653558,25917.1890252353,26106.225268569528,45472138.109916,25449.9379749377,25735.1238541059,25784.8903089225,26137.7821586286,25710.922897809283,24990.076174000216,
1080,1080,1080,2023-06-15 00:00:00,25128.60000000,25206.52000000,25084.26000000,25206.51,1307.44938,25417.188433278272,25617.788780241997,25796.930133686754,25903.116173250444,26097.272877837495,32956235.871463798,25434.1550611435,25725.533940245,25780.2408704302,26131.9042409201,25670.302016588343,24949.455292779276,
1081,1081,1081,2023-06-15 01:00:00,25206.52000000,25206.52000000,25030.01000000,25064.79,1269.01361,25353.11599086404,25565.12222974276,25768.218755895115,25886.515654968254,26086.999416366474,31807559.6417919,25416.2071897511,25714.7896063805,25774.320627987,26114.7749052521,25632.760636558734,24911.913912749667,
1082,1082,1082,2023-06-15 02:00:00,25064.79000000,25133.86000000,25050.73000000,25083.79,857.0912,25304.147628888757,25519.281065005354,25741.37841252668,25870.62009744413,26077.017233119048,21499095.671648,25400.4033159428,25705.403227046,25769.6506546469,26107.4199723425,25598.864127320678,24878.01740351161,
1083,1083,1083,2023-06-15 03:00:00,25083.79000000,25093.69000000,25051.91000000,25065.35,821.83214,25260.729878181708,25476.049535004844,25714.867494388378,25854.674154920485,26066.950892490997,20599510.230348997,25387.4901216203,25695.4414003885,25765.4834121011,26087.1751436467,25569.08593608723,24848.239212278164,
1084,1084,1084,2023-06-15 04:00:00,25065.35000000,25065.35000000,24980.00000000,25028.15,1458.4525,25218.442627603214,25433.392436432958,25687.93739656923,25838.307339971565,26056.614565202533,36502367.937875,25364.2555557681,25674.0881053904,25758.4521717154,26069.5598434386,25543.801085865005,24822.954362055938,
1085,1085,1085,2023-06-15 05:00:00,25028.15000000,25056.48000000,24924.61000000,25031.42,1845.1595,25184.438513493536,25395.109347248865,25662.19161631161,25822.329372843415,26046.41362425525,46186962.41148999,25342.338977752,25653.8557364115,25749.1472897723,26058.1676443715,25523.28368759615,24802.436963787084,
1086,1086,1086,2023-06-15 06:00:00,25031.42000000,25072.35000000,24906.00000000,24927.95,2303.79392,25137.804238312892,25350.61798084421,25633.397827436645,25804.618890212852,26035.284632969127,57428859.648064,25312.7411533832,25630.3570084828,25736.6246289709,26044.7057801318,25507.70751037869,24786.86078656962,
1087,1087,1087,2023-06-15 07:00:00,24927.94000000,25007.14000000,24872.35000000,24983.8,2125.73065,25109.803467710546,25315.682935049525,25607.923402831286,25788.3650508027,26024.822099307745,53108829.41347,25287.9287518211,25609.38460061,25726.2812903527,26025.0844598986,25497.14861149623,24776.301887687165,
1088,1088,1088,2023-06-15 08:00:00,24983.81000000,25048.00000000,24960.00000000,24974.26,1760.88886,25085.159200854083,25283.166465044807,25583.073857622217,25772.244158707595,26014.36874508578,43976896.2207436,25263.2078413875,25592.8025030358,25717.6915231555,26009.4984074355,25491.589169308685,24770.742445499618,
1089,1089,1089,2023-06-15 09:00:00,24974.27000000,25011.75000000,24900.38000000,24947.71,2346.93133,25060.16843706243,25251.218230278635,25558.15762791154,25755.916749624277,26003.75522523418,58550562.2107543,25224.9042456237,25572.4998202842,25705.498549734,25993.8854250495,25490.92194424747,24770.075220438404,
1090,1090,1090,2023-06-15 10:00:00,24947.71000000,24975.17000000,24873.05000000,24923.51,1649.06568,25035.321448505623,25220.00792263305,25533.2694856405,25739.43344765152,25993.006516525387,41100504.9661368,25193.8626420711,25546.2554898724,25696.9701396475,25981.2358089874,25494.955152324357,24774.10842851529,
1091,1091,1091,2023-06-15 11:00:00,24923.51000000,25050.00000000,24800.00000000,25014.97,3027.89388,25031.621185140964,25200.4805014299,25512.944015615383,25725.087636806937,25983.274809893293,75742674.57138361,25168.7771347429,25519.138647172,25683.7151628233,25964.1071807215,25503.417898315354,24782.571174506287,
1092,1092,1092,2023-06-15 12:00:00,25014.97000000,25037.63000000,24921.11000000,24954.45,2136.83793,25017.590060569877,25177.049025103246,25491.04228951282,25709.82748558304,25973.037747108287,53323615.28228851,25148.3060212463,25499.9466417084,25673.7754905077,25954.1500152682,25515.96661169192,24795.119887882855,
1093,1093,1093,2023-06-15 13:00:00,24954.45000000,25108.54000000,24940.00000000,25055.22,3171.54536,25024.43186773899,25165.4462608077,25473.95121933585,25696.864961116047,25963.905232211688,79463766.73477921,25132.5404764583,25465.8854800357,25661.566834806,25942.9309081008,25532.193101274464,24811.346377465397,
1094,1094,1094,2023-06-15 14:00:00,25055.22000000,25079.15000000,24992.05000000,25014.62,1660.89608,25022.647891786444,25151.08185501649,25455.938230342286,25683.355159905826,25954.459608010577,41546684.3006896,25096.6129735109,25410.3652136962,25654.1804144258,25935.1238540713,25551.63486095142,24830.788137142354,
1095,1095,1095,2023-06-15 15:00:00,25014.62000000,25033.23000000,24953.02000000,24959.95,1465.75293,25011.248275097998,25132.8788212054,25436.487711505335,25669.030305254226,25944.563990020422,36585119.8451535,25028.0639521724,25383.2375404848,25646.9508725544,25926.3567543982,25573.78811211268,24852.941388303614,
1096,1096,1096,2023-06-15 16:00:00,24959.96000000,25017.72000000,24929.00000000,24999.99,1044.19668,25009.20131598927,25120.22274299536,25419.370154191398,25655.781982377906,25935.165243851065,26104906.5580332,25002.1413631921,25361.9622404972,25642.3180897172,25920.4070413474,25598.123779021378,24877.27705521231,
1097,1097,1097,2023-06-15 17:00:00,25000.00000000,25164.99000000,24963.42000000,25144.72,2120.36139,25033.841076718494,25122.555815091036,25408.599559909384,25645.6619431229,25927.300117046576,53315893.450360805,25032.4362681556,25338.1908315739,25635.3917905457,25909.2195333279,25624.10620410585,24903.259480296783,
1098,1098,1098,2023-06-15 18:00:00,25143.85000000,25390.77000000,25068.20000000,25389.97,2952.36144,25098.591790042403,25148.023832701416,25407.868988932547,25640.59873632839,25921.953548717756,74960368.3907568,25049.2417240707,25329.6802320332,25630.3698748959,25896.6297757609,25651.21397905991,24930.367255250843,
1099,1099,1099,2023-06-15 19:00:00,25389.97000000,25518.49000000,25349.22000000,25455.49,3500.64968,25163.482373671053,25177.30632482509,25409.736479562645,25636.933216797133,25917.312120372306,89110752.9227432,25085.0555792087,25328.3921802434,25626.0831101976,25882.3788783185,25678.961858380888,24958.11513457182,
1100,1100,1100,2023-06-15 20:00:00,25455.49000000,25610.60000000,25220.25000000,25566.0,3305.06895,25236.66739663995,25214.324770079842,25415.864460756267,25635.528598642733,25913.81647738353,84497392.7757,25120.9141738738,25329.5745374254,25621.4410202284,25873.2227959075,25706.922394390447,24986.07567058138,
1101,1101,1101,2023-06-15 21:00:00,25566.00000000,25759.01000000,25511.98000000,25574.6,3404.24617,25298.10968815996,25248.636696738908,25422.089383863866,25634.322091738915,25910.44118905136,87062234.099282,25153.3043674119,25335.0305267886,25615.1900321097,25863.8935882927,25734.745734609198,25013.89901080013,
1102,1102,1102,2023-06-15 22:00:00,25574.60000000,25653.84000000,25549.06000000,25629.3,1833.93541,25358.326108494508,25284.890344668536,25430.215290379012,25634.22264437775,25907.64376428468,47002480.803513,25175.3006160315,25334.1539534565,25612.026399041,25852.4725610088,25762.175983451853,25041.329259642785,
1103,1103,1103,2023-06-15 23:00:00,25629.29000000,25635.00000000,25554.80000000,25598.49,1295.70596,25401.992270586412,25314.756978509628,25436.814298599445,25633.515067261356,25904.56760742613,33168116.0600004,25189.1574333568,25333.8944811743,25608.3139222122,25843.0159020501,25789.062659926487,25068.21593611742,
1104,1104,1104,2023-06-16 00:00:00,25598.49000000,25598.49000000,25440.39000000,25496.59,1526.44363,25419.191857752518,25332.07440912776,25439.15844375241,25630.80367979083,25900.50812874527,38919107.3922217,25201.5883901471,25334.2708031668,25601.8396695834,25836.8185304586,25815.366070731536,25094.51934692247,
1105,1105,1105,2023-06-16 01:00:00,25496.59000000,25576.57000000,25452.98000000,25517.48,790.29299,25437.06242907024,25349.732084448922,25442.22987733075,25628.559646527647,25896.696903583626,20166285.5664652,25212.6911837494,25331.9490613619,25598.9316404218,25831.3597539287,25841.155836362883,25120.309112553816,
1106,1106,1106,2023-06-16 02:00:00,25517.47000000,25560.10000000,25483.94000000,25554.88,884.2962,25458.483805602922,25369.269981168076,25446.647529200134,25627.10064362611,25893.29574036389,22598083.275456,25227.0697700831,25326.2652287223,25595.0169779043,25828.2972294347,25866.60231699511,25145.755593186044,
1107,1107,1107,2023-06-16 03:00:00,25554.88000000,25606.59000000,25530.52000000,25561.74,714.16786,25477.257659129664,25387.60045915207,25451.16095942758,25625.806373455292,25889.996678270716,18255373.1536764,25248.7968385498,25322.325295831,25592.7512875622,25825.6768603274,25891.961238589,25171.114514779933,
1108,1108,1108,2023-06-16 04:00:00,25561.75000000,25629.73000000,25523.51000000,25528.77,1020.15967,25486.623539287903,25401.045177328062,25454.204451214733,25623.884861109644,25886.402382964538,26043421.5787059,25269.1980542901,25319.4687554928,25589.3456977966,25821.9737246731,25917.55236952273,25196.705645713664,
1109,1109,1109,2023-06-16 05:00:00,25528.77000000,25570.70000000,25475.84000000,25553.04,1197.37288,25498.69925941737,25415.52087472539,25458.080355088667,25622.48199257282,25883.085344328076,30596517.097555198,25290.1299869174,25317.6967216997,25586.8054468186,25818.9215938597,25943.733597448147,25222.88687363908,
1110,1110,1110,2023-06-16 06:00:00,25553.04000000,25628.77000000,25537.42000000,25578.58,1078.73245,25513.223030432393,25431.050315227734,25462.8058313597,25621.612646185236,25880.055440404416,27592444.270921,25318.154045612,25316.6255722172,25583.208035441,25815.3476217119,25970.872162874035,25250.025439064968,
1111,1111,1111,2023-06-16 07:00:00,25578.59000000,25623.87000000,25536.82000000,25537.01,774.22279,25517.54793399014,25441.141713777473,25465.715798757356,25619.937346260776,25876.642052937706,19771335.1304579,25339.2370493512,25313.2227018247,25581.6966838249,25813.051721022,25999.315084236143,25278.468360427076,
1112,1112,1112,2023-06-16 08:00:00,25537.00000000,25624.38000000,25537.00000000,25545.25,1261.91516,25522.584673264657,25451.056788655813,25468.83478704138,25618.458388909075,25873.344619575142,32235938.24099,25372.6739129195,25312.6991140179,25579.8691207049,25809.3580784799,26029.36093082387,25308.514207014803,
1113,1113,1113,2023-06-16 09:00:00,25545.25000000,25621.16000000,25545.24000000,25595.95,970.41927,25535.923823580175,25464.856142117165,25473.819697353487,25618.012678237606,25870.584474106734,24838803.1139565,25403.5402869221,25309.5460664789,25579.0688782896,25806.7361790111,26061.2350465195,25340.388322710434,
1114,1114,1114,2023-06-16 10:00:00,25595.96000000,25603.92000000,25557.19000000,25570.0,941.11002,25542.11949202014,25474.869842867913,25477.591473927863,25617.061932133893,25867.593583817114,24064183.2114,25440.9227477859,25307.735066284,25577.2118567447,25804.2172389901,26095.070092710455,25374.22336890139,
1115,1115,1115,2023-06-16 11:00:00,25570.00000000,25570.01000000,25462.03000000,25474.51,1934.80076,25529.826857107386,25474.835572118587,25477.47063181305,25614.239121596587,25863.682304376147,49288101.3086276,25463.6480646792,25306.2859271183,25574.8235426007,25799.5211296326,26130.89337182065,25410.046648011583,
1116,1116,1116,2023-06-16 12:00:00,25474.51000000,25588.97000000,25473.00000000,25569.99,1279.65475,25537.129246724224,25483.897898583484,25481.098842330186,25613.36290136695,25860.75999288982,32720759.1609525,25489.4942050131,25304.5512145439,25571.5972005122,25797.3021636805,26168.621839923446,25447.77511611438,
1117,1117,1117,2023-06-16 13:00:00,25570.00000000,25628.29000000,25487.22000000,25492.64,1667.8914,25529.040292774363,25484.730479670772,25481.55143674861,25610.972348864634,25857.09710738843,42518955.019296,25504.4819676919,25301.1876186463,25565.5188663309,25794.2671653746,26208.065062335692,25487.218338526625,
1118,1118,1118,2023-06-16 14:00:00,25492.64000000,25725.00000000,25175.56000000,25616.01,5032.36177,25544.852966815386,25497.2332911307,25486.824321582,25611.07210433266,25854.698230697995,128909029.42393771,25539.917431822,25305.6579276252,25564.1413939271,25789.4352801322,26248.93567092758,25528.088947118515,
1119,1119,1119,2023-06-16 15:00:00,25616.00000000,25896.78000000,25558.33000000,25840.01,4960.14402,25598.51788193986,25529.87869197539,25500.674740343493,25615.60552800924,25854.55207914876,128170171.07824019,25588.9655700649,25321.4618308823,25569.7720670028,25788.1306731807,26290.866218547642,25570.019494738575,
1120,1120,1120,2023-06-16 16:00:00,25840.00000000,25993.61000000,25774.02000000,25959.77,5304.24841,25664.20008522352,25570.82072131107,25518.6784760163,25622.42066606846,25855.599023634844,137697068.7464657,25648.0781512974,25345.9436357661,25579.3829303378,25789.6141491971,26333.43077005659,25612.584046247524,
1121,1121,1121,2023-06-16 17:00:00,25959.77000000,26330.00000000,25952.22000000,26320.99,6550.06039,25783.616433364696,25642.265414519537,25550.14167303527,25636.253722185917,25860.22977961858,172404074.0245861,25753.4058724725,25396.0337915206,25603.8071714543,25798.3749755549,26376.169189171665,25655.3224653626,
1122,1122,1122,2023-06-16 18:00:00,26321.00000000,26518.00000000,26274.21000000,26361.4,6463.5021,25888.66799093475,25710.75442266053,25581.9557250731,25650.613054419857,25865.216547980584,170386964.25894,25848.9899728764,25443.3411764989,25627.8550566062,25807.1571458232,26418.611925241876,25697.76520143281,
1123,1123,1123,2023-06-16 19:00:00,26361.41000000,26410.04000000,26286.84000000,26382.43,2548.48138,25978.442901673887,25774.72352526429,25613.346873109454,25665.10447908481,25870.36295048824,67235131.6141534,25885.5564885029,25453.1303738635,25636.6568214874,25809.4770156374,26460.30319574175,25739.456471932685,
1124,1124,1124,2023-06-16 20:00:00,26382.43000000,26464.58000000,26336.78000000,26412.13,1782.85421,26057.295101369542,25835.42890381055,25644.671701614967,25679.897063657387,25875.753667398807,47088977.1655673,25912.4807537485,25451.208456237,25642.6993907212,25808.0446906832,26500.82078651581,25779.974062706744,
1125,1125,1125,2023-06-16 21:00:00,26412.13000000,26418.34000000,26287.97000000,26297.84,1386.50927,26101.03053748417,25879.46805582859,25670.286144688893,25692.133557446352,25879.95353140479,36462198.9409768,25936.5652395928,25455.3909214739,25645.522063607,25805.8322466016,26539.791206641232,25818.944482832165,
1126,1126,1126,2023-06-16 22:00:00,26297.84000000,26387.57000000,26297.83000000,26370.51,783.86677,26150.02680339614,25926.23395527349,25697.7459037207,25705.5667543286,25884.834690296288,20670966.496952698,25950.397123824,25528.5872010573,25647.6114593027,25799.8939216497,26576.899564313644,25856.052840504577,
1127,1127,1127,2023-06-16 23:00:00,26370.52000000,26384.58000000,26333.86000000,26345.0,743.40847,26185.47647550593,25966.11643572363,25723.128417300282,25718.22879879734,25889.413449596825,19585096.14215,25963.6855558057,25551.6398899084,25649.5976044397,25793.6476261078,26611.89418391333,25891.047460104262,
1128,1128,1128,2023-06-17 00:00:00,26345.01000000,26372.40000000,26313.11000000,26313.11,974.86014,26208.682570868485,25999.16344184519,25746.264949955174,25730.00862456373,25893.62933567049,25651602.098435402,25976.586105137,25570.508627641,25652.0516606044,25789.3219231503,26644.58657001146,25923.739846202392,
1129,1129,1129,2023-06-17 01:00:00,26313.11000000,26336.27000000,26193.88000000,26198.47,1171.06641,26206.825739801487,26018.145018812316,25763.99848132948,25739.285087443655,25896.66257611158,30680148.2103927,25991.2700155708,25585.4982439314,25654.4680820325,25788.7430614561,26674.84776268162,25954.001038872553,
1130,1130,1130,2023-06-17 02:00:00,26198.47000000,26293.30000000,26181.00000000,26276.67,897.65743,26219.524696201213,26042.766445592097,25784.10324676754,25749.92637284081,25900.44374450848,23587448.0611581,26007.3688012856,25596.4390895483,25656.2635034416,25787.6965526591,26702.60236782894,25981.75564401987,
1131,1131,1131,2023-06-17 03:00:00,26276.66000000,26293.06000000,26245.01000000,26262.16,453.4988,26227.276569619175,26063.66106982142,25802.850570423714,25760.069612982577,25904.04291122979,11909858.045408001,26019.4420115378,25606.0907047796,25656.8732711525,25787.031888824,26727.821568791656,26006.97484498259,
1132,1132,1132,2023-06-17 04:00:00,26262.17000000,26363.69000000,26246.00000000,26358.49,1001.41295,26251.133556961144,26091.740015552714,25824.640351975726,25771.919521636388,25908.564772809594,26395733.228445504,26034.263067382,25617.9446535699,25658.5318672984,25786.3304269529,26750.516250020115,26029.669526211048,
1133,1133,1133,2023-06-17 05:00:00,26358.50000000,26839.99000000,26342.19000000,26690.45,4713.90265,26331.009273877302,26148.760014071504,25858.593671506093,25790.10824398022,25916.34472531895,125816182.9846925,26106.221391207,25670.3100711728,25681.7039765149,25797.0283286718,26770.73104026378,26049.884316454714,
1134,1134,1134,2023-06-17 06:00:00,26690.44000000,26784.00000000,26648.74000000,26665.12,2599.38984,26391.75667862688,26197.937155588505,25890.22215497644,25807.435209445957,25923.795225564536,69313042.01038079,26142.8438311757,25703.4284223966,25690.2533037095,25802.2858229746,26788.539682095892,26067.692958286825,
1135,1135,1135,2023-06-17 07:00:00,26665.13000000,26675.02000000,26563.55000000,26593.57,1251.24472,26428.45000978563,26235.61647410389,25917.80442340874,25823.00223500148,25930.45965118081,33275064.0484504,26163.461793248,25725.6827561203,25693.2542049335,25803.8232200371,26804.041734167065,26083.195010358,
1136,1136,1136,2023-06-17 08:00:00,26593.58000000,26657.09000000,26555.20000000,26601.01,1461.0735,26459.824553460967,26270.415857522567,25944.59679896134,25838.408329357884,25937.13179395513,38866030.78423499,26200.6555100086,25755.3876501567,25698.2318416964,25805.3934846994,26817.360282100406,26096.51355829134,
1137,1137,1137,2023-06-17 09:00:00,26601.00000000,26638.52000000,26563.58000000,26596.09,888.42071,26484.600089195337,26301.432442520418,25970.145551943246,25853.41192679634,25943.688592025228,23628517.1610239,26222.6623017368,25778.4099475355,25700.1645223035,25805.1781359216,26828.64012369176,26107.793399882692,
1138,1138,1138,2023-06-17 10:00:00,26596.09000000,26639.82000000,26580.38000000,26588.77,770.46534,26503.540072978,26328.797924185143,25994.405334219984,25867.973472800375,25950.10731250259,20485725.7182318,26251.6479364374,25798.2781583082,25702.1251546128,25802.1898585275,26838.04582749544,26117.199103686373,
1139,1139,1139,2023-06-17 11:00:00,26588.77000000,26603.87000000,26473.50000000,26507.76,1545.16024,26504.307332436547,26345.841931405605,26014.53688974077,25880.64251294294,25955.656095462764,40958736.80346239,26326.1433305673,25828.6283332918,25707.1416347261,25803.8542688198,26845.759135853616,26124.91241204455,
1140,1140,1140,2023-06-17 12:00:00,26507.75000000,26585.48000000,26421.00000000,26521.05,1413.49592,26507.35145381172,26362.52841412888,26034.400148966626,25893.323849320306,25961.28190545816,37487395.969116,26386.2443568066,25852.938612504,25707.7536764916,25805.0203033524,26851.97536415933,26131.128640350264,
1141,1141,1141,2023-06-17 13:00:00,26521.04000000,26578.85000000,26508.17000000,26551.15,582.98587,26515.31482584595,26380.492374688034,26054.66484900715,25906.350109729803,25967.15123973221,15478945.2822505,26445.2255459454,25882.6154105877,25706.8467947325,25804.897268873,26856.898691201302,26136.051967392235,
1142,1142,1142,2023-06-17 14:00:00,26551.14000000,26558.26000000,26465.01000000,26496.62,757.58873,26511.915766601232,26391.55214852727,26071.996423555887,25918.03862240842,25972.419585605523,20073540.6950926,26470.1645662148,25907.6425536829,25707.7615831735,25804.3306292575,26860.736488128736,26139.88976431967,
1143,1143,1143,2023-06-17 15:00:00,26496.63000000,26543.40000000,26311.00000000,26410.82,2671.95511,26493.53471812828,26393.387182000864,26085.283622632127,25927.796669489442,25976.781778783577,70568525.45829019,26488.0739921807,25949.2308283732,25710.9380845245,25806.959139375,26863.693047329973,26142.846323520906,
1144,1144,1144,2023-06-17 16:00:00,26410.82000000,26505.19000000,26378.95000000,26473.14,903.04957,26489.826587559503,26400.98268847697,26100.493676646554,25938.595547321336,25981.720666556877,23906557.6935498,26496.9682955062,25970.2028974047,25700.9798092213,25804.7397034955,26865.963211304505,26145.116487495437,
1145,1145,1145,2023-06-17 17:00:00,26473.15000000,26490.61000000,26401.60000000,26423.42,640.26973,26477.752662548683,26403.11957528869,26113.157454032964,25948.196031532796,25986.115684800094,16918115.9890766,26500.7407956156,25988.6984060342,25698.4758286511,25802.849694761,26867.72644697602,26146.879723166952,
1146,1146,1146,2023-06-17 18:00:00,26423.41000000,26538.37000000,26413.10000000,26521.43,696.48183,26485.69399663074,26414.387234785005,26129.168142110102,25959.547199225217,25991.4421953991,18471694.1006169,26511.7259258373,26003.4090608252,25697.8371213184,25801.9318101273,26869.14186315283,26148.29513934376,
1147,1147,1147,2023-06-17 19:00:00,26521.44000000,26524.66000000,26466.08000000,26475.3,473.33219,26483.804179061513,26420.188450519767,26142.741940458727,25969.76012597323,25996.256700917518,12531611.729907,26515.2377777482,26025.2112711477,25698.5416068758,25800.6095762713,26870.34454464038,26149.49782083131,
1148,1148,1148,2023-06-17 20:00:00,26475.31000000,26552.91000000,26465.42000000,26541.86,542.70775,26494.35978286851,26431.776217136932,26158.39362906819,25981.088836349994,26001.685589465604,14404473.121415,26520.5768231285,26048.8120670926,25699.5385526282,25798.8030997225,26871.4434038019,26150.596679992832,
1149,1149,1149,2023-06-17 21:00:00,26541.85000000,26546.71000000,26476.88000000,26525.4,464.18182,26500.003458710595,26440.692767885797,26172.786035771398,25991.86727523415,26006.89667812764,12312608.448228002,26528.4723895211,26074.8366874437,25700.925989118,25794.1330710206,26872.52056209865,26151.673838289582,
1150,1150,1150,2023-06-17 22:00:00,26525.40000000,26595.13000000,26524.25000000,26570.15,567.03737,26512.757375308665,26453.02202808715,26188.368936329385,26003.318418298823,26012.501188793038,15066267.976505501,26544.6843846563,26097.7717656609,25702.4285479265,25791.268449112,26873.632102015214,26152.785378206147,
1151,1151,1151,2023-06-17 23:00:00,26570.15000000,26574.30000000,26495.00000000,26516.99,400.98088,26513.52694343436,26459.114215888374,26201.25603686549,26013.490132787952,26017.520977959277,10632805.985151201,26553.9381270575,26121.3775890153,25703.6406202542,25788.392404309,26874.809899183805,26153.963175374738,
1152,1152,1152,2023-06-18 00:00:00,26516.99000000,26539.61000000,26378.98000000,26453.96,1331.58288,26502.696590082658,26458.62333818472,26211.165996204098,26022.21230837631,26021.863654795507,35225640.2442048,26553.9066537272,26137.7704020357,25708.3156316559,25788.4307305859,26876.06417134403,26155.217447534964,
1153,1153,1153,2023-06-18 01:00:00,26453.95000000,26496.24000000,26427.28000000,26492.12,365.32205,26500.77357370399,26461.813496452844,26222.183800274524,26031.51741118074,26026.542822409483,9678155.587245999,26560.8202477411,26147.9779564327,25709.3777417696,25786.9104520815,26877.386370221935,26156.539646412868,
1154,1154,1154,2023-06-18 02:00:00,26492.12000000,26517.62000000,26460.13000000,26475.52,267.02279,26496.182014848717,26463.11887774305,26232.11855320494,26040.30954165241,26031.010257012374,7069567.2171008,26530.042017524,26161.5209454103,25710.2300135304,25785.6795503816,26878.75208967074,26157.905365861672,
1155,1155,1155,2023-06-18 03:00:00,26475.53000000,26548.63000000,26475.52000000,26548.45,433.74135,26505.68528487622,26471.245651291334,26244.523707981214,26050.37172894642,26036.158911171457,11515160.5434075,26511.4217568585,26170.0321072729,25711.5185323602,25784.5348564648,26880.123755620334,26159.277031811267,
1156,1156,1156,2023-06-18 04:00:00,26548.46000000,26559.63000000,26494.46000000,26535.51,478.61992,26511.10796035327,26477.366065454065,26255.934935119207,26059.978427383125,26041.12757872199,12700423.673359198,26506.2529103879,26179.118970609,25711.9796560691,25783.8944206187,26881.452982330287,26160.60625852122,
1157,1157,1157,2023-06-18 05:00:00,26535.51000000,26641.96000000,26534.03000000,26540.01,1370.12242,26516.362876652674,26483.33215445844,26267.075133741986,26069.48400307851,26046.09158291381,36363062.72802419,26501.003936673,26190.8448455203,25716.99970354,25785.8231076296,26882.682604512982,26161.835880703915,
1158,1158,1158,2023-06-18 06:00:00,26540.02000000,26589.71000000,26472.03000000,26544.02,1007.59744,26521.391444534005,26489.111949271923,26277.9357167325,26078.880755492795,26051.04609452661,26745686.5993088,26498.6778652166,26203.7749995154,25720.5236616904,25787.0689163453,26883.74850585766,26162.901782048593,
1159,1159,1159,2023-06-18 07:00:00,26544.02000000,26680.00000000,26544.01000000,26584.98,1212.7592,26532.953000073278,26498.242239817453,26289.976669017502,26088.90252271076,26056.35886970545,32241179.076816,26500.6226324178,26219.3376541935,25725.450991907,25788.706584463,26884.58144392066,26163.73472011159,
1160,1160,1160,2023-06-18 08:00:00,26584.99000000,26596.00000000,26494.44000000,26499.32,816.53392,26526.83790915086,26498.344883644364,26298.18621140897,26097.029601468963,26060.76644314122,21637593.6369344,26499.9275836238,26230.9061349784,25728.1876503641,25789.0931218432,26885.10910664109,26164.262382832025,
1161,1161,1161,2023-06-18 09:00:00,26499.32000000,26540.85000000,26456.83000000,26527.34,735.25622,26526.92919839616,26501.10632329728,26307.172634490973,26105.550599459675,26065.408966095038,19504391.7350548,26499.3473321227,26240.4086640349,25730.8903999988,25787.939124542,26885.25862060799,26164.411896798923,
1162,1162,1162,2023-06-18 10:00:00,26527.34000000,26534.77000000,26476.00000000,26508.0,619.22015,26523.487525960492,26501.762863935634,26315.048217452113,26113.51989451988,26069.812856979668,16414287.7362,26497.8646834552,26253.6388850398,25733.0688580772,25786.7998370071,26884.95966658554,26164.11294277647,
1163,1163,1163,2023-06-18 11:00:00,26507.99000000,26508.07000000,26476.08000000,26500.0,354.68357,26519.217066694946,26501.59497213224,26322.301228532422,26121.172965915524,26074.09332606445,9399114.604999999,26497.9686629204,26262.9162285989,25733.6834560954,25785.5767308534,26884.148252092615,26163.301528283548,
1164,1164,1164,2023-06-18 12:00:00,26500.00000000,26572.00000000,26444.00000000,26534.97,832.11229,26522.081236386774,26504.77354621488,26330.64118035468,26129.366966590464,26078.67916361605,22080074.651781302,26516.1353803847,26274.1638368918,25736.7178692403,25788.036787863,26882.77105916701,26161.924335357944,
1165,1165,1165,2023-06-18 13:00:00,26534.97000000,26550.00000000,26482.00000000,26486.0,562.35941,26515.52101158918,26502.985589432512,26336.73368308587,26136.429006855997,26082.73210726166,14894651.33326,26517.6792810727,26295.879626349,25738.1533371068,25795.6423159899,26880.790148020726,26159.94342421166,
1166,1166,1166,2023-06-18 14:00:00,26486.01000000,26573.35000000,26457.00000000,26549.99,1462.33796,26521.788100391143,26507.46219996275,26345.096675906032,26144.61833345291,26087.381439527715,38825058.214620404,26524.8555250727,26312.7877250257,25743.9072531766,25803.1652075873,26878.18767665485,26157.34095284578,
1167,1167,1167,2023-06-18 15:00:00,26550.00000000,26570.00000000,26526.92000000,26562.09,702.57369,26529.115718501842,26512.664847585344,26353.606218027366,26152.885099127107,26092.104907791123,18661825.5854121,26526.7585661489,26333.1047847175,25745.8931008566,25807.4121245223,26874.970214155026,26154.12349034596,
1168,1168,1168,2023-06-18 16:00:00,26562.09000000,26649.74000000,26525.99000000,26620.12,1118.5581,26545.661951501505,26522.898671624833,26364.057738889038,26162.137275382018,26097.35878930564,29776150.848971996,26534.990245429,26387.657231485,25749.0133673526,25811.7509972748,26871.17219807643,26150.325474267363,
1169,1169,1169,2023-06-18 17:00:00,26620.11000000,26657.99000000,26560.62000000,26630.0,719.39164,26560.996142137592,26533.098798136754,26374.4868471679,26171.401883790295,26102.658701849865,19157399.373200003,26539.0744935801,26430.2968188566,25750.7136095088,25814.3465728,26866.858122808855,26146.011398999788,
1170,1170,1170,2023-06-18 18:00:00,26630.00000000,26643.54000000,26582.08000000,26620.87,527.02386,26571.88229811257,26541.45796021897,26384.14893159269,26180.30224252712,26107.815033174742,14029833.6639582,26542.1878799182,26471.4951945704,25751.9638033185,25816.1299228533,26862.123144668945,26141.27642085988,
1171,1171,1171,2023-06-18 19:00:00,26620.87000000,26651.00000000,26600.01000000,26650.0,469.3379,26586.085516637555,26551.79529734097,26394.57446368709,26189.603188219648,26113.209908466535,12507855.035,26544.3887061728,26490.2808210153,25753.3219328613,25817.6982878365,26857.091938656522,26136.245214847455,
1172,1172,1172,2023-06-18 20:00:00,26650.01000000,26700.00000000,26355.10000000,26473.74,2454.33736,26565.65905906709,26544.36145949897,26397.678994522892,26195.22965974005,26116.797272561398,64975489.140926406,26535.2852922992,26505.2526165075,25762.4888437464,25823.7882095915,26851.915820146372,26131.069096337305,
1173,1173,1173,2023-06-18 21:00:00,26473.74000000,26487.01000000,26396.16000000,26415.34,748.57242,26538.32832105489,26532.07370145145,26398.371582972977,26199.588280339252,26119.767846963776,19773794.9889228,26536.3575012943,26510.0583082589,25762.21918239,25825.8398599158,26846.768325287667,26125.9216014786,
1174,1174,1174,2023-06-18 22:00:00,26415.34000000,26459.14000000,26378.00000000,26402.26,725.92711,26513.588626317636,26519.710491789407,26398.524069915213,26203.601581718674,26122.578714158168,19166116.2992686,26531.7495056029,26511.9823398696,25761.1796134131,25827.8813138042,26841.839598396273,26120.992874587206,
1175,1175,1175,2023-06-18 23:00:00,26402.26000000,26461.30000000,26255.85000000,26339.97,2223.31657,26482.02160335079,26502.592349714225,26396.22783187932,26206.301946437117,26124.74181152973,58562091.754302904,26510.7336705886,26510.3022920613,25767.6218694424,25832.1917649726,26837.330038920936,26116.48331511187,
1176,1176,1176,2023-06-19 00:00:00,26339.98000000,26400.00000000,26256.61000000,26366.1,1243.35086,26460.9449481961,26489.593078312868,26395.046348276213,26209.46626432945,26127.14338554436,32782313.109846,26501.1089842047,26508.9450954351,25844.4321432872,25835.2165825283,26833.443698820163,26112.596975011096,
1177,1177,1177,2023-06-19 01:00:00,26366.10000000,26450.00000000,26348.26000000,26437.43,571.30976,26456.669503069534,26484.625166092595,26396.708452265382,26213.980397709067,26130.23081454392,15103961.7883168,26498.5282224877,26510.5276835652,25867.1452102789,25831.9102627645,26830.381889022523,26109.535165213456,
1178,1178,1178,2023-06-19 02:00:00,26437.44000000,26469.58000000,26422.60000000,26446.33,529.45297,26454.789593420526,26480.97800741711,26398.6543953138,26218.58137993265,26133.376080070844,14002087.964100102,26494.2263502136,26513.6501594953,25881.7275733934,25837.6049820133,26828.337359020774,26107.490635211707,
1179,1179,1179,2023-06-19 03:00:00,26446.33000000,26453.94000000,26380.00000000,26403.36,474.55,26445.438758253156,26473.58581623453,26398.838928830904,26222.24036250824,26136.06248723432,12529714.488,26489.342680022,26519.9785916477,25892.2901655256,25838.9418426393,26827.48927547367,26106.6425516646,
1180,1180,1180,2023-06-19 04:00:00,26403.36000000,26436.91000000,26369.00000000,26428.55,693.3889,26442.3680749344,26469.29669087886,26400.00406887675,26226.325701864513,26138.97281074443,18325263.213095002,26480.8331310306,26523.0882267455,25900.6437070518,25840.8019407593,26827.999070393686,26107.15234658462,
1181,1181,1181,2023-06-19 05:00:00,26428.54000000,26467.39000000,26424.00000000,26465.59,586.86002,26446.590243128143,26468.94367269992,26402.576066175705,26231.063608758286,26142.222733025585,15531596.6767118,26479.5232888403,26524.7805683666,25909.8538837843,25842.2627854007,26830.0070862931,26109.16036248403,
1182,1182,1182,2023-06-19 06:00:00,26465.60000000,26478.87000000,26403.73000000,26427.98,951.23956,26443.20656255939,26465.04237053802,26403.572298874697,26234.962943238323,26145.06608891588,25139340.066888798,26474.9897409423,26526.2714904438,25917.7930801274,25843.9928744578,26833.629841353166,26112.7831175441,
1183,1183,1183,2023-06-19 07:00:00,26427.99000000,26439.76000000,26381.48000000,26428.01,693.85894,26440.443551184955,26461.51547810583,26404.530640095298,26238.785657233606,26147.881451215228,18337311.004909396,26472.1450516877,26507.9299127746,25924.77102753,25845.3432929716,26838.957692030766,26118.1109682217,
1184,1184,1184,2023-06-19 08:00:00,26428.00000000,26459.18000000,26390.45000000,26417.25,761.82685,26436.226541878597,26457.299718286227,26405.02943852293,26242.31960461512,26150.56173528274,20125370.3531625,26469.4313697408,26497.091903316,25935.9577237576,25847.1074149005,26846.05269291299,26125.20596910392,
1185,1185,1185,2023-06-19 09:00:00,26417.25000000,26432.00000000,26364.40000000,26401.03,682.26675,26429.82717062794,26451.940697497063,26404.87259779654,26245.46238472175,26153.053956822216,18012544.934752498,26464.0772096927,26492.8106718034,25949.2644894757,25848.4397380245,26854.946541561425,26134.099817752358,
1186,1186,1186,2023-06-19 10:00:00,26401.02000000,26429.98000000,26370.29000000,26377.99,673.64356,26420.40223051377,26444.897773925913,26403.818378275108,26248.08669393518,26155.29212640608,17769363.0892444,26460.3786813001,26487.2993081549,25967.1572264974,25849.9447784692,26865.638635572217,26144.79191176315,
1187,1187,1187,2023-06-19 11:00:00,26378.00000000,26448.00000000,26366.08000000,26447.73,707.16587,26425.3709158749,26445.167509742496,26405.540402656476,26252.040026728544,26158.201955994078,18702931.9949751,26452.7115155958,26484.3692892948,25983.7770624815,25851.7657782873,26878.09443679762,26157.247712988552,
1188,1188,1188,2023-06-19 12:00:00,26447.73000000,26576.00000000,26429.26000000,26531.39,1618.70857,26444.647112988554,26453.379175481303,26410.475680983673,26257.571709367585,26161.915269864785,42946588.3670123,26455.345856938,26484.2696169252,26002.0140809701,25855.9304666041,26892.2445044348,26171.39778062573,
1189,1189,1189,2023-06-19 13:00:00,26531.39000000,26576.87000000,26500.54000000,26535.17,1011.25796,26461.105819717905,26461.168777816416,26415.36565427843,26263.068705221693,26165.629247279066,26833901.8824532,26449.9130249677,26484.6237958331,26022.8337340462,25858.3278295081,26907.98469356029,26187.137969751224,
1190,1190,1190,2023-06-19 14:00:00,26535.17000000,26539.96000000,26384.30000000,26423.23,1613.24722,26454.21930704192,26457.55556088152,26415.674059993,26266.24021600938,26168.192438848433,42627202.3409206,26441.2660399945,26481.1272073579,26039.8250390955,25861.4915617019,26925.178090279634,26204.331366470567,
1191,1191,1191,2023-06-19 15:00:00,26423.24000000,26456.00000000,26348.01000000,26444.0,1203.69578,26452.361251216116,26456.26455508328,26416.784881169748,26269.760211731966,26170.93679269074,31830531.20632,26436.8388789776,26479.1691401255,26064.9477624006,25864.1895181169,26943.659247009873,26222.812523200806,
1192,1192,1192,2023-06-19 16:00:00,26443.99000000,26534.32000000,26308.45000000,26499.65,1904.21774,26460.959205540457,26460.396502218206,26420.034493672894,26274.312484766975,26174.20757087292,50461103.63379101,26437.7251278632,26479.7443385255,26087.3849998184,25868.4453235614,26963.241179051052,26242.394455241985,
1193,1193,1193,2023-06-19 17:00:00,26499.64000000,26704.00000000,26484.00000000,26665.06,2820.29332,26498.068440896735,26479.88826391171,26429.643337058274,26282.050059326044,26179.091674645333,75203290.59539922,26462.3598841647,26495.4628030979,26121.8385355472,25876.2329747155,26983.72538557089,26262.878661761824,
1194,1194,1194,2023-06-19 18:00:00,26665.06000000,27068.09000000,26482.00000000,26496.0,8647.53511,26497.692360733694,26481.42271496774,26432.245559134422,26286.286691814636,26182.24499131553,229125090.27456,26473.1091557501,26495.9333679913,26155.830303829,25893.7609006078,27004.91487577204,26284.068151962972,
1195,1195,1195,2023-06-19 19:00:00,26495.99000000,26704.10000000,26369.99000000,26682.28,3224.03767,26531.2537496912,26500.551980208907,26442.05083132523,26294.128143461872,26187.22046403876,86024675.8414876,26495.2136495293,26507.6381764606,26178.6720968267,25902.2019939561,27026.62983746327,26305.783113654204,
1196,1196,1196,2023-06-19 20:00:00,26682.29000000,26859.36000000,26678.61000000,26723.99,2498.57538,26566.2967042928,26521.831791617584,26453.107269312473,26302.640259432923,26192.561454446335,66771903.46936621,26522.9018817129,26516.9375315607,26195.677273416,25909.0825573539,27048.72521369844,26327.878489889372,
1197,1197,1197,2023-06-19 21:00:00,26724.00000000,26770.19000000,26652.19000000,26770.18,1051.539,26603.36639442138,26545.484001939716,26465.54149404532,26311.89847211742,26198.308902660803,28149888.30702,26536.7232884358,26521.8963790118,26214.3822486007,25912.852529197,27071.109093899307,26350.26237009024,
1198,1198,1198,2023-06-19 22:00:00,26770.19000000,26831.77000000,26734.04000000,26754.99,941.64199,26630.9343227084,26565.436954135934,26476.892415847462,26320.67256177846,26203.84801805721,25193622.0260301,26544.6014554135,26525.4893070669,26234.0784591754,25915.8421612748,27093.760522557273,26372.913798748206,
1199,1199,1199,2023-06-19 23:00:00,26754.98000000,26857.80000000,26723.27000000,26844.35,768.99596,26669.737173125053,26592.00010136108,26491.302517186778,26331.042412040275,26210.221172106394,20643196.698825996,26553.0281713371,26529.6902027471,26255.8582819781,25918.5887586221,27116.745123596727,26395.89839978766,
1200,1200,1200,2023-06-20 00:00:00,26844.35000000,27031.49000000,26798.68000000,26982.28,2080.97523,26726.56314164777,26629.169615517167,26510.55653612063,26343.938205861257,26217.90334949837,56149456.328924395,26580.4734037,26545.0323474828,26281.9243157412,25925.9931625298,27140.22686814029,26419.380144331222,
1201,1201,1201,2023-06-20 01:00:00,26982.29000000,27179.03000000,26881.35000000,26902.31,3256.22412,26758.51711589363,26655.182985467913,26525.919417057077,26354.995073071925,26224.713365921274,87599950.7057172,26611.0670693099,26563.7519462815,26312.3957853056,25935.9167953252,27164.474403414657,26443.62767960559,
1202,1202,1202,2023-06-20 02:00:00,26902.32000000,26945.25000000,26875.96000000,26914.5,1076.93919,26786.877640276605,26679.87984399478,26541.157871290132,26366.07437855565,26231.57691451907,28985279.829255,26621.8598503736,26572.1357171713,26325.5473059497,25939.0631665927,27189.860621899665,26469.013898090598,
1203,1203,1203,2023-06-20 03:00:00,26914.51000000,26972.30000000,26888.00000000,26896.52,1096.26955,26806.812614771767,26700.5122398048,26555.09364104346,26376.57825224762,26238.193263628335,29485835.876966,26634.5259294487,26578.2226657626,26336.4089496059,25941.9663743889,27216.854576092224,26496.007852283157,
1204,1204,1204,2023-06-20 04:00:00,26896.53000000,26969.64000000,26896.52000000,26965.94,893.56524,26835.744866631445,26725.791074109107,26571.205262963325,26388.24878190608,26245.43452468676,24095826.6479256,26645.9301109941,26584.0780884498,26349.2419955271,25943.8325601858,27246.0054103163,26525.15868650723,
1205,1205,1205,2023-06-20 05:00:00,26965.94000000,27033.24000000,26794.01000000,26820.46,2045.50027,26832.96579997118,26734.80716228919,26580.979958533393,26396.807419888137,26251.15617120729,54861258.1715242,26659.2717736801,26591.7003232691,26360.4240926331,25949.2082196321,27277.918643848436,26557.07192003937,
1206,1206,1206,2023-06-20 06:00:00,26821.36000000,26843.60000000,26755.00000000,26789.15,1377.18849,26824.999290885513,26739.9826706426,26589.143489571303,26404.576579890352,26256.50934363309,36893709.0368835,26668.0361752063,26596.2032343977,26369.3793727827,25953.2428514479,27313.225841295298,26592.37911748623,
1207,1207,1207,2023-06-20 07:00:00,26789.15000000,26840.00000000,26758.76000000,26832.44,809.25754,26826.352147088146,26748.7881305814,26598.68452919596,26413.04912286282,26262.239996930275,21714354.386597596,26676.1163320883,26600.2787062105,26375.9158843837,25955.6029028846,27352.549378758533,26631.702654949466,
1208,1208,1208,2023-06-20 08:00:00,26832.45000000,26837.40000000,26740.00000000,26754.25,1430.99115,26813.242665799393,26749.30830862127,26604.78513589416,26419.805575875438,26267.135618851367,38285094.974887505,26682.7228408986,26604.4617549996,26385.5446067221,25959.1982026336,27396.464586825427,26675.61786301636,
1209,1209,1209,2023-06-20 09:00:00,26754.24000000,26814.68000000,26702.47000000,26780.56,1091.14439,26807.300362926777,26752.284660181147,26611.67826781988,26426.9492278383,26272.244319161306,29221457.8050584,26691.3342905702,26607.7260200832,26395.3326655356,25962.1351787263,27445.461957552783,26724.615233743716,
1210,1210,1210,2023-06-20 10:00:00,26780.57000000,26831.52000000,26748.91000000,26775.98,893.78336,26801.605751485542,26754.541359211515,26618.121473003415,26433.860728277148,26277.256614493035,23931925.3716928,26697.0696807664,26611.3358958981,26403.7153262728,25966.3760182975,27499.912288989413,26779.065565180346,buy
1211,1211,1211,2023-06-20 11:00:00,26775.99000000,26912.00000000,26754.00000000,26907.99,1134.44333,26820.94834212453,26769.155515477087,26629.488866218966,26443.249426727107,26283.532568577684,30525589.779206704,26713.9914737871,26617.3182267748,26412.2267134858,25970.379010222,27560.037574184007,26839.19085037494,
1212,1212,1212,2023-06-20 12:00:00,26907.99000000,26980.00000000,26834.62000000,26851.99,2026.36243,26826.59227992007,26777.04451400308,26638.21440087705,26451.343299465185,26289.18886142766,54411863.7067357,26728.7134186419,26625.3084515937,26425.7482805998,25976.6350463763,27625.890114289483,26905.043390480416,buy
1213,1213,1213,2023-06-20 13:00:00,26851.99000000,26950.00000000,26783.27000000,26812.01,1821.68387,26823.940956298236,26780.3745602885,26645.029914568142,26458.48521432726,26294.391061811464,48843006.1392787,26743.057660235,26630.8453895963,26435.9665758224,25981.9811510701,27697.34176732088,26976.49504351181,buy
1214,1214,1214,2023-06-20 14:00:00,26812.00000000,26845.97000000,26652.00000000,26780.0,2224.02348,26815.951691516737,26780.338887880072,26650.322859094886,26464.85184374652,26299.222991544684,59559348.7944,26750.5380229199,26636.6538999063,26446.5749370009,25988.10699394,27774.084482021834,27053.237758212766,buy
1215,1215,1215,2023-06-20 15:00:00,26780.00000000,27134.73000000,26740.00000000,27071.93,2863.75461,26862.493202150054,26808.10946998673,26666.856472463714,26476.873193375304,26306.911618494487,77527364.3390973,26840.7372197349,26654.8537055175,26471.0722521322,25998.4135087569,27855.642378683882,27134.795654874815,buy
1216,1216,1216,2023-06-20 16:00:00,27071.94000000,27395.00000000,27001.73000000,27380.54,7125.20097,26956.683529031863,26862.62666332133,26694.844061778862,26494.767585585694,26317.594487962204,195091850.1671238,26953.8843216658,26722.4095238578,26520.0898939076,26029.1906592939,27941.394708336822,27220.547984527755,
1217,1217,1217,2023-06-20 17:00:00,27380.55000000,27965.00000000,27339.85000000,27796.0,10764.48177,27109.28652375334,26951.519362052633,26738.026647591454,26520.53456408895,26332.304990569548,299209535.27892,27159.9679189417,26853.7154922992,26613.8172752922,26087.0283218654,28030.608135693274,27309.761411884207,
1218,1218,1218,2023-06-20 18:00:00,27796.00000000,28140.00000000,27778.00000000,28070.54,7564.05343,27284.059883070913,27058.09275614286,26790.282073176102,26551.22774103768,26349.60086131015,212327064.3689522,27296.9162221664,26953.0206992256,26709.6634286841,26131.9072322989,28122.47603131203,27401.629307502964,
1219,1219,1219,2023-06-20 19:00:00,28070.53000000,28110.29000000,27788.13000000,27982.77,5015.37961,27411.098086148926,27146.157255557828,26837.04630560057,26579.57511250228,26365.851300501097,140344214.0893197,27365.7813289857,27007.200321443,26773.5717306365,26159.4505788064,28216.161892043154,27495.315168234087,
1220,1220,1220,2023-06-20 20:00:00,27982.77000000,28249.78000000,27872.00000000,28157.99,4647.76396,27546.89661594003,27242.522278838034,26888.848019106426,26610.83085284877,26383.68352636676,130871691.1080404,27432.4541752019,27060.7242410557,26838.045497069,26186.9742315221,28310.84368267316,27589.996958864092,
1221,1221,1221,2023-06-20 21:00:00,28158.00000000,28306.41000000,28067.91000000,28130.0,3007.1487,27652.915413041843,27327.043966567744,26937.520645808137,26640.913410218098,26401.059809686492,84591092.93100001,27481.2664899192,27092.795467754,26882.6011954732,26205.7474235358,28405.755828691767,27684.9091048827,
1222,1222,1222,2023-06-20 22:00:00,28130.00000000,28270.98000000,28104.30000000,28213.47,2099.29785,27754.834428852417,27411.465493561293,26987.557875384293,26672.053144669226,26419.09374192842,59228476.9120395,27537.3626127281,27129.3527768282,26921.3982859973,26219.4358420678,28500.22578940431,27779.379065595243,
1223,1223,1223,2023-06-20 23:00:00,28213.47000000,28402.74000000,28147.67000000,28307.99,3321.52271,27855.408169061066,27496.848779888787,27039.33952733001,26704.447933883694,26437.888729570925,94025631.65945292,27588.4345126597,27170.3649197378,26958.8576707834,26240.7451214793,28593.702580295198,27872.85585648613,
1224,1224,1224,2023-06-21 00:00:00,28308.00000000,28490.35000000,28257.99000000,28414.0,4203.05172,27956.97032014087,27584.19651513747,27093.247781160208,26738.30045004441,26457.551528281663,119425511.57208002,27652.1542958461,27222.0292786641,27002.6178924199,26268.12354911,28685.775254803273,27964.928530994206,
1225,1225,1225,2023-06-21 01:00:00,28413.99000000,29088.09000000,28395.31000000,28785.93,7635.67277,28107.690261933436,27698.647323219615,27159.62747601667,26778.84756984551,26480.719473273886,219799941.8601261,27778.9682646126,27340.4713287429,27089.3390472123,26324.8697741616,28776.180147399362,28055.333423590295,sell
1226,1226,1226,2023-06-21 02:00:00,28785.93000000,28899.02000000,28759.15000000,28789.05,2735.89312,28231.57385067281,27802.4951971987,27223.52639852582,26818.65355856144,26503.687936226386,78763763.826336,27842.9873754919,27384.0029470356,27119.9649267136,26344.7749293111,28864.79656260405,28143.949838794982,
1227,1227,1227,2023-06-21 03:00:00,28789.05000000,28803.76000000,28678.00000000,28711.15,2577.8404,28318.769514186843,27889.033749846443,27281.864578975787,26856.128735619626,26525.65273288085,74012762.40046,27892.1830288521,27416.7796219748,27147.1507574753,26362.8221449237,28951.631503663757,28230.78477985469,
1228,1228,1228,2023-06-21 04:00:00,28711.15000000,28807.65000000,28680.00000000,28785.53,2715.9094,28403.63505706196,27974.41434509916,27340.831850388502,26894.33470125092,26548.13907384721,78178891.51098199,27934.8862793791,27451.1618455587,27177.4289468763,26381.898613746,29036.794902501526,28315.94817869246,
1229,1229,1229,2023-06-21 05:00:00,28785.10000000,28990.00000000,28770.89000000,28982.02,2947.98711,28508.79595577797,28070.37678842305,27405.19216998111,26935.675004196448,26572.35679450545,85438621.3817622,27995.7972219819,27491.0717706254,27214.2551671237,26403.6680788122,29120.46757143639,28399.620847627324,
1230,1230,1230,2023-06-21 06:00:00,28982.01000000,29005.00000000,28771.87000000,28858.01,3655.7965,28572.28941836379,28145.389475239903,27462.165418217148,26973.74104371731,26595.09961247057,105499011.954965,28051.0950190911,27535.6943510137,27252.6679113998,26429.0352752694,29202.864682366042,28482.017958556975,
1231,1231,1231,2023-06-21 07:00:00,28858.01000000,28919.66000000,28823.64000000,28872.28,1940.58433,28626.833160479466,28214.617144264674,27517.46402926746,27011.335874534787,26617.75812378927,56029094.13937239,28084.4160828902,27560.5050813324,27272.6427331169,26442.7635988388,29284.197934164145,28563.35121035508,
1232,1232,1232,2023-06-21 08:00:00,28872.28000000,28914.99000000,28787.70000000,28824.41,2167.51226,28662.75622221047,28272.692654334707,27568.716812433442,27047.238332464793,26639.714858875945,62477262.062266596,28119.7941472707,27589.625707687,27296.2829216534,26459.558310316,29364.63965229329,28643.79292848422,
1233,1233,1233,2023-06-21 09:00:00,28824.41000000,28962.88000000,28821.13000000,28923.69,1963.16892,28710.19872726311,28334.692401540928,27621.853015867426,27084.395791227864,26662.44097968315,56782089.2597148,28169.7619496556,27615.5061395232,27330.2277908714,26474.3134074474,29444.291856453965,28723.445132644898,
1234,1234,1234,2023-06-21 10:00:00,28923.69000000,29221.99000000,28815.23000000,28834.91,4598.89045,28732.873504124356,28382.332172822746,27669.423877990273,27119.059438926324,26684.057586850482,132608592.2256095,28234.2602544657,27663.3909682838,27378.2095453318,26505.3025678504,29523.162841280657,28802.31611747159,
1235,1235,1235,2023-06-21 11:00:00,28834.92000000,29040.37000000,28801.00000000,28930.0,2413.47096,28768.71468519265,28434.491013506293,27718.858235716147,27154.919648056497,26706.40527255346,69821714.87280001,28291.4171435742,27691.80274462,27404.2660030295,26522.6814524164,29601.153082460554,28880.306358651487,
1236,1236,1236,2023-06-21 12:00:00,28930.00000000,29151.80000000,28889.11000000,28893.73,3981.45692,28791.44474243035,28478.228059839028,27764.93163823708,27189.35153621379,26728.169697702182,115039141.2531116,28359.0590092527,27731.9575369564,27442.8879047479,26548.9531981473,29678.05137803713,28957.204654228062,buy
1237,1237,1237,2023-06-21 13:00:00,28893.74000000,29404.96000000,28875.81000000,29311.99,6154.83064,28886.08933471574,28557.63395890198,27825.600593600335,27231.38398104124,26753.879352451415,180410334.1713736,28508.1359806345,27804.4571519341,27507.6677153833,26594.8009346809,29753.54115855419,29032.694434745124,
1238,1238,1238,2023-06-21 14:00:00,29311.99000000,29591.99000000,29073.70000000,29536.01,7616.12614,29004.256728403783,28650.812629482745,27892.675472282674,27277.020139832504,26781.562244466826,224949977.8323014,28694.8954532621,27904.3420676759,27590.0776783916,26653.4430992818,29827.21595960067,29106.369235791604,
1239,1239,1239,2023-06-21 15:00:00,29536.02000000,30000.00000000,29467.78000000,29851.58,10154.81869,29158.31550505764,28765.171426674864,27969.495257683353,27328.001523202158,26812.10968482039,303137382.5100302,28887.3885705212,28035.1081036152,27710.4632052957,26736.0085198386,29898.602253462705,29177.755529653637,
1240,1240,1240,2023-06-21 16:00:00,29851.58000000,30800.00000000,29763.37000000,30164.58,16779.70316,29341.272685956246,28898.44843365821,28055.577012284008,27384.171394029836,26845.46759840427,506152698.34607285,29154.2228601801,28251.7110346684,27905.2652524967,26878.2594805318,29967.187271718583,29246.340547909516,sell
1241,1241,1241,2023-06-21 17:00:00,30164.58000000,30350.00000000,29854.00000000,30080.23,8536.62352,29475.62856123693,29010.999059024092,28134.975168665027,27437.558693157956,26877.654288967413,256783598.90500957,29278.0798224368,28348.2113616114,27990.1706072541,26945.9619055756,30032.449173922356,29311.60245011329,sell
1242,1242,1242,2023-06-21 18:00:00,30080.23000000,30291.98000000,30010.18000000,30131.39,4150.12024,29594.857913739303,29117.702958164657,28213.265946364438,27490.901887352848,26910.029768679182,125048891.4983336,29346.4116993411,28406.7507656626,28033.4689110327,26978.9470747714,30093.88694383753,29373.040220028462,sell
1243,1243,1243,2023-06-21 19:00:00,30131.38000000,30183.37000000,29903.82000000,30112.03,2699.01174,29688.889202150334,29212.400771672787,28287.727281801126,27542.805414335962,26941.8904674983,81272722.48523219,29389.5860093342,28457.7874141151,28076.4505229992,27003.7932800304,30151.04769581274,29430.200972003673,
1244,1244,1244,2023-06-21 20:00:00,30112.02000000,30152.71000000,29860.00000000,29988.01,2348.95616,29743.274801759362,29286.26831722776,28354.405035455988,27591.22530712139,26972.200114587868,70440520.8156416,29438.5989886271,28571.9224610125,28101.9531409642,27035.5805742634,30203.549584693137,29482.70286088407,
1245,1245,1245,2023-06-21 21:00:00,29988.01000000,30032.70000000,29800.00000000,29880.95,2564.403,29768.306655984932,29342.904667967974,28414.26954386948,27636.566390148688,27001.14289951734,76626797.82284999,29492.8233772,28624.5729155131,28125.9634978909,27059.6684813252,30251.09914365016,29530.252419841094,
1246,1246,1246,2023-06-21 22:00:00,29880.96000000,30149.99000000,29857.76000000,30114.56,2082.13438,29831.261809442218,29416.395651971023,28480.947600972635,27685.63557054178,27032.122174149008,62702560.7145728,29563.4266256341,28668.4208201056,28148.2292219115,27081.0365926706,30293.502528217316,29572.65580440825,
1247,1247,1247,2023-06-21 23:00:00,30114.55000000,30195.77000000,29970.90000000,29993.89,2302.44159,29860.83057136181,29471.395113688068,28540.278675444297,27731.343579045904,27061.592500774394,69059179.7818851,29596.3854976756,28696.4173686837,28169.4133279251,27109.5711292584,30330.67073365634,29609.824009847274,
1248,1248,1248,2023-06-22 00:00:00,29993.89000000,30245.51000000,29891.15000000,30139.48,3300.88077,29911.494103841476,29535.022245717777,28602.992452877854,27779.029448767767,27092.218247035344,99486829.94979961,29639.2431726475,28732.5029399307,28200.0950611582,27138.4832341599,30362.61931195554,29641.772588146472,
1249,1249,1249,2023-06-22 01:00:00,30139.47000000,30213.83000000,30062.36000000,30159.06,1725.43539,29956.506084961205,29594.454412792275,28664.014709627743,27826.15876661395,27122.7340853733,52037509.453133404,29673.4201413213,28753.8155471373,28217.2746206253,27154.4645314859,30389.46341155958,29668.616687750513,
1250,1250,1250,2023-06-22 02:00:00,30159.07000000,30500.00000000,30084.68000000,30472.11,3481.61782,30050.252251331895,29678.04065919301,28734.920407289403,27878.553840542383,27156.061208901923,106092241.1890002,29724.3509619408,28806.0744897118,28253.1422450161,27185.5144782257,30411.409097941203,29690.562374132136,sell
1251,1251,1251,2023-06-22 03:00:00,30472.12000000,30493.58000000,30241.91000000,30296.01,1596.66569,30094.93547836246,29736.89488212701,28796.139607003544,27926.42425954154,27187.30448045514,48372599.7108969,29768.4301019347,28852.8566516874,28269.2243137354,27198.9909576568,30428.74191499437,29707.895191185304,
1252,1252,1252,2023-06-22 04:00:00,30296.00000000,30350.00000000,30198.00000000,30350.0,1727.50704,30141.310845932916,29795.28584573396,28857.075308689684,27974.4158583625,27218.77408761479,52429838.664,29798.141487475,28878.2562723466,28293.6121886696,27215.7431568635,30441.813562308114,29720.966838499047,
1253,1253,1253,2023-06-22 05:00:00,30349.99000000,30350.00000000,30237.57000000,30285.3,1264.04066,30167.49069212693,29841.953860425965,28913.084120113617,28020.17594037512,27249.286783260417,38281850.600297995,29827.9566057415,28899.7086393231,28306.4482975918,27227.2206939634,30451.02744303348,29730.180719224412,
1254,1254,1254,2023-06-22 06:00:00,30285.29000000,30293.85000000,30036.91000000,30130.02,2488.10638,30160.67783901294,29869.38873086159,28960.807095795437,28061.95503066472,27277.95079536728,74966694.9915276,29855.4315404834,28925.4878294688,28326.5830874113,27245.5671765992,30456.823725551334,29735.977001742267,
1255,1255,1255,2023-06-22 07:00:00,30130.02000000,30190.00000000,30010.00000000,30100.75,2209.53115,30149.781868283313,29891.4231374462,29005.51073909758,28102.32720827532,27306.038349642236,66508544.7633625,29913.8757169396,28962.6110941836,28345.2438614664,27262.2249088373,30459.66448765938,29738.81776385031,
1256,1256,1256,2023-06-22 08:00:00,30100.75000000,30152.00000000,30040.00000000,30096.7,1315.35716,30140.13061950453,29910.973314832274,29048.302474819244,28141.819738804523,27333.806127257736,39587909.837372005,29943.4308881707,28986.7400911562,28357.8112594134,27274.3121907282,30460.019482420008,29739.17275861094,
1257,1257,1257,2023-06-22 09:00:00,30096.69000000,30178.19000000,30057.08000000,30134.36,1614.21962,30139.081415958248,29932.2482372292,29090.892966002804,28181.275981600473,27361.672334946717,48643475.1481432,29995.5434011174,29006.0023513243,28379.0340213625,27287.2721237493,30458.35306870112,29737.506344892052,
1258,1258,1258,2023-06-22 10:00:00,30134.36000000,30244.00000000,30096.77000000,30178.0,1934.95374,30146.157522147656,29955.653167016895,29133.524614394853,28220.815071073728,27389.69549579302,58393033.96572,30051.2284994834,29035.3316557116,28400.0667354208,27302.3215803206,30455.11286138541,29734.266137576342,
1259,1259,1259,2023-06-22 11:00:00,30178.00000000,30184.68000000,29840.09000000,29928.0,5817.37663,30106.49251812081,29953.019532062906,29164.680511869563,28254.620713230684,27414.952257028915,174102447.78263998,30091.2702792855,29075.2109203541,28443.0483507434,27339.5372864423,30450.720644946792,29729.873921137725,
1260,1260,1260,2023-06-22 12:00:00,29928.01000000,30137.68000000,29918.48000000,30115.49,2017.58877,30108.128423917024,29968.49290996168,29201.967158462914,28291.469609998392,27441.823279347034,60760674.427047305,30125.7754419808,29096.7296811706,28462.1885735748,27354.1988039476,30445.56603123868,29724.719307429612,
1261,1261,1261,2023-06-22 13:00:00,30115.48000000,30351.14000000,30107.47000000,30235.99,3346.57669,30131.375983204838,29993.968823298663,29242.51707381731,28329.97496425585,27469.62593328388,101187059.3330731,30120.9519563408,29128.9740959605,28490.2941948342,27379.4660737035,30440.003209940904,29719.156486131837,
1262,1262,1262,2023-06-22 14:00:00,30235.99000000,30291.99000000,29525.61000000,29746.76,6617.8747,30061.44580444032,29970.425125841648,29262.291306216634,28358.030113478508,27492.28398369897,196860330.410972,30083.3451191803,29172.5213955324,28525.9243089451,27416.7065819876,30434.350935223065,29713.504211413998,
1263,1263,1263,2023-06-22 15:00:00,29746.75000000,29963.58000000,29646.95000000,29850.65,4914.16651,30023.119294542077,29959.017970999586,29285.36419616892,28387.586942914575,27515.750312219378,146691064.53173152,30059.9370380132,29210.1329238212,28552.4621779041,27446.7684830178,30428.895627981474,29708.048904172407,
1264,1264,1264,2023-06-22 16:00:00,29850.65000000,30176.96000000,29821.50000000,29970.02,3665.23691,30013.464877352606,29960.06578328534,29312.213443377983,28418.922250975673,27540.17090612764,109847223.4974382,30051.8772764253,29250.2060898922,28577.4405332254,27469.5639871703,30423.897176473227,29703.05045266416,
1265,1265,1265,2023-06-22 17:00:00,29970.01000000,30187.27000000,29887.38000000,30145.29,2167.97436,30037.433081470313,29977.70618487721,29344.88311226512,28453.107750956355,27566.09248915125,65354215.79476441,30057.9394094291,29290.3608090582,28593.9680864923,27484.65929704,30419.596725135136,29698.75000132607,
1266,1266,1266,2023-06-22 18:00:00,30145.30000000,30167.08000000,29964.76000000,30133.99,1641.1442,30054.988884839346,29992.59035774605,29375.828480411586,28486.39254796712,27591.643708164673,49454222.911358,30068.0507804596,29366.0064005131,28613.8827386565,27496.8879420436,30416.22549027785,29695.378766468784,
1267,1267,1267,2023-06-22 19:00:00,30133.99000000,30234.83000000,30044.10000000,30213.11,1469.21738,30083.73817850492,30013.5922284369,29408.66304980721,28520.584972759847,27617.72794987448,44389626.3158518,30070.1046371808,29462.0634081868,28627.5313543642,27508.928108522,30414.013467002173,29693.166743193106,
1268,1268,1268,2023-06-22 20:00:00,30213.11000000,30256.76000000,30081.50000000,30152.07,1340.22068,30096.162146049475,30026.780587633388,29437.816263540262,28552.891606962625,27642.945283706576,40410427.7588076,30075.2313621063,29524.7453885519,28642.9586371464,27521.8260424876,30413.196820343208,29692.35009653414,
1269,1269,1269,2023-06-22 21:00:00,30152.08000000,30164.17000000,29961.03000000,30054.07,992.20765,30088.509028585933,30029.379579287353,29461.983076734763,28582.617911775244,27666.936574415966,29819878.167635497,30070.8623540063,29570.9742725716,28653.1943741849,27532.0785947169,30414.022799957624,29693.176076148557,
1270,1270,1270,2023-06-22 22:00:00,30054.06000000,30084.72000000,29880.00000000,29927.77,1431.6348,30059.283750661216,30019.70247649808,29480.249230588302,28609.254586789597,27689.432429396904,42845637.018396005,30064.132595791,29611.3200565506,28663.5674117898,27542.8687288679,30416.751183800574,29695.904459991507,
1271,1271,1271,2023-06-22 23:00:00,29927.78000000,29998.00000000,29884.91000000,29884.92,975.0299,30027.581250540992,30006.86605016493,29496.118672526016,28634.515288041286,27711.27807686559,29138690.559107997,30032.5744282052,29638.5476752934,28671.204548016,27550.593477255,30421.651532745913,29700.804808936846,
1272,1272,1272,2023-06-23 00:00:00,29884.92000000,30054.00000000,29875.92000000,30010.0,1972.80262,30024.384659533538,30007.16452157779,29516.270881446566,28661.75260907017,27734.150931822154,59203806.6262,30023.4399397926,29660.042168433,28699.9823119385,27563.7683477447,30428.995905834905,29708.149182025838,
1273,1273,1273,2023-06-23 01:00:00,30010.01000000,30045.45000000,29926.26000000,29933.53,820.96946,30007.865630527438,30000.151709998954,29532.633984134936,28686.93631978165,27756.035300659743,24574513.9599938,30010.685117646,29687.6539634669,28709.732688317,27574.9073408214,30439.04711810857,29718.200394299503,
1274,1274,1274,2023-06-23 02:00:00,29933.52000000,29984.91000000,29800.00000000,29984.91,1236.23334,30003.69187952245,29998.700118570483,29550.370298482587,28712.638768894885,27778.213158364622,37068345.4388994,30003.1035934286,29721.7447931621,28721.3544787017,27596.9879462354,30452.04308739105,29731.196363581985,
1275,1275,1275,2023-06-23 03:00:00,29984.91000000,30025.90000000,29975.73000000,30007.96,551.18386,30004.46790142746,29999.58201203996,29568.314992659743,28738.2886942633,27800.39969410229,16539903.223525599,29996.5875690142,29767.1851659622,28742.9427185177,27605.9726631687,30468.178276113016,29747.33155230395,
1276,1276,1276,2023-06-23 04:00:00,30007.97000000,30082.25000000,29987.54000000,30002.0,866.65061,30004.019192077012,29999.81229660758,29585.32224784956,28763.31268051551,27822.30616480774,26001251.60122,29991.7606344722,29785.3123281857,28757.5125668906,27695.0727042536,30487.583649015472,29766.736925206405,
1277,1277,1277,2023-06-23 05:00:00,30002.00000000,30073.85000000,29987.05000000,30042.0,641.41454,30010.92479351755,30003.83017312114,29603.231179306436,28788.6332214954,27844.392670630546,19269375.61068,29989.4621826691,29804.0078675217,28765.2498312654,27724.7855181978,30510.306894957208,29789.46017114814,
1278,1278,1278,2023-06-23 06:00:00,30042.00000000,30062.33000000,29974.28000000,30012.18,852.43491,30011.153012877992,30004.625394728653,29619.268387961085,28812.8618705747,27865.962693808353,25583429.957203798,29984.7235536939,29822.9918427137,28773.4862074965,27743.7887624883,30536.294858950216,29815.44813514115,
1279,1279,1279,2023-06-23 07:00:00,30012.18000000,30012.18000000,29904.29000000,29931.99,1994.66287,29996.759737809265,29997.70773808783,29631.53198059006,28835.022823632626,27886.5201794421,59704229.07821131,29974.1535305869,29840.4906864409,28785.7719646026,27764.8420494413,30565.38016117009,29844.533437361024,
1280,1280,1280,2023-06-23 08:00:00,29932.00000000,30041.20000000,29906.71000000,30008.12,1058.14377,29998.825240025762,29998.699382079463,29646.300138213985,28858.252470689404,27907.6306254178,31752905.227412395,29981.6568237385,29865.3688575982,28796.2286069211,27778.0841498701,30597.27381521697,29876.427091407902,
1281,1281,1281,2023-06-23 09:00:00,30008.12000000,30170.43000000,29963.62000000,30145.22,1631.38564,30025.442469111986,30012.653726643322,29665.86562298991,28883.736976220305,27929.895196309168,49178479.0226408,29981.5775522481,29881.1348006745,28808.9256888591,27794.985377532,30631.56528711017,29910.718563301103,
1282,1282,1282,2023-06-23 10:00:00,30145.21000000,30195.00000000,29938.00000000,30075.99,2211.52985,30034.632929273444,30018.685752677295,29681.948931892268,28907.34594698822,27951.249373460323,66513949.6533015,29965.1222395898,29899.1288872466,28826.8741816094,27811.9798807886,30667.73087097469,29946.884147165623,
1283,1283,1283,2023-06-23 11:00:00,30076.00000000,30150.00000000,30038.65000000,30140.87,1156.0582,30053.948760314634,30030.32234766041,29699.945836523944,28931.77216585974,27973.03664337614,34844599.918634,30014.1920150692,29913.7164242808,28838.1325489109,27823.3870947113,30705.150535580317,29984.30381177125,
1284,1284,1284,2023-06-23 12:00:00,30140.86000000,30230.87000000,29996.00000000,30106.5,3104.11354,30063.503531166516,30037.577362168944,29715.889137052418,28955.034103169448,27994.265134486828,93453994.29201,30048.4965655533,29951.0460526165,28858.4103458204,27849.0187063756,30743.132583331826,30022.28585952276,
1285,1285,1285,2023-06-23 13:00:00,30106.51000000,30181.80000000,29911.07000000,30077.82,2448.78785,30066.106525499876,30041.409994343332,29730.082504226833,28977.267487265104,28014.997023695916,73654200.170487,30060.2569511819,29969.6718055092,28874.6634242359,27873.4524427325,30780.944647695596,30060.09792388653,
1286,1286,1286,2023-06-23 14:00:00,30077.82000000,30356.30000000,30010.61000000,30282.04,4001.96289,30105.36715722717,30064.327137739205,29751.727896217937,29003.104566725204,28037.55466525118,121187600.31349559,30081.9626938473,30006.8140638238,28899.866581053,27910.9652152486,30817.848836270085,30097.002112461018,
1287,1287,1287,2023-06-23 15:00:00,30282.05000000,31400.00000000,30252.00000000,31238.0,16528.62191,30311.300401367684,30176.105505573567,29810.01307675841,29047.359921839554,28069.399892462614,516321091.22458005,30484.2512022148,30161.3410837236,29031.8156445946,28046.3184174494,30853.138302740954,30132.291578931887,sell
1288,1288,1288,2023-06-23 16:00:00,31238.01000000,31431.94000000,30666.67000000,31097.02,11756.58344,30454.15851020992,30263.811647899893,29860.483936493376,29087.947250119956,28099.52546567194,365594710.3653488,30616.3006249986,30257.7470698294,29121.4114990216,28135.6113269187,30886.172281974457,30165.32555816539,sell
1289,1289,1289,2023-06-23 17:00:00,31097.02000000,31286.61000000,31007.18000000,31241.1,5100.61728,30597.238781080843,30356.886729052283,29914.625742905402,29130.583938236392,28130.78491377471,159348894.506208,30678.4047479977,30315.4317520545,29163.3375924596,28185.7654330968,30916.40669618903,30195.559972379964,sell
1290,1290,1290,2023-06-23 18:00:00,31241.10000000,31271.91000000,30880.78000000,30943.68,5050.67281,30660.2280936116,30412.771802475872,29954.98081181107,29166.48683054854,28158.7739196078,156286403.2173408,30708.3671803116,30354.3099148142,29204.773107359,28226.9885379442,30943.417841375613,30222.571117566546,sell
1291,1291,1291,2023-06-23 19:00:00,30943.69000000,30944.42000000,30615.33000000,30880.87,3979.10321,30700.344803864034,30457.352583192456,29991.29019174005,29200.435012121834,28185.859452746034,122878168.9445927,30734.9194935247,30385.5056125481,29235.380922708,28270.2090926572,30966.917350421518,30246.07062661245,
1292,1292,1292,2023-06-23 20:00:00,30880.88000000,30950.00000000,30788.51000000,30906.07,1641.73216,30737.749384979663,30500.087575269365,30027.163909711027,29234.209962376848,28212.926224360504,50739489.0582112,30751.0953911818,30399.1765007524,29259.7589117465,28294.5503800375,30986.757519306986,30265.91079549792,
1293,1293,1293,2023-06-23 21:00:00,30906.07000000,30919.00000000,30540.69000000,30659.8,1810.41111,30723.576769528812,30515.298282386568,30051.973168153734,29262.439468072356,28237.273227103185,55506842.550378,30770.0417781286,30408.1615858108,29290.0558775882,28325.6858711515,31002.927061895152,30282.080338086085,
1294,1294,1294,2023-06-23 22:00:00,30659.80000000,30669.35000000,30453.10000000,30644.17,2299.67907,30709.139175069024,30527.571779302132,30075.196573324178,29289.800468704587,28261.22244872405,70471756.3665219,30775.7236239925,30419.1886114843,29375.6003504837,28348.8225328903,31015.538301311975,30294.69157750291,
1295,1295,1295,2023-06-23 23:00:00,30644.17000000,30691.32000000,30522.50000000,30688.5,1216.14141,30705.386597783745,30542.898276511452,30099.24768809578,29317.497489126275,28285.374464159635,37321555.660785,30788.1918690578,30431.6205001855,29408.0458097641,28365.5202347869,31024.807592945464,30303.960869136397,
1296,1296,1296,2023-06-24 00:00:00,30688.51000000,30694.16000000,30459.32000000,30488.2,1984.0343,30665.898125459426,30537.688916843697,30114.50071993516,29340.67971706437,28307.293126207802,60489634.545260005,30785.8768267449,30437.2473794093,29436.021309231,28381.9991420697,31031.03131231827,30310.184588509204,
1297,1297,1297,2023-06-24 01:00:00,30488.20000000,30629.88000000,30410.00000000,30605.3,1586.32575,30654.880284466803,30544.128067620488,30133.747750525938,29365.721702865074,28330.158866245536,48549975.476475,30791.3295620382,30446.6748884825,29450.7220634146,28404.1884501616,31034.559975938977,30313.71325212991,
1298,1298,1298,2023-06-24 02:00:00,30605.31000000,30794.11000000,30580.01000000,30756.6,1600.85237,30673.37477820011,30564.36348975187,30158.173328936686,29393.263847362792,28354.302559118714,49236776.003142,30797.1508404584,30457.8731234413,29465.3004580859,28431.3116474081,31035.77298531287,30314.926261503802,
1299,1299,1299,2023-06-24 03:00:00,30756.61000000,30779.83000000,30702.80000000,30730.01,877.79624,30683.67209125463,30580.13934787074,30180.598296429365,29419.73406820709,28377.941439127484,26974687.2331624,30805.5052643776,30463.503063231,29475.1410560072,28458.0930790411,31035.056127813485,30314.209404004418,
1300,1300,1300,2023-06-24 04:00:00,30730.00000000,30753.35000000,30655.35000000,30703.68,658.95585,30687.309892844696,30591.905124264,30201.111304412527,29445.15874012378,28401.0831163501,20232369.552528,30828.8691156331,30464.4810597582,29494.1069190165,28482.0025103504,31032.78340239094,30311.936678581875,
1301,1301,1301,2023-06-24 05:00:00,30703.69000000,30756.08000000,30676.13000000,30725.01,708.67254,30694.164457782023,30604.581779096,30221.65635129831,29470.50232942826,28424.20676693368,21773970.8782254,30840.0088981724,30467.9624634007,29523.7944816076,28507.0301077614,31029.30405407662,30308.457330267553,
1302,1302,1302,2023-06-24 06:00:00,30725.01000000,30788.00000000,30631.41000000,30697.94,1084.98195,30694.850920003468,30613.473038229717,30240.334141443473,29494.808025875223,28446.83097820797,33306710.802183002,30853.8397012871,30471.4586576043,29536.8145770063,28523.7350697851,31024.934996043525,30304.088272234458,
1303,1303,1303,2023-06-24 07:00:00,30697.95000000,30697.95000000,30552.01000000,30567.58,1134.60715,30671.71075273011,30609.102272684027,30253.16731236726,29516.05103526383,28467.93295852431,34682194.826197006,30873.8516229893,30474.1173565511,29549.7693596736,28537.0720485352,31019.95816031075,30299.111436501684,
1304,1304,1304,2023-06-24 08:00:00,30567.58000000,30665.43000000,30552.78000000,30608.82,1085.54371,30660.276070415544,30609.075389571262,30267.11447658815,29537.690024664545,28489.23531714596,33227212.021522198,30881.8858524664,30481.9408448512,29560.787174647,28552.1282487185,31014.62181704881,30293.775093239743,
1305,1305,1305,2023-06-24 09:00:00,30608.81000000,30637.21000000,30574.75000000,30621.63,654.58765,30653.24951215817,30610.27106675495,30281.017046133715,29559.154182591978,28510.4531746868,20044540.8208695,30915.1621973514,30489.3177822848,29580.9459568505,28560.3315651622,31009.1445805956,30288.297856786532,
1306,1306,1306,2023-06-24 10:00:00,30621.64000000,30742.73000000,30605.01000000,30739.98,1090.05641,30669.018691765774,30622.624298492574,30299.015593344157,29582.536872045603,28532.637521207333,33508312.242271796,30943.4000130381,30495.5679424682,29597.3070123448,28571.3293819714,31003.72069260532,30282.87396879625,
1307,1307,1307,2023-06-24 11:00:00,30739.99000000,30739.99000000,30656.40000000,30684.38,647.90422,30671.81165689927,30628.505793874236,30314.12792301694,29604.35554784668,28554.047894130646,19880539.290083602,30983.064047213,30501.1941636097,29606.7341271441,28579.0177192133,30998.525228972365,30277.678505163298,
1308,1308,1308,2023-06-24 12:00:00,30684.37000000,30800.00000000,30652.00000000,30694.57,1254.54445,30675.94953746304,30634.79762302907,30329.04722015353,29625.943952839814,28575.34662155223,38507702.438636504,30886.1707797877,30508.1547503231,29624.1978537385,28591.6105443191,30993.718087572426,30272.87136376336,
1309,1309,1309,2023-06-24 13:00:00,30694.56000000,30720.00000000,30525.00000000,30640.69,1409.55169,30669.53871246976,30635.358801788207,30341.26850563771,29646.0379339717,28595.897301934798,43189636.3722661,30809.5674276824,30537.7650101763,29638.7257688801,28605.8583786663,30989.44593629482,30268.59921248575,
1310,1310,1310,2023-06-24 14:00:00,30640.69000000,30720.00000000,30605.48000000,30688.53,984.95924,30672.991673838893,30640.422725427423,30354.886603455838,29666.681341219784,28616.719517835943,30226951.1855172,30738.7426236689,30546.154273974,29650.2300543772,28617.4679441164,30985.841687636588,30264.99496382752,
1311,1311,1311,2023-06-24 15:00:00,30688.52000000,30697.96000000,30282.07000000,30398.71,3770.28438,30623.122278595456,30617.402465862906,30356.605168026195,29681.176958225333,28634.45076641469,114611781.4851498,30665.1391302804,30550.1823541342,29669.0690059039,28637.2102135974,30983.021469926945,30262.17474611788,
1312,1312,1312,2023-06-24 16:00:00,30398.72000000,30513.25000000,30250.00000000,30510.01,2499.12893,30602.55640975992,30607.1746119712,30362.621043789877,29697.58949370602,28653.11304734589,76248448.64558929,30623.6033996912,30595.3232693662,29693.8313519608,28655.7776715098,30981.07944317368,30260.232719364612,
1313,1313,1313,2023-06-24 17:00:00,30510.01000000,30650.31000000,30502.00000000,30584.49,1834.45461,30599.27160798539,30605.014172735846,30371.321787170666,29715.151879969264,28672.330728466826,56105858.6749989,30605.8682336274,30627.6802834035,29715.6555828895,28669.8302390434,30980.081123820983,30259.234400011916,
1314,1314,1314,2023-06-24 18:00:00,30584.50000000,30709.36000000,30570.00000000,30638.38,1184.3337,30606.382224715315,30608.19187057053,30381.794658262013,29733.433624920366,28691.893407785563,36286065.947406,30603.8682641603,30649.7087647139,29739.8999661735,28681.1586390425,30980.056110162997,30259.20938635393,
1315,1315,1315,2023-06-24 19:00:00,30638.39000000,30679.51000000,30598.83000000,30627.84,625.39568,30610.283638403438,30610.063120992385,30391.443495192914,29751.144642248673,28711.156557956852,19154518.8237312,30601.0830160418,30659.6654955567,29766.1569813274,28697.2224141377,30980.99122080928,30260.144497000212,
1316,1316,1316,2023-06-24 20:00:00,30627.84000000,30627.85000000,30484.16000000,30507.56,803.57202,30591.606613239175,30600.30091899311,30395.997083616723,29766.12316418434,28729.03121907171,24515021.6144712,30594.4796569268,30666.5459677059,29823.6881128766,28709.0449025904,30982.825064157627,30261.97834034856,
1317,1317,1317,2023-06-24 21:00:00,30507.56000000,30574.40000000,30408.95000000,30513.78,1066.66873,30577.45631992296,30592.06083146996,30400.616021514106,29780.928250042078,28746.789913409306,32548094.960099403,30599.1772382026,30671.2396234402,29899.8851736634,28724.8598399716,30985.444948981167,30264.5982251721,
1318,1318,1318,2023-06-24 22:00:00,30513.78000000,30544.17000000,30476.50000000,30515.33,1129.22349,30566.16062539151,30584.753133234724,30405.11460890571,29795.470858952132,28764.38732720623,34458627.44110171,30595.1783618641,30676.0967268724,29950.0516286256,28763.5150718829,30988.686836769197,30267.84011296013,
1319,1319,1319,2023-06-24 23:00:00,30515.33000000,30570.00000000,30485.70000000,30527.43,836.86629,30559.118693502143,30579.29378721237,30409.91129090941,29809.96509936892,28781.93004036836,25547377.0873347,30582.7441646242,30680.7083966522,29986.3030604934,28798.7918241664,30992.338746878326,30271.49202306926,
1320,1320,1320,2023-06-25 00:00:00,30527.44000000,30582.00000000,30465.41000000,30513.23,788.33252,30550.77529468357,30573.00199795405,30413.963004991394,29823.89113700518,28799.156905638327,24054571.4992396,30575.4550344202,30689.6144974727,30017.9494284904,28835.3901038552,30996.14768586817,30275.300962059104,
1321,1321,1321,2023-06-25 01:00:00,30513.24000000,30624.00000000,30467.47000000,30598.52,705.61728,30559.45615019565,30575.432283863185,30421.20053420742,29839.23032241102,28817.061016029988,21590844.454425603,30572.7585333734,30696.4139041214,30039.7400237652,28875.4163430386,30999.829818753355,30278.983094944288,
1322,1322,1322,2023-06-25 02:00:00,30598.52000000,30686.16000000,30592.00000000,30621.3,817.81138,30570.70048652371,30579.800637780976,30429.047572081636,29854.716850680106,28835.01364273616,25042447.610393997,30570.0744367214,30708.7509805365,30055.2384759714,28915.8764580997,31003.08327103643,30282.236547227363,
1323,1323,1323,2023-06-25 03:00:00,30621.30000000,30783.68000000,30619.76000000,30748.46,1226.4651,30603.02039806485,30595.863434182786,30441.573549647062,29872.414734825055,28854.05290997262,37711913.06874599,30573.2075923299,30715.264306362,30079.3493311207,28935.8590500014,31005.60268314936,30284.75595934029,
1324,1324,1324,2023-06-25 04:00:00,30748.46000000,31046.01000000,30748.46000000,30890.66,3602.56006,30655.318507507603,30623.93929759395,30459.184782994238,29892.578007402775,28874.31765713707,111285457.9430396,30614.2537824425,30729.5337303757,30115.3829024968,28962.2461225129,31007.094463529414,30286.247739720347,
1325,1325,1325,2023-06-25 05:00:00,30890.65000000,30950.34000000,30829.28000000,30858.56,1393.62282,30692.271506142584,30646.284126394527,30474.846556210152,29911.70636369183,28894.061362041182,43005193.4083392,30626.4817727672,30734.8616102526,30156.9513438688,28976.733672229,31007.29162224844,30286.44489843937,
1326,1326,1326,2023-06-25 06:00:00,30858.55000000,30985.91000000,30752.00000000,30872.66,1962.4451,30725.06941411666,30667.843733404574,30490.4470834176,29930.735148569216,28913.74891067759,60585900.34096599,30642.8916559908,30743.1319719384,30176.1315244173,28989.8749396714,31005.967119218596,30285.12039540953,
1327,1327,1327,2023-06-25 07:00:00,30872.66000000,30877.58000000,30666.87000000,30723.78,1559.94654,30724.834975186357,30673.170996889854,30499.59739387181,29946.43900701339,28931.75917027284,47927454.306721196,30643.5676436135,30746.9316075975,30193.4538678985,29000.5053187128,31002.94481991122,30282.098096102152,
1328,1328,1328,2023-06-25 08:00:00,30723.78000000,30761.70000000,30666.67000000,30735.93,954.57784,30726.8522524252,30679.148044805104,30508.86533921017,29962.072492023024,28949.71111882734,29339837.669791203,30645.5973649641,30752.5039431117,30209.8022611878,29010.2381353638,30998.10739400736,30277.26067019829,
1329,1329,1329,2023-06-25 09:00:00,30735.92000000,30735.93000000,30588.00000000,30683.99,1184.45572,30719.059115620617,30679.609183395092,30515.732972966634,29976.36788822059,28966.967625107667,36343827.4679228,30645.0712005736,30766.6828912382,30225.6515832881,29022.2438194334,30991.400785125534,30270.554061316467,
1330,1330,1330,2023-06-25 10:00:00,30683.99000000,30692.79000000,30584.51000000,30621.27,934.08771,30701.279276416866,30674.0530706908,30519.871679909123,29989.138227067706,28983.428345255852,28602951.9715917,30644.533548376,30772.7682754956,30246.217236106,29031.2513782684,30982.835184434854,30261.988460625787,
1331,1331,1331,2023-06-25 11:00:00,30621.28000000,30740.00000000,30590.00000000,30716.03,849.77887,30703.961226159252,30678.050873482152,30527.56416304994,30003.532123561414,29000.668162715992,26101833.264286097,30645.1195450075,30781.7348846079,30258.007847676,29037.3616377614,30972.48272023059,30251.635996421523,
1332,1332,1332,2023-06-25 12:00:00,30716.03000000,30739.80000000,30630.89000000,30669.4,841.00481,30697.67736685757,30677.226980769567,30533.126352734256,30016.717626065147,29017.27245960439,25793112.919814,30680.5464728799,30795.3839796802,30271.3583280309,29046.5849700382,30960.472298618286,30239.62557480922,
1333,1333,1333,2023-06-25 13:00:00,30669.39000000,30688.76000000,30515.68000000,30676.5,1794.7505,30693.82693651983,30677.1577445058,30538.74884870546,30029.782623568808,29033.782186374498,55056663.713250004,30696.5999175845,30800.4113075862,30284.4061121713,29078.7129653828,30946.98217742127,30226.1354536122,
1334,1334,1334,2023-06-25 14:00:00,30676.49000000,30727.27000000,30530.00000000,30551.82,1501.2449,30668.00749351622,30665.220816457626,30539.261442873874,30040.119997359525,29048.88704024142,45865763.960718,30696.146179038,30817.1378796966,30312.0784381307,29098.1903890335,30932.230919591777,30211.38419578271,
1335,1335,1335,2023-06-25 15:00:00,30551.82000000,30636.00000000,30462.00000000,30585.16,1701.88039,30652.944312876905,30657.595976794993,30541.061386290585,30050.91286869894,29064.173338348475,52052284.029012404,30691.5621090851,30830.5286169563,30327.0000043438,29111.1794128876,30916.46736028511,30195.620636476044,
1336,1336,1336,2023-06-25 16:00:00,30585.16000000,30655.11000000,30500.20000000,30590.29,1015.29505,30641.55261962656,30651.1858837669,30542.99192016154,30061.593603972226,29079.35857876292,31058170.0150645,30689.2010648296,30849.521160041,30350.7317426405,29123.0449092947,30899.960150840925,30179.113427031858,
1337,1337,1337,2023-06-25 17:00:00,30590.30000000,30609.79000000,30488.00000000,30526.01,717.51394,30620.544870603546,30639.264371027195,30542.32596250815,30070.789968250003,29093.753120267767,21902837.7075794,30690.2870432988,30772.977536335,30377.2012031812,29130.5116298053,30882.987337738454,30162.140613929387,
1338,1338,1338,2023-06-25 18:00:00,30526.00000000,30526.01000000,30341.73000000,30453.03,2168.98604,30590.087621402898,30621.527764262697,30538.82416005685,30078.359077789606,29107.278263349683,66052196.94570119,30678.5003216938,30714.7404292452,30404.4854370924,29141.5599883605,30865.82632180508,30144.979597996014,
1339,1339,1339,2023-06-25 19:00:00,30453.02000000,30453.03000000,30328.00000000,30429.78,969.63492,30560.940781147823,30603.266072428156,30534.547918485998,30085.317907932385,29120.437484609884,29505777.295917597,30676.4328097313,30674.2892854498,30428.8286438647,29153.7503310978,30848.744446373028,30127.89772256396,
1340,1340,1340,2023-06-25 20:00:00,30429.78000000,30530.71000000,30277.49000000,30374.0,1341.69212,30526.951548211855,30581.431208387377,30528.251921682626,30091.03438500303,29132.91074346949,40752556.452879995,30666.4057242221,30648.9122880956,30448.9958269375,29166.0338337086,30831.990399481758,30111.14367567269,
1341,1341,1341,2023-06-25 21:00:00,30374.01000000,30493.61000000,30362.55000000,30451.52,640.68737,30513.236721264242,30569.058712350485,30525.242826714682,30098.172714012868,29146.03123358422,19509904.2613024,30665.7988841221,30633.0484570675,30464.1150858879,29171.415605436,30815.786591657645,30094.939867848578,
1342,1342,1342,2023-06-25 22:00:00,30451.52000000,30571.89000000,30386.66000000,30500.86,865.46846,30510.986408307104,30562.563596888533,30524.286637431756,30106.14671967598,29159.512116832142,26397532.332875602,30662.4014883936,30624.4425282091,30471.0049029909,29178.6955619487,30800.322683694318,30079.47595988525,
1343,1343,1343,2023-06-25 23:00:00,30500.86000000,30501.87000000,30432.43000000,30462.66,685.58857,30502.1997886149,30553.048968613435,30521.86990655208,30113.206388593288,29172.478762435803,20884851.5077962,30658.6995546093,30621.7200252438,30475.749021173,29197.7462382153,30785.750475121116,30064.90375131205,
1344,1344,1344,2023-06-26 00:00:00,30462.67000000,30550.00000000,30391.75000000,30394.89,1453.76516,30482.688917957643,30537.98620969787,30516.89030237357,30118.784281888467,29184.642058331963,44187032.1240324,30641.1578714304,30615.7051153039,30480.8355898586,29207.404044853,30772.180403878367,30051.3336800693,
1345,1345,1345,2023-06-26 01:00:00,30394.88000000,30405.56000000,29963.60000000,30172.74,5025.23679,30426.33456923807,30503.200856393312,30503.39421208441,30119.85271195008,29194.47387864707,151625163.1031046,30531.1249191011,30581.2707242167,30480.7871757514,29222.5025389769,30759.679928653466,30038.8332048444,
1346,1346,1346,2023-06-26 02:00:00,30172.73000000,30240.00000000,30115.77000000,30222.48,1328.30002,30389.270102103877,30476.465536736807,30492.377968473258,30121.88493547582,29204.702795277448,40144520.78844959,30501.7553760005,30576.884814627,30482.844864456,29229.7971786129,30748.274046837352,30027.427323028285,
1347,1347,1347,2023-06-26 03:00:00,30222.48000000,30328.63000000,30177.38000000,30296.36,1400.57854,30372.377356266807,30459.312628476157,30484.690989317445,30125.339887248578,29215.565056020958,42432431.6561144,30466.6570255466,30570.2862821424,30487.1054403632,29236.1422265822,30737.948128922788,30017.10140511372,
1348,1348,1348,2023-06-26 04:00:00,30296.35000000,30323.99000000,30214.30000000,30245.17,1075.49423,30349.248746036475,30438.91809243081,30475.298009344213,30127.712760768405,29225.809881334186,32528505.8203691,30444.185826281,30560.4467658043,30491.5261914539,29241.9128713377,30728.65311989293,30007.806396083863,
1349,1349,1349,2023-06-26 05:00:00,30245.18000000,30272.93000000,30164.79000000,30215.05,923.87173,30324.848974029843,30417.59732172311,30465.092205056208,30129.442211050216,29235.653066594543,27914830.5155365,30426.9375350775,30553.3454019969,30493.1180564069,29246.8008461366,30720.312976788016,29999.46625297895,
1350,1350,1350,2023-06-26 06:00:00,30215.04000000,30486.23000000,30194.59000000,30483.97,1882.17156,30353.78006966078,30423.918529178052,30465.832510740278,30136.46256330665,29248.07413060853,57376061.3698932,30420.1675325199,30549.9239714228,30493.4000659283,29255.4790274961,30712.83399760325,29991.987273794184,
1351,1351,1351,2023-06-26 07:00:00,30483.97000000,30580.00000000,30283.00000000,30404.29,2925.00908,30362.96369335882,30422.04914544681,30463.419078946543,30141.766076904536,29259.57876612486,88932824.32095319,30412.6360414656,30541.9905611202,30493.67315797,29265.4811466557,30706.11547751485,29985.268753705783,
1352,1352,1352,2023-06-26 08:00:00,30404.28000000,30428.36000000,30323.37000000,30405.75,1461.7186,30370.74302183903,30420.496845880447,30461.157546438833,30146.993481322264,29270.983455019144,44444650.321949996,30404.1907660671,30536.7066571476,30494.273444511,29277.6158498309,30700.060936786,29979.214212976935,
1353,1353,1353,2023-06-26 09:00:00,30405.76000000,30420.14000000,30245.88000000,30268.0,1428.10021,30352.06247241375,30405.97333674898,30453.582740696136,30149.38965000895,29280.90401765577,43225737.15628,30391.266741683,30530.7246482895,30493.977800568,29283.0572932545,30694.589033046534,29973.742309237467,
1354,1354,1354,2023-06-26 10:00:00,30268.00000000,30288.37000000,30130.00000000,30267.99,1680.23729,30336.77656833852,30392.83206658241,30446.30459400217,30151.738171790952,29290.72576872387,50857405.491347104,30368.930568027,30523.2708738405,30496.6239534156,29288.4205302777,30689.64322560676,29968.796501797693,
1355,1355,1355,2023-06-26 11:00:00,30268.00000000,30343.60000000,30250.00000000,30322.89,863.63679,30334.251737731513,30386.170917384086,30441.464806002085,30155.127316904,29300.99605958234,26187963.3831231,30358.9693738699,30519.9175910542,30500.2953578613,29293.0594485239,30685.19931682496,29964.352593015894,
1356,1356,1356,2023-06-26 12:00:00,30322.89000000,30398.00000000,30257.02000000,30359.3,1272.61484,30338.80596723487,30383.611782395124,30438.2426567471,30159.170340331646,29311.526447049182,38635695.712012,30346.6152790056,30513.6592719774,30502.0762867873,29299.0134041343,30681.270156622013,29960.423432812946,
1357,1357,1357,2023-06-26 13:00:00,30359.29000000,30658.49000000,30356.97000000,30639.14,2685.49565,30393.41215501035,30407.947803119398,30446.12098393349,30168.67469002805,29324.736532153172,82281277.189741,30363.0250661237,30516.7589764474,30506.9232090923,29315.379080443,30677.90704664843,29957.060322839363,
1358,1358,1358,2023-06-26 14:00:00,30639.14000000,30666.00000000,30260.01000000,30394.56,3686.69779,30393.620854099376,30406.672774250885,30444.098984563552,30173.147666463137,29335.38154178349,112055557.1800224,30363.0059359319,30507.8327207648,30508.0333430628,29330.3074952111,30675.197691643876,29954.35096783481,
1359,1359,1359,2023-06-26 15:00:00,30394.56000000,30461.37000000,30325.00000000,30419.62,1452.03887,30398.34797153585,30407.90584336985,30443.13902438459,30178.028306731194,29346.169984153803,44170470.6506294,30359.7802171425,30503.6559828932,30524.6115727993,29341.1296264803,30673.260878102465,29952.414154293398,
1360,1360,1360,2023-06-26 16:00:00,30419.63000000,30432.00000000,29982.47000000,30100.47,4174.44025,30344.188340347515,30378.626239239384,30429.70102342833,30176.492498677108,29353.675456948295,125652613.5119175,30329.7079630656,30479.9540741562,30519.83704525,29353.1390131236,30672.238371009913,29951.391647200846,
1361,1361,1361,2023-06-26 17:00:00,30100.46000000,30170.38000000,29930.00000000,30084.63,3609.93446,30296.995914829782,30350.62659740706,30416.16882643114,30174.673439297363,29360.94863648115,108603542.55334981,30306.4079543952,30465.6825090586,30516.7032752067,29363.3953778273,30672.284767341287,29951.43804353222,
1362,1362,1362,2023-06-26 18:00:00,30084.63000000,30239.62000000,30040.00000000,30213.36,1794.10177,30281.789384860727,30337.5535881302,30408.215539120116,30175.439509806325,29369.430341590793,54205842.6536472,30300.1713120741,30458.442483945,30540.2369883778,29370.5353325208,30673.55619887223,29952.709475063162,
1363,1363,1363,2023-06-26 19:00:00,30213.35000000,30306.96000000,30070.42000000,30243.97,1643.44544,30274.913133067865,30328.640865451132,30401.774537585996,30176.796549216102,29378.132228739145,49704314.5839968,30293.9042215644,30450.9240738271,30555.5003700155,29375.8403346983,30676.198820128004,29955.352096318937,
1364,1364,1364,2023-06-26 20:00:00,30243.97000000,30290.00000000,30141.70000000,30161.78,1129.49012,30254.343472510067,30312.749354455787,30392.362987092427,30176.49919180588,29385.929719000447,34067432.5116136,30287.7281749915,30443.8528601021,30564.5695604392,29382.8663476873,30680.337950966947,29959.49122715788,
1365,1365,1365,2023-06-26 21:00:00,30161.78000000,30220.59000000,30116.90000000,30158.07,809.37593,30236.83920478096,30298.017987364758,30383.175026814293,30176.134257314676,29393.612706871092,24409215.953255102,30281.5573334787,30439.3988235343,30567.6839647434,29387.7395340818,30686.06858545348,29965.22186164441,
1366,1366,1366,2023-06-26 22:00:00,30158.07000000,30258.14000000,30099.00000000,30227.51,884.18364,30235.142985729875,30291.302940949066,30377.070515958832,30177.15159875399,29401.910192374864,26726669.8199364,30294.651871197,30436.2885726072,30569.8998754626,29398.3181211062,30693.44776087127,29972.601037062203,
1367,1367,1367,2023-06-26 23:00:00,30227.50000000,30286.63000000,30197.51000000,30267.99,590.47613,30241.115170142624,30289.08266085868,30372.79284866633,30178.950378976682,29410.527901903475,17872525.5980787,30296.7957305968,30433.9357991341,30571.7739464924,29403.7385745011,30702.489041877107,29981.64231806804,
1368,1368,1368,2023-06-27 00:00:00,30267.99000000,30381.21000000,30226.17000000,30354.02,1243.43295,30261.643321025782,30295.267169348328,30372.056658522553,30182.41710414546,29419.915882979065,37743188.632959,30298.7240646476,30431.4671374598,30573.3552317471,29413.0259841191,30713.159153766454,29992.312429957386,
1369,1369,1369,2023-06-27 01:00:00,30354.01000000,30390.00000000,30273.02000000,30373.77,904.74577,30282.029989930183,30302.74362941039,30372.123848384414,30186.206270400005,29429.40696872057,27480539.9264529,30302.1116699558,30429.7584870744,30575.1700788192,29419.2320001482,30725.37662727626,30004.52990346719,
1370,1370,1370,2023-06-27 02:00:00,30373.76000000,30496.88000000,30353.48000000,30480.06,1299.70052,30318.03544630651,30319.630902799876,30376.35663864385,30192.025156134656,29439.861227738278,39614949.831631206,30310.4415637515,30429.7530247761,30579.5289938761,29425.3893631544,30739.01221423258,30018.165490423515,
1371,1371,1371,2023-06-27 03:00:00,30480.07000000,30484.00000000,30363.79000000,30371.57,1442.2585,30327.769001523506,30324.577483485602,30376.168927324485,30195.580499577536,29449.131961790634,43803654.990844995,30303.9937550683,30427.176886133,30581.5715160622,29431.1326102104,30753.89080222127,30033.044078412204,
1372,1372,1372,2023-06-27 04:00:00,30371.56000000,30385.00000000,30332.95000000,30348.8,940.55778,30331.59281942832,30326.884389820305,30375.09563605686,30198.614549090853,29458.083882568837,28544799.953663997,30296.8152301007,30424.2312976618,30586.5177780665,29448.6776323072,30769.79458608546,30048.947862276393,
1373,1373,1373,2023-06-27 05:00:00,30348.81000000,30366.09000000,30247.98000000,30317.9,1197.28892,30329.103215895895,30326.028733646945,30372.852669936983,30200.976637227668,29466.639266821883,36299285.747668,30292.9575069759,30417.5772175812,30587.6828482584,29455.8242936941,30786.467322027627,30065.62059821856,
1374,1374,1374,2023-06-27 06:00:00,30317.91000000,30322.00000000,30233.58000000,30320.14,785.33529,30327.473540278457,30325.467901871045,30370.785506410044,30203.336307777612,29475.131811430623,23811475.9397406,30294.6292595944,30394.1687741035,30590.5965885583,29462.0724669493,30803.61956859807,30082.772844789004,
1375,1375,1375,2023-06-27 07:00:00,30320.14000000,30470.80000000,30307.18000000,30411.22,1229.54018,30342.700169318738,30333.634768359516,30372.371172825337,30207.45281653449,29484.446121764646,37391816.9128196,30300.2214128318,30385.919505805,30591.142347127,29479.6075402932,30820.934881132398,30100.08815732333,
1376,1376,1376,2023-06-27 08:00:00,30411.23000000,30448.45000000,30355.05000000,30395.14,984.61427,30352.234683988056,30339.492409468134,30373.264068008655,30211.169394424895,29493.507752393853,29927488.5826478,30302.4098392219,30373.2935046366,30592.864388628,29489.9344681181,30838.07695234459,30117.23022853552,
1377,1377,1377,2023-06-27 09:00:00,30395.13000000,30400.00000000,30336.00000000,30377.98,841.1378,30356.91565053568,30343.157894280692,30373.449006518123,30214.472574733314,29502.308471275504,25552067.265644,30302.1447688107,30365.9797098878,30593.7991583035,29495.3210752968,30854.697672520753,30133.850948711686,
1378,1378,1378,2023-06-27 10:00:00,30377.97000000,30705.35000000,30377.97000000,30656.57,4905.90376,30411.39825952919,30373.006666253958,30384.551790576235,30223.226979194038,29513.793660616047,150398182.0317032,30325.5992648575,30379.6998430391,30598.0589216329,29510.9836119692,30870.44602060837,30149.599296799304,
1379,1379,1379,2023-06-27 11:00:00,30656.56000000,30786.99000000,30537.00000000,30729.1,2201.27766,30469.16221234206,30406.92031708691,30398.06348506344,30233.24426673475,29525.88626100793,67643281.341906,30344.2110886169,30384.861358775,30606.6197431222,29519.8542580173,30884.97760518089,30164.130881371824,
1380,1380,1380,2023-06-27 12:00:00,30729.09000000,30769.04000000,30633.21000000,30713.99,2338.57206,30513.67635555259,30436.165048792922,30410.452760158994,30242.76398422515,29537.708188759098,71826878.8651194,30365.8208739323,30391.6720818622,30611.2703022696,29530.352647946,30897.96457104063,30177.117847231562,
1381,1381,1381,2023-06-27 13:00:00,30713.99000000,30720.00000000,30528.00000000,30610.41,1781.80311,30531.264290906664,30452.75980605074,30418.294220544918,30250.044103349403,29548.381838622194,54541723.7363751,30413.2298086376,30393.0719215944,30615.2571532711,29538.2510307447,30909.105494138377,30188.25877032931,
1382,1382,1382,2023-06-27 14:00:00,30610.41000000,30994.97000000,30585.23000000,30808.63,5635.51146,30581.694419832722,30486.65220547448,30433.601506013743,30261.105210213773,29560.92162132247,173622387.4318998,30511.9641712991,30417.5113938682,30627.0374830005,29559.5047292459,30918.134822735545,30197.288098926478,
1383,1383,1383,2023-06-27 15:00:00,30808.63000000,30820.00000000,30383.00000000,30498.74,3648.38913,30566.611798044953,30487.80342400072,30436.155956758303,30265.81084961548,29570.253147478466,111271271.4946962,30525.3428470592,30415.6006614307,30627.516288753,29571.1945929302,30924.831398236412,30203.984674427345,
1384,1384,1384,2023-06-27 16:00:00,30498.74000000,30748.00000000,30455.50000000,30710.65,2848.85496,30592.80056203678,30509.02690742922,30446.920429042293,30274.619545662696,29581.600379841864,87490187.577324,30551.6518180692,30422.7061350239,30636.977079668,29582.936410055,30929.025608923337,30208.17888511427,
1385,1385,1385,2023-06-27 17:00:00,30710.64000000,30769.96000000,30618.68000000,30733.2,2690.02139,30618.327732575544,30530.376725769293,30458.147078883772,30283.700346738682,29593.059082530006,82672965.383148,30575.3419770984,30428.8799692247,30645.274323631,29593.8350590266,30930.6047904708,30209.758066661732,
1386,1386,1386,2023-06-27 18:00:00,30733.19000000,30737.93000000,30626.67000000,30686.32,1038.77446,30630.689963016353,30545.22846617222,30467.095036574607,30291.673013139894,29603.937300614285,31876165.487387203,30586.8302776607,30430.0237441853,30653.016740638,29600.6632152772,30929.516579584477,30208.66985577541,
1387,1387,1387,2023-06-27 19:00:00,30686.33000000,30737.99000000,30638.91000000,30648.03,931.40904,30633.842697013377,30555.01908844153,30474.190525336388,30298.729587137124,29614.326282697726,28545852.2001912,30596.3214335203,30431.502465288,30598.5669790957,29607.2897210644,30925.770039666502,30204.923315857435,
1388,1388,1388,2023-06-27 20:00:00,30648.03000000,30716.00000000,30554.09000000,30649.96,1119.38161,30636.773115738215,30564.061080018528,30481.08344591143,30305.68464481758,29624.631095805213,34309001.5712356,30602.6679306828,30433.7082855549,30563.8260136071,29620.0096126255,30919.43449844534,30198.58777463627,
1389,1389,1389,2023-06-27 21:00:00,30649.96000000,30728.00000000,30575.29000000,30717.42,1359.51716,30651.43618560399,30578.666691445334,30490.351546071768,30313.837820167726,29635.50461723999,41760859.600927204,30614.2614293665,30438.0323510677,30543.9482364118,29629.5466279543,30910.636157681598,30189.78943387253,
1390,1390,1390,2023-06-27 22:00:00,30717.41000000,30736.24000000,30579.34000000,30586.45,720.01602,30639.62051549417,30579.40795892673,30494.120112892484,30319.236081154504,29644.96676035203,22022733.994929,30619.2078388839,30440.1872174672,30531.439372359,29641.6912898467,30899.55264826691,30178.70592445784,
1391,1391,1391,2023-06-27 23:00:00,30586.45000000,30726.27000000,30573.13000000,30692.44,611.59777,30649.224058131593,30590.172915219424,30501.897363367287,30326.626257765307,29655.38937965201,18771427.8598588,30624.9563488002,30441.8311248603,30523.135520312,29651.0091008998,30886.4058071132,30165.55908330413,
1392,1392,1392,2023-06-28 00:00:00,30692.44000000,30709.74000000,30460.56000000,30614.0,1933.84626,30642.819683925845,30592.442161389,30506.293545196022,30332.316826918468,29664.927793784827,59202769.40364,30633.6184449851,30444.9456230923,30520.2296505922,29667.3198788616,30871.453043756293,30150.606319947226,
1393,1393,1393,2023-06-28 01:00:00,30614.01000000,30665.08000000,30474.96000000,30498.42,1035.89683,30616.56519593933,30583.487669828144,30505.984778717746,30335.605998662657,29673.22124857304,31593216.598008595,30636.8272996562,30445.4216743704,30518.4548726814,29686.7415170465,30854.9777431809,30134.131019371835,
1394,1394,1394,2023-06-28 02:00:00,30498.43000000,30544.80000000,30336.36000000,30420.01,1423.15653,30580.82788758672,30567.918367939747,30502.61321876803,30337.277365025773,29680.65198241809,43292435.8741653,30638.6564267522,30445.8323408494,30515.671896162,29747.2723980759,30837.279214173275,30116.43249036421,
1395,1395,1395,2023-06-28 03:00:00,30420.01000000,30473.62000000,30394.86000000,30452.75,1029.95038,30557.54099893459,30556.949951945484,30500.657798424185,30339.563951856948,29688.334549757215,31364821.434545,30640.1118720719,30461.7205749913,30513.886707515,29769.8009674073,30818.66273440762,30097.81601059855,
1396,1396,1396,2023-06-28 04:00:00,30452.74000000,30488.83000000,30390.96000000,30482.31,828.16855,30543.862635491936,30549.841385093532,30499.938276917354,30342.39060627562,29696.234802993462,25244490.4733505,30643.8892089638,30465.5993995956,30514.0490038099,29787.2777240511,30799.43025729122,30078.583533482153,
1397,1397,1397,2023-06-28 05:00:00,30482.31000000,30482.31000000,30375.00000000,30452.53,801.89932,30527.256701766128,30540.57363413224,30498.07912880295,30344.571584369172,29703.76012833681,24419863.099279597,30646.1918145002,30468.2421815215,30512.7729573647,29795.1804446102,30779.87232327363,30059.025599464563,
1398,1398,1398,2023-06-28 06:00:00,30452.54000000,30452.54000000,30343.58000000,30375.09,939.99925,30499.59002871774,30524.81328802441,30493.25602571264,30345.17590943117,29710.44002755734,28552561.8186825,30645.4577735742,30470.0221859309,30509.3408516609,29802.4473674666,30760.26165292868,30039.41492911961,
1399,1399,1399,2023-06-28 07:00:00,30375.08000000,30393.49000000,30155.75000000,30186.13,3599.80219,30442.5972962236,30492.55773678399,30481.211867841557,30342.026485482038,29715.17326111398,108664096.8816247,30601.1145702502,30461.1127722067,30500.5370560366,29810.1964752855,30740.84878711564,30020.002063306572,
1400,1400,1400,2023-06-28 08:00:00,30186.14000000,30280.80000000,30150.98000000,30278.0,1634.54287,30412.670515092035,30472.123666614087,30473.24277498503,30340.75863428437,29720.77352717255,49490689.01786,30579.7745863382,30457.2234849375,30497.3294945576,29824.3039729667,30721.859982828068,30001.013259019,
1401,1401,1401,2023-06-28 09:00:00,30278.00000000,30332.53000000,30229.99000000,30304.42,1215.65755,30392.98860325712,30456.151888841316,30466.62227400522,30340.03905736785,29726.580954762874,36839796.971370995,30562.1628276456,30456.8651683352,30494.7860934375,29845.8217088172,30703.497380590165,29982.650656781097,
1402,1402,1402,2023-06-28 10:00:00,30304.42000000,30344.07000000,30282.00000000,30337.62,791.8042,30382.921584483094,30444.863137523094,30461.563361299137,30339.99115524175,29732.660945262745,24021454.934004,30554.8030568325,30456.6350988941,30492.5661816724,29853.3827600794,30685.94124594576,29965.094522136693,
1403,1403,1403,2023-06-28 11:00:00,30337.61000000,30388.00000000,30306.13000000,30310.73,827.59683,30369.795841849802,30432.088552997084,30455.6483275227,30339.41172642508,29738.412876155657,25085064.062985897,30502.1951327595,30458.3830115627,30491.0466134658,29861.1054886506,30669.353874867196,29948.50715105813,
1404,1404,1404,2023-06-28 12:00:00,30310.73000000,30370.00000000,30037.20000000,30101.99,3157.68025,30321.103870604384,30400.65059556879,30441.779373502206,30334.71030609983,29742.03055897998,95052459.3086975,30461.2281500956,30449.0728989852,30482.4136743812,29868.2128465561,30653.884565239405,29933.037841430338,
1405,1405,1405,2023-06-28 13:00:00,30102.00000000,30211.54000000,30009.00000000,30202.34,2977.81675,30299.510439585403,30381.763872181287,30432.38959414918,30332.089111919635,29746.610752422966,89937033.941195,30412.9216974457,30442.012638342,30476.6111942801,29883.530625449,30639.67491848154,29918.828194672475,
1406,1406,1406,2023-06-28 14:00:00,30202.34000000,30490.86000000,30147.24000000,30316.0,3109.70456,30302.508541478965,30375.50064625926,30427.825296339408,30331.770515644,29752.276317075473,94273803.44096,30375.5135283793,30438.844618628,30471.7397067354,29895.3665212398,30626.863667870006,29906.01694406094,
1407,1407,1407,2023-06-28 15:00:00,30316.00000000,30449.83000000,30282.21000000,30411.06,1713.02471,30322.245170300972,30378.887251377426,30427.16783373786,30333.34060444313,29758.83137859711,52094897.2372926,30367.2658747244,30432.3024406784,30470.2524321419,29902.4508551207,30615.59024745156,29894.743523642494,
1408,1408,1408,2023-06-28 16:00:00,30411.07000000,30466.36000000,30255.26000000,30258.0,1596.58976,30310.56423024625,30367.37417981767,30420.53380104226,30331.84871128584,29763.798230551372,48309612.95808,30353.8218222004,30430.7104758087,30466.4437801006,29913.1359468976,30605.996422495835,29885.149698686768,
1409,1409,1409,2023-06-28 17:00:00,30258.00000000,30284.00000000,30056.73000000,30155.23,2267.12413,30282.32164292875,30347.169972215986,30410.12973041315,30328.351311062353,29767.693074028473,68365649.5786999,30330.5391768211,30423.8135237171,30460.6341422166,29921.4712266413,30598.225493577913,29877.378769768846,
1410,1410,1410,2023-06-28 18:00:00,30155.24000000,30256.00000000,30142.51000000,30198.15,987.55361,30267.01770785079,30332.9775939097,30401.816799808712,30325.77306727894,29771.97622752073,29822292.047821503,30310.7607213812,30437.0663843883,30457.6798923226,29927.951300708,30592.41884553324,29871.572121724173,
1411,1411,1411,2023-06-28 19:00:00,30198.15000000,30250.00000000,29858.80000000,30100.0,4638.80747,30236.65085187792,30310.78925163259,30389.980846875038,30321.302313471435,29775.240145654854,139628104.847,30279.0767565439,30433.6814286773,30448.9500668064,29936.7602497278,30588.709914766456,29867.86319095739,
1412,1412,1412,2023-06-28 20:00:00,30099.99000000,30145.00000000,29948.82000000,30108.01,1517.73144,30213.26160608193,30291.476941953293,30378.92316660543,30317.078703303683,29778.55128848416,45695873.3728344,30265.6014049631,30432.5273488244,30444.854703515,29950.3523290746,30587.215962651168,29866.3692388421,
1413,1413,1413,2023-06-28 21:00:00,30108.00000000,30218.55000000,30030.00000000,30134.38,919.34826,30198.919495885217,30276.515328433932,30369.333238503255,30313.46090719866,29782.09187267835,27703989.8191788,30244.139509657,30432.9480178008,30441.5258891787,29962.6638329595,30588.028335263043,29867.181611453976,
1414,1414,1414,2023-06-28 22:00:00,30134.39000000,30183.50000000,30086.99000000,30105.94,815.46244,30182.014132996996,30260.270059059272,30359.004091895284,30309.351582303636,29785.314242104436,24550263.2908936,30233.9174413498,30433.4155141725,30438.403831291,29977.7574635697,30591.202127692774,29870.355403883706,
1415,1415,1415,2023-06-28 23:00:00,30105.94000000,30183.48000000,30057.89000000,30077.41,700.35523,30162.99519972481,30242.854815339342,30347.961186330762,30304.75867968376,29788.220667556132,21064871.3983543,30223.536426338,30433.1027427432,30436.1175701437,29995.4407013199,30596.746326519,29875.899602709935,
1416,1416,1416,2023-06-29 00:00:00,30077.40000000,30177.70000000,30049.98000000,30079.99,1078.66655,30147.903345229388,30227.34388054512,30337.452512357006,30300.307814739528,29791.123844993388,32446279.037334498,30212.7134882689,30430.7556514131,30433.4033075102,30035.4049126671,30604.615556053395,29883.76883224433,
1417,1417,1417,2023-06-29 01:00:00,30079.99000000,30245.90000000,30058.60000000,30168.77,978.18258,30151.69728246041,30221.765415731297,30330.837511872418,30297.703105536766,29794.881518177535,29510565.274026603,30205.372410822,30428.8762739248,30431.2838962614,30088.2416550122,30614.704491851346,29893.85776804228,
1418,1418,1418,2023-06-29 02:00:00,30168.78000000,30209.22000000,30100.00000000,30121.15,429.49445,30146.143231103968,30212.18299518546,30322.614472191148,30294.20700443703,29798.127970732985,12936866.752617499,30198.8434830765,30428.4131796411,30429.8748698084,30122.0705524139,30626.845828870373,29905.999105061306,
1419,1419,1419,2023-06-29 03:00:00,30121.16000000,30193.10000000,30100.00000000,30176.0,464.39193,30151.571734539608,30208.73699564399,30316.864885046398,30291.8662716759,29801.88789142221,14013490.87968,30193.866823976,30427.6059399742,30428.6394759951,30146.1286638509,30640.81241305081,29919.965689241744,
1420,1420,1420,2023-06-29 04:00:00,30176.00000000,30222.93000000,30141.05000000,30221.3,733.38814,30164.24960098695,30209.933472249326,30313.11724249556,30290.468919761523,29806.061146233933,22163942.995382,30195.3403400026,30424.9743037202,30427.2847010666,30167.1068136243,30656.323786104476,29935.47706229541,
1421,1421,1421,2023-06-29 05:00:00,30221.31000000,30260.00000000,30181.26000000,30183.0,707.0505,30167.65876444387,30207.36837965415,30308.014605534947,30288.340822340502,29809.811781594788,21340905.2415,30190.7925156817,30423.8363837443,30425.4666626513,30181.0293367728,30673.056985073268,29952.2102612642,
1422,1422,1422,2023-06-29 06:00:00,30183.00000000,30242.00000000,30179.60000000,30235.56,603.47587,30180.00444363589,30210.053295877566,30305.173248455147,30287.29565754168,29814.04808227544,18246430.8759372,30187.2098905579,30423.3135402105,30423.7627310599,30190.5064874452,30690.661018435123,29969.814294626056,
1423,1423,1423,2023-06-29 07:00:00,30235.57000000,30421.48000000,30218.01000000,30340.29,1606.36984,30209.147272065726,30222.456791508273,30306.55037596671,30288.34505046165,29819.28432026275,48737726.7928536,30191.1938255364,30423.2270478697,30420.4692920487,30205.3454154564,30708.774050150532,29987.927326341465,
1424,1424,1424,2023-06-29 08:00:00,30340.29000000,30449.00000000,30337.23000000,30383.98,1211.7886,30240.935040781045,30237.83995422177,30309.586831811157,30290.238811838648,29824.903182747697,36818960.586628005,30195.3748741437,30423.6286557017,30409.5542079832,30223.1676249838,30727.042002536316,30006.19527872725,
1425,1425,1425,2023-06-29 09:00:00,30383.99000000,30473.14000000,30354.33000000,30433.33,1397.95015,30275.915942457214,30256.458053819697,30314.439505073467,30293.07230071313,29830.957180929316,42544278.2384995,30215.9804848839,30423.9744923754,30405.8334418765,30249.4724510516,30745.1370741403,30024.290350331234,
1426,1426,1426,2023-06-29 10:00:00,30433.34000000,30750.00000000,30401.21000000,30697.11,4364.9678,30352.496680192264,30298.42490583687,30329.446191149018,30301.07304723366,29839.575616939972,133991896.70305802,30283.2115683683,30438.0512846206,30408.0314024457,30263.308641988,30762.774587349923,30041.927863540855,
1427,1427,1427,2023-06-29 11:00:00,30697.12000000,30725.62000000,30566.00000000,30670.94,2538.11434,30410.39546561185,30333.902533852404,30342.838105221606,30308.39714530824,29847.84789935848,77846352.6352796,30311.4220363161,30445.3088132151,30409.1059122398,30275.021117133,30779.726648000054,30058.879924190987,
1428,1428,1428,2023-06-29 12:00:00,30670.95000000,30709.21000000,30602.30000000,30623.93,1689.87928,30449.219926409696,30361.524197295035,30353.861316781546,30314.645320648673,29855.57010931511,51750744.7791704,30322.8606370675,30436.6862235489,30409.4183996379,30285.8269655544,30795.83131738498,30074.98459357591,
1429,1429,1429,2023-06-29 13:00:00,30623.93000000,30843.98000000,30454.12000000,30564.0,4052.00497,30470.08903069884,30380.80760707646,30362.102049456782,30319.583037071472,29862.619162953768,123845479.90308,30354.925507891,30435.2178949898,30411.2300648022,30297.3860080556,30810.99635246384,30090.149628654774,
1430,1430,1430,2023-06-29 14:00:00,30564.00000000,30654.20000000,30400.00000000,30450.01,2801.25863,30466.438297844506,30387.398311164416,30365.54942006632,30322.165749208667,29868.463847899504,85298353.2960863,30375.9292955442,30428.2413026975,30410.7091476401,30310.6429894102,30825.19703492367,30104.350311114602,
1431,1431,1431,2023-06-29 15:00:00,30450.01000000,30544.85000000,30418.98000000,30478.8,1513.82721,30468.685880054596,30396.10323391066,30369.990619279408,30325.26741754117,29874.53684443782,46139636.768148,30385.4595337947,30425.3979067087,30409.7825112737,30317.746934237,30838.468144131053,30117.621420321986,
1432,1432,1432,2023-06-29 16:00:00,30478.79000000,30579.34000000,30476.00000000,30502.01,1249.0565,30474.744810953758,30406.189592585833,30375.167849895905,30328.767270659166,29880.78035842351,38098733.85356499,30432.308128387,30400.4856262924,30409.1728018791,30325.8505228639,30850.890684062884,30130.043960253817,
1433,1433,1433,2023-06-29 17:00:00,30502.02000000,30663.37000000,30416.63000000,30543.33,2199.49822,30487.214845325798,30419.250583768135,30381.762444017637,30333.016037576803,29887.372892170544,67179999.9678726,30455.2811634043,30399.9416102424,30408.0835402905,30333.3984243257,30862.57449689683,30141.72777308776,
1434,1434,1434,2023-06-29 18:00:00,30543.33000000,30618.08000000,30500.29000000,30566.8,959.57942,30501.68487344838,30433.302909123548,30389.018818762044,30337.645422971324,29894.13336090517,29331272.215256,30467.8075407179,30390.8230057042,30407.707968772,30350.1629186636,30873.638333457355,30152.791609648288,
1435,1435,1435,2023-06-29 19:00:00,30566.80000000,30606.97000000,30495.89000000,30584.99,1159.55116,30516.831260094124,30447.74929873083,30396.70396312432,30342.54333538773,29901.007556319048,35464860.6330884,30481.0931049751,30381.8998115676,30407.1356125523,30358.9058926922,30884.189256181136,30163.34253237207,
1436,1436,1436,2023-06-29 20:00:00,30584.99000000,30639.90000000,30250.00000000,30398.98,2839.51325,30495.403758258828,30443.104603613607,30396.793219472387,30343.660893102824,29905.962506007418,86318306.496485,30482.5263952405,30378.5441720926,30405.9077792324,30372.9979472467,30894.303387021475,30173.456663212408,
1437,1437,1437,2023-06-29 21:00:00,30398.97000000,30454.76000000,30366.84000000,30417.34,644.84504,30481.21034766631,30440.650831840885,30397.59897557151,30345.11988531861,29911.05083928098,19614470.8289936,30494.0120226754,30375.7014917133,30405.4448815187,30388.7447428778,30904.009958470397,30183.16323466133,
1438,1438,1438,2023-06-29 22:00:00,30417.33000000,30460.00000000,30395.03000000,30409.34,505.97621,30468.14301172698,30437.66884785604,30398.05940790204,30346.391570757845,29916.00894038266,15386402.6018014,30502.1880800202,30372.0254413908,30404.8443159936,30404.6332048959,30913.280375751794,30192.433651942727,
1439,1439,1439,2023-06-29 23:00:00,30409.35000000,30526.42000000,30392.78000000,30447.31,601.79839,30464.355191412982,30438.58705282213,30399.99080367059,30348.389955495313,29921.295518090294,18323142.137830902,30506.0477626422,30366.5949189697,30404.8525039111,30418.7427093079,30922.023566498414,30201.176842689347,
1440,1440,1440,2023-06-30 00:00:00,30447.31000000,30511.38000000,30400.00000000,30441.34,861.90389,30460.170611156078,30438.84923826764,30401.612340781547,30350.230550436,29926.470090049595,26237509.3628126,30508.8951495356,30365.3954948877,30405.2867983639,30429.9012703474,30930.08831444329,30209.24159063422,
1441,1441,1441,2023-06-30 01:00:00,30441.35000000,30441.35000000,30347.17000000,30384.53,1011.73252,30446.41777276406,30433.675977480245,30400.942445064626,30350.90974745707,29931.027900098856,30741017.1059156,30511.3602206864,30363.098993348,30404.9856580424,30437.7093652692,30937.27259701166,30216.425873202592,
1442,1442,1442,2023-06-30 02:00:00,30384.54000000,30750.00000000,30375.57000000,30661.82,2861.97866,30485.581814079684,30455.40397962498,30411.17293741503,30357.066386121285,29938.299463281954,87753474.5167612,30529.4318954427,30367.7440704568,30408.8192605629,30442.8080301813,30943.339238291996,30222.49251448293,
1443,1443,1443,2023-06-30 03:00:00,30661.83000000,30883.68000000,30625.77000000,30745.05,3178.24729,30532.757847883375,30482.98931489879,30424.26615555562,30364.749229960467,29946.326831806513,97715371.84341449,30551.4098760955,30380.7588406156,30414.797146853,30447.7423434139,30948.03652195484,30227.189798145773,
1444,1444,1444,2023-06-30 04:00:00,30745.06000000,31282.00000000,30690.30000000,30877.99,7181.39157,30595.527330086396,30520.608427765572,30442.059247494613,30374.912413525606,29955.59711208705,221746937.0845443,30611.2970941408,30420.9313161282,30433.6138280946,30458.7024158328,30951.121857298334,30230.275133489267,
1445,1445,1445,2023-06-30 05:00:00,30877.99000000,30997.41000000,30650.02000000,30736.63,4059.26673,30621.18236097978,30541.18191083552,30453.611041710512,30382.07513801025,29963.36858360857,124768179.5513199,30627.7473027515,30434.7255409313,30447.9413171518,30465.5354159351,30952.38622191804,30231.539498108974,
1446,1446,1446,2023-06-30 06:00:00,30736.64000000,30762.14000000,30610.01000000,30665.99,1686.01987,30629.329204438,30553.068395517854,30461.9396283101,30387.697214485295,29970.359841483114,51703468.4732213,30634.7585780581,30438.5611115457,30451.6953224492,30468.3365567826,30951.676966207306,30230.83024239824,
1447,1447,1447,2023-06-30 07:00:00,30666.00000000,30848.66000000,30658.00000000,30765.09,2381.78578,30654.01298544927,30573.260929278058,30473.827878180295,30395.17033895093,29978.26760425443,73275853.88242021,30635.5907199531,30446.8064955132,30457.0901715462,30473.0511677427,30948.91668348476,30228.069959675693,
1448,1448,1448,2023-06-30 08:00:00,30765.10000000,30906.80000000,30717.50000000,30854.0,2125.95842,30690.37426082213,30599.99798363253,30488.736588839893,30404.25607481329,29986.98135943598,65594321.090679996,30643.8121164873,30456.7172199754,30463.0528843057,30478.0741301658,30944.11622105343,30223.269497244364,
1449,1449,1449,2023-06-30 09:00:00,30854.00000000,30854.00000000,30745.65000000,30768.83,1575.8355,30704.638940672652,30616.077223286575,30499.720644179506,30411.47536046055,29994.760947899304,48486614.607465,30648.8858408798,30472.6291887684,30466.9941950025,30480.7263372949,30937.38049670751,30216.53377289844,
1450,1450,1450,2023-06-30 10:00:00,30768.82000000,30868.19000000,30748.85000000,30811.52,1347.60722,30724.07186055035,30634.690821068805,30511.948069897957,30419.397036491035,30002.8879036416,41521826.8111744,30662.0593892199,30481.0659609042,30469.3979671797,30481.984474594,30928.906528154137,30208.05980434507,
1451,1451,1451,2023-06-30 11:00:00,30811.52000000,30963.20000000,30765.01000000,30910.01,1792.83315,30757.87879499574,30660.91169525273,30527.558341666667,30429.11214467933,30011.913994152634,55416490.5948315,30686.9416099868,30491.7109610347,30474.8834274307,30484.7974696115,30918.973893684673,30198.127169875606,
1452,1452,1452,2023-06-30 12:00:00,30910.01000000,31137.36000000,30892.00000000,31010.11,4381.60466,30803.73901408742,30694.16867665723,30546.48193611111,30440.61705270548,30021.84629271828,135874042.4831126,30725.7500034464,30516.6410668934,30488.3504389431,30491.4496981758,30907.928624181928,30187.08190037286,sell
1453,1453,1453,2023-06-30 13:00:00,31010.11000000,31095.15000000,29500.00000000,30135.62,18824.0601,30682.262829707888,30640.97356459464,30530.36970332244,30434.577507107348,30022.978369407654,567274722.030762,30551.5942162865,30455.2215403842,30456.5722505542,30475.2980713441,30896.162184002762,30175.315460193695,buy
1454,1454,1454,2023-06-30 14:00:00,30135.63000000,30312.98000000,29944.00000000,30092.5,9391.13573,30575.03322430645,30588.737987014196,30513.198342407835,30427.80369508542,30023.670126925987,282602751.955025,30489.7075715729,30436.1674773361,30441.567787459,30468.5508654875,30884.08765158467,30163.2409277756,buy
1455,1455,1455,2023-06-30 15:00:00,30092.49000000,30213.00000000,30000.00000000,30067.72,3739.87751,30482.79445625073,30539.117226346178,30495.728603489883,30420.673324885705,30024.108434120757,112449589.8049772,30466.8095644582,30430.5338678366,30435.3870548728,30466.8644216084,30872.115407009554,30151.268683200487,buy
1456,1456,1456,2023-06-30 16:00:00,30067.72000000,30529.39000000,29925.50000000,30400.53,6623.42035,30467.837282386958,30525.918442884635,30491.995324921652,30420.274447165197,30027.85392233846,201355489.05278552,30459.388056,30431.798317579,30434.7635337171,30466.9797167172,30860.63055542747,30139.783831618402,
1457,1457,1457,2023-06-30 17:00:00,30400.54000000,30748.08000000,30376.59000000,30455.8,7105.03666,30465.648685589327,30519.24049594324,30490.575900414922,30420.977923458955,30032.11209226544,216389575.509628,30461.171544969,30433.3845597203,30432.9431531858,30468.074702046,30849.97398199493,30129.127258185865,
1458,1458,1458,2023-06-30 18:00:00,30455.79000000,30536.01000000,30288.01000000,30359.99,3610.6343,30446.438015482177,30504.073782043884,30485.454884712377,30419.7702418063,30035.37455900907,109618821.241657,30457.1989753474,30433.4983906782,30432.3873480688,30468.4824140457,30840.42839993641,30119.58167612734,
1459,1459,1459,2023-06-30 19:00:00,30359.99000000,30474.52000000,30329.24000000,30372.36,1503.93831,30432.969285394505,30491.52961232542,30481.019791194245,30418.83142513687,30038.727647974156,45678155.7691116,30455.9947608,30437.6074531192,30432.0603316297,30475.7075424185,30832.210098238476,30111.36337442941,
1460,1460,1460,2023-06-30 20:00:00,30372.37000000,30520.00000000,30366.95000000,30397.54,1602.03567,30426.527597140957,30482.57822067538,30477.74607389251,30418.40981275792,30042.297920133617,48697943.3602518,30454.9766387516,30438.9149537969,30438.1899186843,30477.1579174433,30825.466412051253,30104.619688242186,
1461,1461,1461,2023-06-30 21:00:00,30397.54000000,30480.00000000,30340.46000000,30479.56,1011.13651,30436.169852206236,30482.29077108725,30477.817208249668,30419.62070755479,30046.648786599948,30818995.924735602,30455.3974719064,30451.5046739295,30444.3437224149,30479.1207843809,30820.278318426106,30099.43159461704,
1462,1462,1462,2023-06-30 22:00:00,30479.57000000,30529.99000000,30461.39000000,30476.68,801.0476,30443.535333623284,30481.756411936083,30477.77261184772,30420.750594533903,30050.927704146216,24413271.369968,30456.42008406,30455.7542509178,30446.4088823663,30491.0360291306,30816.667078840375,30095.82035503131,
1463,1463,1463,2023-06-30 23:00:00,30476.68000000,30544.44000000,30461.14000000,30472.0,760.58818,30448.71072750996,30480.82722984693,30477.546234912516,30421.765434246103,30055.11747823431,23176643.02096,30449.6182803935,30458.1729042668,30448.0674682652,30498.8196720381,30814.60355876258,30093.756834953514,
1464,1464,1464,2023-07-01 00:00:00,30471.99000000,30534.74000000,30420.00000000,30469.83,1244.96393,30452.55059523542,30479.779874623415,30477.243637464966,30422.717207825386,30059.2439709882,37933839.3032319,30438.5754980673,30460.5359201224,30449.717107486,30503.5745953927,30814.018772599145,30093.17204879008,
1465,1465,1465,2023-07-01 01:00:00,30469.82000000,30484.31000000,30380.51000000,30447.78,1182.24313,30451.683214283523,30476.732267516425,30476.088200701637,30423.213500739734,30063.11000112762,35996678.7287514,30397.602423582,30462.5116553659,30450.8155371556,30505.3558492863,30814.814317297707,30093.96759348864,
1466,1466,1466,2023-07-01 02:00:00,30447.77000000,30530.64000000,30390.33000000,30420.85,871.56148,30446.07717532288,30471.410146800576,30473.921996752553,30423.166698744888,30066.669603106453,26513641.048857998,30379.1701179906,30465.4522132094,30451.6206339382,30506.7012034536,30816.871630263802,30096.024906454735,
1467,1467,1467,2023-07-01 03:00:00,30420.84000000,30444.00000000,30375.85000000,30398.01,709.27222,30437.337688900534,30464.419656629092,30470.945055703436,30422.66854629449,30069.96652247853,21560464.036282197,30372.6920412097,30467.3501989751,30451.9512965009,30507.5923973476,30820.05937939594,30099.212655586874,
1468,1468,1468,2023-07-01 04:00:00,30398.02000000,30417.62000000,30320.57000000,30389.15,1296.90923,30428.576290918616,30457.251117902513,30467.737406460164,30422.0048127045,30073.14247747875,39411969.1268545,30359.9194301883,30467.7178829216,30452.1406311017,30508.4047174822,30824.238699764628,30103.39197595556,
1469,1469,1469,2023-07-01 05:00:00,30389.16000000,30430.00000000,30389.15000000,30429.36,552.16204,30428.718783478864,30454.594820959417,30466.232410128392,30422.150459977678,30076.686930439162,16801937.493494403,30345.4466339153,30468.6062331826,30452.4149533838,30509.4302150415,30829.266370789544,30108.419646980477,
1470,1470,1470,2023-07-01 06:00:00,30429.36000000,30472.69000000,30402.08000000,30450.26,793.49398,30432.635368300886,30454.181980868045,30465.60604110375,30422.707084532576,30080.40407540992,24162097.9994348,30337.0004842736,30469.902214954,30452.2375019127,30511.412552204,30834.996329916605,30114.149606107538,
1471,1471,1471,2023-07-01 07:00:00,30450.27000000,30460.00000000,30408.04000000,30459.88,642.95309,30437.588937700722,30454.724649356802,30465.38149047223,30423.443181868563,30084.179955256586,19584273.9670292,30328.8115198244,30471.428894701,30452.8113202373,30512.8712264996,30841.280111974775,30120.433388165708,
1472,1472,1472,2023-07-01 08:00:00,30459.87000000,30472.22000000,30420.77000000,30441.7,635.03827,30438.336403573318,30453.484206560915,30464.45280457136,30423.80470301968,30087.73736863712,19331644.503859002,30314.3903173221,30472.3883188246,30453.2414999089,30515.2700780561,30847.966875944876,30127.12015213581,
1473,1473,1473,2023-07-01 09:00:00,30441.71000000,30465.87000000,30434.21000000,30441.23,532.45943,30438.86251201453,30452.3171392694,30463.542106352874,30424.149758405427,30091.254708252673,16208719.9742989,30267.3992220828,30473.92118153,30453.9814582982,30516.3809681404,30854.90363992349,30134.056916114423,
1474,1474,1474,2023-07-01 10:00:00,30441.23000000,30491.88000000,30429.84000000,30469.98,705.69164,30444.520237102795,30453.999316481837,30463.794572770406,30425.057287941952,30095.02311911583,21502410.1569672,30325.2949489553,30474.7567865155,30454.5350442054,30517.9658360332,30861.93621247775,30141.089488668684,
1475,1475,1475,2023-07-01 11:00:00,30469.98000000,30600.00000000,30469.97000000,30523.02,902.55496,30458.792921265922,30460.572714912138,30466.117138544116,30426.997143626268,30099.281794547514,27548703.0951792,30389.5050529874,30475.5582570764,30455.0831503414,30518.6904235196,30868.911115392777,30148.06439158371,
1476,1476,1476,2023-07-01 12:00:00,30523.02000000,30635.51000000,30503.94000000,30564.01,1072.75591,30477.92329921757,30470.423884920503,30469.956074287482,30429.710269495055,30103.9059557958,32787722.3607991,30430.2147161468,30468.4855428756,30455.9205304166,30519.9488825879,30875.678573403573,30154.831849594506,
1477,1477,1477,2023-07-01 13:00:00,30564.00000000,30639.01000000,30539.59000000,30565.26,972.95195,30493.80269935983,30479.455895880456,30473.69348313895,30432.394422574358,30108.49654330032,29738529.319257,30441.7199248672,30465.0383753577,30456.7386755318,30520.8370787432,30882.096433591534,30161.249709782467,
1478,1478,1478,2023-07-01 14:00:00,30565.26000000,30617.45000000,30531.22000000,30608.52,828.04518,30514.660390385314,30491.747715320413,30478.980797525663,30435.882057770905,30113.47190107843,25345237.4529336,30443.4326722473,30463.8000629802,30452.5914238947,30522.1193724097,30888.0346981446,30167.18797433553,
1479,1479,1479,2023-07-01 15:00:00,30608.52000000,30661.60000000,30541.17000000,30572.58,927.53367,30525.191228497075,30499.44602814704,30482.651354485442,30438.588947716034,30118.040140868696,28357097.328768604,30464.9714836523,30461.2091853694,30450.1629077929,30525.2281481323,30893.380229231385,30172.533505422318,
1480,1480,1480,2023-07-01 16:00:00,30572.59000000,30600.00000000,30543.99000000,30572.0,707.56992,30533.70191422488,30506.35593022827,30486.155222936995,30441.230750731556,30122.557154392394,21631827.594240002,30476.436981651,30462.1581196299,30447.5505486615,30526.7033626368,30898.041125810636,30177.19440200157,
1481,1481,1481,2023-07-01 17:00:00,30572.00000000,30593.38000000,30550.00000000,30573.86,543.45309,30541.00338436581,30512.784889254148,30489.594625959075,30443.857072499246,30127.04772997058,16615458.690227399,30486.5724350767,30462.4677241948,30446.4534798859,30528.3552714941,30901.95028312672,30181.103559317653,
1482,1482,1482,2023-07-01 18:00:00,30573.85000000,30611.88000000,30568.32000000,30608.87,355.70229,30553.34276902657,30521.935852182323,30494.272091607738,30447.124655222033,30131.84198141366,10887645.1533123,30489.5416350275,30462.491317511,30436.3685967709,30530.9911673671,30905.067722371754,30184.220998562687,
1483,1483,1483,2023-07-01 19:00:00,30608.86000000,30633.92000000,30596.97000000,30609.51,633.6956,30563.55499283992,30530.276247212576,30498.79122527018,30450.340206603774,30136.594897021485,19397111.805156,30494.6582932602,30461.7372331603,30435.7600763881,30532.275563839,30907.381408969264,30186.534685160197,
1484,1484,1484,2023-07-01 20:00:00,30609.51000000,30612.68000000,30579.96000000,30582.58,359.54499,30567.01408505084,30535.257557001856,30502.07705957331,30452.958816373997,30141.03255973769,10995813.4202742,30497.6239150159,30461.223376289,30431.9394330766,30535.7362241987,30908.90644488619,30188.059721077123,
1485,1485,1485,2023-07-01 21:00:00,30582.59000000,30603.81000000,30570.01000000,30584.65,299.67901,30570.220615041595,30539.961599192156,30505.315214099843,30455.566562584412,30145.446663620896,9165577.633196501,30501.5325303533,30460.2617950009,30427.8886999549,30538.6869775654,30909.682699986755,30188.83597617769,
1486,1486,1486,2023-07-01 22:00:00,30584.66000000,30606.88000000,30548.88000000,30577.64,392.93086,30571.569594124943,30543.550018316713,30508.151480213575,30457.983858374817,30149.74709482865,12014898.3819704,30507.8744002266,30462.293753915,30426.7744547506,30541.4202262518,30909.771114241692,30188.924390432625,
1487,1487,1487,2023-07-01 23:00:00,30577.65000000,30598.00000000,30561.14000000,30585.9,338.58488,30574.175122465862,30547.5833499056,30511.200441773828,30460.516851278284,30154.086924730855,10355923.281192001,30515.0746770334,30462.9495007287,30425.9628215531,30509.9337486495,30909.249033017768,30188.4023092087,
1488,1488,1488,2023-07-02 00:00:00,30585.90000000,30649.99000000,30548.00000000,30575.77,816.85629,30574.46510019934,30550.26779277173,30513.73258131211,30462.79909184703,30158.28277622607,24976010.0460933,30524.3412620942,30464.0505145484,30425.2771824388,30490.6016164057,30908.205014364863,30187.358290555796,
1489,1489,1489,2023-07-02 01:00:00,30575.77000000,30600.00000000,30551.71000000,30567.56,554.7189,30573.209627435823,30551.914669650614,30515.843460476342,30464.873565275804,30162.35518641288,16956403.258883998,30539.0302010733,30464.6737630985,30423.5700193692,30479.7771872112,30906.733562545327,30185.88683873626,
1490,1490,1490,2023-07-02 02:00:00,30567.57000000,30613.70000000,30463.16000000,30542.0,1062.94112,30567.535149720217,30550.970415398173,30516.869207124328,30466.400821408955,30166.13274674708,32464347.687039997,30543.555504134,30465.6167205589,30423.6161098097,30473.1911469505,30904.930199388247,30184.08347557918,
1491,1491,1491,2023-07-02 03:00:00,30542.00000000,30552.00000000,30476.11000000,30509.31,776.88502,30556.948758861996,30547.00275678882,30516.572767629255,30467.250508113728,30169.547445784425,23702225.9095362,30546.9279092086,30466.6880694876,30423.0927069924,30468.5368866309,30902.88719747439,30182.04047366532,
1492,1492,1492,2023-07-02 04:00:00,30509.30000000,30539.27000000,30476.00000000,30527.67,702.28926,30551.625348159814,30545.161541856553,30517.007953212425,30468.44693369563,30173.110854284085,21439254.7738242,30549.9333937945,30461.828109071,30421.5000839703,30466.555505778,30900.690185839856,30179.84346203079,
1493,1493,1493,2023-07-02 05:00:00,30527.67000000,30553.17000000,30481.27000000,30481.27,605.65939,30538.83346667621,30539.076633108307,30515.606464851153,30468.700855800667,30176.177114440467,18461267.394625302,30551.8596461612,30453.2469667076,30421.2653878089,30465.553822136,30898.415720420406,30177.56899661134,
1494,1494,1494,2023-07-02 06:00:00,30481.27000000,30515.22000000,30470.01000000,30480.0,571.6616,30528.13647273508,30533.450287097992,30514.21013289621,30468.924601230356,30179.200227729616,17424245.568,30553.1210931959,30421.9318685741,30421.4571471696,30464.3652359457,30896.129805495384,30175.283081686317,
1495,1495,1495,2023-07-02 07:00:00,30479.99000000,30517.86000000,30479.99000000,30513.01,420.81649,30525.386204965063,30531.50359308866,30514.163068861064,30469.797579423815,30182.521718000964,12840377.767534899,30556.1392976379,30408.6477641687,30421.4914057609,30463.6190059083,30893.88727078717,30173.040546978104,
1496,1496,1496,2023-07-02 08:00:00,30513.01000000,30552.00000000,30484.00000000,30484.01,541.41677,30517.863258607777,30526.980393746882,30512.980595572393,30470.07901349463,30185.52160140394,16504554.2308477,30555.4600573834,30404.3813289262,30421.4013900485,30463.5068495527,30891.73185674646,30170.885132937394,
1497,1497,1497,2023-07-02 09:00:00,30484.01000000,30547.44000000,30484.00000000,30516.81,449.57026,30517.671757042724,30526.011784818606,30513.130768295046,30471.00437956404,30188.81800338002,13719450.206070602,30553.3960803712,30395.4170894343,30421.4992847058,30462.9074220182,30889.6968370836,30168.850113274533,
1498,1498,1498,2023-07-02 10:00:00,30516.81000000,30537.05000000,30505.18000000,30509.99,520.60631,30516.275073944045,30524.485900550168,30513.007600910925,30471.776372047923,30192.01374463992,15883693.312036902,30550.6450682492,30385.0861354891,30421.990095848,30461.5738842502,30887.80600784434,30166.959284035274,
1499,1499,1499,2023-07-02 11:00:00,30509.99000000,30544.74000000,30505.18000000,30544.74,404.128,30521.450515045126,30526.414862402533,30514.25200871834,30473.221196363804,30195.523458623604,12343984.68672,30546.4478015428,30378.9071111349,30426.9951492407,30460.9685015461,30886.074889332343,30165.228165523276,
