,date,open,high,low,close,volume
0,2021-01-01 00:00:00,28923.63000000,29470.00000000,28690.17000000,29278.40000000,11560.45655300
1,2021-01-01 04:00:00,29278.41000000,29395.00000000,28806.54000000,29092.83000000,7308.91027400
2,2021-01-01 08:00:00,29092.84000000,29402.57000000,28872.24000000,29313.49000000,8283.70531900
3,2021-01-01 12:00:00,29313.49000000,29600.00000000,29030.14000000,29188.67000000,11794.94951500
4,2021-01-01 16:00:00,29188.67000000,29360.00000000,28624.57000000,29029.04000000,9850.96534500
5,2021-01-01 20:00:00,29029.04000000,29338.89000000,28880.37000000,29331.69000000,5383.93800500
6,2021-01-02 00:00:00,29331.70000000,29469.00000000,28946.53000000,29351.95000000,7393.02852600
7,2021-01-02 04:00:00,29351.95000000,29820.50000000,29220.00000000,29750.00000000,9865.64284500
8,2021-01-02 08:00:00,29751.47000000,29899.00000000,29473.91000000,29755.00000000,9226.80460800
9,2021-01-02 12:00:00,29754.99000000,31800.00000000,29741.39000000,31691.29000000,34028.97339900
10,2021-01-02 16:00:00,31691.09000000,33300.00000000,31616.42000000,33027.20000000,34849.61779800
11,2021-01-02 20:00:00,33027.20000000,33061.37000000,30300.00000000,32178.33000000,34629.80618600
12,2021-01-03 00:00:00,32176.45000000,32884.09000000,31962.99000000,32573.87000000,10890.30290700
13,2021-01-03 04:00:00,32576.11000000,34778.11000000,32450.00000000,34452.34000000,26286.12629600
14,2021-01-03 08:00:00,34451.78000000,34670.41000000,33403.00000000,34413.53000000,22651.53286700
15,2021-01-03 12:00:00,34413.53000000,34600.00000000,32727.00000000,33506.62000000,23240.07717700
16,2021-01-03 16:00:00,33505.15000000,33822.69000000,32267.00000000,32772.21000000,22427.18764300
17,2021-01-03 20:00:00,32775.10000000,33861.92000000,32600.00000000,33000.05000000,15462.33986000
18,2021-01-04 00:00:00,33000.05000000,33588.00000000,32400.25000000,33505.16000000,14536.79062000
19,2021-01-04 04:00:00,33505.15000000,33600.00000000,31505.00000000,32068.84000000,21398.87190900
20,2021-01-04 08:00:00,32068.84000000,32567.88000000,28130.00000000,30743.06000000,46591.47102500
21,2021-01-04 12:00:00,30742.99000000,32185.67000000,30454.25000000,31745.72000000,26592.53945300
22,2021-01-04 16:00:00,31745.71000000,31920.00000000,30626.36000000,31665.51000000,19886.66060300
23,2021-01-04 20:00:00,31665.52000000,32031.01000000,30856.08000000,31988.71000000,11893.55208000
24,2021-01-05 00:00:00,31989.75000000,32853.38000000,31130.86000000,31200.00000000,20813.07860000
25,2021-01-05 04:00:00,31190.04000000,31538.45000000,29900.00000000,30817.77000000,23019.05717800
26,2021-01-05 08:00:00,30817.78000000,31821.94000000,30817.78000000,31776.66000000,13255.60110000
27,2021-01-05 12:00:00,31776.66000000,32375.07000000,31111.78000000,32099.98000000,16243.27636900
28,2021-01-05 16:00:00,32099.97000000,34187.09000000,31763.23000000,33697.75000000,23832.16575800
29,2021-01-05 20:00:00,33693.80000000,34360.00000000,33318.00000000,33949.53000000,18886.81803300
30,2021-01-06 00:00:00,33949.53000000,34170.00000000,33288.00000000,34117.59000000,15779.35387900
31,2021-01-06 04:00:00,34116.76000000,35766.58000000,34109.83000000,34676.40000000,26152.96499000
32,2021-01-06 08:00:00,34666.80000000,35200.00000000,33357.90000000,34918.53000000,21063.05056700
33,2021-01-06 12:00:00,34918.54000000,35088.00000000,34052.42000000,34566.19000000,18644.31193900
34,2021-01-06 16:00:00,34566.18000000,35695.00000000,34372.92000000,34816.72000000,18876.49598000
35,2021-01-06 20:00:00,34818.95000000,36939.21000000,34280.00000000,36769.36000000,26623.02395500
36,2021-01-07 00:00:00,36769.36000000,37699.00000000,36422.71000000,37454.48000000,19662.24662600
37,2021-01-07 04:00:00,37452.62000000,37700.80000000,36710.00000000,36859.85000000,16315.18215800
38,2021-01-07 08:00:00,36863.04000000,37913.72000000,36300.00000000,37822.09000000,17213.96891800
39,2021-01-07 12:00:00,37825.64000000,38970.42000000,37518.00000000,38970.42000000,22645.70147700
40,2021-01-07 16:00:00,38970.41000000,40365.00000000,36500.00000000,39062.00000000,39368.56018200
41,2021-01-07 20:00:00,39061.99000000,39969.00000000,38352.88000000,39432.28000000,17620.04107600
42,2021-01-08 00:00:00,39432.48000000,39699.87000000,36500.00000000,38347.10000000,23563.55820700
43,2021-01-08 04:00:00,38347.11000000,39143.80000000,37563.92000000,38930.55000000,17678.05242000
44,2021-01-08 08:00:00,38929.56000000,41500.45000000,38222.00000000,41286.67000000,26858.31322800
45,2021-01-08 12:00:00,41286.67000000,41950.00000000,39777.00000000,40829.08000000,29703.86386100
46,2021-01-08 16:00:00,40829.07000000,41600.00000000,39800.00000000,40365.09000000,20523.08366000
47,2021-01-08 20:00:00,40365.09000000,40937.77000000,38652.00000000,40582.81000000,21463.08612300
48,2021-01-09 00:00:00,40586.96000000,40976.13000000,39500.00000000,40211.59000000,13875.82436000
49,2021-01-09 04:00:00,40209.91000000,40490.00000000,38720.00000000,39638.61000000,12464.02114400
50,2021-01-09 08:00:00,39639.21000000,41237.44000000,39290.86000000,40565.77000000,14548.75654100
51,2021-01-09 12:00:00,40565.77000000,41380.00000000,40200.00000000,40525.15000000,13783.07301000
52,2021-01-09 16:00:00,40525.16000000,40880.00000000,39869.00000000,40665.91000000,10121.05537700
53,2021-01-09 20:00:00,40665.91000000,40781.69000000,39928.91000000,40088.22000000,10993.24924300
54,2021-01-10 00:00:00,40088.22000000,41350.00000000,40087.15000000,40316.64000000,11827.44570400
55,2021-01-10 04:00:00,40320.67000000,41073.26000000,40050.00000000,40978.57000000,9169.85114000
56,2021-01-10 08:00:00,40978.57000000,41060.00000000,38888.00000000,39181.76000000,18823.28830300
57,2021-01-10 12:00:00,39175.09000000,40126.00000000,38450.00000000,39671.81000000,17148.66968400
58,2021-01-10 16:00:00,39671.82000000,39757.55000000,37111.00000000,37456.77000000,26106.90815400
59,2021-01-10 20:00:00,37472.40000000,39000.00000000,35111.11000000,38150.02000000,35133.38151800
60,2021-01-11 00:00:00,38150.02000000,38264.74000000,33600.00000000,35438.23000000,37334.82410300
61,2021-01-11 04:00:00,35438.23000000,35999.95000000,32538.00000000,34375.34000000,45091.05878000
62,2021-01-11 08:00:00,34372.25000000,36360.00000000,34020.00000000,34198.56000000,27495.31964400
63,2021-01-11 12:00:00,34198.55000000,35110.00000000,31115.00000000,31580.00000000,57121.74535300
64,2021-01-11 16:00:00,31582.82000000,33585.17000000,30420.00000000,32254.62000000,51176.26204200
65,2021-01-11 20:00:00,32254.63000000,35638.55000000,31408.07000000,35404.47000000,32936.92836500
66,2021-01-12 00:00:00,35410.37000000,35547.19000000,33677.03000000,34984.96000000,20156.06217800
67,2021-01-12 04:00:00,34984.95000000,36628.00000000,34520.69000000,36413.60000000,21820.92527800
68,2021-01-12 08:00:00,36413.60000000,36499.98000000,34757.00000000,35410.99000000,20129.58418600
69,2021-01-12 12:00:00,35410.99000000,35688.82000000,32531.00000000,33829.40000000,32930.54466900
70,2021-01-12 16:00:00,33829.40000000,35550.00000000,33819.11000000,34685.11000000,19491.04941000
71,2021-01-12 20:00:00,34686.10000000,35051.02000000,33260.74000000,34051.24000000,19419.98627500
72,2021-01-13 00:00:00,34049.15000000,34375.51000000,32380.00000000,33818.50000000,27424.98432500
73,2021-01-13 04:00:00,33818.50000000,35180.67000000,32800.00000000,34986.90000000,18746.30897400
74,2021-01-13 08:00:00,34986.90000000,35250.00000000,34200.00000000,34385.48000000,21211.79171000
75,2021-01-13 12:00:00,34385.48000000,35100.00000000,34017.00000000,34673.90000000,16102.34796600
76,2021-01-13 16:00:00,34673.90000000,36188.00000000,34388.53000000,36002.25000000,17747.20155000
77,2021-01-13 20:00:00,36002.24000000,37850.00000000,35704.21000000,37371.38000000,23245.28041300
78,2021-01-14 00:00:00,37371.38000000,38172.22000000,37000.00000000,37045.13000000,16138.47379100
79,2021-01-14 04:00:00,37045.13000000,38596.92000000,36701.23000000,38198.34000000,15764.35508000
80,2021-01-14 08:00:00,38199.52000000,38786.10000000,37862.04000000,38365.86000000,13654.69752900
81,2021-01-14 12:00:00,38365.86000000,40100.00000000,37707.00000000,39546.01000000,25980.30892200
82,2021-01-14 16:00:00,39546.01000000,40000.00000000,39212.15000000,39876.98000000,14738.64382600
83,2021-01-14 20:00:00,39876.97000000,39935.10000000,38259.25000000,39144.50000000,16673.91027300
84,2021-01-15 00:00:00,39145.21000000,39747.76000000,38450.00000000,38700.00000000,12973.73704200
85,2021-01-15 04:00:00,38700.00000000,38853.09000000,37554.94000000,38473.08000000,14317.81067800
86,2021-01-15 08:00:00,38473.07000000,38780.00000000,37923.00000000,38108.88000000,11723.41464400
87,2021-01-15 12:00:00,38108.87000000,38194.04000000,35258.00000000,35610.72000000,28829.42490300
88,2021-01-15 16:00:00,35610.79000000,36433.51000000,34408.00000000,35217.26000000,35005.43935100
89,2021-01-15 20:00:00,35218.94000000,36888.00000000,34801.15000000,36742.22000000,15451.09429800
90,2021-01-16 00:00:00,36737.43000000,37669.00000000,35852.93000000,36532.92000000,15996.27291900
91,2021-01-16 04:00:00,36532.92000000,36959.61000000,35520.00000000,36574.86000000,12788.97734700
92,2021-01-16 08:00:00,36565.74000000,37950.00000000,36375.88000000,37680.00000000,14546.13650000
93,2021-01-16 12:00:00,37680.00000000,37886.00000000,36671.20000000,37461.99000000,14905.09897900
94,2021-01-16 16:00:00,37463.46000000,37713.94000000,36200.00000000,36376.39000000,12777.18605000
95,2021-01-16 20:00:00,36376.39000000,36800.00000000,35357.80000000,35994.98000000,15334.75971300
96,2021-01-17 00:00:00,35994.98000000,36744.05000000,35520.00000000,36177.00000000,10523.42090700
97,2021-01-17 04:00:00,36177.00000000,36382.38000000,34518.04000000,34760.90000000,14085.48497000
98,2021-01-17 08:00:00,34760.91000000,35400.00000000,33850.00000000,35267.17000000,20790.97025700
99,2021-01-17 12:00:00,35270.00000000,35973.89000000,34666.00000000,35728.47000000,14071.34115800
100,2021-01-17 16:00:00,35728.47000000,36166.47000000,35514.99000000,35633.91000000,9298.40628400
101,2021-01-17 20:00:00,35633.90000000,36852.50000000,35506.00000000,35828.61000000,11388.10380800
102,2021-01-18 00:00:00,35824.99000000,36208.00000000,34842.99000000,35106.25000000,12865.20122300
103,2021-01-18 04:00:00,35108.27000000,36278.68000000,34800.00000000,36104.61000000,9931.58762100
104,2021-01-18 08:00:00,36100.55000000,36650.00000000,35771.60000000,36442.08000000,11719.16756000
105,2021-01-18 12:00:00,36443.91000000,37469.83000000,36047.89000000,36405.98000000,18106.50695400
106,2021-01-18 16:00:00,36405.99000000,36565.00000000,35400.00000000,35956.14000000,10602.82996700
107,2021-01-18 20:00:00,35951.83000000,36777.77000000,35755.01000000,36631.27000000,7472.82542500
108,2021-01-19 00:00:00,36622.46000000,37280.00000000,36364.43000000,36465.30000000,15332.38851500
109,2021-01-19 04:00:00,36468.31000000,37233.87000000,36002.01000000,37168.82000000,11299.22627900
110,2021-01-19 08:00:00,37167.92000000,37535.27000000,36750.00000000,37266.49000000,15170.79547700
111,2021-01-19 12:00:00,37263.73000000,37449.00000000,36610.00000000,37329.40000000,11966.64672700
112,2021-01-19 16:00:00,37329.40000000,37850.00000000,36052.04000000,36279.82000000,15604.75974100
113,2021-01-19 20:00:00,36281.66000000,36777.88000000,35844.06000000,35891.49000000,10237.49103000
114,2021-01-20 00:00:00,35901.94000000,36415.31000000,35000.00000000,35062.49000000,13775.59188400
115,2021-01-20 04:00:00,35062.49000000,35909.95000000,34737.00000000,35677.14000000,14008.50378700
116,2021-01-20 08:00:00,35672.86000000,35939.12000000,34000.00000000,34426.17000000,19109.32555500
117,2021-01-20 12:00:00,34426.17000000,35142.18000000,34020.00000000,34192.17000000,16110.18536300
118,2021-01-20 16:00:00,34193.11000000,35311.00000000,33400.00000000,35197.12000000,17678.21448900
119,2021-01-20 20:00:00,35197.12000000,35670.00000000,34482.75000000,35468.23000000,8686.60184000
120,2021-01-21 00:00:00,35468.23000000,35600.00000000,34230.76000000,34571.09000000,10995.70808400
121,2021-01-21 04:00:00,34572.42000000,35019.01000000,33971.41000000,34624.27000000,11645.03598400
122,2021-01-21 08:00:00,34624.27000000,34681.73000000,32009.68000000,32208.62000000,32172.08607200
123,2021-01-21 12:00:00,32206.89000000,32784.31000000,31037.00000000,31384.09000000,34496.34497800
124,2021-01-21 16:00:00,31384.19000000,32751.24000000,31038.51000000,32468.66000000,22066.37570500
125,2021-01-21 20:00:00,32468.66000000,32550.00000000,30071.00000000,30850.13000000,23628.52583500
126,2021-01-22 00:00:00,30851.99000000,31029.79000000,28850.00000000,30943.40000000,46814.39288700
127,2021-01-22 04:00:00,30943.40000000,32152.90000000,30615.22000000,30842.45000000,22771.82598200
128,2021-01-22 08:00:00,30846.59000000,31997.00000000,30500.00000000,31710.88000000,21911.24626300
129,2021-01-22 12:00:00,31712.09000000,32767.44000000,31286.00000000,32458.42000000,21741.69841900
130,2021-01-22 16:00:00,32462.79000000,33655.79000000,31955.67000000,33589.52000000,17631.16519500
131,2021-01-22 20:00:00,33589.52000000,33826.53000000,32580.00000000,32945.17000000,12101.35530300
132,2021-01-23 00:00:00,32950.00000000,32974.89000000,32053.33000000,32365.01000000,12211.52203000
133,2021-01-23 04:00:00,32365.00000000,33456.00000000,32267.07000000,32931.18000000,11464.51669100
134,2021-01-23 08:00:00,32931.17000000,33104.94000000,31511.24000000,31645.49000000,13454.30589500
135,2021-01-23 12:00:00,31643.90000000,32289.25000000,31390.16000000,31877.10000000,10854.23524900
136,2021-01-23 16:00:00,31877.10000000,32500.00000000,31759.65000000,32348.79000000,9253.45924300
137,2021-01-23 20:00:00,32348.78000000,32538.61000000,31812.50000000,32078.00000000,7357.24856700
138,2021-01-24 00:00:00,32078.00000000,32480.06000000,31630.00000000,32480.05000000,7766.19687000
139,2021-01-24 04:00:00,32480.06000000,33071.00000000,32346.44000000,32801.15000000,11135.54452200
140,2021-01-24 08:00:00,32797.21000000,33030.00000000,32465.00000000,32833.37000000,7600.85447100
141,2021-01-24 12:00:00,32833.37000000,32931.59000000,31858.68000000,31957.05000000,9939.32613500
142,2021-01-24 16:00:00,31956.90000000,32139.60000000,30900.00000000,31306.29000000,12601.92109500
143,2021-01-24 20:00:00,31306.29000000,32369.59000000,31250.26000000,32259.90000000,8934.19487300
144,2021-01-25 00:00:00,32259.45000000,33674.48000000,32175.61000000,33568.18000000,14446.51762800
145,2021-01-25 04:00:00,33568.17000000,33797.96000000,33045.00000000,33346.95000000,11224.75177900
146,2021-01-25 08:00:00,33347.19000000,33548.00000000,32750.09000000,33185.26000000,11388.31039300
147,2021-01-25 12:00:00,33185.25000000,34875.00000000,33050.00000000,34458.31000000,21109.74236500
148,2021-01-25 16:00:00,34458.31000000,34600.00000000,33373.92000000,33411.54000000,14607.08772500
149,2021-01-25 20:00:00,33411.54000000,33473.92000000,31910.00000000,32254.20000000,15722.81703100
150,2021-01-26 00:00:00,32254.19000000,32827.33000000,31458.00000000,31518.66000000,13175.06637200
151,2021-01-26 04:00:00,31520.25000000,32312.46000000,31100.00000000,31643.61000000,16200.73286800
152,2021-01-26 08:00:00,31643.61000000,32450.00000000,31373.00000000,31796.95000000,13170.89155200
153,2021-01-26 12:00:00,31798.65000000,31972.73000000,30837.37000000,31750.23000000,17666.57223000
154,2021-01-26 16:00:00,31750.24000000,32403.88000000,31300.69000000,32208.33000000,14712.05212800
155,2021-01-26 20:00:00,32208.33000000,32921.88000000,31855.71000000,32467.77000000,10046.89176000
156,2021-01-27 00:00:00,32464.01000000,32557.29000000,31568.28000000,31800.86000000,10374.37072600
157,2021-01-27 04:00:00,31801.27000000,32030.28000000,31350.00000000,31743.33000000,8094.66819200
158,2021-01-27 08:00:00,31743.33000000,31749.28000000,30578.94000000,30639.05000000,16124.25128800
159,2021-01-27 12:00:00,30635.74000000,31057.00000000,29241.72000000,30322.61000000,26358.94628900
160,2021-01-27 16:00:00,30322.59000000,30948.00000000,29500.00000000,30740.33000000,19597.19007000
161,2021-01-27 20:00:00,30731.57000000,31649.99000000,30084.24000000,30366.15000000,15362.53514600
162,2021-01-28 00:00:00,30362.19000000,31526.78000000,29842.10000000,31404.25000000,14152.37926800
163,2021-01-28 04:00:00,31406.90000000,31876.63000000,31045.70000000,31170.53000000,12487.83428400
164,2021-01-28 08:00:00,31170.20000000,31600.00000000,30812.26000000,31437.37000000,11864.19013300
165,2021-01-28 12:00:00,31437.37000000,32203.38000000,31161.96000000,31926.49000000,18406.77480400
166,2021-01-28 16:00:00,31926.49000000,32747.78000000,31650.00000000,32564.71000000,16889.86912200
167,2021-01-28 20:00:00,32564.71000000,33783.98000000,32392.34000000,33364.86000000,18820.09800600
168,2021-01-29 00:00:00,33368.18000000,34310.00000000,33330.93000000,33733.58000000,26746.70714100
169,2021-01-29 04:00:00,33728.99000000,33934.48000000,31915.40000000,32266.35000000,28364.15898900
170,2021-01-29 08:00:00,32266.36000000,37990.00000000,32006.91000000,37025.32000000,74717.37040600
171,2021-01-29 12:00:00,37023.83000000,38531.90000000,36456.78000000,37129.40000000,39582.77915100
172,2021-01-29 16:00:00,37129.40000000,37569.00000000,33500.00000000,34318.57000000,41001.26865000
173,2021-01-29 20:00:00,34322.50000000,35354.94000000,33700.00000000,34252.20000000,21414.72128900
174,2021-01-30 00:00:00,34246.28000000,34933.00000000,32825.00000000,33273.36000000,19111.75679400
175,2021-01-30 04:00:00,33273.36000000,34200.00000000,33001.52000000,34046.80000000,15377.31394800
176,2021-01-30 08:00:00,34046.82000000,34424.70000000,33510.00000000,33660.40000000,15905.50680000
177,2021-01-30 12:00:00,33660.40000000,34500.00000000,33410.63000000,34210.20000000,11980.51146400
178,2021-01-30 16:00:00,34210.18000000,34400.02000000,33520.00000000,34286.50000000,13229.45544100
179,2021-01-30 20:00:00,34286.50000000,34800.00000000,33966.40000000,34262.88000000,9285.13689300
180,2021-01-31 00:00:00,34262.89000000,34342.69000000,33655.00000000,33930.21000000,9135.95818200
181,2021-01-31 04:00:00,33930.22000000,34127.65000000,33450.00000000,33607.98000000,7736.68868400
182,2021-01-31 08:00:00,33607.68000000,33832.94000000,33205.00000000,33563.23000000,9660.99340400
183,2021-01-31 12:00:00,33563.24000000,34220.00000000,32554.00000000,32862.66000000,15985.65861600
184,2021-01-31 16:00:00,32862.65000000,33077.90000000,32171.67000000,32808.80000000,15824.56626800
185,2021-01-31 20:00:00,32807.29000000,33255.49000000,32461.23000000,33092.98000000,10398.41523000
186,2021-02-01 00:00:00,33092.97000000,33830.00000000,32296.16000000,33573.97000000,14674.64903800
187,2021-02-01 04:00:00,33573.25000000,34427.00000000,33284.24000000,33803.97000000,15350.21249100
188,2021-02-01 08:00:00,33802.60000000,34717.27000000,33589.23000000,34183.33000000,19521.50787200
189,2021-02-01 12:00:00,34183.33000000,34460.00000000,33160.00000000,33160.17000000,17478.70659700
190,2021-02-01 16:00:00,33160.00000000,34100.00000000,33133.26000000,33838.13000000,9133.51937400
191,2021-02-01 20:00:00,33838.13000000,34039.00000000,33430.76000000,33526.37000000,6559.68151000
192,2021-02-02 00:00:00,33517.09000000,34161.39000000,33418.00000000,33550.32000000,9103.94322500
193,2021-02-02 04:00:00,33554.08000000,34400.00000000,33500.00000000,34223.38000000,10429.38599700
194,2021-02-02 08:00:00,34223.38000000,35668.10000000,34080.00000000,34720.15000000,22068.65874800
195,2021-02-02 12:00:00,34722.97000000,35200.00000000,34333.00000000,34708.47000000,12709.43450700
196,2021-02-02 16:00:00,34708.47000000,35800.00000000,34556.85000000,35762.03000000,13461.67164200
197,2021-02-02 20:00:00,35762.05000000,35984.33000000,35466.00000000,35466.24000000,10283.56576100
198,2021-02-03 00:00:00,35472.71000000,36500.00000000,35362.38000000,36403.47000000,13559.34709300
199,2021-02-03 04:00:00,36403.47000000,36845.00000000,36231.66000000,36297.57000000,11921.87584900
200,2021-02-03 08:00:00,36297.58000000,36299.98000000,35511.00000000,35969.41000000,13023.20914700
201,2021-02-03 12:00:00,35969.41000000,36917.27000000,35810.90000000,36850.00000000,15213.60542600
202,2021-02-03 16:00:00,36850.00000000,37221.42000000,36643.07000000,36788.89000000,15217.45964600
203,2021-02-03 20:00:00,36788.89000000,37662.63000000,36644.44000000,37618.87000000,11848.83650200
204,2021-02-04 00:00:00,37620.26000000,38288.00000000,37363.17000000,37498.78000000,16048.73080800
205,2021-02-04 04:00:00,37498.78000000,38195.00000000,37326.83000000,37843.40000000,11666.89534000
206,2021-02-04 08:00:00,37843.40000000,38708.27000000,36662.45000000,37321.75000000,23737.16577300
207,2021-02-04 12:00:00,37319.43000000,37763.57000000,36161.95000000,36564.23000000,16990.98979300
208,2021-02-04 16:00:00,36564.23000000,37499.99000000,36399.79000000,37467.18000000,12863.24217000
209,2021-02-04 20:00:00,37467.18000000,37783.83000000,36841.77000000,36936.66000000,10773.71201400
210,2021-02-05 00:00:00,36936.65000000,37400.00000000,36570.00000000,37366.02000000,10632.92953400
211,2021-02-05 04:00:00,37366.01000000,37727.22000000,36995.27000000,37653.98000000,9321.43907300
212,2021-02-05 08:00:00,37659.64000000,37800.00000000,37200.00000000,37691.32000000,10411.09718200
213,2021-02-05 12:00:00,37691.32000000,38310.12000000,37527.14000000,37960.76000000,16107.66023700
214,2021-02-05 16:00:00,37960.76000000,38163.34000000,37230.00000000,37608.92000000,12503.52316000
215,2021-02-05 20:00:00,37608.91000000,38309.00000000,37485.94000000,38290.24000000,7704.68508900
216,2021-02-06 00:00:00,38289.32000000,39666.00000000,38215.94000000,39384.74000000,25430.06681200
217,2021-02-06 04:00:00,39386.92000000,39488.62000000,38600.00000000,39359.12000000,10697.93160200
218,2021-02-06 08:00:00,39362.27000000,40479.86000000,39297.75000000,40199.99000000,18448.75608700
219,2021-02-06 12:00:00,40199.52000000,40866.66000000,39836.72000000,40864.73000000,15572.22546200
220,2021-02-06 16:00:00,40865.12000000,40955.51000000,39940.44000000,40179.42000000,14276.24785700
221,2021-02-06 20:00:00,40179.42000000,40469.19000000,39035.33000000,39186.94000000,14332.08336300
222,2021-02-07 00:00:00,39181.01000000,39611.04000000,38344.00000000,38841.46000000,16160.62467300
223,2021-02-07 04:00:00,38839.52000000,39094.36000000,37923.00000000,39030.00000000,12893.36498800
224,2021-02-07 08:00:00,39030.00000000,39700.00000000,38762.16000000,39046.60000000,12809.52363900
225,2021-02-07 12:00:00,39044.37000000,39272.69000000,37580.00000000,37921.11000000,17482.43892500
226,2021-02-07 16:00:00,37921.12000000,38444.00000000,37351.00000000,38050.00000000,14665.03998200
227,2021-02-07 20:00:00,38050.00000000,39080.00000000,37660.97000000,38795.69000000,10352.68755600
228,2021-02-08 00:00:00,38795.69000000,39130.00000000,37988.89000000,38076.06000000,10542.21686300
229,2021-02-08 04:00:00,38073.02000000,39391.78000000,37992.39000000,39269.95000000,10267.21994500
230,2021-02-08 08:00:00,39269.78000000,39498.99000000,38844.75000000,39423.08000000,10896.46518300
231,2021-02-08 12:00:00,39423.08000000,44918.00000000,39094.01000000,43716.32000000,56908.03053200
232,2021-02-08 16:00:00,43703.23000000,44280.00000000,42521.62000000,43051.95000000,19943.67128500
233,2021-02-08 20:00:00,43049.98000000,46794.45000000,42905.29000000,46374.87000000,30039.93310600
234,2021-02-09 00:00:00,46374.86000000,47498.00000000,45500.00000000,46599.51000000,26874.24810600
235,2021-02-09 04:00:00,46599.51000000,48142.19000000,46198.76000000,47505.40000000,20161.33290500
236,2021-02-09 08:00:00,47505.39000000,47928.23000000,45560.97000000,46380.92000000,20244.46209200
237,2021-02-09 12:00:00,46390.95000000,47083.84000000,44961.09000000,46773.63000000,21012.57191400
238,2021-02-09 16:00:00,46773.63000000,47433.78000000,46011.00000000,47060.18000000,15682.98794600
239,2021-02-09 20:00:00,47060.38000000,47499.43000000,46201.37000000,46420.42000000,11524.25874900
240,2021-02-10 00:00:00,46420.42000000,46900.00000000,45979.58000000,46221.07000000,13015.14104200
241,2021-02-10 04:00:00,46225.71000000,46944.07000000,45589.98000000,46563.69000000,13550.96062100
242,2021-02-10 08:00:00,46565.11000000,47310.00000000,46262.22000000,46586.56000000,14054.91888900
243,2021-02-10 12:00:00,46586.55000000,46593.34000000,43727.00000000,44353.04000000,30243.50810700
244,2021-02-10 16:00:00,44354.50000000,45239.98000000,43800.00000000,45190.05000000,16317.48616800
245,2021-02-10 20:00:00,45190.05000000,45322.09000000,44355.00000000,44807.58000000,9972.16737300
246,2021-02-11 00:00:00,44807.58000000,45051.27000000,43994.02000000,44582.07000000,7762.67679600
247,2021-02-11 04:00:00,44583.71000000,45129.59000000,44397.62000000,44700.01000000,7366.42492900
248,2021-02-11 08:00:00,44700.00000000,46546.47000000,44500.00000000,46061.49000000,15019.00178000
249,2021-02-11 12:00:00,46061.48000000,48399.00000000,46060.03000000,47960.85000000,27224.39632800
250,2021-02-11 16:00:00,47960.86000000,48298.00000000,46900.00000000,47754.03000000,15046.19747700
251,2021-02-11 20:00:00,47754.02000000,48678.90000000,46542.29000000,47969.51000000,17142.38414400
252,2021-02-12 00:00:00,47968.66000000,48985.80000000,47338.35000000,47587.31000000,15421.00745200
253,2021-02-12 04:00:00,47587.31000000,47587.31000000,46789.00000000,47318.81000000,14527.29769900
254,2021-02-12 08:00:00,47318.02000000,47999.00000000,47027.03000000,47562.42000000,11750.76789200
255,2021-02-12 12:00:00,47560.06000000,48140.00000000,46125.00000000,47021.05000000,19696.60377800
256,2021-02-12 16:00:00,47021.05000000,47980.00000000,46915.32000000,47272.95000000,14218.66940400
257,2021-02-12 20:00:00,47272.96000000,48150.00000000,47140.26000000,47287.60000000,10255.68947200
258,2021-02-13 00:00:00,47298.15000000,48150.00000000,47200.00000000,47829.22000000,9645.00287000
259,2021-02-13 04:00:00,47829.21000000,47934.14000000,46990.00000000,46995.72000000,9730.90040400
260,2021-02-13 08:00:00,46995.01000000,47569.03000000,46251.00000000,46589.20000000,16199.89783300
261,2021-02-13 12:00:00,46586.23000000,47300.00000000,46202.53000000,47076.01000000,12688.60626300
262,2021-02-13 16:00:00,47076.02000000,47400.14000000,46708.94000000,46870.15000000,8667.44745700
263,2021-02-13 20:00:00,46871.95000000,47397.36000000,46653.58000000,47153.69000000,6836.24257200
264,2021-02-14 00:00:00,47156.78000000,47730.00000000,47014.17000000,47267.21000000,10236.61092700
265,2021-02-14 04:00:00,47267.20000000,49404.94000000,47220.42000000,48725.18000000,18793.64385400
266,2021-02-14 08:00:00,48725.18000000,49349.76000000,48389.55000000,49055.16000000,11298.42990700
267,2021-02-14 12:00:00,49055.17000000,49707.43000000,48101.38000000,48541.18000000,16238.03373400
268,2021-02-14 16:00:00,48537.96000000,49100.00000000,48400.31000000,48693.39000000,9057.26902600
269,2021-02-14 20:00:00,48693.38000000,49300.00000000,48505.79000000,48577.79000000,8111.48808500
270,2021-02-15 00:00:00,48580.47000000,49010.92000000,45570.79000000,47120.30000000,22312.04718500
271,2021-02-15 04:00:00,47120.31000000,47441.02000000,46174.78000000,47267.06000000,13387.26393600
272,2021-02-15 08:00:00,47270.50000000,47999.00000000,47112.38000000,47802.66000000,10811.10451100
273,2021-02-15 12:00:00,47802.67000000,48219.23000000,47423.99000000,47938.83000000,11553.36169800
274,2021-02-15 16:00:00,47938.84000000,48800.00000000,47938.83000000,48657.31000000,10563.58959100
275,2021-02-15 20:00:00,48657.31000000,48801.00000000,47643.00000000,47911.10000000,10770.78986300
276,2021-02-16 00:00:00,47911.10000000,49670.00000000,47003.62000000,49624.03000000,15120.88981800
277,2021-02-16 04:00:00,49624.02000000,49998.00000000,48550.00000000,49163.46000000,14337.84062000
278,2021-02-16 08:00:00,49161.75000000,49318.47000000,48700.00000000,48915.48000000,9119.55574000
279,2021-02-16 12:00:00,48915.49000000,50689.18000000,48403.21000000,48956.91000000,27491.09257600
280,2021-02-16 16:00:00,48956.91000000,49291.00000000,47750.00000000,48537.39000000,14216.13700500
281,2021-02-16 20:00:00,48536.35000000,49290.00000000,48173.81000000,49133.45000000,8527.75053900
282,2021-02-17 00:00:00,49133.45000000,50274.88000000,48947.00000000,49657.38000000,12106.49299600
283,2021-02-17 04:00:00,49657.84000000,51266.09000000,49106.75000000,51112.39000000,18385.20570000
284,2021-02-17 08:00:00,51116.77000000,51678.36000000,50628.58000000,51273.46000000,16605.90254600
285,2021-02-17 12:00:00,51270.86000000,51633.17000000,50542.30000000,51169.97000000,16137.04789400
286,2021-02-17 16:00:00,51169.97000000,52395.00000000,50780.00000000,52142.35000000,12940.18146600
287,2021-02-17 20:00:00,52142.36000000,52618.74000000,51893.34000000,52119.71000000,9568.80721600
288,2021-02-18 00:00:00,52117.67000000,52530.00000000,51933.24000000,52032.64000000,9620.97300900
289,2021-02-18 04:00:00,52032.64000000,52298.00000000,51295.00000000,51901.96000000,10614.61977600
290,2021-02-18 08:00:00,51901.95000000,52168.75000000,51133.00000000,51374.07000000,10579.24662400
291,2021-02-18 12:00:00,51375.12000000,52285.00000000,50901.90000000,51585.29000000,13094.14772600
292,2021-02-18 16:00:00,51585.29000000,52177.75000000,51450.00000000,51760.01000000,8310.03447100
293,2021-02-18 20:00:00,51760.01000000,52195.12000000,51510.00000000,51552.60000000,8539.02534800
294,2021-02-19 00:00:00,51552.61000000,51943.99000000,50710.20000000,51245.00000000,10969.35193100
295,2021-02-19 04:00:00,51247.86000000,51894.77000000,50918.00000000,51727.08000000,8967.82683300
296,2021-02-19 08:00:00,51727.09000000,52984.99000000,51649.82000000,52710.00000000,13691.89694700
297,2021-02-19 12:00:00,52709.99000000,53886.07000000,52315.37000000,53863.19000000,14169.27436700
298,2021-02-19 16:00:00,53863.82000000,55843.78000000,53605.58000000,54990.01000000,17346.45848700
299,2021-02-19 20:00:00,54994.85000000,56368.00000000,54800.00000000,55906.00000000,14514.96945500
300,2021-02-20 00:00:00,55906.00000000,56609.14000000,55322.00000000,55706.07000000,15272.23307500
301,2021-02-20 04:00:00,55711.90000000,56144.87000000,55185.98000000,55207.92000000,8688.91552800
302,2021-02-20 08:00:00,55207.93000000,56388.37000000,55030.00000000,56355.91000000,9919.37832200
303,2021-02-20 12:00:00,56355.94000000,57700.46000000,55722.11000000,56145.97000000,19530.01406400
304,2021-02-20 16:00:00,56136.55000000,57425.00000000,56136.55000000,56975.12000000,11639.20949600
305,2021-02-20 20:00:00,56975.12000000,57050.00000000,53863.93000000,55841.19000000,15898.45482900
306,2021-02-21 00:00:00,55841.19000000,56900.00000000,55477.59000000,56505.22000000,9303.29269500
307,2021-02-21 04:00:00,56505.22000000,56959.71000000,55863.54000000,56091.76000000,8307.58653200
308,2021-02-21 08:00:00,56092.02000000,57827.00000000,55821.03000000,57284.79000000,11011.84528500
309,2021-02-21 12:00:00,57284.78000000,57555.00000000,56589.00000000,57313.99000000,10293.68314000
310,2021-02-21 16:00:00,57313.99000000,58352.80000000,57006.16000000,58072.62000000,10032.90735300
311,2021-02-21 20:00:00,58072.62000000,58247.84000000,56935.03000000,57408.57000000,9217.39350600
312,2021-02-22 00:00:00,57412.35000000,57508.47000000,55351.15000000,55860.12000000,15325.86198400
313,2021-02-22 04:00:00,55858.99000000,56550.00000000,55102.77000000,56422.92000000,11448.85444900
314,2021-02-22 08:00:00,56422.23000000,56623.69000000,53505.70000000,54524.94000000,21669.79066600
315,2021-02-22 12:00:00,54515.00000000,54695.66000000,47622.00000000,53236.69000000,54636.65218500
316,2021-02-22 16:00:00,53236.69000000,53847.56000000,51570.00000000,53581.69000000,18340.98359300
317,2021-02-22 20:00:00,53587.41000000,54989.46000000,53279.02000000,54087.67000000,12597.29206700
318,2021-02-23 00:00:00,54087.67000000,54183.59000000,50901.00000000,51906.36000000,17682.46642600
319,2021-02-23 04:00:00,51900.73000000,52311.71000000,48615.00000000,49640.33000000,28651.31640800
320,2021-02-23 08:00:00,49642.92000000,50027.01000000,44892.56000000,46369.29000000,53950.47021200
321,2021-02-23 12:00:00,46359.14000000,49600.00000000,45788.10000000,48602.03000000,36489.65450300
322,2021-02-23 16:00:00,48602.02000000,49247.69000000,45500.00000000,45523.00000000,17945.35812400
323,2021-02-23 20:00:00,45523.02000000,48938.85000000,45251.00000000,48891.00000000,14655.75937800
324,2021-02-24 00:00:00,48891.00000000,50993.57000000,46988.69000000,50874.99000000,17323.31909300
325,2021-02-24 04:00:00,50869.77000000,51357.00000000,49456.00000000,50090.57000000,15680.05778300
326,2021-02-24 08:00:00,50090.61000000,51374.99000000,49799.29000000,50360.02000000,14763.84398100
327,2021-02-24 12:00:00,50360.02000000,51294.00000000,48450.00000000,49819.50000000,21328.54895000
328,2021-02-24 16:00:00,49819.49000000,50150.00000000,48811.26000000,48959.93000000,11351.74947900
329,2021-02-24 20:00:00,48959.93000000,49747.49000000,48028.18000000,49676.20000000,11433.68996600
330,2021-02-25 00:00:00,49676.21000000,50884.88000000,49517.01000000,50206.97000000,9569.79596500
331,2021-02-25 04:00:00,50206.97000000,50568.97000000,49533.44000000,50395.99000000,8843.94718500
332,2021-02-25 08:00:00,50395.58000000,50513.35000000,48581.71000000,50294.80000000,13127.82304600
333,2021-02-25 12:00:00,50299.00000000,52041.73000000,50077.00000000,50849.99000000,18358.40627900
334,2021-02-25 16:00:00,50850.00000000,51370.18000000,49226.09000000,49443.86000000,13908.64474900
335,2021-02-25 20:00:00,49442.20000000,49550.01000000,46674.34000000,47073.73000000,19502.05589700
336,2021-02-26 00:00:00,47073.73000000,47800.00000000,46000.00000000,47330.24000000,23059.55533900
337,2021-02-26 04:00:00,47331.34000000,47786.50000000,44106.78000000,44973.68000000,22805.68543100
338,2021-02-26 08:00:00,44986.99000000,46880.40000000,44939.19000000,46427.65000000,18853.10866500
339,2021-02-26 12:00:00,46427.65000000,47853.13000000,45800.00000000,47594.65000000,16757.95283000
340,2021-02-26 16:00:00,47590.66000000,48424.11000000,46602.62000000,46959.17000000,13628.06927300
341,2021-02-26 20:00:00,46959.18000000,47115.38000000,45000.00000000,46276.87000000,14318.82912500
342,2021-02-27 00:00:00,46276.88000000,48085.47000000,46156.24000000,47423.08000000,13497.21087100
343,2021-02-27 04:00:00,47423.07000000,48394.00000000,46712.18000000,47158.53000000,9851.74886700
344,2021-02-27 08:00:00,47153.01000000,47640.03000000,46224.84000000,47299.99000000,10802.24756200
345,2021-02-27 12:00:00,47299.99000000,47800.00000000,46337.53000000,46528.64000000,11493.37473500
346,2021-02-27 16:00:00,46528.82000000,47450.26000000,46271.00000000,47405.39000000,7068.37962600
347,2021-02-27 20:00:00,47405.38000000,47557.14000000,45000.00000000,46106.43000000,13347.87263100
348,2021-02-28 00:00:00,46103.67000000,46638.46000000,44444.00000000,44629.17000000,13330.73270300
349,2021-02-28 04:00:00,44632.70000000,45600.00000000,43738.65000000,44400.83000000,16868.95373700
350,2021-02-28 08:00:00,44400.83000000,45530.62000000,44375.02000000,45284.86000000,10535.61066300
351,2021-02-28 12:00:00,45287.25000000,45500.17000000,43168.00000000,43391.14000000,16969.37389100
352,2021-02-28 16:00:00,43391.14000000,44521.66000000,43000.00000000,44405.32000000,13480.33749600
353,2021-02-28 20:00:00,44402.88000000,45919.61000000,44088.00000000,45135.66000000,11870.36055200
354,2021-03-01 00:00:00,45134.11000000,46796.94000000,44950.53000000,46336.37000000,12482.26084900
355,2021-03-01 04:00:00,46336.38000000,46688.13000000,45641.02000000,46288.18000000,9524.42343100
356,2021-03-01 08:00:00,46291.87000000,48050.00000000,46272.10000000,47722.78000000,18329.46832900
357,2021-03-01 12:00:00,47722.42000000,49298.00000000,47450.32000000,49188.00000000,18745.24226900
358,2021-03-01 16:00:00,49187.99000000,49469.99000000,48019.06000000,48262.83000000,14706.65468700
359,2021-03-01 20:00:00,48262.66000000,49790.00000000,47876.00000000,49587.03000000,11298.06208300
360,2021-03-02 00:00:00,49595.76000000,50200.00000000,48710.00000000,48974.75000000,12041.50821500
361,2021-03-02 04:00:00,48974.74000000,49402.07000000,48301.36000000,48331.61000000,9169.72284500
362,2021-03-02 08:00:00,48331.60000000,49265.54000000,48270.69000000,48844.13000000,9344.92139200
363,2021-03-02 12:00:00,48844.14000000,49699.99000000,48380.83000000,48676.08000000,11369.16769600
364,2021-03-02 16:00:00,48676.09000000,48718.18000000,47144.22000000,47467.43000000,13795.31994600
365,2021-03-02 20:00:00,47467.43000000,48489.24000000,47047.60000000,48440.65000000,8500.42204600
366,2021-03-03 00:00:00,48436.61000000,49000.51000000,48100.71000000,48704.75000000,6913.50896300
367,2021-03-03 04:00:00,48704.75000000,49960.00000000,48653.09000000,49752.97000000,10706.27689600
368,2021-03-03 08:00:00,49752.97000000,51777.00000000,49752.97000000,51666.33000000,19506.95283200
369,2021-03-03 12:00:00,51665.83000000,52640.00000000,50481.00000000,50767.36000000,23068.24205600
370,2021-03-03 16:00:00,50767.35000000,51600.00000000,50260.00000000,50857.17000000,13237.07330300
371,2021-03-03 20:00:00,50857.17000000,51356.86000000,50301.50000000,50349.37000000,7603.85965500
372,2021-03-04 00:00:00,50349.37000000,51773.88000000,49401.30000000,49574.89000000,14366.74039100
373,2021-03-04 04:00:00,49574.89000000,49870.00000000,49010.10000000,49696.49000000,11710.70060100
374,2021-03-04 08:00:00,49701.37000000,50756.23000000,48524.86000000,49323.32000000,15584.71460000
375,2021-03-04 12:00:00,49323.31000000,50569.41000000,48721.43000000,49412.60000000,14987.49034800
376,2021-03-04 16:00:00,49412.60000000,50033.92000000,47588.52000000,48000.36000000,17322.28611500
377,2021-03-04 20:00:00,48000.37000000,48710.94000000,47500.00000000,48374.09000000,8677.78477400
378,2021-03-05 00:00:00,48374.09000000,48376.20000000,46300.00000000,47289.81000000,17004.01042700
379,2021-03-05 04:00:00,47289.81000000,47547.00000000,46500.00000000,47380.00000000,8645.28499600
380,2021-03-05 08:00:00,47380.00000000,47523.59000000,46418.12000000,47478.87000000,10400.43991400
381,2021-03-05 12:00:00,47478.86000000,48728.21000000,46974.32000000,47867.45000000,17557.95931500
382,2021-03-05 16:00:00,47867.45000000,49400.00000000,46885.00000000,49295.47000000,15825.10481900
383,2021-03-05 20:00:00,49285.76000000,49448.93000000,48579.59000000,48751.71000000,8759.69690100
384,2021-03-06 00:00:00,48746.81000000,49156.00000000,48350.00000000,48657.72000000,3957.47899000
385,2021-03-06 04:00:00,48657.72000000,49117.32000000,48115.83000000,48820.12000000,6781.75659100
386,2021-03-06 08:00:00,48820.13000000,49100.00000000,48000.00000000,48171.01000000,7673.97227500
387,2021-03-06 12:00:00,48171.02000000,48212.85000000,47070.00000000,47267.88000000,9700.06641200
388,2021-03-06 16:00:00,47267.88000000,48690.60000000,47104.85000000,48341.01000000,8749.54508300
389,2021-03-06 20:00:00,48341.00000000,49200.00000000,48223.36000000,48882.20000000,7536.41489100
390,2021-03-07 00:00:00,48882.20000000,49900.99000000,48882.20000000,49551.44000000,8798.26466500
391,2021-03-07 04:00:00,49551.43000000,50179.17000000,49111.11000000,50052.68000000,6576.76343500
392,2021-03-07 08:00:00,50041.84000000,51148.22000000,50041.84000000,50705.52000000,13410.57805900
393,2021-03-07 12:00:00,50705.52000000,51250.00000000,50130.65000000,50585.23000000,8576.93618800
394,2021-03-07 16:00:00,50585.23000000,51352.10000000,50250.00000000,50381.68000000,9310.42099100
395,2021-03-07 20:00:00,50381.69000000,51450.03000000,49758.01000000,50971.75000000,8562.06469400
396,2021-03-08 00:00:00,50959.11000000,51847.38000000,50234.98000000,50598.49000000,11347.01298600
397,2021-03-08 04:00:00,50598.49000000,50944.00000000,49521.20000000,49755.24000000,11177.46257600
398,2021-03-08 08:00:00,49755.24000000,50560.00000000,49274.67000000,50496.82000000,11504.63972700
399,2021-03-08 12:00:00,50490.39000000,51233.00000000,50100.01000000,51054.99000000,12848.83749200
400,2021-03-08 16:00:00,51055.00000000,51485.35000000,50550.01000000,51310.82000000,8508.66051500
401,2021-03-08 20:00:00,51310.82000000,52402.78000000,51236.20000000,52375.17000000,11600.74636800
402,2021-03-09 00:00:00,52375.18000000,54100.00000000,51789.41000000,53840.62000000,18755.99218400
403,2021-03-09 04:00:00,53840.63000000,54448.00000000,53409.57000000,53546.90000000,12048.39221000
404,2021-03-09 08:00:00,53546.89000000,54355.00000000,53274.96000000,54233.32000000,11100.98422200
405,2021-03-09 12:00:00,54235.88000000,54815.84000000,53538.77000000,54097.02000000,13815.60676800
406,2021-03-09 16:00:00,54097.03000000,54338.00000000,53626.97000000,54108.79000000,7759.15909200
407,2021-03-09 20:00:00,54108.79000000,54895.00000000,53882.52000000,54884.50000000,8176.60260000
408,2021-03-10 00:00:00,54874.67000000,55813.09000000,53134.80000000,53467.80000000,18038.73602200
409,2021-03-10 04:00:00,53468.33000000,54407.74000000,53005.00000000,54173.38000000,9732.75879700
410,2021-03-10 08:00:00,54177.47000000,55444.00000000,54032.38000000,54858.47000000,10729.76805900
411,2021-03-10 12:00:00,54858.47000000,56489.66000000,54834.00000000,56328.81000000,16008.10253900
412,2021-03-10 16:00:00,56328.81000000,57387.69000000,56100.00000000,56739.40000000,15792.82926200
413,2021-03-10 20:00:00,56739.40000000,57225.73000000,55530.01000000,55851.59000000,14447.04426400
414,2021-03-11 00:00:00,55851.59000000,56499.98000000,55170.22000000,55992.60000000,11273.76453800
415,2021-03-11 04:00:00,55992.60000000,56179.87000000,55005.00000000,55034.20000000,9940.79438400
416,2021-03-11 08:00:00,55034.21000000,56270.75000000,54272.82000000,56227.34000000,15160.92465100
417,2021-03-11 12:00:00,56233.42000000,57238.50000000,55702.09000000,56347.19000000,17577.73211200
418,2021-03-11 16:00:00,56347.19000000,57682.00000000,56269.76000000,56827.84000000,14676.78377800
419,2021-03-11 20:00:00,56823.78000000,58150.00000000,56560.00000000,57773.16000000,13284.81339600
420,2021-03-12 00:00:00,57773.15000000,58081.51000000,56624.00000000,57104.17000000,9850.11603300
421,2021-03-12 04:00:00,57107.14000000,57430.00000000,56350.00000000,56670.90000000,9582.06854500
422,2021-03-12 08:00:00,56670.90000000,57095.76000000,55826.05000000,56500.00000000,12494.07616200
423,2021-03-12 12:00:00,56499.99000000,57095.41000000,54962.84000000,56956.95000000,19122.78555600
424,2021-03-12 16:00:00,56956.96000000,57768.00000000,56712.51000000,56942.41000000,12155.41417900
425,2021-03-12 20:00:00,56942.41000000,57500.00000000,56262.14000000,57221.72000000,10200.94557200
426,2021-03-13 00:00:00,57221.72000000,57307.20000000,56078.23000000,56694.32000000,9358.05929700
427,2021-03-13 04:00:00,56694.32000000,57389.58000000,56257.47000000,57343.70000000,6737.54534400
428,2021-03-13 08:00:00,57343.70000000,60200.00000000,57126.20000000,59849.74000000,26582.60067300
429,2021-03-13 12:00:00,59853.58000000,60500.00000000,59232.53000000,59692.99000000,14160.43653500
430,2021-03-13 16:00:00,59693.00000000,60864.97000000,59458.67000000,60773.56000000,11563.13978300
431,2021-03-13 20:00:00,60773.56000000,61844.00000000,60605.50000000,61188.39000000,14843.30971400
432,2021-03-14 00:00:00,61188.38000000,61724.79000000,60724.26000000,61356.31000000,8305.66148400
433,2021-03-14 04:00:00,61356.30000000,61595.09000000,60455.28000000,60494.80000000,7065.36891500
434,2021-03-14 08:00:00,60494.80000000,61110.53000000,59354.62000000,60308.31000000,11590.66265800
435,2021-03-14 12:00:00,60308.30000000,60550.00000000,59470.00000000,59681.26000000,9286.23230100
436,2021-03-14 16:00:00,59681.21000000,60369.99000000,59300.00000000,59931.70000000,7635.76908000
437,2021-03-14 20:00:00,59928.71000000,60750.00000000,58966.78000000,58968.31000000,8717.35831200
438,2021-03-15 00:00:00,58976.08000000,60491.47000000,58705.47000000,60379.99000000,10566.95019200
439,2021-03-15 04:00:00,60379.99000000,60633.43000000,57253.00000000,57789.76000000,19601.95264500
440,2021-03-15 08:00:00,57789.75000000,58350.00000000,54600.00000000,56150.79000000,30900.50543700
441,2021-03-15 12:00:00,56150.80000000,57312.47000000,55050.00000000,56224.13000000,20113.86681500
442,2021-03-15 16:00:00,56224.14000000,56700.00000000,55478.01000000,56570.36000000,12218.45085000
443,2021-03-15 20:00:00,56570.37000000,56940.00000000,55537.00000000,55605.20000000,9369.70135900
444,2021-03-16 00:00:00,55605.20000000,56140.55000000,53271.34000000,54272.86000000,20518.31647000
445,2021-03-16 04:00:00,54272.66000000,55491.00000000,53607.93000000,55239.81000000,13685.69302000
446,2021-03-16 08:00:00,55239.81000000,56400.00000000,55079.63000000,55471.21000000,12531.17601600
447,2021-03-16 12:00:00,55464.11000000,55913.57000000,54596.89000000,55844.92000000,12049.01676800
448,2021-03-16 16:00:00,55844.92000000,56087.02000000,54950.16000000,55731.36000000,9989.94907700
449,2021-03-16 20:00:00,55731.36000000,56938.29000000,55673.23000000,56900.75000000,9212.54300400
450,2021-03-17 00:00:00,56900.74000000,57189.43000000,55401.02000000,55506.23000000,8532.89771100
451,2021-03-17 04:00:00,55506.23000000,56326.53000000,55185.42000000,55821.01000000,7614.85155000
452,2021-03-17 08:00:00,55819.23000000,56052.63000000,54326.27000000,54840.00000000,11559.23953200
453,2021-03-17 12:00:00,54840.01000000,55413.63000000,54123.69000000,54930.00000000,13305.60349600
454,2021-03-17 16:00:00,54930.00000000,58201.58000000,54740.00000000,57867.42000000,17088.79811200
455,2021-03-17 20:00:00,57867.42000000,58974.73000000,57601.92000000,58912.97000000,12320.23044000
456,2021-03-18 00:00:00,58912.97000000,59561.54000000,58606.10000000,58712.33000000,10297.58832400
457,2021-03-18 04:00:00,58712.34000000,59200.00000000,58119.00000000,58355.15000000,8855.44712800
458,2021-03-18 08:00:00,58355.14000000,58660.00000000,57870.38000000,58170.37000000,8520.87566700
459,2021-03-18 12:00:00,58168.69000000,59637.39000000,57500.00000000,59533.68000000,13245.50890700
460,2021-03-18 16:00:00,59533.67000000,60129.97000000,57200.00000000,57293.79000000,17711.63693700
461,2021-03-18 20:00:00,57294.12000000,58146.60000000,57023.00000000,57648.16000000,7949.34971200
462,2021-03-19 00:00:00,57641.00000000,57898.48000000,56270.74000000,57779.84000000,9425.03284100
463,2021-03-19 04:00:00,57779.84000000,58492.85000000,57603.92000000,57834.04000000,6908.65557300
464,2021-03-19 08:00:00,57834.04000000,58888.00000000,57499.63000000,58831.33000000,9700.05227100
465,2021-03-19 12:00:00,58831.34000000,59249.50000000,57950.59000000,58971.50000000,11376.03224800
466,2021-03-19 16:00:00,58977.04000000,59180.00000000,58345.14000000,58826.56000000,7315.78185800
467,2021-03-19 20:00:00,58826.56000000,59468.00000000,58000.00000000,58030.01000000,7667.09817000
468,2021-03-20 00:00:00,58030.01000000,58913.98000000,57820.17000000,58367.74000000,6481.21261400
469,2021-03-20 04:00:00,58367.75000000,58606.63000000,57980.00000000,58402.41000000,4672.10804200
470,2021-03-20 08:00:00,58402.41000000,59299.00000000,58402.40000000,59242.47000000,7801.51914700
471,2021-03-20 12:00:00,59242.91000000,59880.00000000,58610.62000000,59244.52000000,11543.91116000
472,2021-03-20 16:00:00,59244.51000000,59474.89000000,58901.66000000,59272.82000000,6058.43599900
473,2021-03-20 20:00:00,59272.83000000,59381.70000000,57966.85000000,58102.28000000,7919.75481400
474,2021-03-21 00:00:00,58100.02000000,58589.10000000,57363.07000000,57790.00000000,7341.72202400
475,2021-03-21 04:00:00,57790.00000000,57797.45000000,56668.00000000,56972.68000000,7789.44936500
476,2021-03-21 08:00:00,56972.68000000,57325.45000000,55450.11000000,56267.65000000,11052.71057600
477,2021-03-21 12:00:00,56270.13000000,57539.00000000,55870.23000000,57159.04000000,9130.91349900
478,2021-03-21 16:00:00,57159.04000000,57676.00000000,56750.00000000,57513.18000000,6649.47607800
479,2021-03-21 20:00:00,57517.00000000,58113.00000000,57128.89000000,57351.56000000,6600.19873200
480,2021-03-22 00:00:00,57351.56000000,57647.89000000,56289.00000000,57563.63000000,7646.41337500
481,2021-03-22 04:00:00,57564.17000000,57895.78000000,57315.22000000,57576.50000000,5515.52170800
482,2021-03-22 08:00:00,57576.51000000,58430.73000000,57024.13000000,57713.79000000,8567.09472100
483,2021-03-22 12:00:00,57713.79000000,57761.00000000,56521.01000000,57083.00000000,10958.17117600
484,2021-03-22 16:00:00,57082.99000000,57195.00000000,55508.00000000,55524.99000000,11230.02776800
485,2021-03-22 20:00:00,55524.99000000,56000.00000000,53650.00000000,54083.25000000,18664.39742100
486,2021-03-23 00:00:00,54083.25000000,55344.26000000,53777.68000000,54684.83000000,10523.35765600
487,2021-03-23 04:00:00,54683.60000000,54780.02000000,53000.00000000,54161.34000000,13345.42960000
488,2021-03-23 08:00:00,54166.12000000,54865.37000000,53821.79000000,54249.81000000,8304.19886900
489,2021-03-23 12:00:00,54249.80000000,55450.00000000,54234.96000000,55165.19000000,9845.22838700
490,2021-03-23 16:00:00,55165.20000000,55830.90000000,54825.42000000,55008.46000000,9501.19711000
491,2021-03-23 20:00:00,55008.45000000,55080.16000000,54190.10000000,54340.89000000,8269.95380500
492,2021-03-24 00:00:00,54342.80000000,54769.44000000,53511.39000000,54350.54000000,8371.99922900
493,2021-03-24 04:00:00,54350.54000000,55612.92000000,53700.00000000,55464.20000000,12126.34872100
494,2021-03-24 08:00:00,55464.46000000,56662.08000000,55452.14000000,56541.03000000,13246.79638500
495,2021-03-24 12:00:00,56536.08000000,57200.00000000,56000.00000000,56298.12000000,12218.74501100
496,2021-03-24 16:00:00,56298.12000000,56422.02000000,54666.66000000,54736.53000000,12040.84463800
497,2021-03-24 20:00:00,54736.52000000,54743.38000000,51700.00000000,52303.65000000,25532.73103700
498,2021-03-25 00:00:00,52303.66000000,52900.00000000,51500.00000000,52122.86000000,14806.59579800
499,2021-03-25 04:00:00,52131.51000000,53287.00000000,51905.58000000,52270.71000000,10221.08374300
500,2021-03-25 08:00:00,52270.72000000,53160.85000000,52101.00000000,52163.19000000,10479.96966200
501,2021-03-25 12:00:00,52163.20000000,52408.64000000,50427.56000000,50996.15000000,27329.30549400
502,2021-03-25 16:00:00,50996.15000000,52532.00000000,50550.00000000,52195.19000000,14297.64631200
503,2021-03-25 20:00:00,52195.19000000,52720.24000000,51220.72000000,51293.78000000,10265.93352900
504,2021-03-26 00:00:00,51293.78000000,52723.68000000,51214.60000000,52407.19000000,9651.70632000
505,2021-03-26 04:00:00,52407.19000000,53600.90000000,52172.34000000,53569.85000000,10548.80431000
506,2021-03-26 08:00:00,53569.24000000,53826.48000000,52570.00000000,52710.96000000,13085.11346500
507,2021-03-26 12:00:00,52710.95000000,53542.00000000,52508.19000000,53308.27000000,9528.98869900
508,2021-03-26 16:00:00,53315.54000000,54060.24000000,52888.81000000,53778.55000000,10494.36456500
509,2021-03-26 20:00:00,53773.38000000,55073.46000000,53773.38000000,55025.59000000,10504.79733300
510,2021-03-27 00:00:00,55025.59000000,55555.00000000,54495.12000000,54760.97000000,8623.81486600
511,2021-03-27 04:00:00,54759.96000000,55378.70000000,54660.11000000,54950.28000000,6848.97781700
512,2021-03-27 08:00:00,54950.27000000,55146.23000000,54311.60000000,54442.89000000,7416.60428800
513,2021-03-27 12:00:00,54442.89000000,55041.79000000,53950.00000000,54961.85000000,8230.33143800
514,2021-03-27 16:00:00,54961.85000000,56271.00000000,54949.27000000,55765.01000000,10746.64026200
515,2021-03-27 20:00:00,55765.01000000,56700.36000000,55675.00000000,55817.14000000,8239.10638400
516,2021-03-28 00:00:00,55817.14000000,56200.00000000,55572.00000000,56052.05000000,6162.20979100
517,2021-03-28 04:00:00,56052.52000000,56496.00000000,55831.43000000,56200.66000000,5040.42713400
518,2021-03-28 08:00:00,56200.66000000,56559.75000000,55683.56000000,55787.03000000,6006.46572900
519,2021-03-28 12:00:00,55787.02000000,56375.19000000,55291.13000000,56354.35000000,7131.11736900
520,2021-03-28 16:00:00,56356.98000000,56490.00000000,54691.84000000,55208.69000000,9323.75071400
521,2021-03-28 20:00:00,55208.70000000,55884.40000000,54743.18000000,55777.63000000,5386.41677400
522,2021-03-29 00:00:00,55777.65000000,56013.76000000,54977.80000000,55371.60000000,6624.57390800
523,2021-03-29 04:00:00,55371.61000000,56167.37000000,54800.01000000,55911.99000000,9399.02228400
524,2021-03-29 08:00:00,55911.99000000,58350.00000000,55911.99000000,57854.32000000,18699.79886000
525,2021-03-29 12:00:00,57854.14000000,58405.82000000,57267.98000000,57719.74000000,15011.32862200
526,2021-03-29 16:00:00,57719.74000000,58290.00000000,57170.00000000,57676.42000000,10846.65709600
527,2021-03-29 20:00:00,57676.41000000,57900.00000000,57103.43000000,57635.47000000,7276.55662800
528,2021-03-30 00:00:00,57635.46000000,57769.01000000,57117.36000000,57181.33000000,7100.36233500
529,2021-03-30 04:00:00,57181.33000000,58277.00000000,57071.35000000,58116.17000000,8609.50532800
530,2021-03-30 08:00:00,58116.16000000,59335.00000000,57726.72000000,59240.34000000,15656.09977500
531,2021-03-30 12:00:00,59240.33000000,59368.00000000,58500.00000000,58526.42000000,11010.57624500
532,2021-03-30 16:00:00,58526.43000000,59107.84000000,58470.00000000,59060.00000000,6815.80666400
533,2021-03-30 20:00:00,59060.00000000,59086.65000000,58380.02000000,58746.57000000,5930.09277500
534,2021-03-31 00:00:00,58746.57000000,59050.00000000,58369.00000000,58608.63000000,7115.16232300
535,2021-03-31 04:00:00,58608.62000000,59800.00000000,57500.18000000,58173.83000000,11735.38387500
536,2021-03-31 08:00:00,58173.82000000,58275.45000000,56769.00000000,58015.02000000,12654.03679400
537,2021-03-31 12:00:00,58015.02000000,59430.54000000,57641.06000000,59304.75000000,10601.90854600
538,2021-03-31 16:00:00,59304.76000000,59648.52000000,58453.30000000,58553.12000000,11099.55915100
539,2021-03-31 20:00:00,58553.12000000,59289.45000000,58328.55000000,58740.55000000,7769.49197700
540,2021-04-01 00:00:00,58739.46000000,59314.53000000,58720.82000000,59119.02000000,5881.09291400
541,2021-04-01 04:00:00,59119.02000000,59232.59000000,58500.20000000,58817.77000000,6720.33537300
542,2021-04-01 08:00:00,58817.78000000,59490.00000000,58115.00000000,58584.32000000,11959.59677300
543,2021-04-01 12:00:00,58584.32000000,59263.30000000,58375.00000000,58974.65000000,8407.63460800
544,2021-04-01 16:00:00,58974.66000000,59146.77000000,57935.45000000,58918.99000000,9159.96815700
545,2021-04-01 20:00:00,58918.99000000,59069.74000000,58524.70000000,58720.44000000,5286.98939500
546,2021-04-02 00:00:00,58720.45000000,60200.00000000,58455.10000000,59869.79000000,13962.71625200
547,2021-04-02 04:00:00,59869.79000000,59997.00000000,59307.35000000,59417.63000000,6817.22658900
548,2021-04-02 08:00:00,59421.21000000,59685.00000000,59218.00000000,59542.78000000,5599.28122200
549,2021-04-02 12:00:00,59542.78000000,59624.86000000,58827.66000000,59480.06000000,8208.23047500
550,2021-04-02 16:00:00,59480.06000000,59600.00000000,58525.01000000,58850.00000000,7392.76568800
551,2021-04-02 20:00:00,58850.00000000,59219.00000000,58428.57000000,58950.01000000,5402.19855500
552,2021-04-03 00:00:00,58950.01000000,59450.08000000,58931.30000000,59221.53000000,5179.42385900
553,2021-04-03 04:00:00,59221.52000000,59531.74000000,59180.00000000,59298.85000000,5138.97203000
554,2021-04-03 08:00:00,59301.80000000,59791.72000000,58750.96000000,59255.02000000,7896.69374300
555,2021-04-03 12:00:00,59256.07000000,59454.83000000,58800.00000000,58829.99000000,6781.05167200
556,2021-04-03 16:00:00,58829.99000000,59143.71000000,57707.70000000,58597.04000000,11601.27577900
557,2021-04-03 20:00:00,58597.04000000,58597.04000000,56880.00000000,57051.94000000,10812.43503000
558,2021-04-04 00:00:00,57051.95000000,57583.32000000,56388.00000000,57492.42000000,10461.90360400
559,2021-04-04 04:00:00,57492.42000000,57723.48000000,57139.02000000,57614.52000000,5223.62299100
560,2021-04-04 08:00:00,57614.52000000,57787.79000000,57033.85000000,57275.55000000,5903.71581100
561,2021-04-04 12:00:00,57278.23000000,58492.85000000,57000.00000000,57918.11000000,8804.50429700
562,2021-04-04 16:00:00,57918.11000000,58280.00000000,57684.29000000,57953.86000000,6322.72229200
563,2021-04-04 20:00:00,57953.86000000,58300.00000000,57826.16000000,58202.01000000,4597.61297800
564,2021-04-05 00:00:00,58202.01000000,58387.35000000,57320.00000000,57467.12000000,7281.08145400
565,2021-04-05 04:00:00,57467.12000000,57618.00000000,56790.57000000,57250.00000000,8955.15345200
566,2021-04-05 08:00:00,57250.00000000,57766.84000000,56777.77000000,57756.36000000,7507.16259400
567,2021-04-05 12:00:00,57756.36000000,59272.00000000,57746.74000000,59018.29000000,13510.60238200
568,2021-04-05 16:00:00,59020.00000000,59240.00000000,58610.00000000,59005.20000000,9601.70311000
569,2021-04-05 20:00:00,59005.21000000,59130.00000000,58479.59000000,59129.99000000,7402.31279800
570,2021-04-06 00:00:00,59129.99000000,59495.24000000,58600.00000000,58608.70000000,8399.23513600
571,2021-04-06 04:00:00,58610.19000000,59031.66000000,58349.00000000,58576.59000000,7077.61520700
572,2021-04-06 08:00:00,58576.59000000,59000.00000000,58300.00000000,58541.34000000,9964.36286800
573,2021-04-06 12:00:00,58541.34000000,58998.00000000,57413.02000000,57818.53000000,14803.05022700
574,2021-04-06 16:00:00,57818.54000000,58282.12000000,57722.23000000,58225.00000000,7405.80761800
575,2021-04-06 20:00:00,58225.01000000,58311.91000000,57483.71000000,57991.15000000,6550.92967100
576,2021-04-07 00:00:00,57990.03000000,58200.01000000,57161.86000000,57922.75000000,8169.49838100
577,2021-04-07 04:00:00,57922.74000000,58655.00000000,57268.00000000,57850.57000000,12269.31747600
578,2021-04-07 08:00:00,57850.57000000,57938.77000000,55700.00000000,56320.47000000,18724.98893200
579,2021-04-07 12:00:00,56320.47000000,56937.15000000,55612.00000000,56451.45000000,14027.92007600
580,2021-04-07 16:00:00,56451.46000000,56850.00000000,55473.00000000,56153.83000000,12331.75817600
581,2021-04-07 20:00:00,56153.84000000,56570.24000000,55717.15000000,55953.45000000,5704.92261800
582,2021-04-08 00:00:00,55953.44000000,56700.00000000,55700.00000000,56540.62000000,6505.06615000
583,2021-04-08 04:00:00,56540.62000000,57333.85000000,56529.78000000,57025.71000000,7699.10933300
584,2021-04-08 08:00:00,57023.63000000,57267.49000000,56330.77000000,56421.18000000,7567.58103000
585,2021-04-08 12:00:00,56421.17000000,57912.02000000,56311.77000000,57768.13000000,10949.66472600
586,2021-04-08 16:00:00,57769.00000000,58153.31000000,57538.52000000,57734.94000000,6729.02184100
587,2021-04-08 20:00:00,57732.53000000,58100.00000000,57449.04000000,58077.52000000,4832.70393900
588,2021-04-09 00:00:00,58077.52000000,58419.45000000,57806.03000000,57985.71000000,5235.24333400
589,2021-04-09 04:00:00,57985.71000000,58314.00000000,57654.00000000,58051.42000000,5646.76053600
590,2021-04-09 08:00:00,58048.70000000,58894.90000000,57669.58000000,58527.19000000,9447.29047300
591,2021-04-09 12:00:00,58527.20000000,58783.47000000,58024.00000000,58240.00000000,9093.85696300
592,2021-04-09 16:00:00,58239.99000000,58528.00000000,57870.57000000,58370.59000000,6360.45098000
593,2021-04-09 20:00:00,58370.59000000,58600.00000000,57873.31000000,58142.54000000,5048.28262500
594,2021-04-10 00:00:00,58142.55000000,59238.27000000,57900.01000000,59229.50000000,9223.42981700
595,2021-04-10 04:00:00,59229.50000000,61500.00000000,59229.50000000,60480.40000000,24587.78409000
596,2021-04-10 08:00:00,60480.40000000,60997.18000000,60338.54000000,60575.94000000,7829.18692700
597,2021-04-10 12:00:00,60575.94000000,60800.00000000,59811.74000000,60247.26000000,9993.59024700
598,2021-04-10 16:00:00,60247.26000000,60550.00000000,59550.00000000,59567.38000000,8707.68513900
599,2021-04-10 20:00:00,59567.38000000,59842.63000000,58374.61000000,59769.13000000,9564.74789700
600,2021-04-11 00:00:00,59769.13000000,60699.00000000,59544.94000000,60268.58000000,7833.53346900
601,2021-04-11 04:00:00,60268.58000000,60328.00000000,59339.83000000,59655.49000000,7509.80491800
602,2021-04-11 08:00:00,59655.50000000,60144.70000000,59450.00000000,59721.84000000,6455.01691700
603,2021-04-11 12:00:00,59721.85000000,59844.00000000,59232.52000000,59645.46000000,6682.28947100
604,2021-04-11 16:00:00,59645.45000000,60190.00000000,59405.18000000,59705.53000000,7050.78728300
605,2021-04-11 20:00:00,59705.53000000,60130.57000000,59433.29000000,60002.43000000,5625.28333300
606,2021-04-12 00:00:00,59998.80000000,60456.29000000,59586.01000000,60368.96000000,6713.02280900
607,2021-04-12 04:00:00,60368.95000000,61300.00000000,60020.00000000,60711.01000000,11533.08124400
608,2021-04-12 08:00:00,60711.00000000,60878.25000000,59350.59000000,60241.50000000,13766.95154000
609,2021-04-12 12:00:00,60241.50000000,60584.28000000,59610.96000000,59986.83000000,11036.98897100
610,2021-04-12 16:00:00,59986.82000000,60223.00000000,59680.90000000,60090.41000000,7061.20130900
611,2021-04-12 20:00:00,60090.42000000,60241.32000000,59759.05000000,59860.00000000,6263.79124400
612,2021-04-13 00:00:00,59860.01000000,61100.00000000,59805.15000000,60493.43000000,11980.16941300
613,2021-04-13 04:00:00,60493.43000000,61415.50000000,60330.74000000,61050.99000000,12164.50269200
614,2021-04-13 08:00:00,61050.99000000,63287.88000000,61046.45000000,62942.21000000,25344.27070100
615,2021-04-13 12:00:00,62942.21000000,63657.86000000,62500.00000000,63331.83000000,14989.35895400
616,2021-04-13 16:00:00,63331.83000000,63777.77000000,62530.00000000,62997.02000000,11918.95959400
617,2021-04-13 20:00:00,62997.02000000,63666.00000000,62842.99000000,63575.00000000,6451.42739200
618,2021-04-14 00:00:00,63575.01000000,63869.99000000,63063.32000000,63749.19000000,9361.66702200
619,2021-04-14 04:00:00,63749.19000000,64854.00000000,63605.85000000,64288.80000000,14251.69636200
620,2021-04-14 08:00:00,64288.80000000,64787.98000000,63012.84000000,64511.21000000,15881.75507100
621,2021-04-14 12:00:00,64509.48000000,64640.58000000,62345.67000000,63045.02000000,17788.97811600
622,2021-04-14 16:00:00,63045.03000000,63764.62000000,61301.00000000,62150.04000000,17414.37111400
623,2021-04-14 20:00:00,62150.03000000,63062.38000000,61873.51000000,62959.53000000,7917.87630800
624,2021-04-15 00:00:00,62959.53000000,63491.45000000,62333.55000000,63056.61000000,8402.31431400
625,2021-04-15 04:00:00,63056.62000000,63460.22000000,62706.40000000,62842.56000000,7327.51879300
626,2021-04-15 08:00:00,62842.56000000,63137.92000000,62020.00000000,62361.12000000,8516.09407400
627,2021-04-15 12:00:00,62359.11000000,63074.05000000,62347.36000000,62715.18000000,8512.83912600
628,2021-04-15 16:00:00,62715.17000000,63573.02000000,62308.00000000,63363.29000000,10091.15789100
629,2021-04-15 20:00:00,63363.29000000,63800.00000000,62963.78000000,63159.98000000,8799.77614200
630,2021-04-16 00:00:00,63158.74000000,63520.61000000,62684.01000000,62937.91000000,13183.80803300
631,2021-04-16 04:00:00,62942.41000000,62961.81000000,61025.00000000,61414.83000000,18777.95636300
632,2021-04-16 08:00:00,61414.88000000,61607.83000000,60000.00000000,60853.81000000,18201.04198800
633,2021-04-16 12:00:00,60853.80000000,61627.00000000,60250.00000000,61551.62000000,20484.58799100
634,2021-04-16 16:00:00,61551.62000000,61877.00000000,61105.00000000,61713.43000000,12729.63676000
635,2021-04-16 20:00:00,61713.42000000,62087.98000000,61333.00000000,61334.80000000,8387.10874900
636,2021-04-17 00:00:00,61334.81000000,62506.05000000,61114.14000000,62372.27000000,10253.68683100
637,2021-04-17 04:00:00,62372.27000000,62464.38000000,61857.55000000,62114.99000000,7769.15134600
638,2021-04-17 08:00:00,62114.99000000,62458.28000000,60700.55000000,60886.91000000,11323.90823100
639,2021-04-17 12:00:00,60886.93000000,61222.00000000,60094.00000000,60264.66000000,13371.07876800
640,2021-04-17 16:00:00,60264.65000000,60785.00000000,59580.91000000,60705.02000000,10217.08088200
641,2021-04-17 20:00:00,60705.02000000,60955.00000000,59969.98000000,60006.66000000,5977.35007000
642,2021-04-18 00:00:00,60006.67000000,60499.00000000,50931.30000000,55014.46000000,28130.89037600
643,2021-04-18 04:00:00,55000.01000000,56527.04000000,53924.76000000,56180.34000000,30550.02536200
644,2021-04-18 08:00:00,56184.51000000,56498.00000000,53064.66000000,53308.92000000,25490.49691700
645,2021-04-18 12:00:00,53299.32000000,55774.23000000,53200.00000000,55452.45000000,18764.39215400
646,2021-04-18 16:00:00,55452.45000000,55967.66000000,54859.75000000,55720.66000000,11851.77174200
647,2021-04-18 20:00:00,55720.66000000,56688.28000000,55537.48000000,56150.01000000,10094.55527300
648,2021-04-19 00:00:00,56150.01000000,57291.00000000,55690.62000000,57030.90000000,10659.38287700
649,2021-04-19 04:00:00,57030.90000000,57485.46000000,56410.68000000,57323.35000000,10568.11942100
650,2021-04-19 08:00:00,57323.34000000,57526.81000000,56120.03000000,57107.40000000,16466.71020900
651,2021-04-19 12:00:00,57107.41000000,57142.20000000,54221.58000000,54585.22000000,20940.52546200
652,2021-04-19 16:00:00,54581.82000000,56100.00000000,54351.67000000,55930.94000000,12023.52046000
653,2021-04-19 20:00:00,55930.94000000,56600.00000000,55517.45000000,55633.14000000,7570.78383800
654,2021-04-20 00:00:00,55633.14000000,55792.15000000,54237.04000000,54764.12000000,9222.58505700
655,2021-04-20 04:00:00,54764.13000000,55486.31000000,53329.96000000,54410.57000000,12643.07666000
656,2021-04-20 08:00:00,54410.57000000,56419.13000000,54230.38000000,56266.83000000,13231.94255200
657,2021-04-20 12:00:00,56266.83000000,56455.93000000,54649.58000000,55323.19000000,13586.01909900
658,2021-04-20 16:00:00,55323.18000000,56782.00000000,55099.63000000,56572.44000000,13480.19624900
659,2021-04-20 20:00:00,56572.44000000,57076.24000000,56090.00000000,56425.00000000,10580.66253400
660,2021-04-21 00:00:00,56425.00000000,56757.91000000,55170.61000000,55204.60000000,10701.90813500
661,2021-04-21 04:00:00,55204.60000000,55822.77000000,54968.69000000,55304.04000000,8687.94958500
662,2021-04-21 08:00:00,55304.04000000,55750.00000000,54276.85000000,54563.37000000,11444.90052100
663,2021-04-21 12:00:00,54563.36000000,56346.70000000,54300.00000000,56153.75000000,13237.46564200
664,2021-04-21 16:00:00,56149.93000000,56339.98000000,55129.00000000,55478.70000000,8554.67277200
665,2021-04-21 20:00:00,55478.70000000,55481.16000000,53536.02000000,53787.63000000,14357.86025400
666,2021-04-22 00:00:00,53787.62000000,54638.00000000,52561.00000000,53497.09000000,20660.95802700
667,2021-04-22 04:00:00,53494.63000000,54850.00000000,53450.00000000,54144.99000000,11139.01590600
668,2021-04-22 08:00:00,54146.01000000,55223.00000000,53080.00000000,54866.62000000,15193.81089900
669,2021-04-22 12:00:00,54866.63000000,55521.48000000,54310.04000000,54651.64000000,12713.72890800
670,2021-04-22 16:00:00,54651.63000000,55166.19000000,52222.17000000,52923.54000000,20501.11210600
671,2021-04-22 20:00:00,52923.54000000,52932.39000000,50500.00000000,51690.96000000,24448.00549100
672,2021-04-23 00:00:00,51690.95000000,52131.85000000,48555.00000000,50298.76000000,39495.75050900
673,2021-04-23 04:00:00,50298.76000000,50572.08000000,47700.00000000,47942.44000000,30271.24101300
674,2021-04-23 08:00:00,47936.00000000,50269.17000000,47500.00000000,50070.36000000,24132.00104700
675,2021-04-23 12:00:00,50070.36000000,50300.00000000,48541.00000000,49836.62000000,15811.39073000
676,2021-04-23 16:00:00,49836.63000000,50920.00000000,49470.26000000,50876.72000000,11761.53229300
677,2021-04-23 20:00:00,50876.71000000,51301.34000000,50140.00000000,51125.14000000,10758.86512700
678,2021-04-24 00:00:00,51110.56000000,51166.22000000,49304.06000000,50109.93000000,10590.62759600
679,2021-04-24 04:00:00,50109.92000000,50631.16000000,49649.70000000,49805.20000000,7461.85993400
680,2021-04-24 08:00:00,49798.96000000,50217.89000000,48657.14000000,49073.71000000,11991.55327000
681,2021-04-24 12:00:00,49072.12000000,50360.63000000,48900.00000000,50212.03000000,12218.30157600
682,2021-04-24 16:00:00,50210.01000000,50888.00000000,49650.00000000,50667.75000000,6999.06978200
683,2021-04-24 20:00:00,50667.79000000,51000.00000000,49900.00000000,50047.84000000,6100.10041500
684,2021-04-25 00:00:00,50047.84000000,50452.85000000,49600.00000000,49615.54000000,6421.00871300
685,2021-04-25 04:00:00,49626.76000000,49705.04000000,49600.24000000,49683.94000000,5.88703400
686,2021-04-25 08:00:00,49683.95000000,50280.00000000,49161.94000000,49550.73000000,10523.72690600
687,2021-04-25 12:00:00,49550.74000000,50567.91000000,49450.00000000,50257.97000000,10588.50125500
688,2021-04-25 16:00:00,50257.97000000,50434.00000000,49295.09000000,49333.01000000,8232.07500600
689,2021-04-25 20:00:00,49333.01000000,49593.18000000,46930.00000000,49066.77000000,22484.44609000
690,2021-04-26 00:00:00,49066.76000000,52500.00000000,48753.44000000,52398.99000000,21323.43699600
691,2021-04-26 04:00:00,52398.99000000,53080.00000000,52000.00000000,52801.37000000,12982.59522900
692,2021-04-26 08:00:00,52801.37000000,53685.00000000,52275.00000000,53598.39000000,13057.44546400
693,2021-04-26 12:00:00,53598.39000000,53950.00000000,53200.00000000,53571.12000000,12487.79422400
694,2021-04-26 16:00:00,53571.13000000,54356.62000000,52868.07000000,54036.19000000,13564.51584100
695,2021-04-26 20:00:00,54038.21000000,54250.00000000,52600.36000000,54001.39000000,12895.01437000
696,2021-04-27 00:00:00,54001.38000000,54160.61000000,53267.71000000,53460.30000000,7766.38673800
697,2021-04-27 04:00:00,53460.30000000,54933.74000000,53222.00000000,54545.01000000,10521.36638800
698,2021-04-27 08:00:00,54545.00000000,55242.32000000,54248.92000000,55152.43000000,9661.99434800
699,2021-04-27 12:00:00,55152.43000000,55300.00000000,54258.32000000,54981.87000000,12350.41487900
700,2021-04-27 16:00:00,54981.86000000,55081.61000000,54258.40000000,54761.70000000,7488.52975800
701,2021-04-27 20:00:00,54761.70000000,55460.00000000,54738.43000000,55011.97000000,6275.34256400
702,2021-04-28 00:00:00,55011.97000000,55738.00000000,54769.42000000,54774.05000000,9735.22176700
703,2021-04-28 04:00:00,54774.05000000,54995.07000000,53813.16000000,54255.98000000,10449.15362800
704,2021-04-28 08:00:00,54255.98000000,55087.85000000,53917.64000000,54853.26000000,8471.39624600
705,2021-04-28 12:00:00,54853.26000000,55327.00000000,54111.11000000,54338.14000000,8387.12884300
706,2021-04-28 16:00:00,54338.14000000,55432.00000000,54245.33000000,55411.97000000,6539.81642600
707,2021-04-28 20:00:00,55407.03000000,56428.00000000,54002.00000000,54846.22000000,11547.74210500
708,2021-04-29 00:00:00,54846.23000000,55195.84000000,54046.33000000,54265.10000000,7127.89194100
709,2021-04-29 04:00:00,54265.10000000,54493.87000000,53482.22000000,54465.14000000,8732.81015400
710,2021-04-29 08:00:00,54465.27000000,54739.43000000,53759.98000000,54300.16000000,8709.30514200
711,2021-04-29 12:00:00,54300.16000000,54531.89000000,53303.68000000,53703.11000000,10338.51024800
712,2021-04-29 16:00:00,53703.11000000,53816.19000000,52476.69000000,52860.02000000,11220.07280200
713,2021-04-29 20:00:00,52860.02000000,53650.63000000,52330.94000000,53555.00000000,6357.42916800
714,2021-04-30 00:00:00,53555.00000000,53816.36000000,53013.01000000,53679.03000000,8135.86581800
715,2021-04-30 04:00:00,53679.04000000,54558.80000000,53673.05000000,54343.11000000,9665.96274200
716,2021-04-30 08:00:00,54343.11000000,54792.33000000,54051.11000000,54230.63000000,7863.06157300
717,2021-04-30 12:00:00,54230.64000000,57258.15000000,54170.89000000,57180.06000000,21815.52226600
718,2021-04-30 16:00:00,57180.05000000,57385.00000000,56277.39000000,57007.38000000,11856.68673800
719,2021-04-30 20:00:00,57007.38000000,57963.00000000,56374.21000000,57694.27000000,9241.81090800
720,2021-05-01 00:00:00,57697.25000000,58458.07000000,57421.05000000,58178.67000000,10096.94040000
721,2021-05-01 04:00:00,58177.59000000,58422.31000000,57585.55000000,57725.14000000,6729.89624800
722,2021-05-01 08:00:00,57725.14000000,57930.00000000,57116.16000000,57816.90000000,7190.04672800
723,2021-05-01 12:00:00,57816.91000000,58043.01000000,56956.14000000,57356.58000000,7376.61972700
724,2021-05-01 16:00:00,57356.59000000,57998.97000000,57218.00000000,57770.31000000,6358.75689600
725,2021-05-01 20:00:00,57770.32000000,57939.00000000,57243.65000000,57800.37000000,4848.09183700
726,2021-05-02 00:00:00,57797.35000000,57911.02000000,56323.66000000,56450.19000000,7209.98658800
727,2021-05-02 04:00:00,56450.19000000,57129.00000000,56171.31000000,56633.02000000,6137.57336800
728,2021-05-02 08:00:00,56633.03000000,57090.00000000,56035.25000000,57090.00000000,7180.35999300
729,2021-05-02 12:00:00,57090.00000000,57286.96000000,56231.55000000,56595.20000000,5974.87761200
730,2021-05-02 16:00:00,56595.20000000,56968.56000000,56317.59000000,56836.40000000,5016.93196100
731,2021-05-02 20:00:00,56836.39000000,57141.05000000,56212.00000000,56578.21000000,5293.14934100
732,2021-05-03 00:00:00,56578.21000000,58289.99000000,56525.00000000,57925.80000000,9396.29102900
733,2021-05-03 04:00:00,57925.79000000,58848.00000000,57696.70000000,58787.87000000,9346.97225500
734,2021-05-03 08:00:00,58787.88000000,58981.44000000,58277.12000000,58657.63000000,9368.15432300
735,2021-05-03 12:00:00,58657.64000000,58770.00000000,57260.00000000,57601.83000000,11235.73369200
736,2021-05-03 16:00:00,57603.33000000,58170.00000000,57169.00000000,57564.87000000,8767.24339500
737,2021-05-03 20:00:00,57564.86000000,57575.05000000,56435.00000000,57169.39000000,9535.53659200
738,2021-05-04 00:00:00,57169.39000000,57200.00000000,54580.00000000,55452.17000000,16977.89823100
739,2021-05-04 04:00:00,55452.16000000,56361.82000000,55122.00000000,55917.97000000,8518.87125400
740,2021-05-04 08:00:00,55917.98000000,56637.89000000,55555.00000000,56143.42000000,10623.43390600
741,2021-05-04 12:00:00,56143.43000000,56321.18000000,53526.00000000,53799.33000000,25558.30939400
742,2021-05-04 16:00:00,53802.54000000,54745.81000000,53201.01000000,54541.13000000,15002.09730000
743,2021-05-04 20:00:00,54539.73000000,54824.00000000,53046.69000000,53200.01000000,8644.01581800
744,2021-05-05 00:00:00,53205.05000000,55415.83000000,52900.00000000,54795.19000000,13128.37786600
745,2021-05-05 04:00:00,54798.87000000,55285.71000000,53922.84000000,54858.35000000,10080.01401100
746,2021-05-05 08:00:00,54858.35000000,55809.24000000,54679.13000000,55108.95000000,9957.73314100
747,2021-05-05 12:00:00,55108.95000000,57712.06000000,55032.65000000,57636.74000000,19336.62196000
748,2021-05-05 16:00:00,57635.89000000,58069.82000000,57043.00000000,57136.04000000,14748.36754900
749,2021-05-05 20:00:00,57136.04000000,57619.86000000,56576.04000000,57436.11000000,10012.80891200
750,2021-05-06 00:00:00,57436.11000000,57570.00000000,56570.66000000,56797.09000000,9957.85137700
751,2021-05-06 04:00:00,56797.09000000,57568.42000000,56331.66000000,56814.79000000,9411.58230500
752,2021-05-06 08:00:00,56814.79000000,58360.00000000,56772.75000000,57988.00000000,12460.66657000
753,2021-05-06 12:00:00,57988.00000000,58099.00000000,56763.00000000,57088.49000000,12092.18850300
754,2021-05-06 16:00:00,57088.48000000,57475.00000000,55200.00000000,56128.42000000,17181.90826300
755,2021-05-06 20:00:00,56128.42000000,56794.40000000,55674.13000000,56393.68000000,9077.47489000
756,2021-05-07 00:00:00,56393.68000000,57122.17000000,55476.74000000,55705.67000000,13216.07946100
757,2021-05-07 04:00:00,55705.67000000,56280.88000000,55241.63000000,55766.34000000,9694.86786100
758,2021-05-07 08:00:00,55766.33000000,56784.00000000,55570.35000000,56464.74000000,10430.29368200
759,2021-05-07 12:00:00,56464.74000000,57680.00000000,56228.24000000,57519.24000000,14789.91973200
760,2021-05-07 16:00:00,57519.25000000,58650.00000000,57132.65000000,57584.01000000,15968.62803300
761,2021-05-07 20:00:00,57584.01000000,58074.31000000,56749.75000000,57314.75000000,10442.95906000
762,2021-05-08 00:00:00,57315.49000000,58400.00000000,56900.00000000,58099.98000000,9205.85190900
763,2021-05-08 04:00:00,58099.86000000,58599.99000000,57500.00000000,58463.06000000,9129.56824000
764,2021-05-08 08:00:00,58463.06000000,59379.26000000,58305.00000000,58556.09000000,13405.42534700
765,2021-05-08 12:00:00,58556.09000000,59438.64000000,57472.95000000,57599.87000000,16338.47391400
766,2021-05-08 16:00:00,57599.86000000,59300.00000000,57560.63000000,59030.56000000,13538.22210600
767,2021-05-08 20:00:00,59030.56000000,59500.00000000,58466.00000000,58862.05000000,8092.36451200
768,2021-05-09 00:00:00,58866.53000000,59300.00000000,58325.09000000,58632.78000000,11973.23696100
769,2021-05-09 04:00:00,58635.72000000,58974.91000000,57575.00000000,57965.59000000,16054.30340800
770,2021-05-09 08:00:00,57965.59000000,58400.00000000,57535.61000000,57907.49000000,9774.47663000
771,2021-05-09 12:00:00,57907.49000000,58000.00000000,56235.66000000,57379.58000000,15021.12640200
772,2021-05-09 16:00:00,57379.58000000,57883.11000000,57048.96000000,57266.97000000,8143.73278200
773,2021-05-09 20:00:00,57266.97000000,58439.70000000,57179.18000000,58240.84000000,8839.24372700
774,2021-05-10 00:00:00,58240.83000000,59444.90000000,58009.96000000,59356.76000000,10905.20852400
775,2021-05-10 04:00:00,59356.77000000,59500.00000000,58355.79000000,58370.17000000,9885.99987900
776,2021-05-10 08:00:00,58370.17000000,58593.79000000,57301.81000000,58070.63000000,12483.08317500
777,2021-05-10 12:00:00,58070.63000000,58320.00000000,56700.00000000,58296.36000000,16492.41199600
778,2021-05-10 16:00:00,58296.35000000,58593.70000000,55516.85000000,55733.76000000,18984.73670000
779,2021-05-10 20:00:00,55733.76000000,56269.89000000,53400.00000000,55816.14000000,20834.90897600
780,2021-05-11 00:00:00,55816.14000000,56435.48000000,54370.00000000,55142.46000000,14287.87901500
781,2021-05-11 04:00:00,55142.44000000,55846.90000000,54589.00000000,55740.09000000,9500.41961300
782,2021-05-11 08:00:00,55737.89000000,56190.00000000,55125.71000000,55210.47000000,11000.37109800
783,2021-05-11 12:00:00,55210.47000000,56176.00000000,54766.44000000,56052.82000000,13895.31508900
784,2021-05-11 16:00:00,56052.83000000,56850.00000000,55750.00000000,56608.94000000,9622.53391700
785,2021-05-11 20:00:00,56608.93000000,56862.43000000,56168.98000000,56670.02000000,6023.02181800
786,2021-05-12 00:00:00,56670.02000000,57872.18000000,56555.12000000,57756.94000000,10732.22956200
787,2021-05-12 04:00:00,57756.95000000,58000.01000000,56882.00000000,57101.07000000,9083.45978400
788,2021-05-12 08:00:00,57101.08000000,57195.50000000,55950.45000000,56421.46000000,12121.89404700
789,2021-05-12 12:00:00,56421.45000000,56900.00000000,55232.56000000,55479.13000000,16223.01585100
790,2021-05-12 16:00:00,55479.13000000,55677.31000000,53500.00000000,54432.39000000,20363.45905800
791,2021-05-12 20:00:00,54437.00000000,54751.92000000,48600.00000000,49631.32000000,31318.73153400
792,2021-05-13 00:00:00,49537.15000000,50829.98000000,46000.00000000,50461.99000000,42786.02688400
793,2021-05-13 04:00:00,50461.99000000,51367.19000000,50282.00000000,50879.72000000,16124.77399100
794,2021-05-13 08:00:00,50879.73000000,50950.00000000,48457.12000000,49777.01000000,28154.67405600
795,2021-05-13 12:00:00,49777.01000000,50884.34000000,49458.68000000,49627.64000000,17291.35710400
796,2021-05-13 16:00:00,49627.63000000,50429.99000000,47000.00000000,48568.85000000,28937.19670200
797,2021-05-13 20:00:00,48569.97000000,49879.77000000,48350.00000000,49670.97000000,14037.97338400
798,2021-05-14 00:00:00,49671.92000000,50390.70000000,49021.01000000,49157.93000000,13663.10241700
799,2021-05-14 04:00:00,49157.94000000,50286.26000000,48799.75000000,49987.20000000,14234.10972800
800,2021-05-14 08:00:00,49987.19000000,50958.32000000,49880.00000000,50538.14000000,14914.49714400
801,2021-05-14 12:00:00,50538.13000000,51483.00000000,50037.00000000,51211.98000000,13868.25326400
802,2021-05-14 16:00:00,51211.98000000,51322.41000000,50083.80000000,50138.09000000,12471.01461000
803,2021-05-14 20:00:00,50141.33000000,50294.60000000,49030.00000000,49841.45000000,10931.22714300
804,2021-05-15 00:00:00,49844.16000000,50700.00000000,49269.78000000,49627.01000000,10530.44345800
805,2021-05-15 04:00:00,49627.02000000,49861.20000000,48400.00000000,48469.28000000,14762.20292200
806,2021-05-15 08:00:00,48469.71000000,49298.59000000,47721.84000000,48929.74000000,16135.57094500
807,2021-05-15 12:00:00,48929.73000000,49697.63000000,48527.07000000,48982.99000000,14914.28498600
808,2021-05-15 16:00:00,48983.00000000,48994.27000000,46900.00000000,48108.40000000,20279.08393200
809,2021-05-15 20:00:00,48108.40000000,48738.75000000,46555.00000000,46762.99000000,12815.86311600
810,2021-05-16 00:00:00,46762.99000000,48406.44000000,46467.00000000,48383.46000000,12801.10138200
811,2021-05-16 04:00:00,48386.62000000,49500.00000000,48034.82000000,49375.28000000,10802.03337500
812,2021-05-16 08:00:00,49375.28000000,49795.89000000,48656.00000000,49014.99000000,10956.00658300
813,2021-05-16 12:00:00,49014.99000000,49249.06000000,47566.01000000,47727.26000000,14166.96199500
814,2021-05-16 16:00:00,47727.26000000,48097.59000000,44444.44000000,45549.26000000,36819.65345600
815,2021-05-16 20:00:00,45553.24000000,46480.00000000,43825.39000000,46431.50000000,28724.05598400
816,2021-05-17 00:00:00,46426.83000000,46686.00000000,42777.00000000,42915.46000000,28171.85844700
817,2021-05-17 04:00:00,42915.46000000,45400.00000000,42196.97000000,45149.18000000,40557.45817000
818,2021-05-17 08:00:00,45143.28000000,45800.00000000,44291.84000000,45731.39000000,23851.50751000
819,2021-05-17 12:00:00,45733.55000000,45791.04000000,43156.00000000,43362.75000000,23137.98931500
820,2021-05-17 16:00:00,43357.00000000,44400.00000000,42001.00000000,44197.73000000,30883.16203900
821,2021-05-17 20:00:00,44197.73000000,44939.20000000,42500.00000000,43538.04000000,20055.19725500
822,2021-05-18 00:00:00,43538.02000000,45281.34000000,43150.79000000,44779.83000000,19252.91945300
823,2021-05-18 04:00:00,44774.78000000,45799.29000000,44738.26000000,45172.70000000,17218.43054900
824,2021-05-18 08:00:00,45172.69000000,45662.14000000,44607.08000000,45321.02000000,13102.72960800
825,2021-05-18 12:00:00,45318.76000000,45341.84000000,42507.00000000,42969.47000000,29573.28358200
826,2021-05-18 16:00:00,42969.46000000,43825.65000000,42371.96000000,43262.71000000,23258.65433400
827,2021-05-18 20:00:00,43262.70000000,43522.64000000,42250.02000000,42849.78000000,14573.84325800
828,2021-05-19 00:00:00,42849.78000000,43584.90000000,40125.00000000,40591.15000000,36126.91047600
829,2021-05-19 04:00:00,40591.99000000,40846.97000000,38550.00000000,40371.44000000,49067.76754900
830,2021-05-19 08:00:00,40354.98000000,40888.00000000,36333.00000000,38700.00000000,47653.49786900
831,2021-05-19 12:00:00,38700.00000000,39295.51000000,30000.00000000,37318.52000000,121040.67646600
832,2021-05-19 16:00:00,37310.14000000,40442.00000000,36111.00000000,39342.93000000,63230.66193300
833,2021-05-19 20:00:00,39337.45000000,40200.00000000,36600.01000000,36690.09000000,37227.72886800
834,2021-05-20 00:00:00,36671.23000000,38599.00000000,34850.00000000,38341.04000000,48547.69901700
835,2021-05-20 04:00:00,38340.01000000,40780.87000000,38202.11000000,39959.68000000,32200.02778400
836,2021-05-20 08:00:00,39959.67000000,40690.56000000,38700.00000000,40475.17000000,29967.71724300
837,2021-05-20 12:00:00,40476.68000000,42451.67000000,40086.09000000,41432.88000000,38027.21318000
838,2021-05-20 16:00:00,41432.88000000,41450.00000000,38110.00000000,40116.04000000,36207.21962400
839,2021-05-20 20:00:00,40116.04000000,41900.00000000,39383.52000000,40526.64000000,18067.72007500
840,2021-05-21 00:00:00,40525.39000000,42200.00000000,40408.84000000,40666.91000000,16888.74195600
841,2021-05-21 04:00:00,40662.00000000,40800.00000000,39222.00000000,39842.57000000,19169.07259400
842,2021-05-21 08:00:00,39842.58000000,41230.67000000,39277.00000000,41124.29000000,21578.03074400
843,2021-05-21 12:00:00,41124.30000000,41789.40000000,36444.44000000,36794.57000000,60933.59105900
844,2021-05-21 16:00:00,36803.28000000,37825.75000000,35501.01000000,36062.12000000,41178.47059500
845,2021-05-21 20:00:00,36062.13000000,37447.00000000,33488.00000000,37252.01000000,42352.98131000
846,2021-05-22 00:00:00,37263.35000000,38100.00000000,36517.03000000,36951.85000000,23246.89106300
847,2021-05-22 04:00:00,36947.31000000,37219.45000000,35200.62000000,36269.28000000,25655.68255500
848,2021-05-22 08:00:00,36266.36000000,38827.52000000,36258.96000000,38157.76000000,24609.50253000
849,2021-05-22 12:00:00,38157.75000000,38829.00000000,37000.00000000,38162.40000000,23049.09802700
850,2021-05-22 16:00:00,38161.92000000,38600.00000000,37158.14000000,37286.65000000,16910.01537100
851,2021-05-22 20:00:00,37286.65000000,38400.00000000,37268.76000000,37449.73000000,13071.05414300
852,2021-05-23 00:00:00,37458.51000000,38270.64000000,36668.99000000,37421.59000000,14854.36275300
853,2021-05-23 04:00:00,37421.59000000,37421.59000000,35530.00000000,35927.69000000,19893.34722900
854,2021-05-23 08:00:00,35927.70000000,35930.89000000,33800.59000000,35389.10000000,48344.18958700
855,2021-05-23 12:00:00,35386.80000000,35800.00000000,32600.00000000,33318.09000000,53820.33881900
856,2021-05-23 16:00:00,33316.42000000,33900.00000000,31111.01000000,33051.73000000,58933.66486200
857,2021-05-23 20:00:00,33047.33000000,35000.00000000,33045.31000000,34655.25000000,21290.14334300
858,2021-05-24 00:00:00,34681.44000000,35889.00000000,34664.77000000,35251.37000000,22428.73322300
859,2021-05-24 04:00:00,35250.56000000,36887.00000000,34031.00000000,36645.79000000,25590.36199700
860,2021-05-24 08:00:00,36645.79000000,37922.18000000,35877.52000000,37600.01000000,32135.12366900
861,2021-05-24 12:00:00,37600.01000000,38637.70000000,37266.58000000,37539.63000000,32643.66321400
862,2021-05-24 16:00:00,37539.64000000,39787.96000000,36818.55000000,39606.10000000,28459.49504700
863,2021-05-24 20:00:00,39606.11000000,39920.00000000,37955.42000000,38796.29000000,20373.51682100
864,2021-05-25 00:00:00,38810.99000000,39791.77000000,37800.50000000,38304.51000000,21694.80287500
865,2021-05-25 04:00:00,38306.43000000,39200.00000000,37608.00000000,38985.06000000,16331.60007600
866,2021-05-25 08:00:00,38993.91000000,39110.00000000,36486.00000000,36537.16000000,23406.30178100
867,2021-05-25 12:00:00,36537.17000000,38481.18000000,36419.62000000,38277.57000000,27140.25257400
868,2021-05-25 16:00:00,38277.55000000,38299.88000000,37011.00000000,37292.69000000,12652.65668900
869,2021-05-25 20:00:00,37292.69000000,38753.98000000,37250.01000000,38324.72000000,10770.61440900
870,2021-05-26 00:00:00,38324.72000000,39693.66000000,37800.44000000,39503.98000000,16881.43529000
871,2021-05-26 04:00:00,39503.98000000,40755.00000000,39000.00000000,40445.79000000,18277.29211000
872,2021-05-26 08:00:00,40445.79000000,40841.00000000,39379.79000000,39850.65000000,17436.64866500
873,2021-05-26 12:00:00,39850.66000000,40289.75000000,38440.00000000,38758.61000000,23079.23482800
874,2021-05-26 16:00:00,38758.62000000,39350.00000000,37900.03000000,38485.10000000,17828.26977400
875,2021-05-26 20:00:00,38476.74000000,39450.69000000,38280.19000000,39241.91000000,11277.89272900
876,2021-05-27 00:00:00,39241.92000000,39243.10000000,37134.27000000,37621.56000000,15983.29379200
877,2021-05-27 04:00:00,37623.64000000,38407.42000000,37204.76000000,38275.47000000,11318.16101800
878,2021-05-27 08:00:00,38275.47000000,39888.02000000,37826.08000000,39690.01000000,16212.37977600
879,2021-05-27 12:00:00,39690.00000000,40411.14000000,39256.59000000,39667.00000000,18400.64495100
880,2021-05-27 16:00:00,39666.99000000,39721.28000000,38500.00000000,38768.35000000,14102.53984400
881,2021-05-27 20:00:00,38768.36000000,39187.35000000,38195.19000000,38529.98000000,10530.13941300
882,2021-05-28 00:00:00,38529.99000000,38877.83000000,37687.77000000,38237.18000000,11987.45889700
883,2021-05-28 04:00:00,38237.10000000,38237.10000000,36442.00000000,36975.93000000,25493.58490400
884,2021-05-28 08:00:00,36975.65000000,37250.00000000,35100.00000000,35351.65000000,30447.39510700
885,2021-05-28 12:00:00,35351.65000000,37279.98000000,35168.24000000,36749.31000000,22680.51033800
886,2021-05-28 16:00:00,36751.59000000,36845.93000000,35551.06000000,35789.30000000,22911.38874700
887,2021-05-28 20:00:00,35789.31000000,36240.00000000,34684.00000000,35663.49000000,21857.29172700
888,2021-05-29 00:00:00,35661.79000000,36774.44000000,35617.87000000,36458.77000000,13503.57169400
889,2021-05-29 04:00:00,36458.77000000,37338.58000000,35604.30000000,36145.02000000,14936.62768100
890,2021-05-29 08:00:00,36145.00000000,36350.00000000,34567.89000000,35375.00000000,19419.64730400
891,2021-05-29 12:00:00,35375.00000000,35402.34000000,33800.00000000,34416.27000000,28768.89807300
892,2021-05-29 16:00:00,34416.26000000,35049.00000000,33632.76000000,34025.43000000,21833.74263300
893,2021-05-29 20:00:00,34025.44000000,35100.00000000,33752.30000000,34605.15000000,14200.60530400
894,2021-05-30 00:00:00,34605.15000000,34974.99000000,33379.00000000,34770.12000000,14272.27287600
895,2021-05-30 04:00:00,34770.13000000,36232.09000000,34631.73000000,35998.33000000,16499.13536200
896,2021-05-30 08:00:00,35996.12000000,36420.00000000,35546.42000000,36359.44000000,12233.87155100
897,2021-05-30 12:00:00,36359.44000000,36488.00000000,35100.00000000,35477.00000000,13055.15015700
898,2021-05-30 16:00:00,35477.00000000,36284.44000000,35300.00000000,36077.59000000,9731.03431700
899,2021-05-30 20:00:00,36077.59000000,36350.00000000,35500.00000000,35641.27000000,7743.92270400
900,2021-05-31 00:00:00,35641.26000000,36000.00000000,34250.55000000,34489.57000000,14130.86534500
901,2021-05-31 04:00:00,34489.58000000,35975.00000000,34153.84000000,35850.17000000,16153.46863900
902,2021-05-31 08:00:00,35850.17000000,37195.00000000,35588.08000000,36836.46000000,22947.48623200
903,2021-05-31 12:00:00,36836.46000000,37278.03000000,36333.44000000,36961.16000000,18576.75976800
904,2021-05-31 16:00:00,36961.16000000,37457.07000000,36510.01000000,36863.67000000,14199.65304700
905,2021-05-31 20:00:00,36865.75000000,37499.00000000,36557.30000000,37253.81000000,8152.50225800
906,2021-06-01 00:00:00,37253.82000000,37894.81000000,36478.00000000,36704.99000000,14647.05840800
907,2021-06-01 04:00:00,36706.80000000,37443.72000000,36561.89000000,36831.58000000,10095.34783300
908,2021-06-01 08:00:00,36831.58000000,36939.81000000,35902.43000000,36596.62000000,13819.88776200
909,2021-06-01 12:00:00,36596.63000000,37440.00000000,35666.00000000,36235.29000000,22029.82561400
910,2021-06-01 16:00:00,36235.28000000,36492.89000000,35716.66000000,35973.87000000,12918.45295800
911,2021-06-01 20:00:00,35973.86000000,36800.00000000,35873.08000000,36693.09000000,7724.09119500
912,2021-06-02 00:00:00,36694.85000000,36900.00000000,35920.00000000,36472.39000000,8003.51935600
913,2021-06-02 04:00:00,36472.38000000,37400.00000000,36472.38000000,37220.00000000,12459.23471900
914,2021-06-02 08:00:00,37219.99000000,37538.07000000,36851.45000000,37203.08000000,12842.30359800
915,2021-06-02 12:00:00,37203.08000000,38225.00000000,37058.61000000,38040.70000000,17546.73297700
916,2021-06-02 16:00:00,38040.69000000,38200.00000000,37727.37000000,37884.57000000,9291.59159200
917,2021-06-02 20:00:00,37884.58000000,37929.97000000,37320.00000000,37568.68000000,7443.99025300
918,2021-06-03 00:00:00,37568.68000000,37903.14000000,37170.00000000,37634.57000000,8381.71411200
919,2021-06-03 04:00:00,37635.24000000,39039.19000000,37600.00000000,38634.09000000,16294.65853700
920,2021-06-03 08:00:00,38634.77000000,39476.00000000,38518.96000000,38781.75000000,16219.77488600
921,2021-06-03 12:00:00,38781.75000000,39265.25000000,38288.00000000,38535.61000000,17461.33171600
922,2021-06-03 16:00:00,38535.60000000,38997.00000000,38431.03000000,38596.64000000,9064.79618800
923,2021-06-03 20:00:00,38596.65000000,39450.00000000,38532.31000000,39246.79000000,8466.83057200
924,2021-06-04 00:00:00,39246.78000000,39289.07000000,37320.26000000,37933.72000000,17147.96416500
925,2021-06-04 04:00:00,37933.73000000,37939.25000000,36218.21000000,36610.29000000,23389.57437200
926,2021-06-04 08:00:00,36606.80000000,37028.65000000,36072.82000000,36585.66000000,13162.87543300
927,2021-06-04 12:00:00,36585.67000000,37139.00000000,35555.15000000,36948.85000000,21006.88207900
928,2021-06-04 16:00:00,36948.86000000,37248.94000000,36708.00000000,36800.99000000,9025.76488200
929,2021-06-04 20:00:00,36801.00000000,37246.99000000,36462.42000000,36829.00000000,7584.73831400
930,2021-06-05 00:00:00,36829.15000000,37846.60000000,36613.22000000,37410.00000000,9026.45342000
931,2021-06-05 04:00:00,37410.04000000,37925.00000000,37410.04000000,37582.14000000,6937.42711300
932,2021-06-05 08:00:00,37582.13000000,37850.00000000,35667.00000000,35869.42000000,17020.94441000
933,2021-06-05 12:00:00,35869.42000000,36435.00000000,35250.00000000,36321.42000000,16230.48953000
934,2021-06-05 16:00:00,36321.42000000,36324.20000000,35692.04000000,35778.94000000,7580.99756600
935,2021-06-05 20:00:00,35777.61000000,36016.10000000,34800.00000000,35513.20000000,13663.30945100
936,2021-06-06 00:00:00,35516.07000000,36257.34000000,35405.61000000,35989.67000000,8393.51836900
937,2021-06-06 04:00:00,35988.56000000,36480.00000000,35701.04000000,36132.57000000,7058.62076500
938,2021-06-06 08:00:00,36132.52000000,36414.55000000,35800.93000000,35868.13000000,7201.66281500
939,2021-06-06 12:00:00,35868.12000000,36429.28000000,35450.00000000,36157.47000000,9473.72472500
940,2021-06-06 16:00:00,36157.47000000,36317.81000000,35705.00000000,35747.15000000,6657.59726700
941,2021-06-06 20:00:00,35747.14000000,35995.28000000,35222.00000000,35796.31000000,8865.08269600
942,2021-06-07 00:00:00,35796.31000000,36900.00000000,35498.62000000,36392.93000000,11686.91807800
943,2021-06-07 04:00:00,36392.94000000,36545.01000000,35850.66000000,36139.99000000,7855.82757100
944,2021-06-07 08:00:00,36139.99000000,36591.72000000,35900.52000000,36376.47000000,10325.17770000
945,2021-06-07 12:00:00,36376.47000000,36777.47000000,35860.50000000,36035.51000000,10919.49430400
946,2021-06-07 16:00:00,36035.35000000,36079.63000000,35328.02000000,35634.46000000,10952.38654000
947,2021-06-07 20:00:00,35634.45000000,35744.52000000,33300.00000000,33552.79000000,25835.14838000
948,2021-06-08 00:00:00,33556.96000000,34068.01000000,32351.00000000,32817.09000000,27138.25221300
949,2021-06-08 04:00:00,32817.09000000,33246.09000000,32123.00000000,32966.70000000,18150.28085000
950,2021-06-08 08:00:00,32966.70000000,33373.01000000,32651.52000000,33089.99000000,16467.15770900
951,2021-06-08 12:00:00,33084.43000000,33179.23000000,31000.00000000,31705.24000000,28569.80082100
952,2021-06-08 16:00:00,31705.25000000,32999.35000000,31563.52000000,32864.18000000,18675.74021600
953,2021-06-08 20:00:00,32864.19000000,33841.98000000,32661.95000000,33380.81000000,14249.95722800
954,2021-06-09 00:00:00,33380.80000000,33540.47000000,32396.82000000,32863.07000000,13371.48863300
955,2021-06-09 04:00:00,32862.25000000,34512.95000000,32536.49000000,34169.05000000,22620.33319900
956,2021-06-09 08:00:00,34168.11000000,35045.55000000,33808.00000000,34972.42000000,20888.74579000
957,2021-06-09 12:00:00,34972.42000000,36736.00000000,34512.94000000,36357.11000000,38906.50305400
958,2021-06-09 16:00:00,36356.42000000,37000.00000000,35650.16000000,36260.45000000,25218.74536000
959,2021-06-09 20:00:00,36260.45000000,37534.79000000,36112.00000000,37388.05000000,15601.78148100
960,2021-06-10 00:00:00,37388.05000000,37666.11000000,36751.07000000,36959.69000000,15106.20934800
961,2021-06-10 04:00:00,36959.70000000,37220.99000000,36500.00000000,36962.14000000,12050.34945900
962,2021-06-10 08:00:00,36962.12000000,38491.00000000,36242.57000000,37818.54000000,29837.78566900
963,2021-06-10 12:00:00,37819.27000000,38198.23000000,36612.00000000,36896.75000000,23315.07767800
964,2021-06-10 16:00:00,36896.65000000,37150.00000000,36100.00000000,36675.09000000,15795.99163100
965,2021-06-10 20:00:00,36675.10000000,37088.00000000,35782.00000000,36675.72000000,13421.87115800
966,2021-06-11 00:00:00,36677.83000000,37300.00000000,35936.77000000,36754.40000000,13593.74551400
967,2021-06-11 04:00:00,36754.41000000,37435.00000000,36390.32000000,37147.55000000,13931.72954000
968,2021-06-11 08:00:00,37147.56000000,37680.40000000,36921.00000000,37378.82000000,14475.66291400
969,2021-06-11 12:00:00,37378.82000000,37589.00000000,36747.62000000,36818.41000000,12282.87087400
970,2021-06-11 16:00:00,36818.42000000,37419.01000000,36511.52000000,37246.77000000,12329.34358200
971,2021-06-11 20:00:00,37246.76000000,37498.58000000,36745.00000000,37331.98000000,11852.65287600
972,2021-06-12 00:00:00,37331.98000000,37463.63000000,35277.00000000,35571.19000000,24477.86472000
973,2021-06-12 04:00:00,35572.84000000,35726.68000000,35000.00000000,35289.06000000,15392.99260300
974,2021-06-12 08:00:00,35289.06000000,35900.00000000,34600.36000000,35596.70000000,18010.31080800
975,2021-06-12 12:00:00,35597.50000000,36238.00000000,35315.00000000,35384.96000000,14248.78019900
976,2021-06-12 16:00:00,35384.96000000,35997.67000000,35300.00000000,35730.00000000,8363.09787400
977,2021-06-12 20:00:00,35730.01000000,36143.93000000,35420.32000000,35546.11000000,7224.50378600
978,2021-06-13 00:00:00,35546.12000000,35926.96000000,34816.02000000,34867.80000000,9711.33353200
979,2021-06-13 04:00:00,34867.81000000,35499.86000000,34757.00000000,35280.02000000,8911.50791600
980,2021-06-13 08:00:00,35282.02000000,36099.00000000,35171.55000000,35904.03000000,10701.32834800
981,2021-06-13 12:00:00,35904.02000000,36150.00000000,35670.00000000,36034.97000000,9405.69857500
982,2021-06-13 16:00:00,36034.96000000,37750.14000000,35970.00000000,37650.00000000,22064.60781000
983,2021-06-13 20:00:00,37650.00000000,39380.00000000,37636.18000000,39020.57000000,26126.54937400
984,2021-06-14 00:00:00,39020.56000000,39800.00000000,38730.00000000,38975.14000000,19015.54058600
985,2021-06-14 04:00:00,38975.14000000,39700.00000000,38782.34000000,39555.24000000,12639.85818600
986,2021-06-14 08:00:00,39555.25000000,39629.01000000,38820.00000000,39166.33000000,13481.89623600
987,2021-06-14 12:00:00,39166.33000000,41064.05000000,39040.00000000,40685.37000000,32269.37525900
988,2021-06-14 16:00:00,40685.37000000,40740.03000000,39323.10000000,39716.06000000,19945.82700500
989,2021-06-14 20:00:00,39716.06000000,40605.87000000,39602.00000000,40516.29000000,11169.89467700
990,2021-06-15 00:00:00,40516.28000000,40900.00000000,39856.60000000,40404.86000000,12104.79445500
991,2021-06-15 04:00:00,40403.13000000,40580.00000000,40100.00000000,40365.74000000,8921.67520900
992,2021-06-15 08:00:00,40367.41000000,40400.00000000,39531.00000000,39839.90000000,13863.18214500
993,2021-06-15 12:00:00,39839.90000000,40450.00000000,39720.00000000,40065.01000000,12670.08089400
994,2021-06-15 16:00:00,40065.01000000,41330.00000000,39768.00000000,39958.01000000,22512.74592500
995,2021-06-15 20:00:00,39957.76000000,40365.27000000,39506.40000000,40144.04000000,10607.14421000
996,2021-06-16 00:00:00,40143.80000000,40181.95000000,39610.00000000,40013.63000000,7196.47463300
997,2021-06-16 04:00:00,40013.64000000,40527.14000000,39840.00000000,40126.87000000,14664.54418400
998,2021-06-16 08:00:00,40126.87000000,40260.14000000,38877.46000000,39080.01000000,16161.83647700
999,2021-06-16 12:00:00,39080.01000000,39504.99000000,38565.00000000,38775.66000000,16463.57803900
1000,2021-06-16 16:00:00,38775.66000000,39735.52000000,38301.68000000,38680.11000000,23114.72511500
1001,2021-06-16 20:00:00,38680.10000000,38925.00000000,38116.01000000,38349.01000000,10170.81848900
1002,2021-06-17 00:00:00,38349.00000000,38978.75000000,38213.23000000,38865.05000000,8985.15627900
1003,2021-06-17 04:00:00,38865.05000000,39400.00000000,38644.40000000,39207.36000000,11394.73100000
1004,2021-06-17 08:00:00,39208.67000000,39559.88000000,39057.27000000,39146.36000000,10847.19742600
1005,2021-06-17 12:00:00,39148.26000000,39195.90000000,38411.39000000,39007.91000000,15961.09659000
1006,2021-06-17 16:00:00,39008.01000000,39111.56000000,37505.00000000,37702.53000000,21600.73207300
1007,2021-06-17 20:00:00,37702.53000000,38258.00000000,37365.00000000,38092.97000000,10752.39375100
1008,2021-06-18 00:00:00,38092.97000000,38202.84000000,37213.00000000,37926.79000000,11186.10112500
1009,2021-06-18 04:00:00,37926.78000000,38148.11000000,37377.00000000,37715.03000000,10812.07648700
1010,2021-06-18 08:00:00,37715.04000000,38029.99000000,37063.80000000,37821.95000000,15124.11803400
1011,2021-06-18 12:00:00,37818.57000000,37948.55000000,36278.50000000,36355.10000000,24222.20162500
1012,2021-06-18 16:00:00,36355.97000000,36818.44000000,35129.29000000,35327.24000000,22970.08792300
1013,2021-06-18 20:00:00,35323.65000000,35928.39000000,35232.26000000,35819.84000000,10913.45774100
1014,2021-06-19 00:00:00,35820.48000000,36297.30000000,34803.52000000,35103.44000000,14164.14833600
1015,2021-06-19 04:00:00,35103.44000000,35873.90000000,34961.39000000,35785.96000000,12578.95653600
1016,2021-06-19 08:00:00,35785.95000000,35995.00000000,35561.81000000,35940.22000000,8978.99194300
1017,2021-06-19 12:00:00,35940.22000000,36457.00000000,35550.00000000,36114.85000000,15007.23098800
1018,2021-06-19 16:00:00,36114.85000000,36210.00000000,35360.08000000,35943.65000000,10375.91885900
1019,2021-06-19 20:00:00,35943.65000000,36200.00000000,35394.75000000,35483.72000000,7607.20279900
1020,2021-06-20 00:00:00,35483.72000000,35800.00000000,35119.21000000,35527.24000000,8060.73368900
1021,2021-06-20 04:00:00,35527.25000000,35922.00000000,35363.02000000,35637.71000000,7298.44262600
1022,2021-06-20 08:00:00,35637.72000000,35693.88000000,33724.48000000,33872.90000000,24304.19049100
1023,2021-06-20 12:00:00,33870.56000000,34666.00000000,33336.00000000,34422.71000000,23737.23966600
1024,2021-06-20 16:00:00,34422.11000000,35700.92000000,34289.00000000,35502.82000000,13435.42780100
1025,2021-06-20 20:00:00,35502.83000000,36137.72000000,35380.00000000,35600.16000000,13042.13657700
1026,2021-06-21 00:00:00,35600.17000000,35750.00000000,34566.82000000,34649.63000000,12048.18009000
1027,2021-06-21 04:00:00,34651.86000000,34725.82000000,32266.00000000,33025.50000000,38363.45210800
1028,2021-06-21 08:00:00,33025.50000000,33577.12000000,31710.00000000,32520.56000000,46870.92431700
1029,2021-06-21 12:00:00,32530.68000000,33222.22000000,31927.91000000,32687.99000000,26966.55245500
1030,2021-06-21 16:00:00,32685.84000000,33000.00000000,32034.52000000,32563.89000000,18931.96224300
1031,2021-06-21 20:00:00,32563.89000000,32800.00000000,31251.23000000,31608.93000000,25597.80194600
1032,2021-06-22 00:00:00,31614.12000000,33260.00000000,31168.00000000,33018.22000000,23909.81423900
1033,2021-06-22 04:00:00,33018.21000000,33109.81000000,32479.00000000,32648.98000000,10838.81438400
1034,2021-06-22 08:00:00,32647.96000000,32658.63000000,31112.00000000,31243.41000000,31110.25148000
1035,2021-06-22 12:00:00,31236.53000000,31980.00000000,28805.00000000,31708.08000000,86060.16240000
1036,2021-06-22 16:00:00,31707.56000000,33298.78000000,31620.00000000,32404.06000000,37371.54578400
1037,2021-06-22 20:00:00,32404.06000000,32987.00000000,32150.00000000,32509.56000000,14917.59147500
1038,2021-06-23 00:00:00,32509.56000000,34444.00000000,31683.00000000,33966.43000000,32702.64456400
1039,2021-06-23 04:00:00,33969.69000000,34392.10000000,33574.11000000,33982.26000000,18440.42542600
1040,2021-06-23 08:00:00,33982.26000000,34500.00000000,33650.21000000,33911.39000000,18341.76516900
1041,2021-06-23 12:00:00,33911.40000000,34881.00000000,33400.30000000,33490.14000000,28265.87314500
1042,2021-06-23 16:00:00,33490.14000000,33947.17000000,32870.99000000,32879.97000000,16689.64372800
1043,2021-06-23 20:00:00,32882.50000000,33785.26000000,32749.01000000,33678.07000000,12525.74853100
1044,2021-06-24 00:00:00,33675.07000000,33879.99000000,32339.82000000,32589.20000000,14734.38687800
1045,2021-06-24 04:00:00,32589.20000000,33280.55000000,32286.57000000,32853.74000000,13051.05590800
1046,2021-06-24 08:00:00,32853.74000000,33930.23000000,32820.61000000,33850.77000000,13506.33742900
1047,2021-06-24 12:00:00,33850.78000000,34583.58000000,33756.04000000,33886.52000000,18730.79426700
1048,2021-06-24 16:00:00,33888.81000000,35298.00000000,33751.00000000,34857.73000000,18670.72420200
1049,2021-06-24 20:00:00,34854.63000000,34999.09000000,34512.00000000,34663.09000000,7932.50557600
1050,2021-06-25 00:00:00,34663.08000000,35500.00000000,34251.00000000,35052.07000000,14634.09345600
1051,2021-06-25 04:00:00,35057.70000000,35100.00000000,33961.48000000,34283.82000000,12494.56734700
1052,2021-06-25 08:00:00,34281.37000000,34480.00000000,33234.37000000,33311.96000000,19245.55540900
1053,2021-06-25 12:00:00,33311.96000000,33600.77000000,32351.00000000,32607.07000000,26868.15801900
1054,2021-06-25 16:00:00,32607.07000000,32910.64000000,31500.00000000,32220.74000000,28395.53499100
1055,2021-06-25 20:00:00,32222.91000000,32369.00000000,31275.00000000,31584.45000000,14423.22113400
1056,2021-06-26 00:00:00,31576.09000000,32268.91000000,31300.00000000,31977.59000000,12066.94798800
1057,2021-06-26 04:00:00,31979.71000000,32730.00000000,30573.77000000,30720.37000000,21059.90293200
1058,2021-06-26 08:00:00,30713.54000000,31883.60000000,30151.00000000,31777.73000000,28487.35290100
1059,2021-06-26 12:00:00,31777.90000000,31985.00000000,30505.00000000,31523.50000000,22191.32758200
1060,2021-06-26 16:00:00,31526.88000000,31910.00000000,30776.63000000,31573.98000000,13194.03851400
1061,2021-06-26 20:00:00,31573.97000000,32300.24000000,30905.78000000,32283.65000000,10820.80537000
1062,2021-06-27 00:00:00,32283.65000000,33200.00000000,31973.45000000,33146.91000000,20041.66289800
1063,2021-06-27 04:00:00,33146.91000000,33499.00000000,32811.90000000,33283.17000000,13758.16228000
1064,2021-06-27 08:00:00,33291.81000000,33451.00000000,32268.00000000,33246.55000000,18424.57704400
1065,2021-06-27 12:00:00,33246.56000000,33574.32000000,32717.52000000,33200.02000000,13308.27972100
1066,2021-06-27 16:00:00,33200.06000000,33400.00000000,32574.28000000,32815.19000000,10413.35419200
1067,2021-06-27 20:00:00,32815.18000000,34749.00000000,32357.13000000,34700.34000000,20667.20807600
1068,2021-06-28 00:00:00,34702.49000000,34972.28000000,34254.75000000,34398.36000000,12050.24968700
1069,2021-06-28 04:00:00,34395.03000000,35297.71000000,34275.87000000,35028.69000000,14393.10774200
1070,2021-06-28 08:00:00,35028.69000000,35172.21000000,33960.00000000,34107.20000000,18422.22846400
1071,2021-06-28 12:00:00,34107.20000000,35000.00000000,33862.72000000,34969.99000000,16668.80628300
1072,2021-06-28 16:00:00,34969.98000000,35030.92000000,33931.00000000,34441.77000000,13191.36247300
1073,2021-06-28 20:00:00,34441.77000000,34819.00000000,34112.03000000,34494.89000000,7496.51317000
1074,2021-06-29 00:00:00,34494.89000000,35169.56000000,34225.43000000,34577.16000000,10660.33582900
1075,2021-06-29 04:00:00,34577.09000000,35448.00000000,34534.00000000,34849.27000000,13902.37626900
1076,2021-06-29 08:00:00,34849.20000000,35768.90000000,34730.00000000,35555.62000000,18117.62780300
1077,2021-06-29 12:00:00,35555.64000000,36428.00000000,35343.12000000,36248.99000000,24761.57340200
1078,2021-06-29 16:00:00,36248.99000000,36600.00000000,36050.00000000,36382.39000000,12608.46703400
1079,2021-06-29 20:00:00,36382.39000000,36488.70000000,35700.01000000,35911.73000000,10738.41588300
1080,2021-06-30 00:00:00,35911.72000000,36100.00000000,34936.00000000,35119.99000000,10635.08798300
1081,2021-06-30 04:00:00,35119.99000000,35290.97000000,34666.00000000,35250.54000000,14395.66873700
1082,2021-06-30 08:00:00,35250.54000000,35333.33000000,34401.01000000,34849.99000000,13891.52965400
1083,2021-06-30 12:00:00,34849.99000000,35010.85000000,34083.92000000,34193.44000000,13930.30833100
1084,2021-06-30 16:00:00,34193.44000000,34899.00000000,34017.55000000,34743.56000000,12128.06155200
1085,2021-06-30 20:00:00,34743.56000000,35194.04000000,34391.43000000,35045.00000000,12171.54137700
1086,2021-07-01 00:00:00,35045.00000000,35057.57000000,34120.00000000,34120.01000000,9448.17188900
1087,2021-07-01 04:00:00,34120.01000000,34467.09000000,33312.52000000,33348.30000000,15251.68312800
1088,2021-07-01 08:00:00,33350.00000000,33749.00000000,33001.00000000,33717.52000000,13370.62460000
1089,2021-07-01 12:00:00,33717.52000000,33917.93000000,33055.00000000,33432.54000000,13280.17268200
1090,2021-07-01 16:00:00,33432.54000000,33654.49000000,32711.00000000,33091.48000000,12799.47703300
1091,2021-07-01 20:00:00,33091.48000000,33649.00000000,33091.48000000,33504.69000000,7558.13678000
1092,2021-07-02 00:00:00,33502.33000000,33977.04000000,32767.74000000,32907.22000000,9793.72481800
1093,2021-07-02 04:00:00,32907.22000000,33500.36000000,32699.00000000,33358.26000000,9171.45818500
1094,2021-07-02 08:00:00,33358.32000000,33620.00000000,32770.00000000,33023.01000000,10637.55849500
1095,2021-07-02 12:00:00,33023.35000000,33724.34000000,32872.00000000,33704.91000000,12912.41869700
1096,2021-07-02 16:00:00,33704.90000000,33795.16000000,33109.76000000,33327.71000000,7029.74519600
1097,2021-07-02 20:00:00,33327.71000000,33898.95000000,33041.65000000,33786.55000000,6627.27598700
1098,2021-07-03 00:00:00,33786.54000000,33914.60000000,33316.73000000,33524.47000000,5473.35392900
1099,2021-07-03 04:00:00,33524.48000000,34663.48000000,33444.25000000,34499.54000000,9114.37611100
1100,2021-07-03 08:00:00,34499.53000000,34780.00000000,34406.00000000,34608.04000000,9722.86069300
1101,2021-07-03 12:00:00,34608.04000000,34816.50000000,34470.00000000,34608.48000000,5945.66025100
1102,2021-07-03 16:00:00,34608.48000000,34945.61000000,34485.49000000,34745.98000000,5599.18908100
1103,2021-07-03 20:00:00,34745.99000000,34914.76000000,34250.48000000,34669.13000000,7189.13857600
1104,2021-07-04 00:00:00,34669.12000000,34771.64000000,34357.15000000,34641.61000000,4554.15036100
1105,2021-07-04 04:00:00,34641.62000000,35727.00000000,34621.41000000,35600.63000000,12944.36734100
1106,2021-07-04 08:00:00,35603.02000000,35687.18000000,35364.21000000,35512.34000000,6624.02832100
1107,2021-07-04 12:00:00,35512.34000000,35572.72000000,35230.76000000,35513.29000000,5663.23474000
1108,2021-07-04 16:00:00,35513.28000000,35687.54000000,35385.00000000,35575.01000000,5385.77536400
1109,2021-07-04 20:00:00,35575.01000000,35967.85000000,35135.00000000,35286.51000000,8531.91966200
1110,2021-07-05 00:00:00,35288.13000000,35293.78000000,34180.18000000,34350.89000000,11996.62204400
1111,2021-07-05 04:00:00,34351.25000000,34415.64000000,34000.00000000,34256.17000000,10134.85081900
1112,2021-07-05 08:00:00,34257.37000000,34558.99000000,33300.00000000,33379.96000000,13547.30267600
1113,2021-07-05 12:00:00,33379.96000000,33777.00000000,33301.22000000,33585.91000000,10002.89574000
1114,2021-07-05 16:00:00,33585.89000000,34274.33000000,33125.55000000,34117.97000000,11504.59106800
1115,2021-07-05 20:00:00,34117.98000000,34210.00000000,33670.01000000,33690.14000000,6937.61189800
1116,2021-07-06 00:00:00,33690.15000000,34169.10000000,33634.76000000,33920.69000000,5629.95420000
1117,2021-07-06 04:00:00,33920.69000000,34959.73000000,33908.09000000,34874.85000000,11865.17587500
1118,2021-07-06 08:00:00,34874.85000000,35118.88000000,33730.00000000,34067.31000000,15276.33286700
1119,2021-07-06 12:00:00,34067.31000000,34516.38000000,33800.01000000,34042.43000000,11702.40108800
1120,2021-07-06 16:00:00,34042.44000000,34190.00000000,33532.00000000,34019.99000000,8290.83775700
1121,2021-07-06 20:00:00,34019.99000000,34323.77000000,33628.81000000,34220.01000000,5445.89456200
1122,2021-07-07 00:00:00,34220.02000000,34530.00000000,33941.00000000,34446.50000000,11101.28221200
1123,2021-07-07 04:00:00,34445.55000000,34919.28000000,34373.02000000,34710.38000000,11129.03116000
1124,2021-07-07 08:00:00,34710.40000000,34989.00000000,34457.11000000,34827.96000000,8225.43788100
1125,2021-07-07 12:00:00,34827.97000000,35059.09000000,34477.13000000,34528.60000000,9621.90750600
1126,2021-07-07 16:00:00,34528.60000000,34784.00000000,34412.43000000,34628.72000000,5806.11186800
1127,2021-07-07 20:00:00,34628.71000000,34628.71000000,33777.77000000,33862.12000000,7923.75104800
1128,2021-07-08 00:00:00,33862.11000000,33929.64000000,33066.00000000,33305.65000000,14140.83217200
1129,2021-07-08 04:00:00,33305.66000000,33512.53000000,32242.07000000,32487.57000000,16322.33581200
1130,2021-07-08 08:00:00,32487.56000000,32748.88000000,32077.00000000,32696.44000000,15022.67098000
1131,2021-07-08 12:00:00,32696.43000000,32988.87000000,32350.00000000,32900.01000000,10513.95442800
1132,2021-07-08 16:00:00,32900.05000000,33177.06000000,32641.36000000,33003.52000000,7693.81997600
1133,2021-07-08 20:00:00,33002.45000000,33067.09000000,32508.00000000,32875.71000000,6442.86695200
1134,2021-07-09 00:00:00,32875.71000000,33100.00000000,32261.07000000,32941.81000000,10152.73352900
1135,2021-07-09 04:00:00,32941.81000000,33310.00000000,32742.00000000,32910.21000000,7671.50457200
1136,2021-07-09 08:00:00,32902.13000000,33065.00000000,32598.00000000,32774.99000000,6198.98094400
1137,2021-07-09 12:00:00,32774.99000000,33682.43000000,32635.08000000,33558.67000000,11898.29508100
1138,2021-07-09 16:00:00,33558.81000000,33696.40000000,33287.00000000,33445.31000000,4967.91252400
1139,2021-07-09 20:00:00,33445.31000000,34100.00000000,33374.83000000,33815.81000000,6264.51324900
1140,2021-07-10 00:00:00,33815.81000000,34262.00000000,33631.00000000,33800.03000000,6746.82997100
1141,2021-07-10 04:00:00,33800.04000000,33909.67000000,33458.84000000,33766.01000000,5186.81936800
1142,2021-07-10 08:00:00,33766.01000000,33950.00000000,33565.00000000,33793.94000000,5564.21435700
1143,2021-07-10 12:00:00,33793.95000000,33943.40000000,33634.16000000,33862.54000000,4351.61998800
1144,2021-07-10 16:00:00,33862.55000000,34192.00000000,33223.31000000,33409.92000000,8230.26531700
1145,2021-07-10 20:00:00,33411.41000000,33698.99000000,33004.78000000,33502.87000000,4681.42646700
1146,2021-07-11 00:00:00,33502.87000000,33817.83000000,33387.72000000,33448.97000000,4140.62240700
1147,2021-07-11 04:00:00,33448.97000000,33642.74000000,33306.47000000,33508.83000000,3654.10805200
1148,2021-07-11 08:00:00,33508.82000000,33870.00000000,33424.84000000,33814.84000000,5115.48880100
1149,2021-07-11 12:00:00,33814.82000000,33994.69000000,33654.36000000,33948.68000000,4991.53490000
1150,2021-07-11 16:00:00,33948.68000000,34123.08000000,33779.68000000,33894.57000000,4947.45172100
1151,2021-07-11 20:00:00,33894.57000000,34666.00000000,33710.94000000,34258.99000000,8723.44156700
1152,2021-07-12 00:00:00,34259.00000000,34537.39000000,34006.92000000,34447.92000000,6394.39918900
1153,2021-07-12 04:00:00,34447.92000000,34678.43000000,34160.39000000,34281.74000000,6643.00024400
1154,2021-07-12 08:00:00,34281.74000000,34488.27000000,33525.66000000,33530.00000000,9513.20322100
1155,2021-07-12 12:00:00,33530.00000000,33636.92000000,33316.20000000,33337.49000000,7924.80962700
1156,2021-07-12 16:00:00,33337.49000000,33441.00000000,32750.00000000,32822.85000000,10522.02244800
1157,2021-07-12 20:00:00,32822.85000000,33284.99000000,32658.34000000,33086.63000000,7183.96903300
1158,2021-07-13 00:00:00,33086.94000000,33229.00000000,32830.98000000,33071.14000000,4947.52162800
1159,2021-07-13 04:00:00,33071.13000000,33333.33000000,32742.01000000,33180.08000000,6496.09788200
1160,2021-07-13 08:00:00,33180.11000000,33340.00000000,32912.29000000,33042.61000000,5782.92672500
1161,2021-07-13 12:00:00,33042.61000000,33049.00000000,32280.00000000,32790.08000000,12381.56509900
1162,2021-07-13 16:00:00,32791.71000000,32956.26000000,32231.42000000,32309.69000000,6807.50154200
1163,2021-07-13 20:00:00,32309.69000000,32750.00000000,32202.25000000,32729.77000000,4710.74813200
1164,2021-07-14 00:00:00,32729.12000000,32807.41000000,31650.61000000,31830.01000000,9403.24457900
1165,2021-07-14 04:00:00,31830.01000000,32015.98000000,31655.83000000,31920.01000000,7033.82720000
1166,2021-07-14 08:00:00,31920.01000000,32707.27000000,31550.00000000,32451.99000000,10994.01987300
1167,2021-07-14 12:00:00,32450.95000000,32959.21000000,32280.00000000,32786.00000000,9288.74929000
1168,2021-07-14 16:00:00,32786.01000000,33114.03000000,32564.44000000,32729.76000000,5992.57338800
1169,2021-07-14 20:00:00,32729.77000000,33063.82000000,32681.00000000,32820.02000000,4065.40915400
1170,2021-07-15 00:00:00,32820.03000000,33185.25000000,32580.12000000,32641.65000000,6148.80327400
1171,2021-07-15 04:00:00,32641.66000000,32691.42000000,32359.65000000,32469.50000000,5710.03684500
1172,2021-07-15 08:00:00,32468.30000000,32620.31000000,31800.00000000,31880.50000000,10566.21097500
1173,2021-07-15 12:00:00,31880.50000000,32152.97000000,31455.00000000,31677.01000000,11900.64235400
1174,2021-07-15 16:00:00,31678.50000000,31800.00000000,31133.00000000,31533.62000000,11274.22424100
1175,2021-07-15 20:00:00,31538.92000000,31898.00000000,31503.35000000,31880.00000000,6039.65866400
1176,2021-07-16 00:00:00,31874.49000000,32049.45000000,31556.95000000,31914.89000000,7547.70563000
1177,2021-07-16 04:00:00,31914.90000000,32020.00000000,31548.15000000,31774.49000000,5955.45935000
1178,2021-07-16 08:00:00,31779.98000000,31779.99000000,31020.00000000,31086.53000000,9817.25964500
1179,2021-07-16 12:00:00,31086.52000000,32212.52000000,31067.43000000,32127.39000000,12455.17198000
1180,2021-07-16 16:00:00,32127.40000000,32249.18000000,31810.00000000,31911.34000000,7164.49523700
1181,2021-07-16 20:00:00,31911.34000000,31987.00000000,31336.98000000,31383.87000000,5559.77231200
1182,2021-07-17 00:00:00,31383.86000000,31642.64000000,31164.31000000,31306.56000000,6640.36116100
1183,2021-07-17 04:00:00,31306.57000000,31590.94000000,31190.00000000,31513.64000000,4254.42071000
1184,2021-07-17 08:00:00,31513.64000000,31955.92000000,31250.00000000,31391.33000000,7911.89144800
1185,2021-07-17 12:00:00,31391.34000000,31772.02000000,31341.16000000,31764.75000000,6390.01417000
1186,2021-07-17 16:00:00,31763.98000000,31920.00000000,31537.00000000,31834.33000000,4771.87229400
1187,2021-07-17 20:00:00,31834.33000000,31898.50000000,31480.66000000,31520.07000000,4043.68234900
1188,2021-07-18 00:00:00,31520.07000000,32435.00000000,31463.00000000,32166.00000000,9525.16544000
1189,2021-07-18 04:00:00,32166.00000000,32190.45000000,31680.01000000,31712.10000000,4236.03886000
1190,2021-07-18 08:00:00,31712.10000000,31868.53000000,31565.58000000,31801.01000000,5175.57309600
1191,2021-07-18 12:00:00,31801.79000000,31849.54000000,31108.97000000,31365.60000000,7538.71336200
1192,2021-07-18 16:00:00,31365.60000000,31763.11000000,31290.00000000,31643.80000000,4220.05353500
1193,2021-07-18 20:00:00,31642.91000000,31943.00000000,31420.00000000,31778.56000000,5228.17189300
1194,2021-07-19 00:00:00,31778.57000000,31861.79000000,31431.87000000,31541.57000000,4294.21150700
1195,2021-07-19 04:00:00,31541.58000000,31899.00000000,31523.28000000,31604.33000000,5716.09888800
1196,2021-07-19 08:00:00,31604.32000000,31669.73000000,31155.00000000,31265.92000000,7788.61964100
1197,2021-07-19 12:00:00,31267.84000000,31375.00000000,30407.44000000,30687.96000000,19316.74319300
1198,2021-07-19 16:00:00,30687.84000000,30857.61000000,30520.01000000,30744.97000000,5549.81822100
1199,2021-07-19 20:00:00,30744.84000000,30984.40000000,30691.72000000,30839.65000000,4674.97704900
1200,2021-07-20 00:00:00,30839.65000000,31063.07000000,29501.00000000,29600.46000000,18338.74350400
1201,2021-07-20 04:00:00,29600.46000000,29938.71000000,29505.95000000,29821.73000000,9286.99603500
1202,2021-07-20 08:00:00,29821.72000000,29888.18000000,29278.00000000,29692.79000000,10902.61869100
1203,2021-07-20 12:00:00,29693.63000000,29988.00000000,29279.13000000,29888.36000000,10561.03842700
1204,2021-07-20 16:00:00,29890.80000000,29984.82000000,29605.00000000,29780.86000000,5908.47178000
1205,2021-07-20 20:00:00,29780.87000000,29994.41000000,29500.00000000,29790.35000000,6036.18058000
1206,2021-07-21 00:00:00,29790.34000000,29910.00000000,29482.61000000,29845.10000000,5859.10788900
1207,2021-07-21 04:00:00,29845.11000000,30942.42000000,29830.51000000,30817.84000000,14240.03811700
1208,2021-07-21 08:00:00,30817.84000000,31655.00000000,30716.37000000,31534.11000000,13814.79953400
1209,2021-07-21 12:00:00,31534.12000000,31969.99000000,31419.60000000,31933.00000000,13106.88962300
1210,2021-07-21 16:00:00,31934.54000000,32858.00000000,31584.52000000,31627.57000000,26170.73184900
1211,2021-07-21 20:00:00,31627.58000000,32247.63000000,31516.30000000,32144.51000000,9604.69811600
1212,2021-07-22 00:00:00,32144.51000000,32376.78000000,31777.00000000,31929.64000000,7470.53810200
1213,2021-07-22 04:00:00,31929.64000000,32344.90000000,31860.00000000,32129.75000000,6901.99442100
1214,2021-07-22 08:00:00,32129.74000000,32259.00000000,31708.00000000,31913.64000000,8953.17434700
1215,2021-07-22 12:00:00,31913.64000000,32584.06000000,31724.39000000,32504.82000000,11055.71644200
1216,2021-07-22 16:00:00,32504.83000000,32591.35000000,32222.00000000,32376.93000000,6869.40627000
1217,2021-07-22 20:00:00,32376.93000000,32487.19000000,32051.85000000,32287.83000000,4897.26285100
1218,2021-07-23 00:00:00,32287.58000000,32799.00000000,32201.02000000,32594.46000000,7723.29299200
1219,2021-07-23 04:00:00,32592.21000000,32915.00000000,32360.67000000,32490.00000000,7291.84756700
1220,2021-07-23 08:00:00,32489.99000000,32540.20000000,32210.00000000,32296.51000000,7547.76092300
1221,2021-07-23 12:00:00,32296.51000000,32599.86000000,32214.32000000,32315.00000000,6101.81994400
1222,2021-07-23 16:00:00,32314.99000000,32334.68000000,31924.32000000,32248.63000000,7081.55702000
1223,2021-07-23 20:00:00,32248.64000000,33650.00000000,32193.06000000,33634.09000000,14366.58518000
1224,2021-07-24 00:00:00,33634.10000000,33780.23000000,33401.14000000,33669.98000000,9212.22380600
1225,2021-07-24 04:00:00,33669.98000000,33934.25000000,33571.73000000,33806.50000000,7366.57808500
1226,2021-07-24 08:00:00,33806.49000000,34065.71000000,33542.40000000,33867.00000000,7637.06902200
1227,2021-07-24 12:00:00,33867.00000000,34047.86000000,33720.01000000,33847.51000000,6717.07085700
1228,2021-07-24 16:00:00,33847.51000000,34500.00000000,33703.73000000,33846.16000000,11502.63463700
1229,2021-07-24 20:00:00,33846.16000000,34283.42000000,33667.01000000,34258.14000000,5541.97373100
1230,2021-07-25 00:00:00,34261.51000000,34436.44000000,33851.12000000,34160.85000000,6479.03542300
1231,2021-07-25 04:00:00,34160.85000000,34785.33000000,34064.71000000,34695.51000000,8581.99757300
1232,2021-07-25 08:00:00,34695.51000000,34800.00000000,34238.56000000,34399.04000000,7805.78052700
1233,2021-07-25 12:00:00,34399.04000000,34434.06000000,33862.45000000,34174.08000000,8883.15147200
1234,2021-07-25 16:00:00,34174.08000000,34600.00000000,34090.63000000,34353.25000000,6901.21621500
1235,2021-07-25 20:00:00,34353.24000000,35398.00000000,34300.00000000,35381.02000000,9201.74710300
1236,2021-07-26 00:00:00,35381.02000000,39799.97000000,35205.78000000,38283.98000000,44848.51316200
1237,2021-07-26 04:00:00,38283.97000000,39265.17000000,37724.03000000,38150.00000000,20170.32045800
1238,2021-07-26 08:00:00,38149.99000000,38738.51000000,37661.70000000,38473.61000000,15469.51928500
1239,2021-07-26 12:00:00,38473.61000000,38880.00000000,37902.00000000,38562.21000000,14097.34812200
1240,2021-07-26 16:00:00,38562.21000000,40550.00000000,38492.31000000,39365.15000000,26121.20060300
1241,2021-07-26 20:00:00,39361.36000000,39510.96000000,36764.93000000,37237.60000000,31745.61109400
1242,2021-07-27 00:00:00,37241.33000000,37523.75000000,36383.00000000,36823.80000000,17410.42776200
1243,2021-07-27 04:00:00,36823.81000000,37325.71000000,36675.34000000,37115.11000000,10241.35732900
1244,2021-07-27 08:00:00,37115.10000000,38069.32000000,36969.52000000,38064.87000000,13230.90219300
1245,2021-07-27 12:00:00,38064.87000000,38771.91000000,37707.66000000,38209.58000000,20708.61988600
1246,2021-07-27 16:00:00,38209.58000000,38315.81000000,37350.00000000,37800.49000000,13516.22572300
1247,2021-07-27 20:00:00,37800.49000000,39542.61000000,37798.02000000,39457.87000000,13289.73412200
1248,2021-07-28 00:00:00,39456.61000000,40350.00000000,38904.11000000,39817.56000000,18736.76112900
1249,2021-07-28 04:00:00,39817.56000000,40183.67000000,39226.76000000,39895.88000000,13044.26039000
1250,2021-07-28 08:00:00,39897.97000000,40900.00000000,39359.21000000,40750.84000000,18688.60041200
1251,2021-07-28 12:00:00,40750.84000000,40871.59000000,39329.40000000,39689.04000000,20050.24891900
1252,2021-07-28 16:00:00,39689.04000000,40680.07000000,38772.00000000,40388.61000000,21791.61378500
1253,2021-07-28 20:00:00,40388.61000000,40388.61000000,39586.20000000,40019.56000000,9033.04380600
1254,2021-07-29 00:00:00,40019.57000000,40278.48000000,39200.00000000,39609.78000000,7942.15859800
1255,2021-07-29 04:00:00,39609.78000000,40270.53000000,39491.99000000,39934.62000000,7886.69517200
1256,2021-07-29 08:00:00,39935.00000000,40640.00000000,39501.78000000,39769.99000000,12722.69176900
1257,2021-07-29 12:00:00,39769.99000000,40143.74000000,39450.00000000,39939.33000000,9780.14414100
1258,2021-07-29 16:00:00,39939.32000000,40177.00000000,39390.00000000,39659.84000000,8247.47837600
1259,2021-07-29 20:00:00,39659.84000000,40419.30000000,39489.55000000,40016.48000000,7419.27122700
1260,2021-07-30 00:00:00,40018.49000000,40250.00000000,39742.59000000,39969.99000000,6810.12185600
1261,2021-07-30 04:00:00,39969.99000000,40030.00000000,39582.96000000,39726.01000000,7140.96040700
1262,2021-07-30 08:00:00,39726.00000000,39763.14000000,38313.23000000,38642.46000000,17816.37119200
1263,2021-07-30 12:00:00,38650.00000000,39161.97000000,38528.60000000,39073.85000000,7085.85344100
1264,2021-07-30 16:00:00,39072.65000000,39871.45000000,38871.74000000,39853.72000000,6298.82815300
1265,2021-07-30 20:00:00,39860.64000000,42316.71000000,39685.00000000,42206.37000000,28450.64975600
1266,2021-07-31 00:00:00,42206.36000000,42448.00000000,41627.60000000,41810.01000000,11056.64972000
1267,2021-07-31 04:00:00,41810.00000000,41876.34000000,41181.00000000,41540.32000000,7430.33264900
1268,2021-07-31 08:00:00,41540.31000000,41980.00000000,41337.02000000,41592.15000000,7037.95550600
1269,2021-07-31 12:00:00,41592.14000000,41746.64000000,41000.15000000,41537.83000000,6488.56398400
1270,2021-07-31 16:00:00,41535.71000000,41625.71000000,41033.00000000,41303.63000000,4894.69844800
1271,2021-07-31 20:00:00,41303.64000000,41984.73000000,41132.51000000,41461.83000000,7941.59070500
1272,2021-08-01 00:00:00,41461.84000000,42599.00000000,41120.00000000,42435.13000000,9535.62008500
1273,2021-08-01 04:00:00,42430.41000000,42441.26000000,41580.00000000,41701.26000000,7047.09903200
1274,2021-08-01 08:00:00,41701.25000000,41948.00000000,41325.00000000,41587.01000000,6239.30318900
1275,2021-08-01 12:00:00,41587.00000000,41810.00000000,41160.00000000,41286.98000000,6000.64521500
1276,2021-08-01 16:00:00,41286.99000000,41489.07000000,40600.00000000,41263.35000000,12022.76269600
1277,2021-08-01 20:00:00,41263.34000000,41500.00000000,39422.01000000,39845.44000000,13107.75610900
1278,2021-08-02 00:00:00,39850.27000000,40099.36000000,39250.00000000,39785.59000000,8426.72383400
1279,2021-08-02 04:00:00,39785.60000000,40480.01000000,39591.51000000,40104.45000000,7699.76667400
1280,2021-08-02 08:00:00,40104.45000000,40171.87000000,39319.00000000,39542.42000000,9194.08834400
1281,2021-08-02 12:00:00,39542.43000000,39818.18000000,38907.51000000,39705.12000000,10399.63937200
1282,2021-08-02 16:00:00,39705.12000000,39975.96000000,39012.17000000,39177.85000000,6981.93999900
1283,2021-08-02 20:00:00,39177.85000000,39545.24000000,38690.00000000,39147.82000000,8135.19373100
1284,2021-08-03 00:00:00,39146.86000000,39780.00000000,38512.00000000,38655.74000000,10785.42673800
1285,2021-08-03 04:00:00,38658.48000000,38828.59000000,37955.52000000,38593.44000000,10440.41683100
1286,2021-08-03 08:00:00,38593.43000000,38809.00000000,38315.00000000,38490.01000000,6220.13951900
1287,2021-08-03 12:00:00,38490.02000000,38703.00000000,37703.75000000,38169.44000000,14444.48130900
1288,2021-08-03 16:00:00,38169.45000000,38550.24000000,37642.03000000,38011.37000000,9155.33026800
1289,2021-08-03 20:00:00,38008.80000000,38643.00000000,37870.00000000,38207.05000000,6071.64118800
1290,2021-08-04 00:00:00,38207.04000000,38566.82000000,37890.54000000,37976.81000000,5603.62062800
1291,2021-08-04 04:00:00,37976.82000000,38213.99000000,37674.18000000,37828.84000000,7233.66204600
1292,2021-08-04 08:00:00,37828.84000000,38260.00000000,37508.56000000,38160.06000000,7663.71238700
1293,2021-08-04 12:00:00,38160.06000000,39472.47000000,38154.32000000,39302.00000000,16338.83650700
1294,2021-08-04 16:00:00,39302.00000000,39850.00000000,39240.20000000,39752.17000000,8424.94071000
1295,2021-08-04 20:00:00,39752.17000000,39969.66000000,39517.19000000,39723.18000000,7064.58015200
1296,2021-08-05 00:00:00,39723.17000000,39849.61000000,39167.00000000,39435.09000000,7934.42098500
1297,2021-08-05 04:00:00,39438.06000000,39530.60000000,38722.00000000,38870.59000000,6885.03536900
1298,2021-08-05 08:00:00,38870.58000000,38958.64000000,37821.00000000,38008.38000000,13385.77972200
1299,2021-08-05 12:00:00,38008.45000000,39370.00000000,37332.70000000,38750.01000000,23764.28639000
1300,2021-08-05 16:00:00,38750.00000000,41350.00000000,38737.31000000,40692.24000000,23948.94854500
1301,2021-08-05 20:00:00,40692.24000000,41290.01000000,40666.10000000,40862.46000000,8425.28461000
1302,2021-08-06 00:00:00,40862.46000000,41015.99000000,39900.39000000,40219.47000000,10179.81266500
1303,2021-08-06 04:00:00,40219.47000000,41199.99000000,39853.86000000,40729.59000000,10471.63135600
1304,2021-08-06 08:00:00,40731.00000000,41120.00000000,40387.77000000,40507.56000000,9492.76406500
1305,2021-08-06 12:00:00,40507.56000000,42455.73000000,40300.00000000,42199.98000000,16989.75986200
1306,2021-08-06 16:00:00,42199.97000000,43392.43000000,42199.97000000,42901.17000000,21395.29418600
1307,2021-08-06 20:00:00,42901.18000000,42967.68000000,42393.02000000,42836.87000000,7224.67921300
1308,2021-08-07 00:00:00,42836.87000000,43770.03000000,42579.16000000,43691.86000000,11688.33701600
1309,2021-08-07 04:00:00,43691.95000000,43930.40000000,43040.00000000,43207.89000000,9270.54791500
1310,2021-08-07 08:00:00,43207.89000000,43989.49000000,43110.01000000,43800.03000000,10822.60900000
1311,2021-08-07 12:00:00,43800.03000000,44555.00000000,43000.00000000,43370.23000000,18116.37053000
1312,2021-08-07 16:00:00,43370.23000000,44059.21000000,42446.41000000,43931.41000000,12351.12516500
1313,2021-08-07 20:00:00,43931.41000000,44700.00000000,43470.00000000,44572.54000000,11147.75118200
1314,2021-08-08 00:00:00,44572.54000000,44776.00000000,43785.00000000,44322.42000000,10785.35859500
1315,2021-08-08 04:00:00,44322.42000000,45310.00000000,44155.21000000,44804.51000000,14128.83612300
1316,2021-08-08 08:00:00,44804.51000000,45014.45000000,44071.82000000,44452.06000000,10893.16139700
1317,2021-08-08 12:00:00,44452.05000000,45198.27000000,43737.00000000,43984.55000000,13476.96877000
1318,2021-08-08 16:00:00,43988.88000000,44391.35000000,43261.00000000,43715.10000000,11337.28247200
1319,2021-08-08 20:00:00,43715.10000000,44581.00000000,43541.05000000,43794.37000000,8707.48534100
1320,2021-08-09 00:00:00,43794.36000000,43960.84000000,42779.00000000,43496.09000000,9844.91058100
1321,2021-08-09 04:00:00,43496.09000000,43845.39000000,43234.00000000,43800.74000000,6671.89059200
1322,2021-08-09 08:00:00,43800.74000000,46048.50000000,43600.92000000,45930.01000000,19251.35488100
1323,2021-08-09 12:00:00,45930.01000000,46250.00000000,45254.11000000,45870.75000000,15057.74357700
1324,2021-08-09 16:00:00,45870.76000000,46454.15000000,45671.24000000,45979.85000000,10396.79535400
1325,2021-08-09 20:00:00,45981.05000000,46412.99000000,44900.00000000,46253.40000000,13365.18986000
1326,2021-08-10 00:00:00,46248.87000000,46700.00000000,45629.67000000,45708.76000000,8694.64852500
1327,2021-08-10 04:00:00,45707.12000000,46023.92000000,45300.00000000,45948.00000000,6890.96556900
1328,2021-08-10 08:00:00,45948.00000000,46171.42000000,45192.79000000,45345.05000000,9924.83261100
1329,2021-08-10 12:00:00,45345.05000000,46097.99000000,44856.00000000,45165.73000000,12836.70703200
1330,2021-08-10 16:00:00,45161.75000000,45565.18000000,44589.46000000,45495.73000000,8533.18458200
1331,2021-08-10 20:00:00,45495.73000000,45906.54000000,45233.90000000,45584.99000000,6934.30510200
1332,2021-08-11 00:00:00,45585.00000000,45996.77000000,45341.14000000,45585.66000000,6407.59957200
1333,2021-08-11 04:00:00,45585.66000000,46433.67000000,45434.85000000,46349.25000000,8513.74732000
1334,2021-08-11 08:00:00,46349.26000000,46571.42000000,45850.00000000,45924.08000000,8369.54286300
1335,2021-08-11 12:00:00,45922.33000000,46743.47000000,45800.00000000,46456.02000000,12462.44705900
1336,2021-08-11 16:00:00,46456.91000000,46607.94000000,46205.37000000,46448.00000000,7047.21965000
1337,2021-08-11 20:00:00,46448.01000000,46680.00000000,45510.66000000,45511.00000000,9934.34551300
1338,2021-08-12 00:00:00,45510.67000000,46218.12000000,45392.44000000,45927.00000000,6720.17916500
1339,2021-08-12 04:00:00,45927.00000000,46016.57000000,44833.40000000,45243.61000000,12583.54279200
1340,2021-08-12 08:00:00,45243.61000000,45662.74000000,44600.00000000,44752.56000000,9468.94947800
1341,2021-08-12 12:00:00,44752.56000000,44968.29000000,43920.00000000,44196.19000000,12371.79324700
1342,2021-08-12 16:00:00,44196.19000000,44512.20000000,43770.00000000,44371.32000000,8352.49957100
1343,2021-08-12 20:00:00,44371.80000000,44549.99000000,43855.88000000,44399.00000000,5769.14452800
1344,2021-08-13 00:00:00,44400.06000000,44922.00000000,44217.39000000,44847.26000000,4783.84453200
1345,2021-08-13 04:00:00,44847.27000000,46336.00000000,44847.27000000,46103.51000000,7082.20008000
1346,2021-08-13 08:00:00,46103.50000000,46537.15000000,45959.90000000,46138.47000000,10390.65381500
1347,2021-08-13 12:00:00,46138.46000000,46666.00000000,46128.18000000,46357.15000000,8188.77812900
1348,2021-08-13 16:00:00,46357.15000000,46630.00000000,46222.31000000,46459.86000000,5176.56561800
1349,2021-08-13 20:00:00,46459.86000000,47886.00000000,46390.00000000,47800.00000000,12617.32825700
1350,2021-08-14 00:00:00,47799.99000000,47834.12000000,47382.00000000,47540.00000000,5483.03255500
1351,2021-08-14 04:00:00,47540.00000000,47722.98000000,47430.00000000,47616.12000000,4385.83905900
1352,2021-08-14 08:00:00,47616.12000000,48144.00000000,45971.03000000,46569.99000000,17186.76090300
1353,2021-08-14 12:00:00,46570.54000000,46950.00000000,46100.00000000,46944.47000000,8957.03475000
1354,2021-08-14 16:00:00,46944.47000000,47374.67000000,46568.21000000,47033.76000000,5068.16556000
1355,2021-08-14 20:00:00,47033.77000000,47213.88000000,46331.28000000,47068.51000000,5033.52619500
1356,2021-08-15 00:00:00,47068.50000000,47372.27000000,46802.00000000,46874.81000000,4539.14220900
1357,2021-08-15 04:00:00,46877.72000000,46888.00000000,45519.00000000,45742.92000000,8434.00718500
1358,2021-08-15 08:00:00,45738.34000000,46167.26000000,45555.55000000,45923.57000000,7872.99736000
1359,2021-08-15 12:00:00,45923.57000000,46498.89000000,45500.00000000,46167.90000000,7294.92087600
1360,2021-08-15 16:00:00,46173.49000000,46428.21000000,45649.82000000,46341.80000000,6649.77962600
1361,2021-08-15 20:00:00,46337.77000000,47299.15000000,46254.24000000,46973.82000000,7319.86407800
1362,2021-08-16 00:00:00,46973.82000000,48053.83000000,46741.44000000,47357.62000000,11907.63831700
1363,2021-08-16 04:00:00,47357.62000000,47719.30000000,47182.35000000,47309.85000000,6426.57381900
1364,2021-08-16 08:00:00,47309.85000000,47661.38000000,47000.00000000,47516.95000000,7355.61442900
1365,2021-08-16 12:00:00,47516.95000000,47709.12000000,45951.73000000,46344.03000000,13086.39401800
1366,2021-08-16 16:00:00,46344.03000000,46666.00000000,46067.51000000,46092.99000000,5808.06353100
1367,2021-08-16 20:00:00,46092.98000000,46337.62000000,45660.00000000,45901.29000000,7896.28990000
1368,2021-08-17 00:00:00,45901.30000000,46620.00000000,45239.45000000,46417.00000000,8744.88277500
1369,2021-08-17 04:00:00,46417.00000000,46600.00000000,45636.97000000,45947.49000000,6086.36122400
1370,2021-08-17 08:00:00,45947.49000000,47160.00000000,45885.01000000,46849.43000000,10128.56136700
1371,2021-08-17 12:00:00,46845.15000000,47082.60000000,45659.00000000,45730.00000000,10193.43844900
1372,2021-08-17 16:00:00,45730.00000000,46222.40000000,45287.55000000,45465.01000000,9427.52151500
1373,2021-08-17 20:00:00,45465.01000000,45543.44000000,44376.00000000,44695.95000000,12458.57629900
1374,2021-08-18 00:00:00,44695.95000000,45135.40000000,44203.28000000,45055.78000000,12688.75316800
1375,2021-08-18 04:00:00,45055.78000000,45500.00000000,44853.80000000,44951.32000000,7173.93174600
1376,2021-08-18 08:00:00,44951.31000000,45560.00000000,44650.00000000,44746.59000000,7560.81495400
1377,2021-08-18 12:00:00,44746.60000000,45833.00000000,44650.01000000,45820.00000000,9501.55733700
1378,2021-08-18 16:00:00,45820.00000000,46000.00000000,44772.65000000,44901.12000000,10026.75773500
1379,2021-08-18 20:00:00,44901.11000000,45192.89000000,44401.00000000,44705.29000000,7147.60104500
1380,2021-08-19 00:00:00,44699.37000000,45234.56000000,44044.65000000,44046.97000000,8549.99352700
1381,2021-08-19 04:00:00,44046.97000000,44660.90000000,43927.70000000,44660.01000000,8346.71903400
1382,2021-08-19 08:00:00,44660.01000000,45000.00000000,44175.47000000,44215.25000000,7506.52209400
1383,2021-08-19 12:00:00,44215.24000000,45800.00000000,44123.65000000,45779.58000000,11037.74277800
1384,2021-08-19 16:00:00,45779.59000000,46757.01000000,45405.86000000,46710.00000000,11398.80655500
1385,2021-08-19 20:00:00,46710.00000000,47033.00000000,46340.12000000,46760.62000000,6571.96993200
1386,2021-08-20 00:00:00,46760.62000000,47390.00000000,46622.99000000,47054.74000000,8538.71641100
1387,2021-08-20 04:00:00,47054.75000000,47246.39000000,46700.24000000,46833.48000000,7094.04121100
1388,2021-08-20 08:00:00,46833.48000000,47357.67000000,46720.00000000,46922.34000000,7777.97050600
1389,2021-08-20 12:00:00,46922.34000000,48720.29000000,46888.19000000,48718.38000000,15690.23501700
1390,2021-08-20 16:00:00,48718.38000000,49096.34000000,48289.43000000,48684.16000000,10506.21597800
1391,2021-08-20 20:00:00,48684.16000000,49382.99000000,48598.01000000,49322.47000000,7243.17310500
1392,2021-08-21 00:00:00,49322.47000000,49357.62000000,48670.10000000,48828.17000000,5988.24084100
1393,2021-08-21 04:00:00,48828.17000000,48990.00000000,48555.00000000,48944.23000000,5437.24514700
1394,2021-08-21 08:00:00,48944.22000000,49400.00000000,48222.00000000,48501.87000000,12846.81785600
1395,2021-08-21 12:00:00,48501.88000000,49405.52000000,48434.07000000,49180.98000000,8310.73113800
1396,2021-08-21 16:00:00,49180.98000000,49757.04000000,48765.00000000,48978.68000000,9541.76453400
1397,2021-08-21 20:00:00,48978.68000000,49390.00000000,48806.58000000,48821.87000000,4620.33706800
1398,2021-08-22 00:00:00,48821.88000000,49162.51000000,48601.00000000,48790.00000000,4417.15133400
1399,2021-08-22 04:00:00,48790.00000000,49272.70000000,48781.10000000,49195.01000000,4342.58955400
1400,2021-08-22 08:00:00,49195.01000000,49500.00000000,48900.00000000,49132.04000000,5326.14803000
1401,2021-08-22 12:00:00,49132.04000000,49210.93000000,48050.00000000,48526.61000000,10467.49167900
1402,2021-08-22 16:00:00,48526.62000000,48835.83000000,48168.01000000,48647.85000000,5854.08820000
1403,2021-08-22 20:00:00,48647.84000000,49489.73000000,48239.03000000,49239.22000000,6600.41899800
1404,2021-08-23 00:00:00,49239.22000000,50350.00000000,49070.01000000,50260.00000000,13441.30906700
1405,2021-08-23 04:00:00,50260.00000000,50399.00000000,49952.89000000,50130.05000000,8174.35508700
1406,2021-08-23 08:00:00,50130.05000000,50500.00000000,49975.00000000,50394.85000000,8002.95360300
1407,2021-08-23 12:00:00,50394.85000000,50459.93000000,49309.07000000,49537.97000000,9485.36715200
1408,2021-08-23 16:00:00,49536.85000000,49799.55000000,49077.00000000,49239.69000000,7339.68191500
1409,2021-08-23 20:00:00,49240.01000000,49739.37000000,49029.00000000,49488.85000000,6018.87513000
1410,2021-08-24 00:00:00,49488.85000000,49687.49000000,48776.26000000,49331.16000000,7923.34382400
1411,2021-08-24 04:00:00,49331.17000000,49860.00000000,49166.88000000,49770.13000000,5458.24230700
1412,2021-08-24 08:00:00,49770.13000000,49846.00000000,49060.00000000,49429.99000000,5786.18197900
1413,2021-08-24 12:00:00,49430.00000000,49455.92000000,48210.98000000,48310.74000000,13886.15055000
1414,2021-08-24 16:00:00,48310.73000000,48422.12000000,47749.10000000,48243.20000000,12715.71560100
1415,2021-08-24 20:00:00,48243.20000000,48404.19000000,47600.00000000,47674.01000000,5244.96048700
1416,2021-08-25 00:00:00,47674.01000000,48290.20000000,47652.36000000,47975.93000000,5408.66487800
1417,2021-08-25 04:00:00,47975.93000000,48603.84000000,47886.12000000,48144.58000000,5616.39278100
1418,2021-08-25 08:00:00,48144.58000000,48169.43000000,47126.28000000,47570.01000000,11569.05661200
1419,2021-08-25 12:00:00,47570.01000000,48900.00000000,47324.99000000,48822.49000000,11053.84325600
1420,2021-08-25 16:00:00,48817.41000000,49172.58000000,48507.71000000,48652.14000000,6574.33758400
1421,2021-08-25 20:00:00,48652.13000000,49264.30000000,48601.47000000,48973.32000000,4433.53523100
1422,2021-08-26 00:00:00,48973.32000000,49352.84000000,47829.61000000,47911.79000000,7176.71067200
1423,2021-08-26 04:00:00,47911.80000000,48055.55000000,46560.01000000,46891.75000000,13514.96823800
1424,2021-08-26 08:00:00,46891.75000000,47206.46000000,46693.68000000,46835.89000000,7402.54778000
1425,2021-08-26 12:00:00,46835.90000000,47431.17000000,46250.00000000,46800.00000000,10767.29756400
1426,2021-08-26 16:00:00,46800.00000000,47123.65000000,46485.16000000,46939.75000000,5881.19632000
1427,2021-08-26 20:00:00,46934.22000000,47439.00000000,46818.00000000,46843.87000000,4628.55720000
1428,2021-08-27 00:00:00,46843.86000000,47665.48000000,46348.00000000,46822.23000000,8396.95998500
1429,2021-08-27 04:00:00,46822.24000000,47546.18000000,46572.36000000,47483.44000000,5592.40981000
1430,2021-08-27 08:00:00,47479.77000000,47794.96000000,46989.48000000,47453.83000000,6809.29982700
1431,2021-08-27 12:00:00,47453.82000000,48451.51000000,47032.63000000,48184.67000000,10227.86552100
1432,2021-08-27 16:00:00,48184.66000000,48546.42000000,47969.42000000,48293.69000000,4628.33633100
1433,2021-08-27 20:00:00,48293.68000000,49149.93000000,48155.00000000,49069.90000000,6413.23349100
1434,2021-08-28 00:00:00,49069.90000000,49299.00000000,48835.00000000,48852.99000000,5599.98831500
1435,2021-08-28 04:00:00,48853.00000000,49079.84000000,48626.49000000,48950.00000000,3827.23352100
1436,2021-08-28 08:00:00,48949.03000000,49072.07000000,48627.31000000,48674.72000000,3988.09609000
1437,2021-08-28 12:00:00,48670.48000000,49200.00000000,48346.88000000,48811.12000000,6049.60441000
1438,2021-08-28 16:00:00,48811.12000000,49172.31000000,48500.00000000,48651.93000000,4272.79771000
1439,2021-08-28 20:00:00,48651.94000000,48975.16000000,48578.29000000,48895.35000000,2943.34374000
1440,2021-08-29 00:00:00,48895.35000000,49632.27000000,48067.53000000,48227.31000000,9312.33493300
1441,2021-08-29 04:00:00,48223.59000000,48600.00000000,47762.54000000,48480.10000000,5486.31901000
1442,2021-08-29 08:00:00,48480.11000000,48650.84000000,48140.00000000,48159.98000000,4379.41380000
1443,2021-08-29 12:00:00,48159.98000000,48561.46000000,48105.03000000,48474.95000000,4372.83599000
1444,2021-08-29 16:00:00,48474.96000000,48877.88000000,48329.22000000,48799.27000000,4036.23087000
1445,2021-08-29 20:00:00,48799.28000000,49385.42000000,48366.71000000,48767.83000000,5065.14887000
1446,2021-08-30 00:00:00,48767.84000000,48888.61000000,47803.00000000,47964.04000000,6018.32368000
1447,2021-08-30 04:00:00,47964.02000000,48139.63000000,47610.60000000,47930.40000000,6181.84700000
1448,2021-08-30 08:00:00,47933.16000000,48200.00000000,47620.05000000,47902.76000000,4820.49197000
1449,2021-08-30 12:00:00,47902.76000000,48089.30000000,47370.00000000,48019.64000000,7559.22764000
1450,2021-08-30 16:00:00,48012.78000000,48620.00000000,47956.63000000,48619.99000000,6266.58950000
1451,2021-08-30 20:00:00,48619.99000000,48696.87000000,46853.00000000,46982.91000000,9441.87104000
1452,2021-08-31 00:00:00,46982.91000000,47220.97000000,46700.00000000,47150.68000000,6898.22753000
1453,2021-08-31 04:00:00,47150.68000000,47900.00000000,46823.88000000,47761.26000000,9209.43345000
1454,2021-08-31 08:00:00,47761.26000000,48072.92000000,47137.00000000,47969.51000000,9880.63100000
1455,2021-08-31 12:00:00,47969.51000000,48246.11000000,47180.00000000,47397.13000000,10324.27303000
1456,2021-08-31 16:00:00,47397.13000000,47568.85000000,47001.00000000,47300.01000000,6866.89516000
1457,2021-08-31 20:00:00,47300.00000000,47345.00000000,46744.57000000,47100.89000000,5466.06720000
1458,2021-09-01 00:00:00,47100.89000000,47321.42000000,46512.00000000,47043.65000000,7128.97958000
1459,2021-09-01 04:00:00,47043.65000000,47473.28000000,46969.56000000,47171.01000000,6205.34752000
1460,2021-09-01 08:00:00,47171.00000000,47770.00000000,47111.25000000,47713.31000000,7612.40837000
1461,2021-09-01 12:00:00,47713.30000000,47836.69000000,47252.00000000,47488.49000000,6777.92384000
1462,2021-09-01 16:00:00,47488.50000000,49156.00000000,47386.66000000,48150.00000000,15849.59515000
1463,2021-09-01 20:00:00,48147.25000000,48873.89000000,48096.68000000,48810.52000000,6330.40082000
1464,2021-09-02 00:00:00,48810.51000000,49870.00000000,48584.06000000,49561.24000000,11028.24715900
1465,2021-09-02 04:00:00,49557.88000000,50450.00000000,49303.48000000,49846.27000000,12262.84173000
1466,2021-09-02 08:00:00,49846.27000000,50199.00000000,49658.99000000,50072.61000000,8623.30222000
1467,2021-09-02 12:00:00,50072.61000000,50450.13000000,49244.35000000,49540.70000000,11974.66263000
1468,2021-09-02 16:00:00,49540.70000000,49744.83000000,49186.00000000,49340.05000000,5833.80371900
1469,2021-09-02 20:00:00,49340.06000000,49841.41000000,49224.92000000,49246.64000000,4687.91308000
1470,2021-09-03 00:00:00,49246.63000000,49500.00000000,48316.84000000,49476.83000000,9336.84172000
1471,2021-09-03 04:00:00,49476.83000000,49755.00000000,49215.81000000,49305.11000000,6668.98575000
1472,2021-09-03 08:00:00,49305.10000000,50485.00000000,49255.57000000,50168.54000000,13547.57541600
1473,2021-09-03 12:00:00,50168.55000000,51000.00000000,49888.24000000,50550.44000000,16777.76289100
1474,2021-09-03 16:00:00,50550.45000000,50720.00000000,50210.67000000,50528.49000000,6390.71132000
1475,2021-09-03 20:00:00,50528.50000000,50534.32000000,49570.00000000,49999.14000000,6303.76706000
1476,2021-09-04 00:00:00,49998.00000000,50350.47000000,49575.83000000,50277.43000000,6895.14888000
1477,2021-09-04 04:00:00,50282.19000000,50463.08000000,50109.04000000,50187.29000000,4033.14493000
1478,2021-09-04 08:00:00,50187.30000000,50535.69000000,49690.00000000,49902.94000000,7042.20582000
1479,2021-09-04 12:00:00,49902.94000000,50317.05000000,49750.00000000,49873.53000000,5614.87961000
1480,2021-09-04 16:00:00,49873.52000000,50043.49000000,49370.00000000,49974.82000000,7100.86741000
1481,2021-09-04 20:00:00,49974.83000000,50262.95000000,49724.22000000,49915.64000000,3978.41294000
1482,2021-09-05 00:00:00,49917.54000000,50299.31000000,49657.14000000,49663.21000000,5414.50575000
1483,2021-09-05 04:00:00,49663.22000000,50040.01000000,49450.00000000,49857.14000000,4034.78376000
1484,2021-09-05 08:00:00,49857.14000000,50390.01000000,49810.00000000,50198.78000000,6112.69667000
1485,2021-09-05 12:00:00,50198.78000000,50494.11000000,50014.21000000,50214.95000000,6630.40633000
1486,2021-09-05 16:00:00,50214.95000000,50875.08000000,50120.00000000,50684.56000000,6604.24031000
1487,2021-09-05 20:00:00,50684.56000000,51900.00000000,50636.10000000,51756.88000000,11748.20305300
1488,2021-09-06 00:00:00,51756.88000000,51943.28000000,51447.89000000,51595.29000000,7857.35473100
1489,2021-09-06 04:00:00,51595.29000000,51994.37000000,51550.00000000,51796.19000000,6294.82555600
1490,2021-09-06 08:00:00,51796.18000000,52188.80000000,51282.05000000,51400.67000000,10261.81031200
1491,2021-09-06 12:00:00,51400.68000000,51721.94000000,50969.33000000,51604.45000000,10140.75070000
1492,2021-09-06 16:00:00,51604.45000000,52032.74000000,51478.63000000,51715.39000000,6004.11446000
1493,2021-09-06 20:00:00,51715.40000000,52780.00000000,51625.98000000,52663.90000000,8690.81132200
1494,2021-09-07 00:00:00,52666.20000000,52920.00000000,52336.10000000,52654.16000000,8318.74726900
1495,2021-09-07 04:00:00,52654.16000000,52731.00000000,52061.42000000,52344.08000000,8185.53027000
1496,2021-09-07 08:00:00,52344.08000000,52366.46000000,50402.00000000,50941.48000000,21065.57562000
1497,2021-09-07 12:00:00,50943.75000000,51124.91000000,42843.05000000,46656.07000000,51548.53954000
1498,2021-09-07 16:00:00,46656.07000000,47544.93000000,45901.57000000,46694.59000000,22952.37696000
1499,2021-09-07 20:00:00,46691.58000000,47186.30000000,46080.01000000,46863.73000000,10978.03306000
1500,2021-09-08 00:00:00,46868.57000000,47340.99000000,46234.29000000,46450.41000000,8904.31343000
1501,2021-09-08 04:00:00,46450.40000000,46825.50000000,45007.00000000,45080.30000000,14682.06849000
1502,2021-09-08 08:00:00,45075.72000000,46780.00000000,44412.02000000,46394.09000000,15065.44703000
1503,2021-09-08 12:00:00,46394.82000000,46900.00000000,45583.00000000,46087.35000000,11266.12913000
1504,2021-09-08 16:00:00,46082.90000000,46530.00000000,45860.01000000,46436.32000000,7256.39211000
1505,2021-09-08 20:00:00,46436.31000000,46779.00000000,45827.90000000,46048.31000000,7894.96501000
1506,2021-09-09 00:00:00,46048.31000000,46374.23000000,45513.08000000,46001.11000000,8605.41810000
1507,2021-09-09 04:00:00,46001.16000000,46358.40000000,45883.42000000,46275.00000000,6151.77364000
1508,2021-09-09 08:00:00,46275.01000000,46560.00000000,45888.38000000,46293.15000000,8545.31646000
1509,2021-09-09 12:00:00,46293.15000000,47240.68000000,45599.00000000,47001.65000000,14521.52255000
1510,2021-09-09 16:00:00,47001.65000000,47399.97000000,46460.87000000,46574.75000000,7770.68838000
1511,2021-09-09 20:00:00,46567.20000000,46646.56000000,46051.21000000,46395.14000000,5056.94089000
1512,2021-09-10 00:00:00,46395.14000000,47033.00000000,46262.01000000,46719.71000000,5689.64539000
1513,2021-09-10 04:00:00,46719.71000000,46817.99000000,45900.00000000,46160.55000000,5969.19518000
1514,2021-09-10 08:00:00,46160.55000000,46390.00000000,45623.44000000,46331.86000000,8193.87823000
1515,2021-09-10 12:00:00,46331.85000000,46494.99000000,44738.90000000,45420.86000000,14611.95083000
1516,2021-09-10 16:00:00,45420.86000000,45819.93000000,45308.00000000,45649.78000000,5725.57159000
1517,2021-09-10 20:00:00,45649.78000000,45831.00000000,44132.29000000,44850.91000000,8858.02496000
1518,2021-09-11 00:00:00,44842.20000000,45498.27000000,44722.22000000,45191.88000000,5650.93156000
1519,2021-09-11 04:00:00,45191.89000000,45469.85000000,44765.52000000,45043.97000000,5038.67848000
1520,2021-09-11 08:00:00,45043.97000000,45727.49000000,44835.29000000,45555.04000000,5331.43670000
1521,2021-09-11 12:00:00,45555.68000000,45796.93000000,45379.64000000,45573.99000000,5047.10519000
1522,2021-09-11 16:00:00,45573.99000000,45987.93000000,45300.00000000,45357.06000000,4719.55798000
1523,2021-09-11 20:00:00,45360.57000000,45450.00000000,44974.79000000,45173.69000000,4652.69819000
1524,2021-09-12 00:00:00,45173.68000000,45343.60000000,44742.06000000,45316.28000000,4635.71867000
1525,2021-09-12 04:00:00,45316.27000000,45500.00000000,45044.00000000,45357.02000000,3522.64987000
1526,2021-09-12 08:00:00,45357.03000000,46200.00000000,45301.10000000,46085.90000000,6736.69852000
1527,2021-09-12 12:00:00,46085.91000000,46270.56000000,45738.00000000,45886.99000000,5089.16633000
1528,2021-09-12 16:00:00,45890.61000000,46146.89000000,45761.01000000,45902.87000000,3785.11755000
1529,2021-09-12 20:00:00,45902.87000000,46460.00000000,44900.00000000,46025.24000000,8324.92958000
1530,2021-09-13 00:00:00,46025.23000000,46285.71000000,44555.00000000,44617.79000000,7721.53199000
1531,2021-09-13 04:00:00,44614.68000000,44974.19000000,44174.00000000,44470.63000000,10989.21011000
1532,2021-09-13 08:00:00,44470.62000000,44915.00000000,44164.20000000,44859.24000000,7892.97006000
1533,2021-09-13 12:00:00,44859.24000000,46880.00000000,43370.00000000,44361.31000000,27611.11864000
1534,2021-09-13 16:00:00,44361.97000000,44813.55000000,44167.01000000,44741.66000000,5671.80843000
1535,2021-09-13 20:00:00,44741.66000000,45500.00000000,44738.34000000,44940.73000000,5542.51133000
1536,2021-09-14 00:00:00,44940.72000000,45363.93000000,44594.44000000,45186.85000000,4877.58540000
1537,2021-09-14 04:00:00,45186.85000000,45881.60000000,45050.10000000,45720.02000000,5916.80911000
1538,2021-09-14 08:00:00,45720.03000000,46178.43000000,45678.01000000,45973.80000000,6091.29120000
1539,2021-09-14 12:00:00,45973.79000000,46950.00000000,45756.16000000,46754.42000000,14039.98199000
1540,2021-09-14 16:00:00,46754.43000000,46888.88000000,46331.01000000,46474.89000000,6409.45768000
1541,2021-09-14 20:00:00,46474.89000000,47250.00000000,46376.99000000,47111.52000000,7520.72561000
1542,2021-09-15 00:00:00,47103.28000000,47470.00000000,46938.22000000,47075.48000000,6911.96233000
1543,2021-09-15 04:00:00,47075.47000000,47221.54000000,46682.32000000,47172.84000000,5207.34790000
1544,2021-09-15 08:00:00,47172.84000000,47699.00000000,47013.00000000,47560.74000000,8309.40418000
1545,2021-09-15 12:00:00,47560.74000000,48370.31000000,47282.79000000,48288.00000000,10871.62302000
1546,2021-09-15 16:00:00,48287.99000000,48429.87000000,47835.36000000,48075.44000000,6856.36970000
1547,2021-09-15 20:00:00,48075.44000000,48500.00000000,47900.00000000,48121.41000000,5048.00461000
1548,2021-09-16 00:00:00,48121.40000000,48192.06000000,47337.58000000,47615.08000000,6407.16725000
1549,2021-09-16 04:00:00,47615.07000000,48557.00000000,47583.11000000,48343.52000000,7276.32651000
1550,2021-09-16 08:00:00,48343.52000000,48356.01000000,47623.00000000,47895.01000000,6226.87578000
1551,2021-09-16 12:00:00,47895.01000000,48226.38000000,47211.35000000,48020.24000000,9701.90295000
1552,2021-09-16 16:00:00,48020.24000000,48166.66000000,47269.00000000,47430.01000000,5841.94413000
1553,2021-09-16 20:00:00,47430.00000000,47942.41000000,47021.10000000,47737.82000000,5270.87233000
1554,2021-09-17 00:00:00,47737.81000000,48094.26000000,47450.44000000,47899.83000000,4491.37281000
1555,2021-09-17 04:00:00,47899.83000000,48150.00000000,47652.51000000,47719.73000000,4715.21167000
1556,2021-09-17 08:00:00,47719.73000000,47989.20000000,47278.90000000,47403.56000000,7268.21283000
1557,2021-09-17 12:00:00,47403.56000000,47656.35000000,47126.10000000,47527.52000000,5877.18909000
1558,2021-09-17 16:00:00,47527.52000000,47730.00000000,46750.47000000,47501.68000000,6326.06222000
1559,2021-09-17 20:00:00,47501.68000000,47578.94000000,46699.56000000,47299.98000000,5783.87914000
1560,2021-09-18 00:00:00,47299.98000000,47987.49000000,47035.56000000,47924.57000000,4564.24787000
1561,2021-09-18 04:00:00,47924.57000000,48843.20000000,47919.91000000,48622.01000000,8849.32858000
1562,2021-09-18 08:00:00,48622.01000000,48824.54000000,48315.00000000,48367.16000000,4347.69693000
1563,2021-09-18 12:00:00,48367.16000000,48680.00000000,48249.16000000,48414.99000000,4221.61261000
1564,2021-09-18 16:00:00,48414.99000000,48518.99000000,48062.63000000,48266.00000000,4165.11167000
1565,2021-09-18 20:00:00,48266.00000000,48369.37000000,47800.51000000,48292.74000000,4758.47272000
1566,2021-09-19 00:00:00,48292.75000000,48372.83000000,47591.83000000,47844.88000000,4170.98666000
1567,2021-09-19 04:00:00,47844.88000000,48218.97000000,47763.85000000,48157.70000000,3117.57714000
1568,2021-09-19 08:00:00,48157.70000000,48333.00000000,47180.32000000,47327.73000000,5995.99762000
1569,2021-09-19 12:00:00,47327.73000000,47770.00000000,47069.01000000,47646.72000000,6346.43387000
1570,2021-09-19 16:00:00,47646.71000000,47785.00000000,47287.91000000,47376.72000000,5378.87167000
1571,2021-09-19 20:00:00,47376.72000000,47666.01000000,46829.18000000,47241.75000000,4837.37653000
1572,2021-09-20 00:00:00,47241.75000000,47347.25000000,45100.00000000,45542.76000000,11683.83842000
1573,2021-09-20 04:00:00,45542.75000000,45836.85000000,44444.00000000,44824.89000000,9579.41183000
1574,2021-09-20 08:00:00,44830.01000000,45295.00000000,43240.33000000,43739.75000000,15247.64765000
1575,2021-09-20 12:00:00,43734.00000000,44135.00000000,42500.00000000,43844.88000000,22074.61423300
1576,2021-09-20 16:00:00,43844.88000000,44250.00000000,42888.00000000,43850.25000000,10676.93011000
1577,2021-09-20 20:00:00,43850.26000000,43968.67000000,42551.11000000,43015.62000000,8741.08220000
1578,2021-09-21 00:00:00,43016.64000000,43111.00000000,40200.00000000,42683.01000000,20365.74735300
1579,2021-09-21 04:00:00,42683.02000000,43340.00000000,42172.24000000,43301.07000000,8293.19432000
1580,2021-09-21 08:00:00,43301.08000000,43639.00000000,43050.00000000,43288.97000000,7323.01912000
1581,2021-09-21 12:00:00,43288.97000000,43550.00000000,42146.13000000,43072.81000000,11221.80392000
1582,2021-09-21 16:00:00,43072.81000000,43295.66000000,41502.00000000,42013.63000000,13878.37868000
1583,2021-09-21 20:00:00,42010.81000000,42331.87000000,39600.00000000,40734.38000000,23451.93709200
1584,2021-09-22 00:00:00,40734.09000000,42420.75000000,40565.39000000,42052.09000000,13526.93267000
1585,2021-09-22 04:00:00,42055.55000000,42749.40000000,41820.01000000,42540.00000000,7657.75003000
1586,2021-09-22 08:00:00,42541.23000000,42618.55000000,41841.46000000,41928.32000000,6889.14338000
1587,2021-09-22 12:00:00,41928.31000000,43296.00000000,41874.65000000,43222.96000000,10768.58855000
1588,2021-09-22 16:00:00,43222.96000000,44000.55000000,42855.01000000,43384.90000000,13704.78238000
1589,2021-09-22 20:00:00,43384.93000000,43673.42000000,43006.00000000,43543.61000000,5801.85841000
1590,2021-09-23 00:00:00,43546.37000000,44191.42000000,43069.09000000,44074.57000000,7741.41519000
1591,2021-09-23 04:00:00,44074.58000000,44386.60000000,43685.80000000,44229.99000000,6362.42260000
1592,2021-09-23 08:00:00,44229.99000000,44297.25000000,43361.00000000,43648.15000000,8152.76247000
1593,2021-09-23 12:00:00,43648.15000000,44258.11000000,43394.00000000,43747.63000000,9131.24163000
1594,2021-09-23 16:00:00,43747.63000000,44936.77000000,43602.00000000,44767.57000000,10931.03585000
1595,2021-09-23 20:00:00,44767.56000000,44978.00000000,44358.00000000,44865.26000000,6380.69881000
1596,2021-09-24 00:00:00,44865.26000000,44978.53000000,44205.00000000,44283.03000000,7011.65212000
1597,2021-09-24 04:00:00,44283.04000000,45200.00000000,43889.64000000,44818.46000000,10084.45999200
1598,2021-09-24 08:00:00,44818.46000000,45075.00000000,40675.00000000,41527.50000000,33100.37868000
1599,2021-09-24 12:00:00,41527.50000000,42679.93000000,40843.82000000,41944.01000000,20639.50633000
1600,2021-09-24 16:00:00,41944.00000000,42533.47000000,41742.01000000,42371.43000000,6655.70748000
1601,2021-09-24 20:00:00,42371.43000000,43200.00000000,42303.78000000,42810.57000000,6621.72169000
1602,2021-09-25 00:00:00,42810.58000000,42950.00000000,42024.54000000,42608.11000000,6133.28700000
1603,2021-09-25 04:00:00,42608.11000000,42860.94000000,42206.43000000,42372.02000000,4331.38383000
1604,2021-09-25 08:00:00,42369.52000000,42966.84000000,41646.28000000,42485.03000000,9016.89021000
1605,2021-09-25 12:00:00,42485.03000000,42765.54000000,42156.33000000,42669.96000000,6500.17226000
1606,2021-09-25 16:00:00,42669.97000000,42813.34000000,42348.39000000,42665.95000000,4643.97139000
1607,2021-09-25 20:00:00,42665.95000000,42808.29000000,42375.00000000,42670.64000000,2968.86720000
1608,2021-09-26 00:00:00,42670.63000000,42735.05000000,41904.02000000,42212.40000000,6281.36443000
1609,2021-09-26 04:00:00,42212.41000000,42302.79000000,40750.00000000,41231.34000000,8923.43529000
1610,2021-09-26 08:00:00,41227.07000000,43746.90000000,41037.13000000,43063.57000000,16196.41116000
1611,2021-09-26 12:00:00,43063.57000000,43467.22000000,43063.57000000,43343.73000000,6836.45864000
1612,2021-09-26 16:00:00,43343.73000000,43543.99000000,43078.33000000,43252.54000000,5061.38959000
1613,2021-09-26 20:00:00,43255.32000000,43950.00000000,42673.67000000,43160.90000000,6580.93854000
1614,2021-09-27 00:00:00,43160.90000000,44350.00000000,42933.00000000,44038.75000000,7631.49537000
1615,2021-09-27 04:00:00,44038.74000000,44250.00000000,43662.00000000,43688.03000000,5042.54367000
1616,2021-09-27 08:00:00,43685.34000000,44129.28000000,43367.57000000,43747.69000000,6312.56101000
1617,2021-09-27 12:00:00,43747.68000000,44089.75000000,43045.53000000,43293.26000000,8097.29964000
1618,2021-09-27 16:00:00,43293.27000000,43416.42000000,42850.00000000,43011.82000000,6042.74948000
1619,2021-09-27 20:00:00,43011.82000000,43400.00000000,42098.00000000,42147.35000000,6650.19466000
1620,2021-09-28 00:00:00,42147.35000000,42703.65000000,41942.00000000,42558.40000000,6135.42718000
1621,2021-09-28 04:00:00,42558.41000000,42787.38000000,41650.00000000,41775.25000000,6587.71759000
1622,2021-09-28 08:00:00,41777.79000000,42174.26000000,41514.12000000,42101.49000000,8390.10412000
1623,2021-09-28 12:00:00,42105.61000000,42593.69000000,41278.49000000,41447.18000000,10870.85097000
1624,2021-09-28 16:00:00,41447.18000000,41763.97000000,41115.00000000,41601.99000000,6244.97250000
1625,2021-09-28 20:00:00,41601.80000000,42017.33000000,40888.00000000,41026.54000000,5143.19004000
1626,2021-09-29 00:00:00,41025.01000000,42274.76000000,40753.88000000,42199.99000000,7546.17963000
1627,2021-09-29 04:00:00,42199.99000000,42476.26000000,42000.00000000,42450.25000000,3870.25890000
1628,2021-09-29 08:00:00,42442.00000000,42500.00000000,42000.00000000,42399.98000000,4019.72227000
1629,2021-09-29 12:00:00,42399.98000000,42590.00000000,41619.99000000,41698.98000000,7424.90548000
1630,2021-09-29 16:00:00,41698.97000000,41824.01000000,41052.40000000,41207.86000000,5907.52309000
1631,2021-09-29 20:00:00,41207.87000000,41580.67000000,40900.00000000,41524.28000000,4742.94550000
1632,2021-09-30 00:00:00,41524.29000000,43729.68000000,41410.17000000,43591.23000000,10700.82651000
1633,2021-09-30 04:00:00,43591.24000000,43830.00000000,43217.16000000,43286.88000000,5896.65545000
1634,2021-09-30 08:00:00,43286.88000000,43446.77000000,42697.01000000,43072.29000000,7385.82971000
1635,2021-09-30 12:00:00,43072.29000000,43777.00000000,42850.00000000,43149.02000000,9589.71375000
1636,2021-09-30 16:00:00,43149.02000000,44141.37000000,42819.86000000,43532.31000000,8533.13649000
1637,2021-09-30 20:00:00,43532.32000000,43915.89000000,43100.00000000,43824.10000000,4275.06590000
1638,2021-10-01 00:00:00,43820.01000000,44059.00000000,43283.03000000,43635.79000000,5635.94634000
1639,2021-10-01 04:00:00,43635.79000000,44836.00000000,43456.46000000,44788.42000000,8500.06920000
1640,2021-10-01 08:00:00,44788.42000000,47786.70000000,44700.00000000,47488.08000000,21685.65842000
1641,2021-10-01 12:00:00,47488.07000000,47886.11000000,46763.68000000,47363.68000000,14747.75492000
1642,2021-10-01 16:00:00,47363.69000000,48190.00000000,47232.98000000,48030.00000000,8403.11668000
1643,2021-10-01 20:00:00,48029.99000000,48495.00000000,47710.01000000,48141.61000000,7272.32936000
1644,2021-10-02 00:00:00,48141.60000000,48224.01000000,47443.98000000,47520.84000000,6138.50236000
1645,2021-10-02 04:00:00,47520.84000000,47900.00000000,47430.18000000,47725.01000000,4435.01689000
1646,2021-10-02 08:00:00,47725.00000000,47899.01000000,47478.44000000,47683.45000000,3471.37761000
1647,2021-10-02 12:00:00,47683.46000000,48336.59000000,47616.80000000,47828.52000000,7082.00484000
1648,2021-10-02 16:00:00,47831.94000000,48267.00000000,47650.00000000,48239.99000000,4984.54689000
1649,2021-10-02 20:00:00,48240.00000000,48300.00000000,47500.00000000,47634.90000000,4397.53272000
1650,2021-10-03 00:00:00,47634.89000000,47963.00000000,47088.00000000,47898.66000000,5228.21154000
1651,2021-10-03 04:00:00,47894.44000000,48100.00000000,47788.34000000,47895.99000000,2555.92029000
1652,2021-10-03 08:00:00,47896.00000000,48048.00000000,47600.00000000,47974.86000000,3925.68937000
1653,2021-10-03 12:00:00,47974.86000000,48150.00000000,47799.18000000,47879.82000000,4201.80220000
1654,2021-10-03 16:00:00,47879.81000000,49228.08000000,47821.96000000,48774.76000000,8607.23932000
1655,2021-10-03 20:00:00,48774.76000000,48837.88000000,47601.89000000,48200.01000000,6306.19329000
1656,2021-10-04 00:00:00,48200.01000000,48280.71000000,47336.00000000,47468.79000000,5884.57398000
1657,2021-10-04 04:00:00,47468.79000000,47865.51000000,47234.21000000,47838.54000000,4578.42683000
1658,2021-10-04 08:00:00,47838.54000000,47962.51000000,47352.77000000,47585.85000000,4662.09258000
1659,2021-10-04 12:00:00,47585.84000000,48500.00000000,46891.00000000,47758.23000000,10791.88677000
1660,2021-10-04 16:00:00,47758.22000000,49536.12000000,47694.41000000,49380.00000000,14116.14153000
1661,2021-10-04 20:00:00,49380.00000000,49498.78000000,48556.09000000,49224.94000000,6763.37203000
1662,2021-10-05 00:00:00,49224.93000000,49799.00000000,49022.40000000,49306.68000000,6864.56149000
1663,2021-10-05 04:00:00,49306.68000000,49664.14000000,49088.00000000,49476.51000000,4989.66359000
1664,2021-10-05 08:00:00,49476.52000000,50350.00000000,49376.06000000,49877.06000000,10294.60776000
1665,2021-10-05 12:00:00,49877.06000000,50388.00000000,49575.94000000,49793.57000000,9995.23455000
1666,2021-10-05 16:00:00,49793.57000000,51388.00000000,49640.36000000,51190.11000000,10381.58737000
1667,2021-10-05 20:00:00,51190.11000000,51886.30000000,51104.47000000,51471.99000000,9600.01317000
1668,2021-10-06 00:00:00,51471.99000000,51600.00000000,50917.73000000,51513.81000000,6868.61220000
1669,2021-10-06 04:00:00,51512.13000000,51828.00000000,51088.00000000,51449.99000000,9945.20825000
1670,2021-10-06 08:00:00,51450.00000000,51500.00000000,50382.41000000,51306.56000000,14543.35572000
1671,2021-10-06 12:00:00,51306.57000000,55555.00000000,51259.84000000,54984.19000000,29280.48900700
1672,2021-10-06 16:00:00,54984.20000000,55109.67000000,54446.54000000,55049.99000000,10656.02466000
1673,2021-10-06 20:00:00,55049.99000000,55750.00000000,54812.00000000,55315.00000000,8583.85534400
1674,2021-10-07 00:00:00,55315.00000000,55332.31000000,54112.00000000,54810.94000000,9577.20435000
1675,2021-10-07 04:00:00,54810.93000000,55237.04000000,54235.33000000,54755.92000000,9647.56154000
1676,2021-10-07 08:00:00,54755.91000000,54778.91000000,53786.13000000,54305.54000000,10697.68790000
1677,2021-10-07 12:00:00,54305.53000000,54700.00000000,53357.00000000,53899.99000000,12060.71474000
1678,2021-10-07 16:00:00,53902.39000000,54330.00000000,53400.00000000,53962.76000000,7836.33158000
1679,2021-10-07 20:00:00,53962.75000000,54640.30000000,53607.27000000,53785.22000000,5097.87755000
1680,2021-10-08 00:00:00,53785.22000000,54429.99000000,53691.02000000,53815.22000000,5375.83993000
1681,2021-10-08 04:00:00,53815.21000000,54967.97000000,53617.61000000,54829.39000000,8039.67280000
1682,2021-10-08 08:00:00,54829.38000000,56100.00000000,54753.66000000,55242.72000000,13260.47223000
1683,2021-10-08 12:00:00,55242.71000000,55300.00000000,54024.84000000,54324.84000000,9801.73911000
1684,2021-10-08 16:00:00,54324.83000000,54700.00000000,54042.38000000,54686.48000000,4641.59746000
1685,2021-10-08 20:00:00,54686.48000000,54774.35000000,53775.83000000,53951.43000000,5040.93632000
1686,2021-10-09 00:00:00,53955.67000000,54699.00000000,53661.67000000,54560.58000000,4885.17671000
1687,2021-10-09 04:00:00,54562.58000000,55100.00000000,54384.27000000,54917.55000000,4846.20259000
1688,2021-10-09 08:00:00,54917.56000000,55340.30000000,54490.55000000,54792.68000000,10880.54655000
1689,2021-10-09 12:00:00,54792.68000000,55489.00000000,54792.68000000,54977.29000000,12974.62361000
1690,2021-10-09 16:00:00,54977.29000000,55149.96000000,54592.21000000,54656.81000000,11444.01939000
1691,2021-10-09 20:00:00,54656.81000000,55165.00000000,54323.00000000,54949.72000000,10146.51128000
1692,2021-10-10 00:00:00,54949.72000000,55199.00000000,54080.00000000,55049.15000000,13788.55433000
1693,2021-10-10 04:00:00,55049.16000000,56074.43000000,54850.00000000,55668.81000000,15429.10845000
1694,2021-10-10 08:00:00,55668.81000000,55928.00000000,54680.00000000,55144.99000000,14352.73087000
1695,2021-10-10 12:00:00,55145.00000000,55551.38000000,54638.00000000,55373.01000000,12625.99494000
1696,2021-10-10 16:00:00,55370.28000000,55523.36000000,55000.00000000,55450.25000000,11798.42221000
1697,2021-10-10 20:00:00,55450.25000000,56561.31000000,54333.85000000,54659.00000000,21243.02532800
1698,2021-10-11 00:00:00,54659.01000000,56750.00000000,54415.06000000,56507.09000000,13331.56205900
1699,2021-10-11 04:00:00,56505.05000000,57049.00000000,56142.85000000,56789.76000000,8050.99524900
1700,2021-10-11 08:00:00,56789.76000000,56879.95000000,55862.78000000,56407.51000000,7651.44583000
1701,2021-10-11 12:00:00,56406.68000000,57678.00000000,56092.33000000,57490.18000000,11163.00955600
1702,2021-10-11 16:00:00,57490.17000000,57839.04000000,57168.67000000,57488.33000000,6722.16036700
1703,2021-10-11 20:00:00,57488.33000000,57506.84000000,56800.00000000,57471.35000000,6013.99269000
1704,2021-10-12 00:00:00,57471.35000000,57471.35000000,56400.00000000,56711.35000000,7661.14666000
1705,2021-10-12 04:00:00,56711.36000000,57680.00000000,56558.00000000,57342.79000000,6572.08788000
1706,2021-10-12 08:00:00,57342.79000000,57618.99000000,56680.00000000,57240.14000000,7093.93730000
1707,2021-10-12 12:00:00,57240.14000000,57450.00000000,56010.00000000,56303.20000000,11228.66882000
1708,2021-10-12 16:00:00,56300.66000000,56376.74000000,55154.72000000,55329.78000000,9244.17275000
1709,2021-10-12 20:00:00,55329.78000000,56548.99000000,53879.00000000,55996.93000000,11671.27209000
1710,2021-10-13 00:00:00,55996.91000000,56599.99000000,55825.90000000,56277.78000000,5980.76846000
1711,2021-10-13 04:00:00,56277.79000000,56365.00000000,54562.34000000,54612.61000000,10682.25936000
1712,2021-10-13 08:00:00,54612.60000000,55295.70000000,54167.19000000,55210.79000000,9667.88324000
1713,2021-10-13 12:00:00,55210.80000000,56440.75000000,54521.74000000,56168.85000000,10626.72608000
1714,2021-10-13 16:00:00,56168.85000000,57300.00000000,56072.75000000,57259.77000000,10095.69270000
1715,2021-10-13 20:00:00,57259.77000000,57777.00000000,56607.27000000,57367.00000000,8755.11508000
1716,2021-10-14 00:00:00,57370.83000000,58532.54000000,57138.72000000,58065.99000000,8883.24276100
1717,2021-10-14 04:00:00,58065.99000000,58169.99000000,57333.33000000,57367.30000000,6072.24549000
1718,2021-10-14 08:00:00,57367.30000000,58150.00000000,57189.00000000,57622.42000000,7588.26582000
1719,2021-10-14 12:00:00,57622.42000000,57986.20000000,56947.59000000,57331.31000000,8973.34822000
1720,2021-10-14 16:00:00,57331.30000000,58086.98000000,56818.05000000,57833.12000000,8438.51013000
1721,2021-10-14 20:00:00,57833.11000000,57867.11000000,57207.89000000,57347.94000000,3097.72436000
1722,2021-10-15 00:00:00,57347.94000000,59453.75000000,56850.00000000,59431.71000000,14605.26752100
1723,2021-10-15 04:00:00,59431.70000000,59998.00000000,59142.86000000,59231.50000000,12301.34388000
1724,2021-10-15 08:00:00,59231.50000000,59537.61000000,58739.17000000,59527.99000000,10325.42444000
1725,2021-10-15 12:00:00,59527.99000000,60361.50000000,59187.66000000,60038.36000000,13521.04030600
1726,2021-10-15 16:00:00,60038.36000000,61880.00000000,60001.91000000,61446.32000000,16551.78547000
1727,2021-10-15 20:00:00,61446.33000000,62933.00000000,60797.01000000,61672.42000000,15208.04640500
1728,2021-10-16 00:00:00,61672.42000000,61771.65000000,61120.00000000,61655.99000000,5588.91891000
1729,2021-10-16 04:00:00,61655.99000000,62378.42000000,61551.31000000,61733.96000000,5511.08148000
1730,2021-10-16 08:00:00,61733.96000000,62062.55000000,61324.79000000,61597.26000000,7202.45550000
1731,2021-10-16 12:00:00,61597.26000000,61605.81000000,60398.73000000,60941.04000000,9088.29165000
1732,2021-10-16 16:00:00,60941.04000000,61215.64000000,60150.00000000,60834.34000000,4907.47821000
1733,2021-10-16 20:00:00,60834.34000000,61300.00000000,60500.00000000,60875.57000000,3169.65521000
1734,2021-10-17 00:00:00,60875.57000000,61405.94000000,60475.76000000,61115.85000000,4503.40157000
1735,2021-10-17 04:00:00,61115.86000000,61249.93000000,60299.33000000,60329.54000000,4069.74115000
1736,2021-10-17 08:00:00,60329.54000000,61465.90000000,60322.85000000,60939.89000000,5326.37044000
1737,2021-10-17 12:00:00,60939.90000000,61326.64000000,60471.97000000,60764.12000000,5810.58981000
1738,2021-10-17 16:00:00,60764.13000000,61080.00000000,60379.56000000,60519.48000000,4656.47754000
1739,2021-10-17 20:00:00,60519.48000000,61718.39000000,58963.00000000,61528.33000000,14732.66073000
1740,2021-10-18 00:00:00,61528.32000000,62578.91000000,61406.27000000,62123.87000000,8220.86368000
1741,2021-10-18 04:00:00,62123.87000000,62695.78000000,61775.38000000,61885.42000000,6750.25829000
1742,2021-10-18 08:00:00,61885.43000000,62464.01000000,60579.02000000,60933.04000000,12454.28811000
1743,2021-10-18 12:00:00,60933.04000000,62213.73000000,59844.45000000,62003.03000000,12595.93750000
1744,2021-10-18 16:00:00,62003.04000000,62377.73000000,61034.05000000,61434.63000000,7528.58488000
1745,2021-10-18 20:00:00,61434.64000000,62104.72000000,61106.40000000,62009.84000000,4248.51598000
1746,2021-10-19 00:00:00,62005.60000000,62998.00000000,61526.62000000,62588.86000000,7508.17257800
1747,2021-10-19 04:00:00,62588.86000000,62820.20000000,61986.85000000,62297.06000000,5250.26051000
1748,2021-10-19 08:00:00,62297.06000000,62574.42000000,61743.61000000,62128.39000000,4998.06071000
1749,2021-10-19 12:00:00,62128.39000000,63278.61000000,61322.22000000,62395.99000000,15480.66461600
1750,2021-10-19 16:00:00,62395.99000000,64299.00000000,62311.02000000,64177.15000000,12224.14854600
1751,2021-10-19 20:00:00,64170.58000000,64486.00000000,63590.00000000,64280.59000000,8166.80078400
1752,2021-10-20 00:00:00,64280.59000000,64375.34000000,63699.60000000,63844.67000000,4421.06348000
1753,2021-10-20 04:00:00,63844.67000000,64200.69000000,63481.40000000,63999.97000000,4506.02577000
1754,2021-10-20 08:00:00,63999.98000000,64250.00000000,63697.69000000,63791.10000000,5587.87660000
1755,2021-10-20 12:00:00,63788.00000000,67000.00000000,63760.00000000,66875.83000000,21709.68657600
1756,2021-10-20 16:00:00,66875.84000000,66940.73000000,66104.32000000,66397.59000000,9104.12272000
1757,2021-10-20 20:00:00,66397.60000000,66444.47000000,65462.00000000,66001.41000000,6100.15971000
1758,2021-10-21 00:00:00,66001.40000000,66033.64000000,64062.82000000,65069.02000000,12539.65522000
1759,2021-10-21 04:00:00,65069.03000000,65272.86000000,64142.01000000,65100.70000000,7102.10672000
1760,2021-10-21 08:00:00,65100.70000000,66639.74000000,64175.00000000,64827.90000000,14228.59910000
1761,2021-10-21 12:00:00,64836.51000000,65599.98000000,62000.00000000,62971.20000000,17711.78395000
1762,2021-10-21 16:00:00,62971.20000000,63645.10000000,62188.00000000,62802.07000000,9884.06493000
1763,2021-10-21 20:00:00,62801.57000000,63186.94000000,62000.00000000,62193.15000000,7072.43545000
1764,2021-10-22 00:00:00,62193.15000000,63351.02000000,62000.00000000,63237.90000000,8679.71549000
1765,2021-10-22 04:00:00,63237.90000000,63408.85000000,62464.60000000,63371.33000000,5983.72378000
1766,2021-10-22 08:00:00,63371.33000000,63732.39000000,62874.71000000,63376.80000000,5893.02400000
1767,2021-10-22 12:00:00,63376.81000000,63709.50000000,60478.10000000,60690.94000000,15905.74758000
1768,2021-10-22 16:00:00,60690.94000000,61390.07000000,60000.00000000,61032.70000000,11382.27047000
1769,2021-10-22 20:00:00,61032.71000000,61240.00000000,60129.63000000,60688.22000000,4274.87754000
1770,2021-10-23 00:00:00,60688.23000000,61258.43000000,60358.00000000,61236.52000000,3404.13572000
1771,2021-10-23 04:00:00,61236.52000000,61567.11000000,60705.00000000,60880.00000000,3607.88079000
1772,2021-10-23 08:00:00,60879.99000000,61688.00000000,59562.15000000,61552.23000000,8286.33783000
1773,2021-10-23 12:00:00,61552.24000000,61747.64000000,60710.36000000,61446.87000000,5316.14998000
1774,2021-10-23 16:00:00,61449.99000000,61632.29000000,60902.00000000,61008.02000000,4089.62520000
1775,2021-10-23 20:00:00,61008.02000000,61455.27000000,60817.46000000,61286.75000000,2922.80726000
1776,2021-10-24 00:00:00,61286.75000000,61500.00000000,60820.00000000,61227.76000000,2871.84386000
1777,2021-10-24 04:00:00,61227.77000000,61250.00000000,60572.20000000,60687.82000000,2680.90126000
1778,2021-10-24 08:00:00,60687.82000000,61273.69000000,60157.14000000,60281.00000000,5295.28095000
1779,2021-10-24 12:00:00,60281.00000000,60848.18000000,59632.47000000,59859.97000000,9430.60011000
1780,2021-10-24 16:00:00,59859.98000000,60745.12000000,59510.63000000,60643.09000000,6662.75312000
1781,2021-10-24 20:00:00,60643.09000000,61400.00000000,60566.65000000,60852.22000000,4285.19746000
1782,2021-10-25 00:00:00,60852.22000000,62250.00000000,60650.00000000,62084.26000000,6455.18496000
1783,2021-10-25 04:00:00,62084.68000000,62900.00000000,61764.45000000,62660.65000000,5935.28570000
1784,2021-10-25 08:00:00,62660.65000000,63200.00000000,62450.91000000,62759.19000000,6884.80596000
1785,2021-10-25 12:00:00,62759.19000000,63638.00000000,62578.64000000,63606.87000000,7650.68408000
1786,2021-10-25 16:00:00,63606.86000000,63710.63000000,62635.72000000,62688.00000000,6284.25929000
1787,2021-10-25 20:00:00,62688.00000000,63329.48000000,62530.00000000,63078.78000000,3643.61807000
1788,2021-10-26 00:00:00,63078.78000000,63293.48000000,62619.42000000,62758.02000000,4194.45189000
1789,2021-10-26 04:00:00,62758.01000000,62815.98000000,62184.01000000,62432.54000000,4755.97248000
1790,2021-10-26 08:00:00,62432.54000000,63110.00000000,62423.71000000,62739.98000000,5072.16094000
1791,2021-10-26 12:00:00,62739.99000000,62882.99000000,61800.00000000,62514.59000000,8543.07928000
1792,2021-10-26 16:00:00,62514.59000000,62743.86000000,61826.08000000,62000.00000000,5640.88431000
1793,2021-10-26 20:00:00,62000.01000000,62300.27000000,59817.55000000,60328.81000000,12010.95193000
1794,2021-10-27 00:00:00,60328.81000000,60840.00000000,60138.40000000,60714.34000000,6681.03292000
1795,2021-10-27 04:00:00,60714.33000000,61496.00000000,59908.61000000,59949.93000000,10770.83561000
1796,2021-10-27 08:00:00,59949.99000000,59953.94000000,58000.00000000,58564.00000000,20358.22032000
1797,2021-10-27 12:00:00,58564.00000000,59449.00000000,58270.00000000,58819.14000000,9344.69974000
1798,2021-10-27 16:00:00,58819.15000000,59170.00000000,58101.00000000,59062.32000000,8785.64158000
1799,2021-10-27 20:00:00,59062.31000000,59587.35000000,58390.91000000,58413.44000000,6184.05999000
1800,2021-10-28 00:00:00,58413.44000000,59162.02000000,58075.62000000,58839.80000000,6227.09747000
1801,2021-10-28 04:00:00,58839.80000000,59248.60000000,58685.00000000,58993.71000000,8322.94824000
1802,2021-10-28 08:00:00,58993.71000000,61257.82000000,58988.04000000,60960.61000000,11782.03327000
1803,2021-10-28 12:00:00,60960.62000000,61800.00000000,60857.00000000,61138.62000000,8307.03763000
1804,2021-10-28 16:00:00,61138.61000000,61478.42000000,57820.00000000,61289.13000000,15858.36308000
1805,2021-10-28 20:00:00,61288.87000000,62499.00000000,60333.00000000,60575.89000000,10558.87332000
1806,2021-10-29 00:00:00,60575.90000000,62100.00000000,60174.81000000,61642.99000000,7694.29381000
1807,2021-10-29 04:00:00,61642.98000000,61698.51000000,60350.44000000,60569.05000000,6798.19033000
1808,2021-10-29 08:00:00,60569.81000000,61358.28000000,60420.01000000,60940.91000000,7285.75103000
1809,2021-10-29 12:00:00,60940.90000000,62553.96000000,60699.62000000,62299.99000000,10732.92426000
1810,2021-10-29 16:00:00,62299.99000000,62980.00000000,61905.55000000,62545.11000000,8064.41851000
1811,2021-10-29 20:00:00,62545.11000000,62718.87000000,62037.80000000,62253.71000000,3398.32620000
1812,2021-10-30 00:00:00,62253.70000000,62359.25000000,61604.98000000,61679.95000000,4865.41623000
1813,2021-10-30 04:00:00,61679.95000000,61914.14000000,61272.15000000,61597.19000000,3804.63023000
1814,2021-10-30 08:00:00,61597.19000000,61989.99000000,61054.48000000,61595.01000000,4459.81706000
1815,2021-10-30 12:00:00,61595.01000000,62253.00000000,60673.00000000,61377.19000000,8527.00310000
1816,2021-10-30 16:00:00,61377.20000000,61793.00000000,61074.51000000,61730.85000000,4326.46617000
1817,2021-10-30 20:00:00,61730.84000000,61960.00000000,61175.01000000,61859.19000000,5494.79287000
1818,2021-10-31 00:00:00,61859.19000000,62405.30000000,61581.96000000,61697.84000000,7236.29682000
1819,2021-10-31 04:00:00,61697.85000000,61746.28000000,61065.76000000,61362.61000000,5558.29663000
1820,2021-10-31 08:00:00,61362.60000000,61369.36000000,60279.63000000,60467.81000000,8270.16006000
1821,2021-10-31 12:00:00,60467.81000000,60800.22000000,59945.36000000,60460.23000000,9354.74479000
1822,2021-10-31 16:00:00,60460.23000000,60906.79000000,60200.00000000,60689.95000000,4761.17752000
1823,2021-10-31 20:00:00,60689.95000000,61620.06000000,60521.33000000,61299.80000000,4086.96212000
1824,2021-11-01 00:00:00,61299.81000000,61735.30000000,59700.00000000,59922.98000000,8785.67189000
1825,2021-11-01 04:00:00,59915.12000000,62298.00000000,59405.00000000,62178.31000000,10202.42414000
1826,2021-11-01 08:00:00,62176.29000000,62437.74000000,61630.18000000,61807.99000000,7889.10891000
1827,2021-11-01 12:00:00,61808.00000000,62190.00000000,61300.01000000,61550.89000000,6833.29834000
1828,2021-11-01 16:00:00,61550.88000000,61571.46000000,60322.67000000,61435.98000000,6184.09390000
1829,2021-11-01 20:00:00,61435.97000000,61454.76000000,60411.00000000,60911.11000000,4793.06954000
1830,2021-11-02 00:00:00,60911.12000000,61566.00000000,60624.68000000,61074.50000000,5799.33428000
1831,2021-11-02 04:00:00,61074.50000000,61824.66000000,61053.21000000,61521.13000000,4884.02908000
1832,2021-11-02 08:00:00,61521.13000000,63597.80000000,61356.45000000,62913.30000000,12676.16741000
1833,2021-11-02 12:00:00,62913.30000000,64270.00000000,62881.46000000,64018.73000000,10120.66850000
1834,2021-11-02 16:00:00,64018.74000000,64267.36000000,63195.61000000,63576.05000000,6992.79943000
1835,2021-11-02 20:00:00,63576.05000000,63610.00000000,62584.50000000,63219.99000000,5895.28540000
1836,2021-11-03 00:00:00,63220.57000000,63500.00000000,62722.40000000,63210.41000000,5437.78575000
1837,2021-11-03 04:00:00,63210.40000000,63500.00000000,62728.00000000,63394.63000000,5510.04947000
1838,2021-11-03 08:00:00,63394.62000000,63399.71000000,62872.94000000,63108.43000000,5366.51076000
1839,2021-11-03 12:00:00,63107.29000000,63133.99000000,61579.57000000,62190.00000000,10311.24424000
1840,2021-11-03 16:00:00,62189.99000000,63333.00000000,60382.76000000,62800.00000000,11857.29559000
1841,2021-11-03 20:00:00,62799.99000000,63200.00000000,62555.00000000,62896.48000000,4853.20468000
1842,2021-11-04 00:00:00,62896.49000000,63086.31000000,62178.00000000,62420.00000000,5198.08830000
1843,2021-11-04 04:00:00,62420.00000000,62826.95000000,61819.51000000,61853.79000000,5036.39598000
1844,2021-11-04 08:00:00,61853.78000000,62325.75000000,61230.66000000,61447.22000000,7007.59357000
1845,2021-11-04 12:00:00,61447.23000000,62370.00000000,60775.00000000,61035.01000000,8938.63060000
1846,2021-11-04 16:00:00,61035.01000000,61376.02000000,60677.01000000,61249.34000000,6370.29943000
1847,2021-11-04 20:00:00,61249.33000000,61530.27000000,61000.00000000,61395.01000000,3379.92526000
1848,2021-11-05 00:00:00,61395.01000000,62332.04000000,60820.00000000,62203.80000000,5401.65251000
1849,2021-11-05 04:00:00,62203.79000000,62595.72000000,61880.88000000,62128.71000000,4697.72501000
1850,2021-11-05 08:00:00,62128.70000000,62229.45000000,61191.28000000,61259.63000000,5937.97481000
1851,2021-11-05 12:00:00,61259.63000000,61928.37000000,60750.00000000,60782.17000000,7350.67296000
1852,2021-11-05 16:00:00,60782.99000000,61431.29000000,60730.00000000,61090.69000000,4783.03766000
1853,2021-11-05 20:00:00,61090.69000000,61324.10000000,60721.00000000,60937.12000000,3433.42454000
1854,2021-11-06 00:00:00,60940.18000000,61277.77000000,60777.00000000,61109.52000000,3333.10375000
1855,2021-11-06 04:00:00,61109.51000000,61560.49000000,60511.01000000,60790.88000000,4314.24806000
1856,2021-11-06 08:00:00,60790.87000000,61350.00000000,60081.21000000,60327.47000000,7026.55184000
1857,2021-11-06 12:00:00,60327.47000000,60756.84000000,60050.00000000,60648.59000000,4805.98052000
1858,2021-11-06 16:00:00,60648.58000000,61186.08000000,60400.00000000,61175.40000000,3129.23859000
1859,2021-11-06 20:00:00,61175.41000000,61489.63000000,61099.01000000,61470.61000000,2981.45132000
1860,2021-11-07 00:00:00,61470.62000000,62328.06000000,61322.78000000,62133.04000000,5497.63282000
1861,2021-11-07 04:00:00,62133.03000000,62292.31000000,61700.02000000,61759.87000000,2744.54093000
1862,2021-11-07 08:00:00,61759.87000000,62350.00000000,61468.48000000,61911.40000000,4238.91012000
1863,2021-11-07 12:00:00,61911.41000000,62137.00000000,61650.00000000,61938.01000000,3456.28117000
1864,2021-11-07 16:00:00,61938.00000000,62499.44000000,61931.68000000,62265.57000000,4406.33894000
1865,2021-11-07 20:00:00,62265.57000000,63286.35000000,62159.29000000,63273.59000000,5171.98432000
1866,2021-11-08 00:00:00,63273.58000000,65639.08000000,63273.58000000,65199.99000000,15619.03574000
1867,2021-11-08 04:00:00,65200.00000000,66342.58000000,65050.77000000,65941.89000000,8280.62238000
1868,2021-11-08 08:00:00,65941.88000000,66423.00000000,65600.01000000,66037.21000000,8440.65891000
1869,2021-11-08 12:00:00,66037.21000000,66524.43000000,65122.00000000,66379.41000000,7465.71444000
1870,2021-11-08 16:00:00,66382.01000000,66538.53000000,65743.17000000,65835.01000000,5039.10665000
1871,2021-11-08 20:00:00,65835.01000000,67789.00000000,65500.00000000,67525.83000000,9596.95643400
1872,2021-11-09 00:00:00,67525.82000000,68524.25000000,67015.20000000,68490.00000000,8713.08247800
1873,2021-11-09 04:00:00,68490.00000000,68520.00000000,67627.14000000,67852.56000000,7289.78040000
1874,2021-11-09 08:00:00,67852.56000000,68238.00000000,67300.00000000,67594.98000000,6316.00259000
1875,2021-11-09 12:00:00,67594.98000000,68116.56000000,66610.00000000,66771.10000000,10366.71154000
1876,2021-11-09 16:00:00,66771.11000000,67238.39000000,66222.40000000,66800.21000000,6620.22980000
1877,2021-11-09 20:00:00,66800.21000000,67800.27000000,66653.00000000,66947.66000000,5355.57126000
1878,2021-11-10 00:00:00,66947.67000000,67378.70000000,66355.05000000,66487.23000000,5220.67502000
1879,2021-11-10 04:00:00,66487.23000000,66750.11000000,66233.00000000,66426.43000000,4764.79315000
1880,2021-11-10 08:00:00,66426.42000000,67099.00000000,66357.00000000,66546.80000000,4802.43669000
1881,2021-11-10 12:00:00,66546.81000000,69000.00000000,65888.00000000,68348.63000000,14248.43304600
1882,2021-11-10 16:00:00,68349.42000000,68775.51000000,66542.85000000,66650.99000000,10439.29090000
1883,2021-11-10 20:00:00,66650.98000000,67047.27000000,62822.90000000,64882.43000000,25695.87524000
1884,2021-11-11 00:00:00,64882.42000000,65062.79000000,64100.00000000,64746.18000000,9251.15530000
1885,2021-11-11 04:00:00,64746.17000000,65414.94000000,64383.46000000,65228.40000000,5381.30713000
1886,2021-11-11 08:00:00,65228.41000000,65600.07000000,64550.55000000,65255.88000000,7348.04097000
1887,2021-11-11 12:00:00,65255.87000000,65474.47000000,64402.49000000,64799.60000000,7501.37335000
1888,2021-11-11 16:00:00,64799.59000000,65249.00000000,64573.99000000,65119.99000000,4700.47482000
1889,2021-11-11 20:00:00,65119.99000000,65309.13000000,64628.39000000,64774.26000000,3055.62901000
1890,2021-11-12 00:00:00,64774.25000000,65450.70000000,64052.00000000,64826.63000000,5984.47508000
1891,2021-11-12 04:00:00,64826.63000000,65075.79000000,64202.68000000,64488.12000000,4062.16285000
1892,2021-11-12 08:00:00,64488.11000000,64957.97000000,63501.00000000,63753.19000000,9783.10951000
1893,2021-11-12 12:00:00,63753.19000000,64200.00000000,62900.00000000,63155.94000000,10365.51432000
1894,2021-11-12 16:00:00,63155.95000000,64089.99000000,62278.00000000,63845.01000000,9702.48439000
1895,2021-11-12 20:00:00,63845.00000000,64890.00000000,63704.80000000,64122.23000000,4592.36201000
1896,2021-11-13 00:00:00,64122.22000000,64455.00000000,63576.10000000,63773.94000000,3286.91262000
1897,2021-11-13 04:00:00,63773.93000000,64123.00000000,63510.00000000,64029.99000000,2802.68441000
1898,2021-11-13 08:00:00,64029.99000000,64081.50000000,63360.22000000,63554.23000000,3449.39235000
1899,2021-11-13 12:00:00,63554.23000000,64843.00000000,63427.86000000,64688.99000000,6043.83370000
1900,2021-11-13 16:00:00,64689.00000000,65000.00000000,63829.01000000,63941.65000000,4666.48860000
1901,2021-11-13 20:00:00,63941.65000000,64550.50000000,63918.89000000,64380.00000000,2255.66215000
1902,2021-11-14 00:00:00,64380.01000000,65320.00000000,64380.00000000,64637.81000000,4184.33409000
1903,2021-11-14 04:00:00,64637.81000000,65201.72000000,64400.00000000,64627.58000000,3678.16978000
1904,2021-11-14 08:00:00,64627.58000000,64800.00000000,64056.00000000,64445.07000000,3625.16569000
1905,2021-11-14 12:00:00,64445.07000000,64799.00000000,64000.00000000,64070.41000000,3705.80093000
1906,2021-11-14 16:00:00,64070.41000000,64422.35000000,63576.27000000,64170.00000000,4876.26848000
1907,2021-11-14 20:00:00,64169.99000000,65550.51000000,64040.47000000,65519.10000000,5635.33450000
1908,2021-11-15 00:00:00,65519.11000000,66200.00000000,65519.10000000,65712.65000000,7725.70046000
1909,2021-11-15 04:00:00,65712.66000000,66000.00000000,65475.01000000,65579.71000000,3306.48233000
1910,2021-11-15 08:00:00,65579.71000000,66401.82000000,65244.47000000,65733.06000000,5327.95612000
1911,2021-11-15 12:00:00,65734.45000000,65946.63000000,63993.17000000,64288.16000000,9681.60294000
1912,2021-11-15 16:00:00,64288.16000000,64444.61000000,63624.54000000,64265.90000000,6982.24848000
1913,2021-11-15 20:00:00,64265.91000000,64265.91000000,63400.00000000,63606.74000000,4805.38091000
1914,2021-11-16 00:00:00,63606.73000000,63617.31000000,60422.20000000,60907.41000000,20081.96292000
1915,2021-11-16 04:00:00,60907.40000000,61600.00000000,60293.06000000,60805.27000000,12819.65042000
1916,2021-11-16 08:00:00,60804.07000000,61470.41000000,58574.07000000,60574.49000000,20984.20157000
1917,2021-11-16 12:00:00,60576.76000000,61427.00000000,60020.00000000,60669.14000000,9771.04602000
1918,2021-11-16 16:00:00,60669.15000000,60923.18000000,59728.27000000,60204.47000000,6563.40990000
1919,2021-11-16 20:00:00,60204.47000000,61199.65000000,59105.26000000,60058.87000000,7234.88526000
1920,2021-11-17 00:00:00,60058.87000000,60437.68000000,58553.12000000,59039.99000000,10430.45717000
1921,2021-11-17 04:00:00,59042.00000000,60142.85000000,58580.00000000,59688.00000000,6692.41181000
1922,2021-11-17 08:00:00,59691.90000000,60840.23000000,58373.00000000,60762.83000000,11743.34904000
1923,2021-11-17 12:00:00,60762.33000000,60822.27000000,59334.23000000,59664.49000000,6482.17720000
1924,2021-11-17 16:00:00,59664.50000000,60672.13000000,59404.75000000,60212.49000000,6182.18575000
1925,2021-11-17 20:00:00,60212.48000000,60575.08000000,59620.66000000,60344.87000000,4758.80394000
1926,2021-11-18 00:00:00,60344.86000000,60976.00000000,59840.00000000,59840.01000000,6698.94325000
1927,2021-11-18 04:00:00,59840.01000000,60096.12000000,59500.00000000,59734.20000000,6737.27511000
1928,2021-11-18 08:00:00,59734.21000000,59970.82000000,58962.77000000,59213.49000000,7159.16809000
1929,2021-11-18 12:00:00,59213.49000000,59935.00000000,57650.00000000,58100.04000000,16577.34431000
1930,2021-11-18 16:00:00,58100.05000000,58486.09000000,56592.06000000,57928.00000000,16397.69865000
1931,2021-11-18 20:00:00,57928.00000000,58484.94000000,56474.26000000,56891.62000000,8576.56990000
1932,2021-11-19 00:00:00,56891.62000000,57517.14000000,55600.00000000,55900.00000000,11263.12431000
1933,2021-11-19 04:00:00,55900.00000000,56498.00000000,55817.79000000,55987.83000000,7343.35045000
1934,2021-11-19 08:00:00,55987.83000000,57487.20000000,55986.05000000,56989.59000000,9231.01807000
1935,2021-11-19 12:00:00,56987.25000000,58173.94000000,56700.00000000,57887.98000000,10833.65770000
1936,2021-11-19 16:00:00,57887.96000000,58320.00000000,57599.57000000,58033.05000000,8008.11548000
1937,2021-11-19 20:00:00,58033.06000000,58120.00000000,57531.13000000,58052.24000000,4036.62125000
1938,2021-11-20 00:00:00,58057.10000000,58979.97000000,57932.61000000,58513.10000000,6099.40644000
1939,2021-11-20 04:00:00,58513.10000000,58849.63000000,58230.00000000,58380.06000000,3975.59447000
1940,2021-11-20 08:00:00,58380.06000000,58800.00000000,58315.75000000,58625.67000000,3892.78724000
1941,2021-11-20 12:00:00,58625.67000000,58834.98000000,57483.42000000,57588.37000000,6479.25228000
1942,2021-11-20 16:00:00,57588.38000000,59625.00000000,57353.00000000,59430.04000000,8978.03800000
1943,2021-11-20 20:00:00,59430.04000000,59845.00000000,59308.09000000,59707.51000000,4386.51167000
1944,2021-11-21 00:00:00,59707.52000000,59770.78000000,58500.00000000,58674.67000000,5140.47491000
1945,2021-11-21 04:00:00,58674.67000000,59238.32000000,58555.00000000,58982.74000000,3976.43992000
1946,2021-11-21 08:00:00,58982.74000000,59409.61000000,58486.65000000,58692.91000000,5435.60885000
1947,2021-11-21 12:00:00,58692.91000000,59294.88000000,58657.22000000,59199.26000000,5514.28538000
1948,2021-11-21 16:00:00,59199.26000000,60029.76000000,59122.38000000,59314.13000000,7107.42088000
1949,2021-11-21 20:00:00,59314.12000000,59696.69000000,58500.00000000,58622.02000000,4727.99791000
1950,2021-11-22 00:00:00,58617.70000000,58757.14000000,56959.07000000,57383.39000000,10196.52252000
1951,2021-11-22 04:00:00,57383.40000000,57780.00000000,56766.58000000,57259.54000000,6288.54451000
1952,2021-11-22 08:00:00,57259.54000000,57830.99000000,56952.35000000,57180.51000000,4668.49861000
1953,2021-11-22 12:00:00,57180.52000000,59444.00000000,56580.01000000,58194.79000000,13199.25579000
1954,2021-11-22 16:00:00,58194.78000000,58250.00000000,55800.00000000,55993.03000000,10242.33335000
1955,2021-11-22 20:00:00,55993.04000000,56711.96000000,55610.00000000,56247.18000000,7129.16569000
1956,2021-11-23 00:00:00,56243.83000000,57258.56000000,55971.97000000,56947.82000000,7357.42060000
1957,2021-11-23 04:00:00,56947.82000000,57037.06000000,55809.45000000,56006.74000000,7505.13779000
1958,2021-11-23 08:00:00,56006.74000000,58009.99000000,55317.00000000,56149.51000000,14389.97222000
1959,2021-11-23 12:00:00,56147.19000000,57749.50000000,56093.55000000,56883.07000000,9115.30123000
1960,2021-11-23 16:00:00,56883.07000000,57854.39000000,56883.06000000,57778.20000000,7105.18588000
1961,2021-11-23 20:00:00,57778.21000000,57850.01000000,57380.49000000,57541.27000000,4444.83245000
1962,2021-11-24 00:00:00,57541.26000000,57735.00000000,56136.00000000,56399.99000000,6366.81521000
1963,2021-11-24 04:00:00,56399.99000000,56797.02000000,56214.85000000,56497.47000000,4974.37633000
1964,2021-11-24 08:00:00,56497.46000000,57560.00000000,56311.00000000,56613.63000000,6607.71179000
1965,2021-11-24 12:00:00,56613.64000000,57166.23000000,55837.00000000,56727.53000000,10084.21014000
1966,2021-11-24 16:00:00,56727.53000000,57116.46000000,56477.01000000,56825.13000000,5609.38942000
1967,2021-11-24 20:00:00,56825.13000000,57476.03000000,56722.00000000,57138.29000000,5969.54675000
1968,2021-11-25 00:00:00,57138.29000000,58270.00000000,57108.74000000,57749.99000000,7949.67795000
1969,2021-11-25 04:00:00,57749.99000000,57825.00000000,57000.00000000,57648.89000000,5469.65202000
1970,2021-11-25 08:00:00,57648.90000000,58482.66000000,57329.75000000,58009.99000000,8165.97576000
1971,2021-11-25 12:00:00,58009.99000000,59137.76000000,57900.16000000,59048.50000000,9209.03334000
1972,2021-11-25 16:00:00,59048.50000000,59390.00000000,58667.01000000,58853.83000000,7112.50053000
1973,2021-11-25 20:00:00,58853.84000000,59398.90000000,58519.54000000,58960.36000000,4246.67562000
1974,2021-11-26 00:00:00,58960.37000000,59150.00000000,57857.00000000,57900.91000000,6724.56509000
1975,2021-11-26 04:00:00,57900.90000000,58013.39000000,56636.57000000,56957.86000000,6998.47949000
1976,2021-11-26 08:00:00,56966.32000000,56966.32000000,53680.45000000,53719.30000000,28211.18841000
1977,2021-11-26 12:00:00,53719.31000000,54878.38000000,53500.00000000,54341.55000000,12788.34910000
1978,2021-11-26 16:00:00,54341.54000000,54648.93000000,53927.44000000,54326.76000000,6114.08238000
1979,2021-11-26 20:00:00,54326.77000000,54584.74000000,53521.00000000,53726.53000000,5091.20619000
1980,2021-11-27 00:00:00,53723.72000000,54641.99000000,53610.00000000,54347.07000000,6283.80615000
1981,2021-11-27 04:00:00,54347.06000000,54613.84000000,54200.00000000,54394.56000000,3867.29870000
1982,2021-11-27 08:00:00,54394.55000000,55280.00000000,54300.00000000,54605.73000000,6069.40562000
1983,2021-11-27 12:00:00,54605.73000000,55223.00000000,54500.00000000,54898.22000000,4057.78965000
1984,2021-11-27 16:00:00,54898.23000000,55224.44000000,54651.00000000,54935.91000000,4568.24385000
1985,2021-11-27 20:00:00,54935.91000000,55065.00000000,54011.01000000,54721.03000000,4870.45560000
1986,2021-11-28 00:00:00,54716.47000000,54821.00000000,53666.60000000,54137.31000000,7044.54084000
1987,2021-11-28 04:00:00,54137.31000000,54636.65000000,53923.04000000,54515.61000000,3736.91897000
1988,2021-11-28 08:00:00,54515.60000000,54933.80000000,54130.72000000,54493.09000000,3648.45682000
1989,2021-11-28 12:00:00,54493.10000000,54635.52000000,54029.99000000,54296.14000000,3571.69004000
1990,2021-11-28 16:00:00,54296.14000000,54967.50000000,53256.64000000,54617.85000000,7842.80310000
1991,2021-11-28 20:00:00,54617.85000000,57445.05000000,54617.84000000,57274.88000000,10319.30393000
1992,2021-11-29 00:00:00,57274.89000000,58242.09000000,57136.56000000,57359.02000000,9220.69419000
1993,2021-11-29 04:00:00,57359.02000000,57688.00000000,57200.00000000,57515.13000000,4210.84638000
1994,2021-11-29 08:00:00,57512.17000000,57642.85000000,56666.67000000,56883.29000000,5382.27722000
1995,2021-11-29 12:00:00,56883.29000000,57500.00000000,56799.21000000,57125.93000000,5695.69186000
1996,2021-11-29 16:00:00,57125.93000000,58865.97000000,57000.01000000,57880.67000000,10467.38329000
1997,2021-11-29 20:00:00,57880.67000000,58400.00000000,57667.00000000,57776.25000000,5148.38715000
1998,2021-11-30 00:00:00,57776.25000000,57964.18000000,56770.01000000,57092.92000000,6347.17192000
1999,2021-11-30 04:00:00,57092.91000000,57282.11000000,55875.55000000,56510.08000000,6157.46231000
2000,2021-11-30 08:00:00,56510.08000000,57713.91000000,56236.54000000,57602.45000000,7419.71746000
2001,2021-11-30 12:00:00,57602.45000000,59176.99000000,57102.05000000,57238.84000000,13890.73595000
2002,2021-11-30 16:00:00,57233.80000000,58380.41000000,56500.00000000,57629.99000000,10961.41010000
2003,2021-11-30 20:00:00,57629.99000000,57786.08000000,56762.39000000,56950.56000000,4384.55420000
2004,2021-12-01 00:00:00,56950.56000000,57686.12000000,56630.00000000,57362.01000000,5939.80250000
2005,2021-12-01 04:00:00,57362.04000000,57415.16000000,56666.66000000,57163.87000000,4876.32178000
2006,2021-12-01 08:00:00,57163.87000000,57850.00000000,56717.22000000,57157.93000000,7795.17026000
2007,2021-12-01 12:00:00,57160.66000000,58819.45000000,57000.00000000,58614.49000000,10780.20842000
2008,2021-12-01 16:00:00,58614.49000000,59053.55000000,57000.89000000,57427.90000000,8974.20304000
2009,2021-12-01 20:00:00,57427.91000000,57459.36000000,56458.01000000,57184.07000000,6590.93056000
2010,2021-12-02 00:00:00,57184.07000000,57375.47000000,55777.77000000,56300.12000000,8596.70554000
2011,2021-12-02 04:00:00,56300.12000000,56976.25000000,56219.58000000,56810.43000000,5257.58196000
2012,2021-12-02 08:00:00,56810.42000000,57175.65000000,56038.15000000,56314.20000000,5757.58823000
2013,2021-12-02 12:00:00,56309.51000000,57367.67000000,56012.82000000,56520.81000000,7480.52727000
2014,2021-12-02 16:00:00,56516.95000000,56945.52000000,56001.00000000,56616.28000000,6413.65242000
2015,2021-12-02 20:00:00,56616.27000000,57221.00000000,56365.00000000,56480.34000000,4068.00434000
2016,2021-12-03 00:00:00,56484.26000000,56772.24000000,56050.81000000,56323.01000000,4407.67870000
2017,2021-12-03 04:00:00,56318.89000000,57045.44000000,56229.98000000,56733.69000000,5200.45315000
2018,2021-12-03 08:00:00,56733.70000000,57330.00000000,56426.35000000,56959.77000000,5749.03202000
2019,2021-12-03 12:00:00,56959.77000000,57600.00000000,55722.00000000,55975.32000000,9583.54817000
2020,2021-12-03 16:00:00,55975.33000000,55975.33000000,53750.00000000,53838.65000000,14524.94365000
2021,2021-12-03 20:00:00,53838.66000000,54251.00000000,51680.00000000,53601.05000000,19462.03458000
2022,2021-12-04 00:00:00,53601.05000000,53859.10000000,52000.00000000,52000.00000000,7281.70544000
2023,2021-12-04 04:00:00,52000.01000000,52606.98000000,42000.30000000,47242.74000000,57819.95833800
2024,2021-12-04 08:00:00,47242.75000000,47918.05000000,46131.71000000,46489.67000000,18042.00664000
2025,2021-12-04 12:00:00,46489.66000000,48573.78000000,46489.66000000,48203.73000000,13676.20041000
2026,2021-12-04 16:00:00,48203.74000000,49444.00000000,47742.09000000,49250.00000000,9852.62283000
2027,2021-12-04 20:00:00,49249.99000000,49487.76000000,48447.50000000,49152.47000000,7530.88009000
2028,2021-12-05 00:00:00,49152.46000000,49699.00000000,48315.41000000,49170.79000000,8283.93499000
2029,2021-12-05 04:00:00,49170.78000000,49666.94000000,48831.61000000,49289.18000000,5716.31633000
2030,2021-12-05 08:00:00,49289.17000000,49573.23000000,48700.00000000,49242.58000000,5874.04338000
2031,2021-12-05 12:00:00,49236.24000000,49699.05000000,47727.21000000,47951.57000000,11548.34056000
2032,2021-12-05 16:00:00,47951.57000000,49351.29000000,47894.84000000,48902.45000000,8775.47257000
2033,2021-12-05 20:00:00,48902.44000000,49546.69000000,48498.45000000,49396.33000000,5382.71229000
2034,2021-12-06 00:00:00,49396.32000000,49438.18000000,48273.58000000,49018.47000000,7144.47282000
2035,2021-12-06 04:00:00,49018.46000000,49258.44000000,47731.00000000,48412.66000000,6521.97504000
2036,2021-12-06 08:00:00,48412.66000000,49409.79000000,47100.00000000,48577.78000000,17870.00012000
2037,2021-12-06 12:00:00,48577.78000000,48967.98000000,47822.39000000,48942.68000000,9622.82489000
2038,2021-12-06 16:00:00,48942.67000000,49366.00000000,48653.05000000,49103.00000000,7911.93339000
2039,2021-12-06 20:00:00,49103.00000000,50891.11000000,48760.00000000,50441.92000000,9500.00949000
2040,2021-12-07 00:00:00,50441.91000000,51430.00000000,50332.62000000,50945.03000000,6584.90221000
2041,2021-12-07 04:00:00,50945.02000000,51335.16000000,50797.86000000,50907.27000000,4801.69076000
2042,2021-12-07 08:00:00,50907.27000000,51500.00000000,50810.03000000,51456.20000000,5985.50837000
2043,2021-12-07 12:00:00,51456.21000000,51936.33000000,50611.04000000,51734.15000000,9018.45524000
2044,2021-12-07 16:00:00,51734.15000000,51866.88000000,50666.00000000,50884.48000000,6009.71255000
2045,2021-12-07 20:00:00,50884.49000000,51006.20000000,50039.74000000,50588.95000000,5853.19964000
2046,2021-12-08 00:00:00,50588.95000000,50795.45000000,50100.00000000,50110.91000000,4341.24089000
2047,2021-12-08 04:00:00,50110.90000000,50700.00000000,50077.00000000,50480.93000000,3574.10655000
2048,2021-12-08 08:00:00,50480.92000000,50620.20000000,48824.69000000,49186.51000000,9076.32002000
2049,2021-12-08 12:00:00,49186.50000000,51200.00000000,48600.00000000,50640.10000000,11878.10358000
2050,2021-12-08 16:00:00,50640.09000000,50865.80000000,50052.12000000,50423.21000000,5338.65364000
2051,2021-12-08 20:00:00,50423.20000000,50896.08000000,50079.78000000,50471.19000000,4217.49998000
2052,2021-12-09 00:00:00,50471.19000000,50797.76000000,49425.74000000,49513.35000000,4617.26688000
2053,2021-12-09 04:00:00,49517.00000000,50350.00000000,49184.49000000,50016.89000000,4916.96612000
2054,2021-12-09 08:00:00,50016.86000000,50016.89000000,48898.00000000,49160.53000000,5915.54716000
2055,2021-12-09 12:00:00,49160.54000000,49670.50000000,48048.00000000,48464.09000000,8449.98398000
2056,2021-12-09 16:00:00,48462.08000000,48838.29000000,47500.00000000,47613.53000000,7734.78860000
2057,2021-12-09 20:00:00,47615.89000000,48468.11000000,47320.00000000,47545.59000000,6058.13391000
2058,2021-12-10 00:00:00,47535.90000000,48788.29000000,47439.29000000,48373.48000000,6187.65819000
2059,2021-12-10 04:00:00,48373.48000000,48573.77000000,47550.00000000,47694.62000000,5438.86322000
2060,2021-12-10 08:00:00,47694.62000000,48728.00000000,47587.39000000,48711.00000000,5378.57781000
2061,2021-12-10 12:00:00,48711.00000000,50125.00000000,47744.19000000,47979.22000000,13037.66562000
2062,2021-12-10 16:00:00,47979.23000000,48326.05000000,47251.06000000,48098.84000000,8610.89000000
2063,2021-12-10 20:00:00,48098.84000000,48522.50000000,46852.00000000,47140.54000000,5579.91907000
2064,2021-12-11 00:00:00,47140.54000000,48683.70000000,46751.00000000,48296.99000000,7514.07330000
2065,2021-12-11 04:00:00,48297.00000000,48881.99000000,47765.33000000,48021.76000000,5072.88056000
2066,2021-12-11 08:00:00,48021.75000000,48900.00000000,47843.10000000,48240.44000000,4266.68244000
2067,2021-12-11 12:00:00,48240.43000000,48943.92000000,48160.00000000,48747.02000000,3968.26431000
2068,2021-12-11 16:00:00,48745.11000000,49276.00000000,48385.98000000,48407.25000000,4611.81629000
2069,2021-12-11 20:00:00,48407.25000000,49485.71000000,48390.22000000,49389.99000000,3455.47668000
2070,2021-12-12 00:00:00,49389.99000000,49699.95000000,49022.90000000,49305.70000000,4316.43753000
2071,2021-12-12 04:00:00,49305.71000000,49359.86000000,48824.09000000,49301.21000000,2409.63549000
2072,2021-12-12 08:00:00,49301.20000000,49376.79000000,48638.00000000,49124.33000000,3519.66852000
2073,2021-12-12 12:00:00,49124.33000000,49934.59000000,49107.33000000,49623.26000000,5475.66743000
2074,2021-12-12 16:00:00,49623.26000000,50777.00000000,49501.69000000,50221.05000000,7190.89434000
2075,2021-12-12 20:00:00,50221.05000000,50547.07000000,49862.75000000,50053.90000000,3105.63090000
2076,2021-12-13 00:00:00,50053.90000000,50189.97000000,48430.13000000,48873.19000000,6626.02879000
2077,2021-12-13 04:00:00,48873.20000000,49350.90000000,48554.77000000,48740.01000000,4049.78584000
2078,2021-12-13 08:00:00,48740.01000000,49171.57000000,48145.00000000,48847.26000000,4540.89617000
2079,2021-12-13 12:00:00,48845.00000000,49000.00000000,47012.03000000,47252.02000000,9525.17074000
2080,2021-12-13 16:00:00,47252.02000000,47932.19000000,45672.75000000,46739.36000000,18201.15961000
2081,2021-12-13 20:00:00,46739.35000000,47288.19000000,46214.13000000,46702.75000000,7926.47978000
2082,2021-12-14 00:00:00,46702.76000000,47226.32000000,46290.00000000,46952.00000000,4767.66908000
2083,2021-12-14 04:00:00,46952.01000000,47176.22000000,46306.80000000,47000.00000000,5403.66679000
2084,2021-12-14 08:00:00,46999.99000000,47740.00000000,46789.69000000,47622.00000000,7640.60562000
2085,2021-12-14 12:00:00,47617.99000000,47959.77000000,46617.25000000,46853.86000000,8434.84108000
2086,2021-12-14 16:00:00,46853.87000000,47148.00000000,46429.88000000,46859.40000000,6148.20931000
2087,2021-12-14 20:00:00,46859.42000000,48700.41000000,46839.78000000,48343.28000000,7560.99257000
2088,2021-12-15 00:00:00,48336.95000000,48761.00000000,47836.00000000,48262.41000000,5125.38507000
2089,2021-12-15 04:00:00,48262.40000000,48450.00000000,47928.64000000,48209.51000000,4937.77313000
2090,2021-12-15 08:00:00,48209.51000000,48850.00000000,48069.68000000,48132.54000000,5569.92492000
2091,2021-12-15 12:00:00,48132.54000000,48300.00000000,46587.00000000,46632.31000000,8526.11078000
2092,2021-12-15 16:00:00,46632.30000000,49259.98000000,46547.00000000,48674.90000000,18058.52173000
2093,2021-12-15 20:00:00,48674.90000000,49500.00000000,48527.01000000,48864.98000000,9411.46537000
2094,2021-12-16 00:00:00,48864.98000000,49269.03000000,48709.70000000,48819.60000000,4110.10972000
2095,2021-12-16 04:00:00,48819.59000000,49072.30000000,48502.26000000,48712.23000000,4374.49905000
2096,2021-12-16 08:00:00,48712.23000000,49436.43000000,48608.62000000,49207.79000000,4734.22268000
2097,2021-12-16 12:00:00,49207.79000000,49266.60000000,48243.58000000,48585.81000000,7408.52106000
2098,2021-12-16 16:00:00,48578.61000000,48717.43000000,47666.00000000,47866.01000000,6570.83557000
2099,2021-12-16 20:00:00,47866.01000000,48387.54000000,47511.00000000,47632.38000000,4751.67931000
2100,2021-12-17 00:00:00,47632.38000000,47995.96000000,47390.43000000,47766.07000000,3499.96478000
2101,2021-12-17 04:00:00,47766.07000000,47953.22000000,46749.55000000,47007.25000000,5536.46011000
2102,2021-12-17 08:00:00,47007.25000000,47298.54000000,46769.89000000,47112.43000000,6104.25193000
2103,2021-12-17 12:00:00,47112.43000000,47363.36000000,45456.00000000,46528.83000000,14519.42353000
2104,2021-12-17 16:00:00,46528.83000000,47440.10000000,46400.00000000,46765.66000000,7271.10803000
2105,2021-12-17 20:00:00,46765.66000000,47093.16000000,45565.58000000,46131.20000000,6173.28032000
2106,2021-12-18 00:00:00,46133.83000000,46545.83000000,45500.00000000,46283.05000000,5773.95433000
2107,2021-12-18 04:00:00,46283.04000000,46858.27000000,46072.33000000,46364.08000000,3878.09779000
2108,2021-12-18 08:00:00,46364.09000000,47392.37000000,46194.44000000,47070.44000000,4949.39649000
2109,2021-12-18 12:00:00,47070.43000000,47219.16000000,46560.83000000,46858.55000000,3694.50336000
2110,2021-12-18 16:00:00,46858.56000000,46992.14000000,46325.61000000,46643.68000000,3928.87071000
2111,2021-12-18 20:00:00,46643.68000000,47100.00000000,46525.00000000,46834.48000000,2795.23003000
2112,2021-12-19 00:00:00,46834.47000000,47990.75000000,46406.91000000,47712.38000000,5740.25301000
2113,2021-12-19 04:00:00,47714.61000000,48074.16000000,47445.16000000,47515.09000000,4265.82966000
2114,2021-12-19 08:00:00,47515.09000000,47641.77000000,46807.27000000,47152.72000000,4167.80619000
2115,2021-12-19 12:00:00,47155.24000000,48300.01000000,46867.01000000,47239.80000000,7256.00899000
2116,2021-12-19 16:00:00,47239.81000000,47500.00000000,46580.00000000,46673.93000000,3811.33471000
2117,2021-12-19 20:00:00,46673.94000000,47550.00000000,46482.90000000,46681.23000000,4064.47409000
2118,2021-12-20 00:00:00,46681.24000000,47200.00000000,46220.00000000,46687.22000000,5289.76806000
2119,2021-12-20 04:00:00,46687.22000000,47049.87000000,46103.00000000,46429.19000000,5067.54695000
2120,2021-12-20 08:00:00,46429.19000000,46554.00000000,45750.00000000,46092.60000000,6115.32372000
2121,2021-12-20 12:00:00,46092.60000000,46313.89000000,45558.85000000,45974.08000000,6788.93430000
2122,2021-12-20 16:00:00,45974.09000000,46690.00000000,45863.72000000,46585.55000000,6279.87581000
2123,2021-12-20 20:00:00,46585.56000000,47537.57000000,46585.55000000,46914.16000000,6307.05725000
2124,2021-12-21 00:00:00,46914.17000000,48085.00000000,46630.00000000,47928.47000000,6030.04023000
2125,2021-12-21 04:00:00,47928.48000000,48824.16000000,47927.05000000,48579.77000000,9365.63722000
2126,2021-12-21 08:00:00,48579.77000000,49000.00000000,48438.49000000,48866.92000000,6047.51626000
2127,2021-12-21 12:00:00,48866.92000000,49328.96000000,48265.24000000,48418.49000000,8300.64222000
2128,2021-12-21 16:00:00,48418.48000000,48876.94000000,48332.50000000,48619.79000000,3902.19164000
2129,2021-12-21 20:00:00,48619.80000000,49287.93000000,48461.47000000,48889.88000000,4067.90167000
2130,2021-12-22 00:00:00,48887.59000000,49576.13000000,48600.00000000,49249.00000000,4651.07812000
2131,2021-12-22 04:00:00,49249.00000000,49347.90000000,48914.07000000,49206.42000000,3638.84897000
2132,2021-12-22 08:00:00,49206.43000000,49535.00000000,48830.29000000,48981.99000000,4953.22659000
2133,2021-12-22 12:00:00,48981.98000000,49123.62000000,48421.87000000,48879.28000000,5713.52645000
2134,2021-12-22 16:00:00,48879.28000000,49245.81000000,48506.01000000,48931.99000000,3946.36838000
2135,2021-12-22 20:00:00,48931.99000000,49144.99000000,48555.00000000,48588.16000000,4101.15369000
2136,2021-12-23 00:00:00,48588.17000000,48731.71000000,47920.42000000,48524.11000000,5364.13846000
2137,2021-12-23 04:00:00,48524.11000000,48584.71000000,48031.45000000,48129.60000000,3366.23359000
2138,2021-12-23 08:00:00,48129.61000000,48541.86000000,48060.00000000,48354.77000000,3872.97040000
2139,2021-12-23 12:00:00,48354.76000000,48859.61000000,48323.98000000,48819.33000000,4624.86732000
2140,2021-12-23 16:00:00,48819.33000000,51375.00000000,48677.52000000,51109.99000000,12941.20882000
2141,2021-12-23 20:00:00,51110.00000000,51209.30000000,50501.00000000,50838.81000000,5023.12187000
2142,2021-12-24 00:00:00,50838.82000000,51527.58000000,50644.48000000,51029.99000000,7842.74828000
2143,2021-12-24 04:00:00,51030.00000000,51109.09000000,50736.11000000,50994.75000000,3195.58213000
2144,2021-12-24 08:00:00,50994.75000000,51550.00000000,50858.00000000,50993.88000000,4900.76074000
2145,2021-12-24 12:00:00,50993.89000000,51244.22000000,50384.43000000,50956.68000000,5371.31998000
2146,2021-12-24 16:00:00,50956.68000000,51810.00000000,50735.87000000,51126.40000000,6101.15529000
2147,2021-12-24 20:00:00,51126.40000000,51236.15000000,50500.00000000,50820.00000000,4273.27627000
2148,2021-12-25 00:00:00,50819.99000000,51131.25000000,50600.00000000,50844.14000000,2536.10175000
2149,2021-12-25 04:00:00,50844.13000000,51084.13000000,50656.43000000,50919.17000000,2508.51405000
2150,2021-12-25 08:00:00,50919.18000000,51009.29000000,50555.00000000,50682.97000000,2634.74027000
2151,2021-12-25 12:00:00,50682.97000000,50934.78000000,50631.55000000,50659.91000000,3162.02444000
2152,2021-12-25 16:00:00,50659.91000000,51156.23000000,50142.32000000,50889.15000000,4967.66025000
2153,2021-12-25 20:00:00,50889.15000000,51080.00000000,50335.67000000,50399.66000000,3326.47537000
2154,2021-12-26 00:00:00,50399.67000000,50672.93000000,49610.00000000,49675.56000000,6366.97748000
2155,2021-12-26 04:00:00,49675.56000000,49977.07000000,49600.95000000,49930.39000000,2508.08219000
2156,2021-12-26 08:00:00,49930.39000000,50169.17000000,49412.00000000,49748.89000000,3699.28210000
2157,2021-12-26 12:00:00,49748.89000000,50281.08000000,49642.11000000,50049.34000000,2958.48012000
2158,2021-12-26 16:00:00,50049.34000000,50465.54000000,50018.38000000,50342.51000000,2880.28208000
2159,2021-12-26 20:00:00,50342.51000000,51280.00000000,49914.73000000,50775.49000000,4156.78517000
2160,2021-12-27 00:00:00,50775.48000000,51150.00000000,50449.00000000,51009.02000000,3752.07895000
2161,2021-12-27 04:00:00,51009.02000000,51093.86000000,50631.00000000,50694.83000000,3602.41077000
2162,2021-12-27 08:00:00,50694.83000000,50900.00000000,50499.77000000,50759.45000000,3723.05471000
2163,2021-12-27 12:00:00,50759.46000000,51677.00000000,50567.07000000,51450.57000000,6595.57466000
2164,2021-12-27 16:00:00,51450.58000000,52088.00000000,51200.00000000,51204.64000000,6133.86149000
2165,2021-12-27 20:00:00,51204.65000000,51365.76000000,50622.00000000,50701.44000000,4985.23508000
2166,2021-12-28 00:00:00,50701.44000000,50704.05000000,49500.00000000,49828.06000000,9367.72000000
2167,2021-12-28 04:00:00,49828.07000000,49828.07000000,48657.12000000,49227.13000000,8162.65415000
2168,2021-12-28 08:00:00,49227.14000000,49444.46000000,48755.32000000,49200.39000000,7558.45660000
2169,2021-12-28 12:00:00,49200.39000000,49371.18000000,48301.88000000,48937.48000000,6508.28299000
2170,2021-12-28 16:00:00,48937.47000000,48974.85000000,47313.01000000,47689.46000000,9612.96288000
2171,2021-12-28 20:00:00,47689.46000000,48142.78000000,47320.00000000,47543.74000000,4643.26262000
2172,2021-12-29 00:00:00,47543.74000000,48139.08000000,47450.01000000,48001.01000000,4876.35940000
2173,2021-12-29 04:00:00,48001.01000000,48056.28000000,47522.89000000,47570.03000000,3867.90965000
2174,2021-12-29 08:00:00,47570.03000000,48092.10000000,47398.46000000,47737.95000000,5861.06854000
2175,2021-12-29 12:00:00,47737.96000000,48030.05000000,46586.62000000,47959.36000000,12128.42385000
2176,2021-12-29 16:00:00,47959.36000000,48038.92000000,47024.27000000,47148.61000000,5197.89978000
2177,2021-12-29 20:00:00,47148.62000000,47709.20000000,46096.99000000,46464.66000000,7567.20878000
2178,2021-12-30 00:00:00,46464.66000000,46844.80000000,45900.00000000,46504.00000000,6477.17603000
2179,2021-12-30 04:00:00,46504.00000000,47105.37000000,46490.01000000,46980.71000000,4521.15551000
2180,2021-12-30 08:00:00,46980.71000000,47566.00000000,46659.13000000,47515.45000000,4786.50881000
2181,2021-12-30 12:00:00,47515.45000000,47719.37000000,47118.69000000,47159.41000000,5753.01921000
2182,2021-12-30 16:00:00,47159.42000000,47900.00000000,47092.13000000,47558.35000000,4964.14914000
2183,2021-12-30 20:00:00,47558.35000000,47682.07000000,46729.00000000,47120.87000000,3850.28699000
2184,2021-12-31 00:00:00,47120.88000000,47500.00000000,46825.38000000,47201.85000000,3278.16979000
2185,2021-12-31 04:00:00,47201.84000000,47550.00000000,46836.86000000,47191.09000000,3618.27856000
2186,2021-12-31 08:00:00,47191.08000000,48548.26000000,47065.30000000,47975.76000000,8542.25162000
2187,2021-12-31 12:00:00,47975.76000000,48170.00000000,47830.64000000,48005.37000000,4864.54821000
2188,2021-12-31 16:00:00,48005.37000000,48118.45000000,45678.96000000,45728.28000000,9090.79287000
2189,2021-12-31 20:00:00,45728.28000000,46569.97000000,45678.00000000,46216.93000000,5543.95691000
2190,2022-01-01 00:00:00,46216.93000000,46949.99000000,46208.37000000,46813.20000000,3495.20465000
2191,2022-01-01 04:00:00,46813.21000000,47555.55000000,46591.23000000,47194.73000000,3522.79888000
2192,2022-01-01 08:00:00,47194.73000000,47344.69000000,46715.39000000,46758.87000000,2729.67811000
2193,2022-01-01 12:00:00,46758.87000000,47491.14000000,46756.30000000,47219.04000000,3055.90946000
2194,2022-01-01 16:00:00,47219.04000000,47954.63000000,47186.07000000,47329.78000000,4061.67681000
2195,2022-01-01 20:00:00,47329.79000000,47814.00000000,47222.22000000,47722.65000000,2739.19534000
2196,2022-01-02 00:00:00,47722.66000000,47750.00000000,47269.47000000,47329.47000000,2387.90724000
2197,2022-01-02 04:00:00,47329.47000000,47415.73000000,46770.23000000,47173.45000000,3018.46827000
2198,2022-01-02 08:00:00,47173.44000000,47499.45000000,46970.05000000,47235.50000000,2119.84865000
2199,2022-01-02 12:00:00,47238.89000000,47447.00000000,47013.50000000,47340.47000000,2780.32874000
2200,2022-01-02 16:00:00,47340.47000000,47990.00000000,46654.00000000,46907.68000000,5597.88593000
2201,2022-01-02 20:00:00,46907.67000000,47469.34000000,46815.17000000,47286.18000000,2436.02157000
2202,2022-01-03 00:00:00,47286.18000000,47289.11000000,46722.39000000,46793.26000000,2994.31942000
2203,2022-01-03 04:00:00,46793.27000000,47211.09000000,46750.00000000,47051.37000000,2838.97703000
2204,2022-01-03 08:00:00,47051.36000000,47431.67000000,46778.00000000,47378.00000000,4262.39073000
2205,2022-01-03 12:00:00,47378.00000000,47570.00000000,46575.25000000,46693.45000000,5463.72051000
2206,2022-01-03 16:00:00,46693.44000000,46790.00000000,46263.29000000,46360.01000000,5861.46189000
2207,2022-01-03 20:00:00,46360.01000000,46576.94000000,45696.00000000,46446.10000000,6241.20752000
2208,2022-01-04 00:00:00,46446.10000000,46549.19000000,45934.50000000,46313.97000000,3604.76267000
2209,2022-01-04 04:00:00,46313.96000000,46600.21000000,45996.26000000,46550.00000000,5734.35172000
2210,2022-01-04 08:00:00,46549.99000000,46772.41000000,46300.00000000,46733.77000000,4686.53220000
2211,2022-01-04 12:00:00,46733.78000000,47557.54000000,46410.00000000,46925.35000000,8065.90334000
2212,2022-01-04 16:00:00,46925.34000000,46984.99000000,45500.00000000,46052.36000000,9855.45649000
2213,2022-01-04 20:00:00,46052.35000000,46428.27000000,45760.05000000,45832.01000000,3544.40718000
2214,2022-01-05 00:00:00,45832.01000000,46549.00000000,45722.21000000,46422.55000000,3034.64069000
2215,2022-01-05 04:00:00,46422.56000000,46527.39000000,46246.01000000,46407.51000000,2185.03432000
2216,2022-01-05 08:00:00,46407.50000000,47070.00000000,46110.00000000,46270.99000000,5623.80527000
2217,2022-01-05 12:00:00,46271.00000000,46822.17000000,45803.67000000,46622.53000000,6056.26257000
2218,2022-01-05 16:00:00,46622.53000000,46674.37000000,44500.00000000,44685.93000000,13258.75934000
2219,2022-01-05 20:00:00,44685.93000000,44847.99000000,42500.00000000,43451.13000000,21625.61638000
2220,2022-01-06 00:00:00,43451.14000000,43816.00000000,42803.37000000,42835.00000000,7907.29623000
2221,2022-01-06 04:00:00,42835.00000000,43275.80000000,42600.05000000,43245.25000000,7148.39091000
2222,2022-01-06 08:00:00,43245.26000000,43273.87000000,42430.58000000,42878.34000000,7751.79420000
2223,2022-01-06 12:00:00,42878.33000000,43267.09000000,42632.44000000,42950.01000000,7414.23595000
2224,2022-01-06 16:00:00,42950.02000000,43508.78000000,42725.09000000,43438.10000000,5500.53168000
2225,2022-01-06 20:00:00,43438.11000000,43581.30000000,43007.81000000,43082.31000000,3158.12408000
2226,2022-01-07 00:00:00,43082.30000000,43145.83000000,41577.77000000,41803.11000000,9110.36283000
2227,2022-01-07 04:00:00,41803.11000000,41950.00000000,41000.00000000,41706.71000000,12822.50440000
2228,2022-01-07 08:00:00,41706.71000000,42883.47000000,41607.50000000,42258.62000000,7627.20984000
2229,2022-01-07 12:00:00,42258.62000000,42766.17000000,40610.00000000,41319.11000000,13946.04637000
2230,2022-01-07 16:00:00,41310.85000000,42315.85000000,40917.66000000,41775.38000000,7870.74271000
2231,2022-01-07 20:00:00,41775.38000000,42054.00000000,41336.82000000,41566.48000000,3459.64203000
2232,2022-01-08 00:00:00,41566.48000000,42246.37000000,41558.00000000,41810.91000000,3546.24518000
2233,2022-01-08 04:00:00,41810.92000000,41999.99000000,41739.00000000,41913.58000000,2135.49013000
2234,2022-01-08 08:00:00,41913.59000000,42200.00000000,41767.16000000,41940.22000000,3321.30192000
2235,2022-01-08 12:00:00,41940.22000000,42063.23000000,41400.00000000,41613.33000000,4171.17885000
2236,2022-01-08 16:00:00,41609.60000000,41740.53000000,40501.00000000,40831.07000000,12549.74604000
2237,2022-01-08 20:00:00,40831.06000000,42300.00000000,40720.00000000,41679.74000000,7228.76899000
2238,2022-01-09 00:00:00,41679.74000000,42170.11000000,41388.13000000,41833.89000000,4255.72958000
2239,2022-01-09 04:00:00,41833.90000000,42103.31000000,41681.17000000,41791.51000000,2460.77120000
2240,2022-01-09 08:00:00,41791.50000000,41990.00000000,41410.00000000,41857.62000000,3137.48125000
2241,2022-01-09 12:00:00,41857.62000000,41923.39000000,41200.02000000,41621.11000000,3367.82823000
2242,2022-01-09 16:00:00,41621.11000000,42740.00000000,41556.49000000,42695.26000000,5802.65087000
2243,2022-01-09 20:00:00,42695.27000000,42786.70000000,41766.43000000,41864.62000000,3699.93313000
2244,2022-01-10 00:00:00,41864.62000000,42037.05000000,41601.00000000,41967.59000000,3090.07632000
2245,2022-01-10 04:00:00,41967.59000000,42248.50000000,41811.70000000,42042.38000000,3216.08520000
2246,2022-01-10 08:00:00,42042.38000000,42116.61000000,41455.00000000,41565.34000000,4092.19411000
2247,2022-01-10 12:00:00,41565.33000000,41616.72000000,39650.00000000,40984.33000000,22660.39365000
2248,2022-01-10 16:00:00,40984.34000000,42121.63000000,40564.89000000,41297.15000000,13657.42788000
2249,2022-01-10 20:00:00,41297.15000000,41985.00000000,41158.99000000,41822.49000000,4012.99303000
2250,2022-01-11 00:00:00,41822.49000000,42400.01000000,41544.64000000,42277.98000000,4934.14719000
2251,2022-01-11 04:00:00,42277.99000000,42387.78000000,41971.37000000,42211.05000000,3883.13068000
2252,2022-01-11 08:00:00,42212.21000000,42627.66000000,41575.00000000,41809.99000000,6072.63206000
2253,2022-01-11 12:00:00,41809.99000000,42200.00000000,41268.93000000,41733.93000000,7345.13139000
2254,2022-01-11 16:00:00,41733.92000000,43100.00000000,41680.44000000,42972.05000000,11896.68845000
2255,2022-01-11 20:00:00,42972.04000000,43095.26000000,42597.41000000,42729.29000000,3164.70752000
2256,2022-01-12 00:00:00,42729.29000000,42965.00000000,42450.00000000,42605.02000000,3086.64021000
2257,2022-01-12 04:00:00,42605.01000000,42867.55000000,42463.13000000,42561.67000000,3336.77438000
2258,2022-01-12 08:00:00,42561.66000000,43443.60000000,42508.69000000,42935.92000000,6248.56105000
2259,2022-01-12 12:00:00,42935.92000000,44078.40000000,42874.01000000,43560.29000000,12273.47054000
2260,2022-01-12 16:00:00,43560.29000000,43886.26000000,43317.00000000,43743.11000000,4601.65301000
2261,2022-01-12 20:00:00,43743.10000000,44322.00000000,43629.39000000,43902.66000000,4396.19361000
2262,2022-01-13 00:00:00,43902.65000000,44075.42000000,43422.72000000,43509.93000000,3979.63723000
2263,2022-01-13 04:00:00,43505.99000000,43795.44000000,43483.20000000,43699.99000000,3331.80419000
2264,2022-01-13 08:00:00,43699.99000000,44014.51000000,43500.00000000,43602.31000000,4607.65385000
2265,2022-01-13 12:00:00,43603.58000000,44500.00000000,42871.01000000,43200.00000000,11551.88285000
2266,2022-01-13 16:00:00,43200.01000000,43500.00000000,42535.00000000,42700.67000000,6945.66481000
2267,2022-01-13 20:00:00,42700.67000000,42888.18000000,42311.22000000,42560.11000000,4494.23469000
2268,2022-01-14 00:00:00,42558.35000000,42784.00000000,42362.91000000,42623.87000000,4534.92179000
2269,2022-01-14 04:00:00,42623.87000000,42978.10000000,42599.99000000,42660.01000000,4015.82873000
2270,2022-01-14 08:00:00,42660.00000000,42688.84000000,41826.82000000,42012.94000000,7628.33288000
2271,2022-01-14 12:00:00,42012.94000000,43347.42000000,41725.95000000,43109.00000000,8997.40197000
2272,2022-01-14 16:00:00,43109.00000000,43408.00000000,42777.00000000,43077.93000000,4631.61759000
2273,2022-01-14 20:00:00,43077.93000000,43448.78000000,43000.00000000,43059.96000000,2832.77996000
2274,2022-01-15 00:00:00,43059.96000000,43174.00000000,42864.49000000,42927.96000000,2973.19446000
2275,2022-01-15 04:00:00,42927.95000000,43099.81000000,42712.94000000,43088.12000000,2860.77788000
2276,2022-01-15 08:00:00,43088.12000000,43283.83000000,42884.01000000,43017.59000000,2599.71462000
2277,2022-01-15 12:00:00,43017.59000000,43406.96000000,42555.00000000,43401.21000000,4980.54141000
2278,2022-01-15 16:00:00,43401.21000000,43564.15000000,43233.33000000,43528.34000000,4570.18496000
2279,2022-01-15 20:00:00,43528.33000000,43800.00000000,43071.11000000,43084.29000000,3951.64283000
2280,2022-01-16 00:00:00,43084.29000000,43153.63000000,42838.00000000,42977.22000000,2783.29728000
2281,2022-01-16 04:00:00,42977.22000000,43253.68000000,42850.16000000,43202.21000000,2264.10918000
2282,2022-01-16 08:00:00,43202.21000000,43305.00000000,42759.00000000,42968.29000000,4708.53834000
2283,2022-01-16 12:00:00,42968.30000000,43416.05000000,42581.79000000,43219.53000000,5325.20803000
2284,2022-01-16 16:00:00,43219.54000000,43475.00000000,42790.02000000,42824.79000000,3290.41550000
2285,2022-01-16 20:00:00,42824.79000000,43263.15000000,42750.25000000,43071.66000000,2230.78438000
2286,2022-01-17 00:00:00,43071.66000000,43176.18000000,42624.11000000,42647.40000000,3067.15941000
2287,2022-01-17 04:00:00,42647.40000000,42967.99000000,42300.00000000,42656.03000000,4316.07881000
2288,2022-01-17 08:00:00,42656.03000000,42900.00000000,42567.93000000,42671.31000000,3521.25336000
2289,2022-01-17 12:00:00,42671.30000000,42793.16000000,42385.00000000,42477.66000000,4178.38817000
2290,2022-01-17 16:00:00,42477.67000000,42538.47000000,41822.74000000,42238.31000000,8112.80827000
2291,2022-01-17 20:00:00,42238.31000000,42392.66000000,41540.42000000,42201.62000000,4366.39811000
2292,2022-01-18 00:00:00,42201.63000000,42436.66000000,41972.71000000,42040.54000000,4550.36015000
2293,2022-01-18 04:00:00,42040.53000000,42337.30000000,41886.25000000,42061.94000000,4135.11603000
2294,2022-01-18 08:00:00,42065.42000000,42065.42000000,41453.00000000,41854.14000000,6023.27637000
2295,2022-01-18 12:00:00,41854.13000000,41950.00000000,41250.00000000,41587.27000000,6280.61407000
2296,2022-01-18 16:00:00,41587.26000000,41799.08000000,41381.66000000,41699.61000000,3767.44420000
2297,2022-01-18 20:00:00,41695.59000000,42691.00000000,41500.99000000,42352.12000000,4567.27175000
2298,2022-01-19 00:00:00,42352.12000000,42500.00000000,41582.99000000,41706.41000000,4538.39603000
2299,2022-01-19 04:00:00,41706.41000000,41849.94000000,41161.20000000,41287.10000000,4837.49022000
2300,2022-01-19 08:00:00,41287.10000000,42178.48000000,41138.56000000,42033.00000000,6485.56373000
2301,2022-01-19 12:00:00,42033.00000000,42559.13000000,41832.13000000,41981.27000000,7218.70307000
2302,2022-01-19 16:00:00,41981.27000000,42355.90000000,41697.46000000,41873.79000000,5457.34151000
2303,2022-01-19 20:00:00,41872.45000000,41993.98000000,41548.00000000,41660.01000000,3148.22703000
2304,2022-01-20 00:00:00,41660.00000000,42082.26000000,41639.88000000,41924.97000000,3240.94302000
2305,2022-01-20 04:00:00,41924.97000000,42148.00000000,41768.48000000,42058.31000000,3602.56211000
2306,2022-01-20 08:00:00,42058.31000000,42232.76000000,41807.94000000,42129.44000000,3148.83581000
2307,2022-01-20 12:00:00,42129.45000000,43456.00000000,41900.05000000,43308.69000000,10872.70214000
2308,2022-01-20 16:00:00,43308.70000000,43505.00000000,42805.00000000,42917.32000000,6495.57509000
2309,2022-01-20 20:00:00,42917.31000000,42996.64000000,40553.31000000,40680.91000000,14969.72136000
2310,2022-01-21 00:00:00,40680.92000000,41100.00000000,38220.00000000,38465.65000000,21282.97975200
2311,2022-01-21 04:00:00,38465.65000000,39177.20000000,38437.15000000,39134.55000000,9944.04301000
2312,2022-01-21 08:00:00,39136.31000000,39320.00000000,38668.19000000,38898.18000000,6699.13300000
2313,2022-01-21 12:00:00,38898.19000000,39042.40000000,37710.00000000,38857.26000000,16377.23138300
2314,2022-01-21 16:00:00,38857.24000000,39071.13000000,37850.00000000,37984.12000000,8202.70990000
2315,2022-01-21 20:00:00,37984.11000000,38470.00000000,35440.45000000,36445.31000000,26354.79495400
2316,2022-01-22 00:00:00,36445.31000000,36835.22000000,36009.98000000,36341.64000000,12970.56975000
2317,2022-01-22 04:00:00,36340.43000000,36423.82000000,35112.84000000,35400.02000000,15700.14716800
2318,2022-01-22 08:00:00,35400.01000000,35948.01000000,34008.00000000,35406.76000000,27869.63503300
2319,2022-01-22 12:00:00,35406.76000000,36192.76000000,34805.32000000,34838.68000000,13764.18535000
2320,2022-01-22 16:00:00,34838.69000000,35501.96000000,34243.38000000,34528.62000000,11909.55801000
2321,2022-01-22 20:00:00,34528.61000000,35729.03000000,34415.95000000,35071.42000000,8257.24365000
2322,2022-01-23 00:00:00,35071.42000000,35526.28000000,34811.00000000,35051.00000000,5314.38133000
2323,2022-01-23 04:00:00,35051.01000000,35758.64000000,34940.09000000,35571.19000000,7954.12458000
2324,2022-01-23 08:00:00,35571.19000000,36150.76000000,35325.03000000,35686.29000000,9612.66388000
2325,2022-01-23 12:00:00,35686.29000000,36080.50000000,35050.40000000,35287.58000000,6581.33332000
2326,2022-01-23 16:00:00,35282.66000000,35450.00000000,34601.01000000,34775.45000000,5880.32181000
2327,2022-01-23 20:00:00,34775.45000000,36499.00000000,34707.58000000,36244.55000000,8936.69862000
2328,2022-01-24 00:00:00,36244.55000000,36251.50000000,35160.51000000,35338.26000000,7165.42052000
2329,2022-01-24 04:00:00,35338.25000000,35473.45000000,34811.87000000,34888.81000000,4977.80812000
2330,2022-01-24 08:00:00,34887.90000000,35562.15000000,33029.54000000,33697.11000000,23802.11649500
2331,2022-01-24 12:00:00,33697.12000000,34388.38000000,32917.17000000,34233.95000000,22498.49791600
2332,2022-01-24 16:00:00,34237.31000000,36436.00000000,33803.13000000,36066.40000000,21817.53204000
2333,2022-01-24 20:00:00,36066.40000000,37550.00000000,35951.13000000,36660.35000000,11643.37812000
2334,2022-01-25 00:00:00,36660.35000000,36691.87000000,35955.43000000,36424.49000000,6255.52219000
2335,2022-01-25 04:00:00,36424.50000000,36496.62000000,35701.00000000,36044.01000000,5943.09862000
2336,2022-01-25 08:00:00,36044.01000000,36800.00000000,36003.30000000,36406.00000000,8110.56818000
2337,2022-01-25 12:00:00,36406.00000000,37149.42000000,35967.33000000,36530.00000000,13684.16980000
2338,2022-01-25 16:00:00,36530.00000000,37545.14000000,36492.48000000,37067.13000000,9955.53936000
2339,2022-01-25 20:00:00,37067.13000000,37103.15000000,36421.56000000,36958.32000000,5283.50368000
2340,2022-01-26 00:00:00,36958.32000000,37522.24000000,36550.20000000,37389.76000000,6842.03768000
2341,2022-01-26 04:00:00,37389.77000000,37974.43000000,37109.37000000,37338.59000000,8374.59822000
2342,2022-01-26 08:00:00,37338.60000000,38248.92000000,37324.58000000,38072.77000000,9307.93892000
2343,2022-01-26 12:00:00,38072.77000000,38499.00000000,37475.01000000,37985.00000000,12793.04941000
2344,2022-01-26 16:00:00,37985.01000000,38919.98000000,37311.58000000,37579.90000000,19388.99139000
2345,2022-01-26 20:00:00,37576.67000000,37580.03000000,36234.63000000,36809.34000000,13123.54474000
2346,2022-01-27 00:00:00,36807.24000000,37080.00000000,35507.01000000,35745.70000000,10776.58699000
2347,2022-01-27 04:00:00,35745.70000000,36303.80000000,35692.61000000,36173.87000000,8841.21015000
2348,2022-01-27 08:00:00,36177.17000000,36781.79000000,35815.80000000,36679.98000000,7499.79721000
2349,2022-01-27 12:00:00,36679.98000000,37199.00000000,36423.46000000,36639.43000000,8665.06124000
2350,2022-01-27 16:00:00,36639.43000000,36787.77000000,35883.82000000,36209.20000000,6915.06301000
2351,2022-01-27 20:00:00,36209.19000000,37234.47000000,35538.75000000,37160.10000000,10323.16074000
2352,2022-01-28 00:00:00,37160.11000000,37467.98000000,36500.00000000,37351.83000000,8117.63862000
2353,2022-01-28 04:00:00,37351.83000000,37500.00000000,36777.77000000,36799.82000000,6574.94579000
2354,2022-01-28 08:00:00,36799.82000000,36882.22000000,36287.03000000,36448.28000000,6628.45526000
2355,2022-01-28 12:00:00,36447.67000000,37300.00000000,36155.01000000,37188.98000000,9825.07956000
2356,2022-01-28 16:00:00,37188.99000000,37376.70000000,36765.05000000,37222.86000000,5339.26276000
2357,2022-01-28 20:00:00,37222.85000000,38000.00000000,37134.65000000,37716.56000000,5668.88757000
2358,2022-01-29 00:00:00,37716.57000000,37983.41000000,37448.58000000,37737.73000000,4115.15883000
2359,2022-01-29 04:00:00,37737.72000000,37925.00000000,37589.44000000,37836.99000000,3427.98801000
2360,2022-01-29 08:00:00,37836.98000000,37923.00000000,37544.94000000,37736.07000000,2819.87215000
2361,2022-01-29 12:00:00,37736.06000000,38198.82000000,37268.44000000,37566.82000000,6404.92320000
2362,2022-01-29 16:00:00,37567.98000000,37950.00000000,37317.37000000,37853.00000000,3330.83069000
2363,2022-01-29 20:00:00,37853.00000000,38720.74000000,37816.21000000,38166.84000000,6030.72394000
2364,2022-01-30 00:00:00,38166.83000000,38281.24000000,37737.49000000,37917.13000000,3377.96921000
2365,2022-01-30 04:00:00,37917.13000000,38300.00000000,37901.17000000,38244.98000000,2678.99042000
2366,2022-01-30 08:00:00,38244.98000000,38359.26000000,37795.00000000,38110.02000000,4712.87374000
2367,2022-01-30 12:00:00,38110.03000000,38153.82000000,37712.05000000,37980.09000000,2934.12980000
2368,2022-01-30 16:00:00,37977.47000000,38074.76000000,37442.52000000,37512.37000000,3351.24867000
2369,2022-01-30 20:00:00,37512.37000000,38230.00000000,37351.63000000,37881.76000000,4375.45343000
2370,2022-01-31 00:00:00,37881.75000000,37951.07000000,36632.61000000,37025.68000000,7138.36907000
2371,2022-01-31 04:00:00,37025.68000000,37196.91000000,36811.48000000,37121.83000000,3148.35918000
2372,2022-01-31 08:00:00,37121.84000000,37399.93000000,36880.00000000,37265.16000000,4020.70047000
2373,2022-01-31 12:00:00,37265.15000000,37900.00000000,36724.00000000,37722.91000000,8990.81294000
2374,2022-01-31 16:00:00,37722.91000000,38744.00000000,37671.46000000,38415.79000000,9491.10461000
2375,2022-01-31 20:00:00,38415.79000000,38737.99000000,38236.69000000,38466.90000000,4065.89953000
2376,2022-02-01 00:00:00,38466.90000000,38649.90000000,38175.86000000,38596.82000000,3549.58405000
2377,2022-02-01 04:00:00,38596.82000000,38644.57000000,38240.00000000,38440.77000000,3416.90805000
2378,2022-02-01 08:00:00,38440.76000000,39100.00000000,38000.00000000,38425.06000000,8201.00865000
2379,2022-02-01 12:00:00,38425.05000000,39034.47000000,38190.42000000,38630.33000000,8820.81241000
2380,2022-02-01 16:00:00,38630.32000000,39265.20000000,38341.06000000,38378.09000000,7309.57506000
2381,2022-02-01 20:00:00,38378.10000000,38889.00000000,38369.00000000,38694.59000000,3276.55841000
2382,2022-02-02 00:00:00,38694.59000000,38855.92000000,38374.78000000,38552.87000000,3300.89167000
2383,2022-02-02 04:00:00,38552.87000000,38555.33000000,38196.42000000,38284.69000000,3743.58713000
2384,2022-02-02 08:00:00,38282.14000000,38597.95000000,38225.00000000,38490.00000000,3440.83780000
2385,2022-02-02 12:00:00,38490.00000000,38773.41000000,37361.49000000,37429.78000000,10461.69509000
2386,2022-02-02 16:00:00,37429.78000000,37674.34000000,37066.66000000,37566.56000000,6853.10313000
2387,2022-02-02 20:00:00,37566.56000000,37662.14000000,36586.95000000,36896.36000000,7994.56648000
2388,2022-02-03 00:00:00,36896.37000000,37049.65000000,36720.01000000,36820.83000000,4617.34607000
2389,2022-02-03 04:00:00,36822.50000000,37093.03000000,36780.04000000,37024.16000000,4603.39848000
2390,2022-02-03 08:00:00,37024.16000000,37106.91000000,36250.73000000,36785.00000000,6375.43998000
2391,2022-02-03 12:00:00,36785.00000000,36976.89000000,36250.00000000,36910.05000000,6871.90736000
2392,2022-02-03 16:00:00,36910.06000000,37104.60000000,36449.43000000,36551.70000000,4410.35527000
2393,2022-02-03 20:00:00,36551.71000000,37387.00000000,36270.00000000,37311.61000000,5202.66283000
2394,2022-02-04 00:00:00,37311.98000000,37445.50000000,37026.73000000,37297.62000000,5055.04806000
2395,2022-02-04 04:00:00,37297.61000000,38222.00000000,37245.00000000,37869.31000000,8027.55596000
2396,2022-02-04 08:00:00,37869.31000000,38236.08000000,37763.74000000,37810.00000000,5816.12565000
2397,2022-02-04 12:00:00,37810.00000000,39819.91000000,37290.20000000,39490.87000000,20274.09013000
2398,2022-02-04 16:00:00,39490.88000000,40877.00000000,39442.89000000,40727.91000000,17077.62952000
2399,2022-02-04 20:00:00,40727.92000000,41772.33000000,40382.84000000,41574.25000000,8453.50942000
2400,2022-02-05 00:00:00,41571.70000000,41913.69000000,41173.36000000,41447.85000000,8208.78852000
2401,2022-02-05 04:00:00,41447.85000000,41748.18000000,41369.69000000,41379.99000000,4611.24918000
2402,2022-02-05 08:00:00,41379.99000000,41669.00000000,41099.92000000,41430.00000000,5220.42031000
2403,2022-02-05 12:00:00,41430.00000000,41899.54000000,41326.17000000,41761.85000000,6016.92671000
2404,2022-02-05 16:00:00,41761.87000000,41854.81000000,40843.01000000,41544.90000000,5915.46066000
2405,2022-02-05 20:00:00,41544.90000000,41771.85000000,41349.81000000,41382.59000000,2559.49834000
2406,2022-02-06 00:00:00,41382.60000000,41640.00000000,41340.35000000,41444.04000000,2064.25705000
2407,2022-02-06 04:00:00,41444.03000000,41714.18000000,41305.29000000,41612.33000000,2267.93171000
2408,2022-02-06 08:00:00,41612.32000000,41700.01000000,41444.00000000,41522.00000000,2030.31116000
2409,2022-02-06 12:00:00,41522.00000000,42168.00000000,41116.56000000,41519.49000000,7364.57563000
2410,2022-02-06 16:00:00,41519.48000000,41747.40000000,41417.23000000,41717.94000000,2735.98951000
2411,2022-02-06 20:00:00,41717.93000000,42656.00000000,41478.86000000,42380.87000000,5942.10198000
2412,2022-02-07 00:00:00,42380.87000000,42944.20000000,41645.85000000,42818.99000000,9921.46732000
2413,2022-02-07 04:00:00,42819.00000000,43000.00000000,42551.96000000,42723.92000000,5908.75547000
2414,2022-02-07 08:00:00,42723.91000000,42767.69000000,42234.09000000,42720.03000000,5775.99721000
2415,2022-02-07 12:00:00,42720.03000000,43895.02000000,42490.02000000,43835.59000000,11355.37938000
2416,2022-02-07 16:00:00,43835.59000000,44500.50000000,43484.91000000,44252.80000000,12059.29967000
2417,2022-02-07 20:00:00,44252.31000000,44438.93000000,43742.90000000,43839.99000000,6039.72101000
2418,2022-02-08 00:00:00,43839.99000000,44185.00000000,43555.72000000,44178.57000000,6089.41865000
2419,2022-02-08 04:00:00,44178.57000000,45492.00000000,44073.73000000,44855.00000000,12482.11456000
2420,2022-02-08 08:00:00,44855.00000000,44919.77000000,43520.96000000,43988.30000000,16705.18579000
2421,2022-02-08 12:00:00,43988.30000000,43988.31000000,42854.81000000,43429.31000000,12432.46818000
2422,2022-02-08 16:00:00,43429.32000000,43685.20000000,42666.00000000,42998.65000000,9095.17318000
2423,2022-02-08 20:00:00,43000.53000000,44393.36000000,42938.36000000,44042.99000000,8075.93351000
2424,2022-02-09 00:00:00,44043.00000000,44341.88000000,43117.92000000,43343.28000000,6322.35073000
2425,2022-02-09 04:00:00,43343.28000000,43918.52000000,43125.00000000,43807.75000000,4631.70351000
2426,2022-02-09 08:00:00,43807.75000000,43939.00000000,43181.91000000,43715.45000000,5258.09575000
2427,2022-02-09 12:00:00,43715.46000000,44471.40000000,43617.61000000,43867.63000000,7811.59416000
2428,2022-02-09 16:00:00,43867.63000000,44700.00000000,43579.66000000,44463.43000000,6189.45543000
2429,2022-02-09 20:00:00,44466.23000000,44799.00000000,44189.00000000,44372.72000000,4214.96771000
2430,2022-02-10 00:00:00,44372.71000000,44400.00000000,43542.14000000,43775.42000000,5357.42965000
2431,2022-02-10 04:00:00,43775.42000000,44131.60000000,43575.22000000,44092.42000000,3346.73043000
2432,2022-02-10 08:00:00,44092.43000000,45177.96000000,44055.86000000,44834.09000000,7254.84317000
2433,2022-02-10 12:00:00,44834.09000000,45669.71000000,43174.01000000,44947.10000000,24969.59606000
2434,2022-02-10 16:00:00,44947.12000000,45821.00000000,44341.07000000,44373.97000000,13381.10677000
2435,2022-02-10 20:00:00,44373.95000000,44601.14000000,43333.42000000,43495.44000000,8047.58483000
2436,2022-02-11 00:00:00,43495.44000000,43749.86000000,42600.00000000,43343.71000000,10110.92730000
2437,2022-02-11 04:00:00,43342.92000000,43416.22000000,42814.23000000,43359.25000000,3941.73806000
2438,2022-02-11 08:00:00,43359.24000000,43600.00000000,42851.00000000,43357.53000000,5475.47369000
2439,2022-02-11 12:00:00,43357.53000000,43920.00000000,43253.31000000,43669.01000000,7581.10170000
2440,2022-02-11 16:00:00,43669.02000000,43767.16000000,42050.00000000,42742.63000000,10610.87665000
2441,2022-02-11 20:00:00,42742.63000000,42865.58000000,41938.51000000,42373.73000000,7255.05130000
2442,2022-02-12 00:00:00,42373.73000000,42485.66000000,42156.99000000,42288.46000000,3288.29465000
2443,2022-02-12 04:00:00,42288.45000000,42428.30000000,41688.88000000,42103.94000000,4367.69845000
2444,2022-02-12 08:00:00,42103.94000000,42459.06000000,41888.82000000,42406.48000000,3812.64672000
2445,2022-02-12 12:00:00,42406.48000000,42445.85000000,41800.13000000,42123.93000000,4622.69088000
2446,2022-02-12 16:00:00,42123.92000000,43079.49000000,41995.20000000,42662.47000000,6078.07210000
2447,2022-02-12 20:00:00,42662.47000000,42752.99000000,41700.00000000,42217.87000000,4387.45401000
2448,2022-02-13 00:00:00,42217.87000000,42508.47000000,42057.26000000,42230.00000000,2330.39143000
2449,2022-02-13 04:00:00,42229.99000000,42490.01000000,42119.35000000,42412.40000000,1777.84404000
2450,2022-02-13 08:00:00,42412.39000000,42654.64000000,42243.48000000,42470.73000000,2634.53051000
2451,2022-02-13 12:00:00,42470.72000000,42760.00000000,42138.17000000,42559.97000000,3618.82766000
2452,2022-02-13 16:00:00,42559.97000000,42580.00000000,41870.00000000,42031.16000000,4470.06705000
2453,2022-02-13 20:00:00,42031.17000000,42497.85000000,41929.42000000,42053.66000000,2900.42044000
2454,2022-02-14 00:00:00,42053.65000000,42180.04000000,41550.56000000,41916.43000000,5168.08194000
2455,2022-02-14 04:00:00,41916.42000000,42368.21000000,41734.70000000,42314.42000000,3722.30411000
2456,2022-02-14 08:00:00,42314.42000000,42415.00000000,41922.48000000,42117.87000000,4919.49954000
2457,2022-02-14 12:00:00,42112.71000000,42842.40000000,41961.13000000,42584.97000000,8465.74177000
2458,2022-02-14 16:00:00,42584.97000000,42818.35000000,41803.17000000,42119.31000000,7727.34218000
2459,2022-02-14 20:00:00,42119.31000000,42800.00000000,41933.95000000,42535.94000000,4007.16106000
2460,2022-02-15 00:00:00,42535.94000000,43700.00000000,42427.03000000,43567.76000000,7369.37671000
2461,2022-02-15 04:00:00,43567.75000000,43781.97000000,43397.10000000,43691.57000000,4329.57517000
2462,2022-02-15 08:00:00,43691.57000000,44425.85000000,43608.67000000,44233.60000000,9378.32292000
2463,2022-02-15 12:00:00,44233.60000000,44500.00000000,44024.03000000,44198.96000000,7094.58110000
2464,2022-02-15 16:00:00,44198.97000000,44259.37000000,43846.07000000,43993.95000000,4915.19058000
2465,2022-02-15 20:00:00,43993.94000000,44751.40000000,43941.28000000,44544.86000000,5008.14928000
2466,2022-02-16 00:00:00,44544.85000000,44549.97000000,43877.18000000,43971.26000000,4792.55593000
2467,2022-02-16 04:00:00,43971.27000000,44191.77000000,43673.92000000,44184.20000000,3811.49504000
2468,2022-02-16 08:00:00,44184.19000000,44327.55000000,43876.00000000,44173.15000000,3718.85182000
2469,2022-02-16 12:00:00,44173.15000000,44214.11000000,43307.00000000,43598.63000000,7100.17110000
2470,2022-02-16 16:00:00,43598.62000000,44344.64000000,43350.00000000,44220.00000000,6131.78678000
2471,2022-02-16 20:00:00,44219.99000000,44376.58000000,43823.09000000,43873.56000000,2917.01203000
2472,2022-02-17 00:00:00,43873.56000000,44164.71000000,43575.04000000,43583.05000000,3545.31414000
2473,2022-02-17 04:00:00,43580.00000000,43950.00000000,43350.00000000,43919.46000000,4058.38755000
2474,2022-02-17 08:00:00,43919.46000000,44022.36000000,42900.00000000,43164.05000000,7089.09929000
2475,2022-02-17 12:00:00,43164.05000000,43340.65000000,41700.00000000,41925.44000000,12817.36170000
2476,2022-02-17 16:00:00,41925.44000000,42111.00000000,40750.02000000,41201.62000000,11025.42620000
2477,2022-02-17 20:00:00,41204.22000000,41204.22000000,40073.21000000,40515.70000000,8710.40606000
2478,2022-02-18 00:00:00,40515.71000000,40950.00000000,40300.00000000,40691.98000000,5300.41799000
2479,2022-02-18 04:00:00,40691.97000000,40780.64000000,40493.31000000,40665.81000000,3464.12026000
2480,2022-02-18 08:00:00,40665.81000000,40959.88000000,40101.01000000,40178.94000000,5962.75694000
2481,2022-02-18 12:00:00,40178.95000000,40799.00000000,39616.72000000,39832.03000000,15730.48800000
2482,2022-02-18 16:00:00,39832.02000000,40438.27000000,39450.00000000,40216.80000000,9738.09073000
2483,2022-02-18 20:00:00,40216.79000000,40286.09000000,39711.31000000,39974.44000000,3650.04849000
2484,2022-02-19 00:00:00,39974.45000000,40307.22000000,39915.89000000,40125.12000000,2584.52930000
2485,2022-02-19 04:00:00,40125.13000000,40444.32000000,40060.88000000,40263.71000000,2279.67412000
2486,2022-02-19 08:00:00,40263.70000000,40301.11000000,39648.60000000,39842.54000000,4264.32645000
2487,2022-02-19 12:00:00,39842.53000000,40076.94000000,39639.03000000,39969.93000000,3923.19584000
2488,2022-02-19 16:00:00,39969.92000000,40345.62000000,39850.00000000,39974.66000000,3240.99581000
2489,2022-02-19 20:00:00,39974.66000000,40140.00000000,39800.00000000,40079.17000000,1749.33358000
2490,2022-02-20 00:00:00,40079.17000000,40125.44000000,39700.00000000,39794.59000000,2330.85530000
2491,2022-02-20 04:00:00,39794.59000000,39843.59000000,38581.10000000,38796.64000000,9438.50276000
2492,2022-02-20 08:00:00,38796.63000000,38836.18000000,38000.00000000,38343.99000000,9315.50139000
2493,2022-02-20 12:00:00,38343.99000000,38616.00000000,38022.00000000,38335.04000000,4624.96929000
2494,2022-02-20 16:00:00,38337.20000000,38507.31000000,38180.10000000,38397.22000000,2783.66492000
2495,2022-02-20 20:00:00,38397.22000000,38979.12000000,38048.49000000,38386.89000000,4945.79645000
2496,2022-02-21 00:00:00,38386.89000000,39388.00000000,38182.98000000,38919.25000000,6481.37951000
2497,2022-02-21 04:00:00,38919.25000000,39494.35000000,38909.26000000,39294.07000000,4179.79433000
2498,2022-02-21 08:00:00,39294.06000000,39362.15000000,37348.49000000,37577.33000000,10358.56868000
2499,2022-02-21 12:00:00,37576.10000000,39283.07000000,37213.63000000,38827.94000000,17003.85957000
2500,2022-02-21 16:00:00,38827.93000000,39141.41000000,37500.00000000,38135.21000000,12272.80546000
2501,2022-02-21 20:00:00,38135.20000000,38448.27000000,36800.00000000,37008.16000000,12051.27741000
2502,2022-02-22 00:00:00,37008.16000000,37468.35000000,36350.00000000,36591.06000000,11180.78409000
2503,2022-02-22 04:00:00,36591.06000000,37250.23000000,36515.87000000,36771.66000000,8523.06137000
2504,2022-02-22 08:00:00,36771.65000000,37865.00000000,36756.53000000,37519.48000000,8567.41295000
2505,2022-02-22 12:00:00,37519.47000000,38298.48000000,37274.38000000,37759.90000000,11164.11113000
2506,2022-02-22 16:00:00,37759.90000000,38169.08000000,37380.00000000,38065.32000000,9337.43038000
2507,2022-02-22 20:00:00,38065.32000000,38429.00000000,37755.01000000,38230.33000000,5013.14597000
2508,2022-02-23 00:00:00,38230.33000000,38354.56000000,37528.33000000,37750.67000000,5041.08267000
2509,2022-02-23 04:00:00,37750.66000000,38213.11000000,37712.93000000,38151.17000000,4692.47418000
2510,2022-02-23 08:00:00,38151.16000000,39125.47000000,38081.12000000,38782.91000000,8941.95274000
2511,2022-02-23 12:00:00,38782.91000000,39249.93000000,38450.00000000,38512.51000000,8262.37861000
2512,2022-02-23 16:00:00,38512.51000000,38780.00000000,37536.00000000,37615.81000000,9521.08684000
2513,2022-02-23 20:00:00,37615.81000000,37796.36000000,37036.79000000,37250.01000000,7101.75696000
2514,2022-02-24 00:00:00,37250.02000000,37427.81000000,34720.53000000,34936.89000000,21666.07603000
2515,2022-02-24 04:00:00,34936.90000000,35515.83000000,34322.28000000,35312.05000000,26065.63785000
2516,2022-02-24 08:00:00,35312.04000000,35885.00000000,34818.09000000,35442.22000000,19463.61471000
2517,2022-02-24 12:00:00,35442.23000000,36100.00000000,35035.00000000,35919.96000000,18084.92800000
2518,2022-02-24 16:00:00,35919.96000000,37366.36000000,35721.96000000,37300.00000000,16813.29053000
2519,2022-02-24 20:00:00,37300.00000000,39843.00000000,37286.02000000,38327.21000000,18382.74746000
2520,2022-02-25 00:00:00,38328.68000000,39030.01000000,38138.54000000,38923.36000000,8429.24948000
2521,2022-02-25 04:00:00,38923.37000000,38942.46000000,38291.61000000,38466.24000000,7750.77677000
2522,2022-02-25 08:00:00,38466.25000000,38876.91000000,38014.37000000,38745.01000000,10204.21877000
2523,2022-02-25 12:00:00,38745.00000000,39683.53000000,38700.00000000,39410.92000000,15915.93241000
2524,2022-02-25 16:00:00,39415.46000000,39588.82000000,38537.91000000,38676.14000000,8447.04822000
2525,2022-02-25 20:00:00,38676.13000000,39600.00000000,38601.00000000,39219.17000000,5827.34560000
2526,2022-02-26 00:00:00,39219.16000000,40348.45000000,39076.14000000,39390.33000000,7233.92452000
2527,2022-02-26 04:00:00,39390.33000000,39468.73000000,38910.11000000,39200.00000000,3896.27291000
2528,2022-02-26 08:00:00,39200.00000000,39546.00000000,38573.18000000,38928.21000000,5787.64974000
2529,2022-02-26 12:00:00,38928.22000000,39378.60000000,38772.15000000,39215.66000000,4603.87506000
2530,2022-02-26 16:00:00,39215.66000000,39440.00000000,38823.08000000,39254.12000000,3858.90802000
2531,2022-02-26 20:00:00,39254.12000000,39700.00000000,38911.00000000,39116.72000000,3980.62655000
2532,2022-02-27 00:00:00,39116.73000000,39256.58000000,38189.19000000,38606.81000000,5718.57932000
2533,2022-02-27 04:00:00,38606.80000000,38875.99000000,38458.80000000,38790.93000000,2804.70811000
2534,2022-02-27 08:00:00,38790.92000000,39548.17000000,38621.57000000,39479.80000000,5715.77884000
2535,2022-02-27 12:00:00,39479.80000000,39855.70000000,38565.14000000,39357.03000000,10874.89378000
2536,2022-02-27 16:00:00,39357.03000000,39450.94000000,37500.00000000,37606.49000000,7929.41099000
2537,2022-02-27 20:00:00,37604.40000000,38299.39000000,37000.00000000,37699.07000000,13186.07615000
2538,2022-02-28 00:00:00,37699.08000000,38483.53000000,37450.17000000,37793.80000000,6810.98035000
2539,2022-02-28 04:00:00,37793.80000000,38478.28000000,37451.56000000,38347.58000000,6443.46493000
2540,2022-02-28 08:00:00,38347.58000000,38672.96000000,38088.71000000,38333.65000000,5955.76279000
2541,2022-02-28 12:00:00,38333.65000000,40898.00000000,37934.89000000,40824.96000000,21844.85641000
2542,2022-02-28 16:00:00,40824.96000000,41463.41000000,40693.18000000,41329.44000000,14814.15253000
2543,2022-02-28 20:00:00,41329.44000000,44225.84000000,41248.41000000,43160.00000000,18076.42157000
2544,2022-03-01 00:00:00,43160.00000000,43750.00000000,42855.20000000,43147.71000000,9905.06568000
2545,2022-03-01 04:00:00,43147.71000000,43562.35000000,43040.15000000,43492.96000000,5673.12384000
2546,2022-03-01 08:00:00,43492.96000000,43887.00000000,42809.98000000,43609.96000000,9959.40661000
2547,2022-03-01 12:00:00,43609.96000000,44949.00000000,43350.00000000,43643.69000000,21058.89224000
2548,2022-03-01 16:00:00,43643.69000000,44078.65000000,43111.46000000,43719.49000000,8785.54500000
2549,2022-03-01 20:00:00,43719.49000000,44506.65000000,43684.16000000,44421.20000000,6361.06536000
2550,2022-03-02 00:00:00,44421.20000000,44750.00000000,43819.97000000,44324.65000000,9115.71853000
2551,2022-03-02 04:00:00,44324.64000000,44534.79000000,43653.63000000,43973.09000000,7184.41025000
2552,2022-03-02 08:00:00,43973.09000000,44341.25000000,43738.27000000,44103.28000000,7152.87993000
2553,2022-03-02 12:00:00,44103.29000000,45400.00000000,43334.09000000,44126.52000000,21359.60222000
2554,2022-03-02 16:00:00,44126.51000000,44498.02000000,43433.00000000,43704.42000000,8477.12281000
2555,2022-03-02 20:00:00,43704.41000000,44380.00000000,43681.30000000,43892.98000000,4492.91707000
2556,2022-03-03 00:00:00,43892.99000000,44063.15000000,43193.52000000,43305.77000000,7348.58337000
2557,2022-03-03 04:00:00,43305.76000000,43696.83000000,42915.06000000,43477.05000000,5660.75266000
2558,2022-03-03 08:00:00,43477.04000000,43621.22000000,43064.46000000,43382.23000000,5817.41058000
2559,2022-03-03 12:00:00,43382.23000000,44101.12000000,42348.56000000,42547.34000000,15475.09940000
2560,2022-03-03 16:00:00,42547.34000000,42750.00000000,42055.64000000,42226.74000000,10016.31451000
2561,2022-03-03 20:00:00,42226.74000000,42703.65000000,41832.28000000,42454.00000000,6622.44969000
2562,2022-03-04 00:00:00,42454.00000000,42527.30000000,41069.91000000,41449.94000000,10458.06502000
2563,2022-03-04 04:00:00,41449.93000000,41499.48000000,41100.00000000,41436.98000000,5420.09009000
2564,2022-03-04 08:00:00,41436.98000000,41904.88000000,40863.01000000,41662.07000000,9526.57356000
2565,2022-03-04 12:00:00,41662.06000000,41833.00000000,40550.04000000,40694.32000000,13689.02138000
2566,2022-03-04 16:00:00,40694.32000000,40958.66000000,39665.72000000,39782.13000000,10513.61893000
2567,2022-03-04 20:00:00,39782.13000000,39879.48000000,38550.00000000,39148.66000000,12357.31600000
2568,2022-03-05 00:00:00,39148.65000000,39197.94000000,38564.04000000,39050.62000000,7175.73335000
2569,2022-03-05 04:00:00,39050.61000000,39140.51000000,38407.59000000,39016.73000000,5018.80536000
2570,2022-03-05 08:00:00,39016.74000000,39294.47000000,38784.69000000,39129.59000000,5153.17248000
2571,2022-03-05 12:00:00,39129.58000000,39371.15000000,38889.75000000,39160.01000000,4387.08916000
2572,2022-03-05 16:00:00,39160.00000000,39613.24000000,39122.33000000,39433.71000000,5368.18462000
2573,2022-03-05 20:00:00,39433.71000000,39583.66000000,39281.23000000,39397.96000000,3260.14844000
2574,2022-03-06 00:00:00,39397.97000000,39693.87000000,39275.00000000,39300.54000000,3150.76731000
2575,2022-03-06 04:00:00,39300.53000000,39656.89000000,38814.73000000,39387.57000000,5535.09217000
2576,2022-03-06 08:00:00,39387.56000000,39387.57000000,38088.57000000,38352.48000000,9928.79688000
2577,2022-03-06 12:00:00,38352.48000000,39056.16000000,38296.12000000,38862.61000000,7071.59640000
2578,2022-03-06 16:00:00,38862.62000000,39368.40000000,38518.56000000,38670.66000000,5865.66309000
2579,2022-03-06 20:00:00,38670.65000000,39273.79000000,38127.00000000,38420.81000000,8125.34573000
2580,2022-03-07 00:00:00,38420.80000000,38555.85000000,37578.03000000,37869.45000000,10970.36124000
2581,2022-03-07 04:00:00,37869.46000000,38247.48000000,37760.08000000,37895.24000000,5537.27588000
2582,2022-03-07 08:00:00,37895.24000000,38399.54000000,37649.46000000,38337.05000000,7208.81739000
2583,2022-03-07 12:00:00,38337.05000000,39285.00000000,38337.05000000,39071.48000000,12941.62206000
2584,2022-03-07 16:00:00,39071.49000000,39547.57000000,37192.78000000,37308.94000000,16135.35156000
2585,2022-03-07 20:00:00,37308.94000000,38517.82000000,37155.00000000,37988.00000000,11200.68746000
2586,2022-03-08 00:00:00,37988.01000000,38972.08000000,37867.65000000,38695.87000000,8258.29547000
2587,2022-03-08 04:00:00,38696.56000000,38831.70000000,38001.00000000,38547.79000000,7602.81674000
2588,2022-03-08 08:00:00,38547.79000000,39186.58000000,38460.28000000,38983.05000000,8572.44337000
2589,2022-03-08 12:00:00,38983.05000000,39226.99000000,38307.07000000,38658.34000000,13115.84878000
2590,2022-03-08 16:00:00,38658.34000000,39362.08000000,38139.84000000,38764.88000000,13936.82276000
2591,2022-03-08 20:00:00,38764.87000000,38897.68000000,38388.73000000,38730.63000000,4096.83926000
2592,2022-03-09 00:00:00,38730.63000000,41448.84000000,38656.45000000,41217.73000000,15046.79735000
2593,2022-03-09 04:00:00,41217.73000000,41884.00000000,41217.72000000,41791.10000000,12529.14324000
2594,2022-03-09 08:00:00,41791.10000000,42438.81000000,41626.28000000,42151.66000000,12223.35193000
2595,2022-03-09 12:00:00,42151.65000000,42594.06000000,41626.86000000,42520.99000000,13744.13345000
2596,2022-03-09 16:00:00,42520.99000000,42558.96000000,41773.19000000,42204.65000000,8531.43225000
2597,2022-03-09 20:00:00,42204.65000000,42320.00000000,41683.06000000,41941.71000000,5317.72977000
2598,2022-03-10 00:00:00,41941.70000000,42039.63000000,40545.08000000,40768.51000000,13241.63659000
2599,2022-03-10 04:00:00,40768.50000000,40834.93000000,38848.48000000,39238.90000000,17288.84532000
2600,2022-03-10 08:00:00,39238.90000000,39317.32000000,38782.14000000,39076.38000000,8672.14700000
2601,2022-03-10 12:00:00,39076.39000000,40292.44000000,38539.73000000,39179.54000000,20530.94137000
2602,2022-03-10 16:00:00,39179.55000000,39567.05000000,38904.63000000,39430.56000000,7255.40933000
2603,2022-03-10 20:00:00,39431.80000000,39680.00000000,39050.00000000,39422.00000000,4973.95193000
2604,2022-03-11 00:00:00,39422.01000000,39439.65000000,38223.60000000,38714.97000000,9879.26690000
2605,2022-03-11 04:00:00,38714.97000000,39348.87000000,38337.03000000,39132.09000000,8188.20221000
2606,2022-03-11 08:00:00,39132.10000000,40219.34000000,38806.86000000,39893.68000000,11697.23979000
2607,2022-03-11 12:00:00,39894.08000000,40236.26000000,38908.00000000,39080.26000000,15204.56918000
2608,2022-03-11 16:00:00,39080.26000000,39094.84000000,38500.00000000,38792.59000000,7869.25806000
2609,2022-03-11 20:00:00,38792.58000000,39177.48000000,38308.83000000,38729.57000000,6180.22806000
2610,2022-03-12 00:00:00,38729.57000000,39327.99000000,38660.52000000,39088.94000000,4198.07907000
2611,2022-03-12 04:00:00,39088.93000000,39261.46000000,38931.80000000,39104.99000000,2950.84658000
2612,2022-03-12 08:00:00,39104.99000000,39284.46000000,38957.47000000,39079.16000000,3429.12969000
2613,2022-03-12 12:00:00,39079.17000000,39262.95000000,38678.22000000,39042.04000000,5595.52404000
2614,2022-03-12 16:00:00,39042.05000000,39486.71000000,38930.71000000,39030.08000000,5295.93547000
2615,2022-03-12 20:00:00,39030.08000000,39210.00000000,38730.67000000,38807.36000000,2564.84947000
2616,2022-03-13 00:00:00,38807.35000000,39276.28000000,38703.73000000,39194.08000000,3650.74171000
2617,2022-03-13 04:00:00,39194.07000000,39310.00000000,39069.00000000,39089.77000000,1960.16548000
2618,2022-03-13 08:00:00,39089.76000000,39129.22000000,38601.81000000,38741.12000000,5962.88967000
2619,2022-03-13 12:00:00,38741.13000000,39074.93000000,38370.00000000,38936.00000000,7476.32059000
2620,2022-03-13 16:00:00,38936.00000000,39067.00000000,38851.00000000,38869.02000000,4054.20523000
2621,2022-03-13 20:00:00,38869.02000000,38869.03000000,37578.51000000,37777.34000000,9687.50091000
2622,2022-03-14 00:00:00,37777.35000000,38357.75000000,37555.00000000,38144.05000000,7000.92466000
2623,2022-03-14 04:00:00,38144.06000000,39184.66000000,38126.29000000,39078.92000000,9181.27032000
2624,2022-03-14 08:00:00,39078.91000000,39299.98000000,38842.89000000,38897.64000000,6291.24657000
2625,2022-03-14 12:00:00,38897.64000000,39174.79000000,38612.01000000,38964.25000000,9114.58440000
2626,2022-03-14 16:00:00,38964.26000000,39055.00000000,38415.40000000,38813.00000000,6657.74890000
2627,2022-03-14 20:00:00,38814.18000000,39947.12000000,38606.41000000,39671.37000000,8699.67890000
2628,2022-03-15 00:00:00,39671.37000000,39804.68000000,38636.70000000,38768.41000000,7491.23953000
2629,2022-03-15 04:00:00,38768.41000000,38990.61000000,38098.33000000,38439.50000000,5984.59376000
2630,2022-03-15 08:00:00,38439.50000000,38786.74000000,38254.35000000,38645.01000000,5916.53334000
2631,2022-03-15 12:00:00,38645.01000000,39270.24000000,38465.70000000,39017.11000000,10179.52294000
2632,2022-03-15 16:00:00,39017.11000000,39805.43000000,38926.15000000,39735.71000000,9433.64246000
2633,2022-03-15 20:00:00,39735.71000000,39887.61000000,39232.61000000,39280.33000000,7010.01723000
2634,2022-03-16 00:00:00,39280.33000000,41718.00000000,38828.48000000,39160.00000000,24749.55977000
2635,2022-03-16 04:00:00,39160.00000000,39676.65000000,38911.00000000,39581.00000000,7298.36776000
2636,2022-03-16 08:00:00,39581.01000000,40731.30000000,39563.63000000,40521.60000000,12080.41639000
2637,2022-03-16 12:00:00,40521.60000000,41194.60000000,40252.06000000,40611.67000000,11683.65246000
2638,2022-03-16 16:00:00,40611.67000000,40950.00000000,39311.53000000,40880.17000000,23724.79742000
2639,2022-03-16 20:00:00,40880.17000000,41471.36000000,40766.19000000,41114.00000000,8583.96787000
2640,2022-03-17 00:00:00,41114.01000000,41393.01000000,40820.00000000,41014.71000000,5566.36553000
2641,2022-03-17 04:00:00,41014.71000000,41478.82000000,40543.52000000,40726.05000000,7810.93850000
2642,2022-03-17 08:00:00,40726.06000000,40899.92000000,40500.00000000,40748.51000000,5658.62207000
2643,2022-03-17 12:00:00,40748.50000000,41233.27000000,40704.89000000,40798.56000000,9003.23037000
2644,2022-03-17 16:00:00,40798.56000000,40890.11000000,40565.39000000,40871.85000000,5007.97847000
2645,2022-03-17 20:00:00,40871.86000000,41068.90000000,40639.77000000,40917.90000000,4142.24593000
2646,2022-03-18 00:00:00,40917.89000000,40933.11000000,40215.59000000,40522.19000000,5738.83291000
2647,2022-03-18 04:00:00,40522.18000000,40897.00000000,40432.35000000,40570.67000000,4281.13523000
2648,2022-03-18 08:00:00,40570.67000000,40750.00000000,40135.04000000,40390.41000000,6651.79284000
2649,2022-03-18 12:00:00,40390.40000000,41072.96000000,40300.00000000,40931.08000000,10200.53689000
2650,2022-03-18 16:00:00,40931.08000000,42063.97000000,40904.98000000,42042.72000000,12415.50079000
2651,2022-03-18 20:00:00,42042.71000000,42325.02000000,41625.36000000,41757.51000000,6120.21103000
2652,2022-03-19 00:00:00,41757.51000000,42000.00000000,41499.29000000,41793.66000000,5218.14469000
2653,2022-03-19 04:00:00,41793.65000000,41944.64000000,41535.22000000,41610.00000000,4235.89955000
2654,2022-03-19 08:00:00,41609.99000000,41791.52000000,41575.06000000,41721.78000000,3237.65726000
2655,2022-03-19 12:00:00,41721.78000000,42085.62000000,41652.90000000,41937.68000000,5750.52325000
2656,2022-03-19 16:00:00,41937.68000000,42163.50000000,41802.02000000,42034.88000000,5383.35958000
2657,2022-03-19 20:00:00,42034.87000000,42400.00000000,41715.43000000,42201.13000000,5241.59675000
2658,2022-03-20 00:00:00,42201.13000000,42296.26000000,41770.38000000,41942.34000000,5015.94482000
2659,2022-03-20 04:00:00,41941.99000000,42007.99000000,41751.99000000,41863.99000000,2886.61300000
2660,2022-03-20 08:00:00,41863.99000000,41937.99000000,41575.00000000,41586.86000000,4753.40295000
2661,2022-03-20 12:00:00,41586.85000000,41699.00000000,41252.67000000,41340.30000000,6614.41742000
2662,2022-03-20 16:00:00,41340.30000000,41502.83000000,40911.00000000,41379.03000000,6481.66859000
2663,2022-03-20 20:00:00,41379.03000000,41677.65000000,41092.02000000,41262.11000000,4901.28790000
2664,2022-03-21 00:00:00,41262.11000000,41451.51000000,40467.94000000,40832.93000000,7261.00076000
2665,2022-03-21 04:00:00,40832.93000000,41136.17000000,40714.81000000,41102.01000000,4864.23713000
2666,2022-03-21 08:00:00,41102.00000000,41492.14000000,41084.01000000,41244.28000000,5050.95847000
2667,2022-03-21 12:00:00,41244.27000000,41544.22000000,40738.48000000,41224.48000000,10323.79608000
2668,2022-03-21 16:00:00,41224.48000000,41240.31000000,40759.18000000,41180.55000000,7176.73830000
2669,2022-03-21 20:00:00,41180.54000000,41370.00000000,40950.00000000,41002.25000000,4749.51803000
2670,2022-03-22 00:00:00,41002.26000000,42497.00000000,40875.51000000,42236.46000000,11654.98743000
2671,2022-03-22 04:00:00,42236.46000000,43361.00000000,41995.01000000,42215.94000000,18144.16022000
2672,2022-03-22 08:00:00,42215.95000000,43030.20000000,42085.74000000,42983.00000000,9485.29709000
2673,2022-03-22 12:00:00,42983.00000000,43199.00000000,42561.28000000,42573.81000000,9904.18040000
2674,2022-03-22 16:00:00,42573.80000000,42711.37000000,42263.01000000,42284.41000000,5447.50326000
2675,2022-03-22 20:00:00,42284.40000000,42872.17000000,42258.68000000,42364.13000000,4818.81454000
2676,2022-03-23 00:00:00,42364.13000000,42529.99000000,41884.00000000,42073.94000000,6846.35632000
2677,2022-03-23 04:00:00,42073.93000000,42259.38000000,41751.47000000,42107.74000000,5390.38343000
2678,2022-03-23 08:00:00,42107.73000000,42345.32000000,41878.82000000,42039.78000000,5650.57243000
2679,2022-03-23 12:00:00,42039.77000000,42737.39000000,41881.00000000,42618.18000000,10523.35724000
2680,2022-03-23 16:00:00,42618.18000000,42775.10000000,42050.37000000,42216.79000000,7340.03063000
2681,2022-03-23 20:00:00,42216.79000000,43025.96000000,42189.73000000,42882.76000000,5078.17034000
2682,2022-03-24 00:00:00,42882.76000000,43276.12000000,42650.00000000,42712.87000000,8905.94483000
2683,2022-03-24 04:00:00,42712.87000000,43478.00000000,42712.87000000,43077.74000000,7224.44292000
2684,2022-03-24 08:00:00,43077.75000000,43220.00000000,42840.92000000,42968.42000000,8206.31620000
2685,2022-03-24 12:00:00,42968.42000000,44036.93000000,42560.46000000,44000.01000000,17945.99811000
2686,2022-03-24 16:00:00,44000.00000000,44220.89000000,43757.10000000,43908.30000000,9808.20456000
2687,2022-03-24 20:00:00,43908.31000000,44100.00000000,43807.27000000,43991.46000000,4104.21712000
2688,2022-03-25 00:00:00,43991.46000000,44398.53000000,43854.38000000,43968.16000000,8361.26981000
2689,2022-03-25 04:00:00,43968.17000000,44200.00000000,43901.10000000,43904.97000000,5719.13599000
2690,2022-03-25 08:00:00,43904.97000000,44664.20000000,43579.00000000,44585.28000000,10333.74698000
2691,2022-03-25 12:00:00,44585.28000000,45094.14000000,44187.69000000,44318.21000000,16135.33131000
2692,2022-03-25 16:00:00,44318.21000000,44596.29000000,44013.11000000,44444.95000000,10218.98400000
2693,2022-03-25 20:00:00,44444.94000000,44646.06000000,44230.59000000,44313.16000000,3845.96839000
2694,2022-03-26 00:00:00,44313.16000000,44453.48000000,44071.97000000,44394.03000000,3974.29447000
2695,2022-03-26 04:00:00,44394.04000000,44548.24000000,44355.98000000,44510.07000000,3247.63658000
2696,2022-03-26 08:00:00,44510.07000000,44578.00000000,44318.94000000,44334.49000000,2685.45393000
2697,2022-03-26 12:00:00,44334.50000000,44397.78000000,44153.94000000,44205.31000000,4295.28601000
2698,2022-03-26 16:00:00,44205.30000000,44464.92000000,44140.76000000,44367.49000000,3615.69321000
2699,2022-03-26 20:00:00,44367.49000000,44792.99000000,44255.00000000,44511.27000000,5223.25321000
2700,2022-03-27 00:00:00,44511.27000000,44950.00000000,44484.11000000,44713.01000000,4469.60325000
2701,2022-03-27 04:00:00,44713.01000000,44759.17000000,44542.01000000,44734.06000000,2320.84271000
2702,2022-03-27 08:00:00,44734.06000000,44747.94000000,44469.38000000,44569.50000000,2773.77607000
2703,2022-03-27 12:00:00,44569.50000000,44933.45000000,44421.46000000,44857.52000000,5248.21988000
2704,2022-03-27 16:00:00,44857.53000000,45036.04000000,44740.00000000,44830.66000000,4587.38980000
2705,2022-03-27 20:00:00,44830.66000000,46999.00000000,44678.12000000,46827.76000000,22475.07900000
2706,2022-03-28 00:00:00,46827.76000000,47650.00000000,46663.56000000,47049.40000000,10549.02693000
2707,2022-03-28 04:00:00,47049.40000000,47371.99000000,46716.83000000,46989.24000000,12013.47897000
2708,2022-03-28 08:00:00,46989.24000000,47383.05000000,46845.98000000,47252.54000000,6933.47892000
2709,2022-03-28 12:00:00,47252.54000000,47908.05000000,47123.54000000,47422.51000000,11848.77205000
2710,2022-03-28 16:00:00,47422.51000000,48189.84000000,47300.65000000,47956.28000000,9757.82491000
2711,2022-03-28 20:00:00,47956.28000000,48094.11000000,46885.44000000,47122.21000000,7846.67962000
2712,2022-03-29 00:00:00,47122.21000000,47606.01000000,47050.00000000,47335.06000000,5242.31903000
2713,2022-03-29 04:00:00,47335.06000000,47753.75000000,47320.65000000,47344.44000000,4147.90595000
2714,2022-03-29 08:00:00,47344.45000000,47963.24000000,47334.69000000,47896.10000000,4998.62033000
2715,2022-03-29 12:00:00,47896.09000000,48096.47000000,47345.00000000,47440.00000000,9496.85179000
2716,2022-03-29 16:00:00,47440.00000000,47871.02000000,47105.50000000,47701.49000000,7773.60832000
2717,2022-03-29 20:00:00,47701.49000000,47726.00000000,46950.85000000,47434.80000000,5112.97915000
2718,2022-03-30 00:00:00,47434.79000000,47457.16000000,46445.42000000,47435.46000000,8942.75297000
2719,2022-03-30 04:00:00,47435.46000000,47580.00000000,47140.46000000,47384.44000000,4722.32882000
2720,2022-03-30 08:00:00,47384.44000000,47500.00000000,47064.81000000,47319.91000000,5439.23494000
2721,2022-03-30 12:00:00,47319.92000000,47344.50000000,46869.00000000,47160.81000000,7265.53761000
2722,2022-03-30 16:00:00,47160.82000000,47700.22000000,46831.81000000,47073.89000000,8802.69815000
2723,2022-03-30 20:00:00,47073.89000000,47292.68000000,46850.00000000,47067.99000000,5774.65601000
2724,2022-03-31 00:00:00,47067.99000000,47425.21000000,46973.91000000,47095.56000000,4280.41163000
2725,2022-03-31 04:00:00,47095.55000000,47170.71000000,46898.12000000,47160.76000000,4422.89888000
2726,2022-03-31 08:00:00,47160.75000000,47386.70000000,47000.00000000,47152.01000000,5507.35999000
2727,2022-03-31 12:00:00,47152.00000000,47600.00000000,46230.00000000,46453.81000000,15381.45344000
2728,2022-03-31 16:00:00,46453.81000000,46492.65000000,45500.00000000,45581.97000000,12667.58267000
2729,2022-03-31 20:00:00,45581.98000000,45849.99000000,45200.00000000,45510.34000000,6385.42006000
2730,2022-04-01 00:00:00,45510.35000000,45644.86000000,44200.00000000,44599.98000000,14410.94822000
2731,2022-04-01 04:00:00,44599.98000000,45110.81000000,44547.11000000,45015.69000000,7181.44137000
2732,2022-04-01 08:00:00,45015.68000000,45323.91000000,44990.48000000,45064.26000000,7590.61016000
2733,2022-04-01 12:00:00,45064.25000000,46720.09000000,44701.01000000,46532.00000000,15768.41543000
2734,2022-04-01 16:00:00,46531.99000000,46602.00000000,45893.98000000,46361.68000000,7952.53781000
2735,2022-04-01 20:00:00,46361.68000000,46439.56000000,46075.85000000,46283.49000000,3367.11175000
2736,2022-04-02 00:00:00,46283.49000000,47213.00000000,46081.93000000,46599.93000000,9564.44530000
2737,2022-04-02 04:00:00,46599.93000000,46684.40000000,46410.63000000,46584.49000000,3312.28456000
2738,2022-04-02 08:00:00,46584.49000000,46753.15000000,46490.00000000,46542.84000000,3811.25251000
2739,2022-04-02 12:00:00,46542.84000000,46941.11000000,46130.03000000,46295.06000000,8475.56753000
2740,2022-04-02 16:00:00,46295.06000000,46487.01000000,45620.00000000,46120.24000000,7753.19688000
2741,2022-04-02 20:00:00,46120.25000000,46350.00000000,45756.94000000,45811.00000000,4156.78904000
2742,2022-04-03 00:00:00,45810.99000000,46065.83000000,45530.92000000,45943.25000000,4954.07978000
2743,2022-04-03 04:00:00,45943.26000000,46570.00000000,45927.83000000,46363.82000000,4141.72984000
2744,2022-04-03 08:00:00,46363.83000000,46446.80000000,46076.92000000,46252.59000000,3152.17600000
2745,2022-04-03 12:00:00,46252.59000000,46723.00000000,46188.00000000,46412.49000000,5776.66468000
2746,2022-04-03 16:00:00,46412.49000000,46770.65000000,46220.16000000,46405.50000000,5166.90300000
2747,2022-04-03 20:00:00,46405.49000000,47444.11000000,46248.84000000,46407.35000000,10203.12464000
2748,2022-04-04 00:00:00,46407.36000000,46461.14000000,45744.77000000,46005.44000000,7375.82693000
2749,2022-04-04 04:00:00,46005.43000000,46293.38000000,45834.39000000,46173.99000000,3996.75378000
2750,2022-04-04 08:00:00,46174.00000000,46287.97000000,45787.00000000,46160.09000000,5813.68717000
2751,2022-04-04 12:00:00,46160.08000000,46359.00000000,45555.00000000,45633.88000000,8560.10686000
2752,2022-04-04 16:00:00,45633.88000000,45940.35000000,45118.00000000,45925.76000000,8733.10369000
2753,2022-04-04 20:00:00,45925.77000000,46890.71000000,45626.02000000,46580.51000000,10162.39671000
2754,2022-04-05 00:00:00,46580.50000000,46777.77000000,46412.62000000,46645.82000000,4322.48655000
2755,2022-04-05 04:00:00,46645.83000000,46884.49000000,46549.82000000,46709.99000000,3706.01335000
2756,2022-04-05 08:00:00,46710.00000000,46740.00000000,46522.52000000,46683.37000000,4846.45957000
2757,2022-04-05 12:00:00,46683.37000000,47200.00000000,45667.40000000,45763.72000000,15296.13723000
2758,2022-04-05 16:00:00,45763.73000000,46191.00000000,45457.89000000,46032.50000000,8872.01249000
2759,2022-04-05 20:00:00,46032.49000000,46107.58000000,45353.81000000,45497.55000000,5149.63933000
2760,2022-04-06 00:00:00,45497.54000000,45506.67000000,44412.00000000,45215.88000000,9707.16772000
2761,2022-04-06 04:00:00,45215.88000000,45507.14000000,45119.00000000,45276.04000000,4201.27513000
2762,2022-04-06 08:00:00,45276.04000000,45453.94000000,44665.91000000,44819.19000000,7755.69849000
2763,2022-04-06 12:00:00,44819.19000000,44999.99000000,43705.64000000,44168.35000000,17138.95125000
2764,2022-04-06 16:00:00,44168.36000000,44298.61000000,43177.11000000,43754.57000000,16441.42217000
2765,2022-04-06 20:00:00,43754.56000000,44041.10000000,43121.00000000,43170.47000000,5604.81460000
2766,2022-04-07 00:00:00,43170.47000000,43559.09000000,42727.35000000,43294.04000000,8445.68077000
2767,2022-04-07 04:00:00,43294.04000000,43545.74000000,43210.47000000,43445.33000000,4562.68512000
2768,2022-04-07 08:00:00,43445.34000000,43834.52000000,43269.50000000,43766.74000000,5920.47052000
2769,2022-04-07 12:00:00,43766.75000000,43900.99000000,43024.86000000,43331.81000000,8813.56457000
2770,2022-04-07 16:00:00,43331.82000000,43819.99000000,43266.68000000,43388.92000000,6100.29038000
2771,2022-04-07 20:00:00,43388.93000000,43750.00000000,43208.00000000,43444.19000000,3553.85020000
2772,2022-04-08 00:00:00,43444.20000000,43694.15000000,43305.57000000,43605.96000000,3345.33727000
2773,2022-04-08 04:00:00,43605.95000000,43780.32000000,43416.74000000,43763.52000000,3912.96402000
2774,2022-04-08 08:00:00,43763.53000000,43970.62000000,43260.76000000,43298.79000000,6336.35221000
2775,2022-04-08 12:00:00,43298.79000000,43961.99000000,42751.01000000,43648.01000000,11705.21542000
2776,2022-04-08 16:00:00,43648.01000000,43714.97000000,42414.00000000,42730.84000000,11485.61355000
2777,2022-04-08 20:00:00,42730.84000000,42870.70000000,42107.14000000,42252.01000000,5589.55956000
2778,2022-04-09 00:00:00,42252.02000000,42466.87000000,42125.48000000,42380.00000000,4046.80720000
2779,2022-04-09 04:00:00,42380.00000000,42640.00000000,42341.79000000,42481.09000000,2773.96788000
2780,2022-04-09 08:00:00,42481.08000000,42540.00000000,42322.72000000,42445.10000000,2234.73344000
2781,2022-04-09 12:00:00,42445.09000000,42522.44000000,42158.67000000,42260.77000000,3508.45774000
2782,2022-04-09 16:00:00,42253.02000000,42631.69000000,42183.60000000,42511.94000000,2968.70506000
2783,2022-04-09 20:00:00,42511.95000000,42800.00000000,42390.00000000,42753.97000000,2358.98915000
2784,2022-04-10 00:00:00,42753.96000000,42896.64000000,42591.00000000,42785.72000000,2114.08706000
2785,2022-04-10 04:00:00,42785.72000000,42799.00000000,42575.40000000,42633.59000000,1825.05163000
2786,2022-04-10 08:00:00,42633.59000000,42716.75000000,42433.49000000,42680.36000000,2351.22423000
2787,2022-04-10 12:00:00,42680.35000000,42850.00000000,42525.00000000,42747.47000000,3050.71305000
2788,2022-04-10 16:00:00,42747.48000000,43310.15000000,42659.64000000,43235.77000000,4703.48697000
2789,2022-04-10 20:00:00,43235.77000000,43410.30000000,41868.00000000,42158.85000000,8726.53109000
2790,2022-04-11 00:00:00,42158.85000000,42414.71000000,41755.00000000,42111.22000000,8832.70042000
2791,2022-04-11 04:00:00,42111.21000000,42350.29000000,42084.56000000,42305.75000000,3608.11066000
2792,2022-04-11 08:00:00,42305.74000000,42350.00000000,40968.11000000,41067.63000000,13854.68470000
2793,2022-04-11 12:00:00,41067.64000000,41246.61000000,40560.00000000,40581.51000000,11567.04522000
2794,2022-04-11 16:00:00,40581.52000000,40896.83000000,39770.35000000,39985.33000000,13057.05440000
2795,2022-04-11 20:00:00,39985.34000000,40269.60000000,39200.00000000,39530.45000000,12640.85181000
2796,2022-04-12 00:00:00,39530.45000000,39852.95000000,39290.00000000,39747.13000000,8594.24884000
2797,2022-04-12 04:00:00,39747.14000000,40196.39000000,39624.71000000,40183.97000000,9380.43138000
2798,2022-04-12 08:00:00,40183.97000000,40464.00000000,40016.09000000,40378.00000000,6922.50640000
2799,2022-04-12 12:00:00,40378.00000000,40699.00000000,39800.00000000,40179.13000000,16444.55750000
2800,2022-04-12 16:00:00,40179.12000000,40376.80000000,39261.39000000,39303.10000000,10032.65806000
2801,2022-04-12 20:00:00,39303.10000000,40289.02000000,39254.63000000,40074.94000000,6376.61560000
2802,2022-04-13 00:00:00,40074.95000000,40275.00000000,39588.54000000,40076.05000000,4933.40270000
2803,2022-04-13 04:00:00,40076.05000000,40228.41000000,39858.34000000,40130.00000000,3714.43456000
2804,2022-04-13 08:00:00,40129.99000000,40212.75000000,39656.10000000,39722.64000000,4869.76082000
2805,2022-04-13 12:00:00,39722.63000000,41411.00000000,39622.87000000,41158.18000000,15124.30870000
2806,2022-04-13 16:00:00,41158.18000000,41561.31000000,40829.00000000,41059.30000000,8546.39376000
2807,2022-04-13 20:00:00,41059.31000000,41404.58000000,41000.00000000,41147.79000000,4153.97200000
2808,2022-04-14 00:00:00,41147.78000000,41500.00000000,41064.35000000,41320.00000000,4817.42357000
2809,2022-04-14 04:00:00,41320.00000000,41413.11000000,41156.90000000,41271.66000000,3408.77253000
2810,2022-04-14 08:00:00,41271.66000000,41324.93000000,40851.50000000,40919.99000000,5505.86335000
2811,2022-04-14 12:00:00,40919.99000000,41300.00000000,39925.21000000,39964.02000000,12296.30804000
2812,2022-04-14 16:00:00,39964.01000000,40069.00000000,39551.94000000,39775.82000000,7672.65470000
2813,2022-04-14 20:00:00,39775.81000000,40017.26000000,39662.46000000,39942.38000000,3105.99182000
2814,2022-04-15 00:00:00,39942.37000000,40207.25000000,39766.40000000,40200.94000000,3769.81294000
2815,2022-04-15 04:00:00,40200.95000000,40449.96000000,39953.20000000,40239.43000000,4129.25996000
2816,2022-04-15 08:00:00,40239.43000000,40399.00000000,40036.06000000,40220.00000000,4311.55812000
2817,2022-04-15 12:00:00,40220.00000000,40870.36000000,39900.00000000,40412.20000000,6246.80308000
2818,2022-04-15 16:00:00,40412.21000000,40650.01000000,40203.68000000,40313.35000000,3710.21959000
2819,2022-04-15 20:00:00,40313.35000000,40602.00000000,40281.35000000,40551.90000000,1858.70370000
2820,2022-04-16 00:00:00,40551.90000000,40709.35000000,40410.75000000,40434.12000000,2270.95062000
2821,2022-04-16 04:00:00,40434.11000000,40563.46000000,40353.54000000,40393.77000000,1920.77595000
2822,2022-04-16 08:00:00,40393.77000000,40492.91000000,40277.00000000,40416.95000000,2668.01806000
2823,2022-04-16 12:00:00,40416.94000000,40577.57000000,39991.55000000,40062.68000000,4161.89159000
2824,2022-04-16 16:00:00,40062.67000000,40250.00000000,40005.78000000,40210.00000000,1958.57229000
2825,2022-04-16 20:00:00,40210.01000000,40699.55000000,40185.45000000,40378.71000000,2825.23867000
2826,2022-04-17 00:00:00,40378.70000000,40423.00000000,40122.05000000,40230.86000000,1874.24876000
2827,2022-04-17 04:00:00,40230.87000000,40430.00000000,40226.55000000,40285.15000000,1312.93102000
2828,2022-04-17 08:00:00,40285.15000000,40529.79000000,40280.00000000,40464.77000000,2160.59711000
2829,2022-04-17 12:00:00,40464.77000000,40595.67000000,40200.00000000,40445.30000000,3535.93191000
2830,2022-04-17 16:00:00,40445.30000000,40476.07000000,39833.31000000,40370.46000000,4612.88726000
2831,2022-04-17 20:00:00,40370.46000000,40459.52000000,39546.17000000,39678.12000000,6491.89653000
2832,2022-04-18 00:00:00,39678.11000000,39896.98000000,39580.05000000,39813.17000000,4065.09868000
2833,2022-04-18 04:00:00,39813.17000000,39847.24000000,38536.51000000,38919.85000000,11629.06480000
2834,2022-04-18 08:00:00,38919.85000000,39138.49000000,38799.00000000,38998.54000000,4930.14575000
2835,2022-04-18 12:00:00,38998.54000000,39620.80000000,38998.54000000,39254.50000000,10628.02935000
2836,2022-04-18 16:00:00,39254.50000000,41116.73000000,39000.00000000,40680.68000000,17442.75352000
2837,2022-04-18 20:00:00,40680.68000000,41099.00000000,40632.51000000,40801.13000000,5548.40365000
2838,2022-04-19 00:00:00,40801.13000000,41263.43000000,40601.00000000,40693.79000000,5578.19072000
2839,2022-04-19 04:00:00,40693.79000000,40883.99000000,40571.00000000,40683.14000000,3258.67641000
2840,2022-04-19 08:00:00,40683.13000000,41026.89000000,40580.00000000,40687.30000000,4435.29003000
2841,2022-04-19 12:00:00,40687.30000000,41760.00000000,40662.26000000,41445.87000000,13200.66346000
2842,2022-04-19 16:00:00,41445.88000000,41547.65000000,41167.92000000,41417.24000000,5996.32668000
2843,2022-04-19 20:00:00,41417.23000000,41539.90000000,41212.94000000,41493.18000000,3319.71113000
2844,2022-04-20 00:00:00,41493.19000000,41541.23000000,41229.96000000,41386.14000000,3641.31802000
2845,2022-04-20 04:00:00,41386.14000000,41631.47000000,41261.58000000,41340.05000000,4742.30148000
2846,2022-04-20 08:00:00,41340.04000000,42199.00000000,41302.02000000,42090.00000000,9119.62037000
2847,2022-04-20 12:00:00,42090.01000000,42173.38000000,41054.10000000,41261.73000000,12177.96239000
2848,2022-04-20 16:00:00,41261.72000000,41452.46000000,40820.00000000,41193.89000000,7135.03350000
2849,2022-04-20 20:00:00,41193.89000000,41645.09000000,41140.00000000,41358.19000000,4061.11465000
2850,2022-04-21 00:00:00,41358.19000000,41785.48000000,41320.47000000,41693.58000000,4229.07933000
2851,2022-04-21 04:00:00,41693.58000000,41940.00000000,41419.20000000,41855.69000000,5346.09608000
2852,2022-04-21 08:00:00,41855.69000000,42690.00000000,41741.10000000,42440.00000000,12460.78719000
2853,2022-04-21 12:00:00,42440.01000000,42976.00000000,42085.65000000,42135.33000000,13997.77251000
2854,2022-04-21 16:00:00,42135.34000000,42184.04000000,41207.22000000,41218.81000000,10398.04183000
2855,2022-04-21 20:00:00,41218.82000000,41309.67000000,39751.00000000,40480.01000000,12884.49963000
2856,2022-04-22 00:00:00,40480.01000000,40658.19000000,40232.63000000,40502.11000000,7352.94819000
2857,2022-04-22 04:00:00,40502.10000000,40795.06000000,40293.00000000,40709.59000000,5959.19943000
2858,2022-04-22 08:00:00,40709.60000000,40783.54000000,40138.03000000,40585.54000000,6718.49576000
2859,2022-04-22 12:00:00,40585.54000000,40640.00000000,39320.02000000,39433.60000000,13727.26171000
2860,2022-04-22 16:00:00,39433.60000000,39786.62000000,39177.00000000,39502.92000000,9189.60356000
2861,2022-04-22 20:00:00,39502.92000000,39835.23000000,39401.00000000,39709.18000000,3716.51095000
2862,2022-04-23 00:00:00,39709.19000000,39872.64000000,39406.25000000,39463.02000000,3424.42174000
2863,2022-04-23 04:00:00,39463.01000000,39687.77000000,39285.00000000,39600.98000000,3627.32893000
2864,2022-04-23 08:00:00,39600.98000000,39686.64000000,39501.41000000,39602.93000000,3146.82260000
2865,2022-04-23 12:00:00,39602.93000000,39820.62000000,39535.22000000,39792.65000000,3639.12352000
2866,2022-04-23 16:00:00,39792.65000000,39980.00000000,39658.09000000,39755.32000000,3417.05054000
2867,2022-04-23 20:00:00,39755.31000000,39948.27000000,39327.58000000,39441.60000000,3036.67642000
2868,2022-04-24 00:00:00,39441.61000000,39828.00000000,39414.18000000,39776.57000000,3737.20007000
2869,2022-04-24 04:00:00,39776.56000000,39815.42000000,39629.99000000,39751.38000000,2413.51130000
2870,2022-04-24 08:00:00,39751.38000000,39803.74000000,39544.91000000,39609.11000000,2217.00490000
2871,2022-04-24 12:00:00,39609.11000000,39940.00000000,39351.58000000,39656.49000000,6038.63715000
2872,2022-04-24 16:00:00,39656.49000000,39807.94000000,38929.62000000,39703.74000000,9005.87557000
2873,2022-04-24 20:00:00,39703.74000000,39771.60000000,39426.01000000,39450.13000000,3291.38287000
2874,2022-04-25 00:00:00,39450.12000000,39500.84000000,38674.00000000,39253.71000000,9214.09166000
2875,2022-04-25 04:00:00,39253.70000000,39256.28000000,38200.00000000,38453.92000000,9507.95589000
2876,2022-04-25 08:00:00,38453.92000000,38947.89000000,38209.36000000,38832.29000000,8652.09865000
2877,2022-04-25 12:00:00,38832.29000000,39420.00000000,38578.60000000,38976.76000000,15384.14231000
2878,2022-04-25 16:00:00,38976.76000000,40384.61000000,38911.57000000,40225.97000000,15129.76861000
2879,2022-04-25 20:00:00,40225.98000000,40616.00000000,40046.34000000,40426.08000000,5149.07072000
2880,2022-04-26 00:00:00,40426.08000000,40773.65000000,40374.23000000,40535.29000000,5746.80925000
2881,2022-04-26 04:00:00,40535.29000000,40690.47000000,40375.01000000,40584.50000000,5433.72885000
2882,2022-04-26 08:00:00,40584.50000000,40797.31000000,40229.41000000,40467.03000000,6014.80782000
2883,2022-04-26 12:00:00,40467.03000000,40625.00000000,38550.00000000,38563.94000000,18663.20091000
2884,2022-04-26 16:00:00,38563.94000000,38886.51000000,37842.49000000,38270.03000000,20172.92676000
2885,2022-04-26 20:00:00,38270.03000000,38463.40000000,37702.26000000,38112.65000000,10618.78441000
2886,2022-04-27 00:00:00,38112.64000000,38486.87000000,37881.31000000,38343.18000000,6183.75842000
2887,2022-04-27 04:00:00,38343.17000000,39113.72000000,38311.30000000,39112.74000000,6536.97348000
2888,2022-04-27 08:00:00,39113.06000000,39221.65000000,38645.42000000,39017.19000000,10348.77109000
2889,2022-04-27 12:00:00,39017.19000000,39474.72000000,38435.95000000,39005.76000000,19099.87589000
2890,2022-04-27 16:00:00,39005.77000000,39309.00000000,38668.20000000,38858.26000000,10473.27822000
2891,2022-04-27 20:00:00,38858.27000000,39399.99000000,38831.73000000,39235.72000000,4440.46562000
2892,2022-04-28 00:00:00,39235.72000000,39689.49000000,39152.96000000,39342.07000000,6496.26590000
2893,2022-04-28 04:00:00,39342.06000000,39660.00000000,39226.49000000,39385.01000000,4240.94553000
2894,2022-04-28 08:00:00,39385.01000000,39882.38000000,39359.63000000,39679.31000000,6918.03919000
2895,2022-04-28 12:00:00,39679.31000000,40300.00000000,38881.43000000,39438.01000000,19436.22895000
2896,2022-04-28 16:00:00,39438.12000000,40372.63000000,39314.05000000,39983.77000000,12592.23399000
2897,2022-04-28 20:00:00,39983.77000000,40216.27000000,39606.92000000,39742.07000000,6402.95794000
2898,2022-04-29 00:00:00,39742.06000000,39925.25000000,39286.01000000,39533.01000000,5774.95730000
2899,2022-04-29 04:00:00,39533.02000000,39641.30000000,39368.97000000,39610.14000000,5026.65712000
2900,2022-04-29 08:00:00,39610.14000000,39634.12000000,38616.46000000,38749.54000000,9182.31188000
2901,2022-04-29 12:00:00,38749.54000000,39406.37000000,38634.52000000,39004.86000000,13776.46597000
2902,2022-04-29 16:00:00,39004.87000000,39078.30000000,38175.00000000,38331.54000000,13577.88045000
2903,2022-04-29 20:00:00,38331.55000000,38665.36000000,38310.90000000,38596.11000000,4115.38443000
2904,2022-04-30 00:00:00,38596.11000000,38795.38000000,38551.12000000,38656.37000000,3285.16232000
2905,2022-04-30 04:00:00,38656.37000000,38778.79000000,38493.52000000,38650.34000000,3215.15217000
2906,2022-04-30 08:00:00,38650.35000000,38688.72000000,38536.66000000,38580.01000000,3956.62322000
2907,2022-04-30 12:00:00,38580.00000000,38638.38000000,38156.04000000,38466.56000000,8921.30505000
2908,2022-04-30 16:00:00,38466.56000000,38610.15000000,38201.78000000,38466.83000000,6568.98693000
2909,2022-04-30 20:00:00,38466.82000000,38466.83000000,37578.20000000,37630.80000000,9373.96020000
2910,2022-05-01 00:00:00,37630.80000000,38077.10000000,37386.38000000,38041.44000000,6984.27140000
2911,2022-05-01 04:00:00,38041.44000000,38165.12000000,37885.30000000,37970.27000000,6005.17866000
2912,2022-05-01 08:00:00,37970.27000000,38094.16000000,37866.62000000,37942.78000000,3237.20228000
2913,2022-05-01 12:00:00,37942.78000000,38641.46000000,37841.90000000,38490.00000000,6409.34685000
2914,2022-05-01 16:00:00,38490.01000000,38675.00000000,37750.00000000,37807.87000000,8027.25292000
2915,2022-05-01 20:00:00,37807.87000000,38630.00000000,37686.26000000,38468.35000000,8148.98893000
2916,2022-05-02 00:00:00,38468.35000000,38810.73000000,38376.38000000,38674.10000000,6032.42580000
2917,2022-05-02 04:00:00,38674.11000000,39167.34000000,38600.03000000,38881.47000000,6527.84754000
2918,2022-05-02 08:00:00,38881.46000000,39075.00000000,38482.41000000,38528.77000000,6199.12946000
2919,2022-05-02 12:00:00,38528.78000000,39155.47000000,38242.51000000,38696.05000000,18118.35927000
2920,2022-05-02 16:00:00,38696.05000000,38868.88000000,38052.00000000,38563.38000000,11174.75641000
2921,2022-05-02 20:00:00,38563.39000000,38908.56000000,38280.76000000,38525.16000000,5148.40780000
2922,2022-05-03 00:00:00,38525.16000000,38625.00000000,38317.06000000,38521.64000000,5042.34820000
2923,2022-05-03 04:00:00,38521.63000000,38579.77000000,38385.67000000,38559.99000000,4009.05189000
2924,2022-05-03 08:00:00,38559.99000000,38651.51000000,38261.16000000,38570.01000000,5286.30706000
2925,2022-05-03 12:00:00,38570.01000000,38607.09000000,38152.00000000,38326.36000000,8832.95173000
2926,2022-05-03 16:00:00,38326.37000000,38396.05000000,37517.80000000,37717.49000000,12390.05479000
2927,2022-05-03 20:00:00,37717.50000000,38036.46000000,37530.01000000,37728.95000000,4755.73991000
2928,2022-05-04 00:00:00,37728.95000000,38100.00000000,37670.00000000,38013.62000000,4033.60904000
2929,2022-05-04 04:00:00,38013.62000000,38757.27000000,37944.25000000,38701.32000000,9474.43576000
2930,2022-05-04 08:00:00,38701.32000000,39100.00000000,38670.00000000,39002.30000000,10285.61687000
2931,2022-05-04 12:00:00,39002.31000000,39182.00000000,38658.96000000,38973.20000000,9726.66877000
2932,2022-05-04 16:00:00,38973.20000000,40023.77000000,38590.97000000,39859.22000000,23795.82319000
2933,2022-05-04 20:00:00,39859.23000000,39942.35000000,39614.54000000,39690.00000000,5258.46373000
2934,2022-05-05 00:00:00,39690.00000000,39798.09000000,39536.66000000,39729.41000000,5433.91882000
2935,2022-05-05 04:00:00,39729.40000000,39845.51000000,39516.92000000,39588.84000000,3974.92229000
2936,2022-05-05 08:00:00,39588.85000000,39629.85000000,39407.17000000,39492.83000000,4506.55594000
2937,2022-05-05 12:00:00,39492.84000000,39545.66000000,36514.29000000,36909.67000000,35633.90513000
2938,2022-05-05 16:00:00,36909.67000000,37322.00000000,35571.90000000,36316.00000000,30960.91269000
2939,2022-05-05 20:00:00,36316.01000000,36600.00000000,36132.85000000,36552.97000000,8212.21868000
2940,2022-05-06 00:00:00,36552.97000000,36675.63000000,36163.44000000,36461.82000000,6404.21881000
2941,2022-05-06 04:00:00,36461.81000000,36550.00000000,35833.01000000,36371.94000000,9524.98864000
2942,2022-05-06 08:00:00,36371.94000000,36514.63000000,35587.10000000,35780.84000000,10211.57728000
2943,2022-05-06 12:00:00,35780.83000000,36436.20000000,35258.00000000,36004.34000000,28261.27261000
2944,2022-05-06 16:00:00,36004.33000000,36239.40000000,35834.03000000,36001.35000000,10893.48631000
2945,2022-05-06 20:00:00,36001.34000000,36116.81000000,35863.59000000,36013.77000000,3142.25822000
2946,2022-05-07 00:00:00,36013.77000000,36077.98000000,35760.00000000,35812.21000000,3253.27224000
2947,2022-05-07 04:00:00,35812.22000000,35961.05000000,35722.24000000,35921.60000000,4312.23187000
2948,2022-05-07 08:00:00,35921.60000000,36146.30000000,35879.96000000,36055.86000000,4389.11246000
2949,2022-05-07 12:00:00,36055.86000000,36085.50000000,35866.00000000,35962.47000000,3910.09260000
2950,2022-05-07 16:00:00,35962.47000000,35997.14000000,35852.06000000,35876.36000000,2387.67804000
2951,2022-05-07 20:00:00,35876.37000000,35876.37000000,34785.00000000,35472.39000000,16029.31961000
2952,2022-05-08 00:00:00,35472.40000000,35514.22000000,34210.00000000,34480.24000000,21158.18057000
2953,2022-05-08 04:00:00,34480.23000000,34952.50000000,34318.46000000,34596.55000000,9199.93117000
2954,2022-05-08 08:00:00,34596.55000000,34870.88000000,34501.57000000,34786.24000000,7000.09124000
2955,2022-05-08 12:00:00,34786.25000000,34843.01000000,34301.01000000,34357.92000000,9249.33238000
2956,2022-05-08 16:00:00,34357.91000000,34763.34000000,33713.95000000,34587.64000000,17646.96381000
2957,2022-05-08 20:00:00,34587.64000000,34640.00000000,33930.00000000,34038.40000000,8191.14427000
2958,2022-05-09 00:00:00,34038.39000000,34243.15000000,33267.26000000,33563.15000000,22777.90390000
2959,2022-05-09 04:00:00,33563.15000000,33838.42000000,33340.29000000,33523.27000000,8406.15726000
2960,2022-05-09 08:00:00,33523.27000000,33777.00000000,32650.39000000,33122.31000000,24778.22389900
2961,2022-05-09 12:00:00,33122.31000000,33424.21000000,32061.29000000,32341.53000000,34754.07710600
2962,2022-05-09 16:00:00,32341.53000000,32588.20000000,30334.07000000,30944.82000000,65857.01721500
2963,2022-05-09 20:00:00,30940.62000000,31899.99000000,30033.33000000,30076.31000000,35303.54704800
2964,2022-05-10 00:00:00,30074.23000000,31463.42000000,29730.40000000,30642.55000000,43184.30366000
2965,2022-05-10 04:00:00,30642.55000000,32658.99000000,30600.00000000,31609.78000000,32240.66067000
2966,2022-05-10 08:00:00,31609.79000000,32016.66000000,31240.00000000,31622.24000000,26002.41976000
2967,2022-05-10 12:00:00,31622.24000000,32383.80000000,30819.98000000,31320.00000000,31843.72265000
2968,2022-05-10 16:00:00,31320.00000000,31805.15000000,30962.90000000,31330.03000000,15075.70827000
2969,2022-05-10 20:00:00,31330.00000000,31353.43000000,30147.78000000,31017.10000000,17185.18810000
2970,2022-05-11 00:00:00,31017.11000000,31691.89000000,30626.22000000,31205.96000000,14306.85534000
2971,2022-05-11 04:00:00,31205.95000000,31888.85000000,30200.00000000,30614.99000000,29516.39137000
2972,2022-05-11 08:00:00,30614.99000000,32162.59000000,30376.61000000,31533.15000000,28101.65572000
2973,2022-05-11 12:00:00,31533.14000000,32000.00000000,29039.54000000,30977.61000000,80668.28314700
2974,2022-05-11 16:00:00,30977.61000000,31131.58000000,29190.00000000,29372.22000000,24083.64371000
2975,2022-05-11 20:00:00,29372.21000000,29652.63000000,27785.00000000,29103.94000000,30386.90999100
2976,2022-05-12 00:00:00,29103.94000000,30243.00000000,28367.07000000,28406.15000000,28747.69935000
2977,2022-05-12 04:00:00,28406.15000000,28643.93000000,26700.00000000,28193.40000000,74526.07183800
2978,2022-05-12 08:00:00,28193.40000000,29294.00000000,27477.70000000,28472.98000000,32019.77444000
2979,2022-05-12 12:00:00,28472.98000000,29813.00000000,27902.95000000,29021.27000000,33669.63732000
2980,2022-05-12 16:00:00,29021.26000000,29967.03000000,28186.74000000,28641.15000000,22756.91072000
2981,2022-05-12 20:00:00,28640.00000000,29300.00000000,28001.00000000,29029.75000000,12787.16947000
2982,2022-05-13 00:00:00,29029.74000000,30800.00000000,28751.67000000,30582.54000000,22474.56258000
2983,2022-05-13 04:00:00,30582.54000000,31083.37000000,30154.24000000,30171.13000000,17616.13030000
2984,2022-05-13 08:00:00,30171.13000000,30767.38000000,30171.13000000,30668.08000000,13230.30354000
2985,2022-05-13 12:00:00,30668.07000000,31033.00000000,30227.62000000,30339.99000000,18227.00513000
2986,2022-05-13 16:00:00,30340.00000000,30537.78000000,29382.66000000,30084.11000000,19172.22802000
2987,2022-05-13 20:00:00,30084.10000000,30139.16000000,29200.00000000,29287.05000000,7152.14000000
2988,2022-05-14 00:00:00,29287.05000000,29824.69000000,29219.37000000,29569.89000000,7434.38559000
2989,2022-05-14 04:00:00,29569.89000000,29611.70000000,29200.00000000,29431.59000000,5347.18637000
2990,2022-05-14 08:00:00,29431.58000000,29599.51000000,28830.00000000,29074.24000000,10335.95009000
2991,2022-05-14 12:00:00,29074.24000000,29260.29000000,28660.76000000,28818.06000000,8932.06583000
2992,2022-05-14 16:00:00,28818.05000000,29942.82000000,28630.00000000,29338.78000000,11615.38697000
2993,2022-05-14 20:00:00,29338.79000000,30343.27000000,29300.00000000,30086.74000000,7430.90378000
2994,2022-05-15 00:00:00,30086.74000000,30273.21000000,29553.47000000,29721.65000000,5969.18229000
2995,2022-05-15 04:00:00,29721.66000000,30061.54000000,29480.00000000,29825.99000000,5255.52638000
2996,2022-05-15 08:00:00,29826.00000000,30327.68000000,29547.48000000,30241.46000000,6947.02540000
2997,2022-05-15 12:00:00,30241.46000000,30561.37000000,29782.01000000,30013.47000000,8907.94485000
2998,2022-05-15 16:00:00,30013.46000000,30500.00000000,29936.49000000,30457.88000000,6526.86779000
2999,2022-05-15 20:00:00,30457.88000000,31460.00000000,30355.22000000,31328.89000000,12669.12241000
3000,2022-05-16 00:00:00,31328.89000000,31328.90000000,30211.32000000,30323.23000000,9814.79036000
3001,2022-05-16 04:00:00,30323.23000000,30473.31000000,29258.00000000,29593.89000000,13261.38074000
3002,2022-05-16 08:00:00,29593.89000000,30205.00000000,29433.90000000,29950.95000000,11792.74895000
3003,2022-05-16 12:00:00,29950.95000000,30252.77000000,29313.48000000,29676.56000000,18456.63654000
3004,2022-05-16 16:00:00,29676.56000000,29985.30000000,29087.04000000,29576.70000000,12445.61990000
3005,2022-05-16 20:00:00,29576.70000000,30259.78000000,29543.46000000,29874.01000000,7311.02009000
3006,2022-05-17 00:00:00,29874.01000000,30508.00000000,29780.97000000,30363.59000000,7228.39782000
3007,2022-05-17 04:00:00,30363.59000000,30578.14000000,30244.52000000,30412.06000000,5343.32806000
3008,2022-05-17 08:00:00,30412.05000000,30788.37000000,30271.21000000,30319.47000000,7087.08694000
3009,2022-05-17 12:00:00,30319.48000000,30748.00000000,29944.48000000,30153.74000000,14164.17568000
3010,2022-05-17 16:00:00,30153.74000000,30320.00000000,29450.38000000,30097.09000000,15760.63632000
3011,2022-05-17 20:00:00,30097.10000000,30669.00000000,30045.85000000,30444.93000000,7140.50825000
3012,2022-05-18 00:00:00,30444.93000000,30709.99000000,29732.49000000,29831.40000000,7359.94786000
3013,2022-05-18 04:00:00,29831.40000000,30090.51000000,29682.97000000,29910.25000000,7855.17223000
3014,2022-05-18 08:00:00,29910.25000000,30046.79000000,29742.99000000,29833.58000000,7783.95557000
3015,2022-05-18 12:00:00,29833.59000000,29909.66000000,28875.00000000,28984.99000000,15695.35723000
3016,2022-05-18 16:00:00,28984.98000000,29538.19000000,28750.00000000,29276.55000000,12717.54472000
3017,2022-05-18 20:00:00,29276.55000000,29411.07000000,28654.47000000,28715.32000000,8337.18038000
3018,2022-05-19 00:00:00,28715.33000000,29337.52000000,28691.38000000,29196.78000000,8850.96512000
3019,2022-05-19 04:00:00,29196.77000000,29432.80000000,29029.88000000,29192.13000000,7326.04646000
3020,2022-05-19 08:00:00,29192.13000000,29540.00000000,28855.42000000,29500.20000000,9851.62337000
3021,2022-05-19 12:00:00,29499.81000000,30545.18000000,29353.82000000,30389.45000000,21257.57442000
3022,2022-05-19 16:00:00,30389.45000000,30456.56000000,29961.70000000,29967.40000000,12945.80870000
3023,2022-05-19 20:00:00,29967.40000000,30486.57000000,29950.45000000,30319.23000000,7645.34608000
3024,2022-05-20 00:00:00,30319.22000000,30777.33000000,30130.48000000,30175.03000000,8834.97810000
3025,2022-05-20 04:00:00,30175.04000000,30362.16000000,29850.51000000,30256.74000000,7701.68480000
3026,2022-05-20 08:00:00,30256.74000000,30535.40000000,30110.04000000,30414.07000000,7908.00875000
3027,2022-05-20 12:00:00,30414.06000000,30449.98000000,29071.39000000,29152.90000000,16881.52497000
3028,2022-05-20 16:00:00,29152.90000000,29359.23000000,28730.00000000,29291.55000000,14459.30051000
3029,2022-05-20 20:00:00,29291.55000000,29391.40000000,29123.77000000,29201.01000000,4731.75612000
3030,2022-05-21 00:00:00,29201.01000000,29347.52000000,28947.28000000,29258.18000000,3735.70898000
3031,2022-05-21 04:00:00,29258.17000000,29566.00000000,29205.23000000,29423.18000000,3339.76647000
3032,2022-05-21 08:00:00,29423.18000000,29481.10000000,29168.68000000,29288.00000000,3191.22865000
3033,2022-05-21 12:00:00,29288.00000000,29645.70000000,29190.00000000,29552.47000000,4343.93776000
3034,2022-05-21 16:00:00,29552.47000000,29656.18000000,29390.62000000,29464.31000000,4133.41999000
3035,2022-05-21 20:00:00,29464.32000000,29538.66000000,29311.07000000,29445.06000000,2243.06939000
3036,2022-05-22 00:00:00,29445.07000000,29545.75000000,29331.26000000,29363.50000000,2779.95021000
3037,2022-05-22 04:00:00,29363.50000000,29457.89000000,29255.11000000,29441.78000000,2306.43831000
3038,2022-05-22 08:00:00,29441.78000000,30311.31000000,29421.53000000,29897.52000000,12454.03983000
3039,2022-05-22 12:00:00,29897.52000000,30236.63000000,29668.51000000,29844.01000000,7230.86288000
3040,2022-05-22 16:00:00,29844.01000000,30177.93000000,29738.57000000,29936.01000000,5103.79741000
3041,2022-05-22 20:00:00,29936.02000000,30487.99000000,29910.14000000,30293.94000000,6283.89884000
3042,2022-05-23 00:00:00,30293.93000000,30459.56000000,30048.77000000,30171.32000000,4657.17095000
3043,2022-05-23 04:00:00,30171.32000000,30670.51000000,30101.07000000,30457.01000000,7568.22645000
3044,2022-05-23 08:00:00,30457.01000000,30616.18000000,30281.89000000,30397.11000000,7605.66272000
3045,2022-05-23 12:00:00,30397.12000000,30625.98000000,29967.07000000,30373.53000000,14417.80135000
3046,2022-05-23 16:00:00,30373.53000000,30529.90000000,29078.30000000,29089.90000000,15772.92063000
3047,2022-05-23 20:00:00,29089.91000000,29499.03000000,28866.35000000,29109.15000000,13879.71722000
3048,2022-05-24 00:00:00,29109.14000000,29326.74000000,29056.70000000,29299.92000000,5773.63210000
3049,2022-05-24 04:00:00,29299.91000000,29439.26000000,29241.61000000,29404.55000000,5764.22285000
3050,2022-05-24 08:00:00,29404.54000000,29430.83000000,29123.89000000,29295.74000000,6631.70627000
3051,2022-05-24 12:00:00,29295.75000000,29650.00000000,28669.00000000,29382.31000000,20365.04234000
3052,2022-05-24 16:00:00,29382.32000000,29593.77000000,29101.00000000,29391.62000000,13727.57884000
3053,2022-05-24 20:00:00,29391.62000000,29845.86000000,29250.22000000,29654.58000000,7180.77796000
3054,2022-05-25 00:00:00,29654.58000000,30222.87000000,29557.36000000,30198.09000000,8159.40197000
3055,2022-05-25 04:00:00,30198.09000000,30223.74000000,29666.67000000,29701.46000000,7905.03946000
3056,2022-05-25 08:00:00,29701.47000000,29941.41000000,29294.21000000,29409.01000000,10798.23324000
3057,2022-05-25 12:00:00,29409.01000000,29909.00000000,29339.57000000,29629.36000000,13674.47718000
3058,2022-05-25 16:00:00,29629.35000000,30034.37000000,29430.54000000,29599.10000000,13993.95421000
3059,2022-05-25 20:00:00,29599.10000000,29880.00000000,29537.31000000,29542.15000000,5006.28053000
3060,2022-05-26 00:00:00,29542.14000000,29886.64000000,29503.72000000,29837.16000000,5231.18106000
3061,2022-05-26 04:00:00,29837.16000000,29876.72000000,29337.77000000,29733.70000000,7138.02023000
3062,2022-05-26 08:00:00,29733.71000000,29744.25000000,28877.00000000,28998.40000000,21360.66888000
3063,2022-05-26 12:00:00,28998.40000000,29495.00000000,28019.56000000,29393.10000000,41367.23340000
3064,2022-05-26 16:00:00,29393.10000000,29787.69000000,29370.00000000,29379.76000000,11893.16434000
3065,2022-05-26 20:00:00,29379.76000000,29682.84000000,29174.00000000,29201.35000000,7591.38672000
3066,2022-05-27 00:00:00,29201.35000000,29390.34000000,28840.39000000,29020.01000000,13165.63475000
3067,2022-05-27 04:00:00,29020.01000000,29214.00000000,28643.89000000,28992.99000000,21666.53837000
3068,2022-05-27 08:00:00,28993.00000000,29142.75000000,28779.40000000,28912.96000000,10946.10064000
3069,2022-05-27 12:00:00,28912.95000000,29397.66000000,28639.26000000,28850.45000000,17215.53641000
3070,2022-05-27 16:00:00,28850.46000000,29056.00000000,28282.90000000,28880.00000000,19660.36734000
3071,2022-05-27 20:00:00,28880.00000000,29025.00000000,28504.64000000,28629.80000000,8344.34259000
3072,2022-05-28 00:00:00,28629.81000000,28854.05000000,28450.00000000,28819.20000000,10726.29911000
3073,2022-05-28 04:00:00,28819.20000000,28949.39000000,28754.40000000,28885.72000000,5425.50965000
3074,2022-05-28 08:00:00,28885.71000000,28930.81000000,28766.68000000,28828.02000000,4650.67646000
3075,2022-05-28 12:00:00,28828.02000000,29266.00000000,28795.78000000,28988.21000000,6640.83535000
3076,2022-05-28 16:00:00,28988.20000000,29067.01000000,28784.48000000,29019.82000000,4588.37099000
3077,2022-05-28 20:00:00,29019.81000000,29154.61000000,28960.00000000,29031.33000000,2447.65971000
3078,2022-05-29 00:00:00,29031.33000000,29045.34000000,28839.21000000,28984.32000000,3673.31893000
3079,2022-05-29 04:00:00,28984.31000000,29060.32000000,28914.96000000,29008.35000000,2073.83703000
3080,2022-05-29 08:00:00,29008.35000000,29235.76000000,28952.70000000,29213.85000000,6053.35031000
3081,2022-05-29 12:00:00,29213.85000000,29489.00000000,29166.51000000,29215.98000000,6818.97968000
3082,2022-05-29 16:00:00,29215.97000000,29355.50000000,29077.98000000,29126.41000000,3546.51415000
3083,2022-05-29 20:00:00,29126.40000000,29587.78000000,29091.67000000,29468.10000000,5401.34754000
3084,2022-05-30 00:00:00,29468.10000000,30400.00000000,29299.62000000,30353.07000000,14864.36484000
3085,2022-05-30 04:00:00,30353.07000000,30928.71000000,30236.55000000,30636.12000000,15267.91680000
3086,2022-05-30 08:00:00,30636.12000000,30765.09000000,30556.63000000,30665.37000000,9351.67469000
3087,2022-05-30 12:00:00,30665.38000000,30931.00000000,30269.22000000,30634.08000000,13532.67809000
3088,2022-05-30 16:00:00,30634.08000000,30878.10000000,30566.54000000,30643.11000000,8446.82356000
3089,2022-05-30 20:00:00,30643.10000000,32222.00000000,30500.00000000,31734.22000000,35322.48962000
3090,2022-05-31 00:00:00,31734.23000000,31861.55000000,31440.52000000,31772.82000000,10716.88391000
3091,2022-05-31 04:00:00,31772.81000000,31800.67000000,31434.66000000,31573.77000000,6910.36728000
3092,2022-05-31 08:00:00,31573.76000000,31842.69000000,31496.09000000,31767.00000000,7210.98946000
3093,2022-05-31 12:00:00,31766.99000000,32181.37000000,31200.01000000,32058.53000000,16731.66275000
3094,2022-05-31 16:00:00,32058.52000000,32399.00000000,31570.53000000,31625.71000000,15969.57927000
3095,2022-05-31 20:00:00,31625.71000000,31936.50000000,31584.29000000,31801.04000000,4893.63365000
3096,2022-06-01 00:00:00,31801.05000000,31982.97000000,31614.01000000,31627.30000000,7102.39992000
3097,2022-06-01 04:00:00,31627.29000000,31670.00000000,31371.45000000,31482.43000000,6574.53904000
3098,2022-06-01 08:00:00,31482.42000000,31709.99000000,31444.00000000,31609.16000000,6997.01610000
3099,2022-06-01 12:00:00,31609.15000000,31901.34000000,30600.00000000,30742.59000000,23609.03186000
3100,2022-06-01 16:00:00,30742.59000000,30744.19000000,29901.29000000,30126.72000000,37935.29665000
3101,2022-06-01 20:00:00,30126.71000000,30162.44000000,29301.00000000,29805.83000000,21177.35025000
3102,2022-06-02 00:00:00,29805.84000000,29903.74000000,29594.55000000,29730.12000000,7552.00044000
3103,2022-06-02 04:00:00,29730.12000000,30123.35000000,29650.93000000,29968.26000000,6794.72045000
3104,2022-06-02 08:00:00,29968.27000000,30210.18000000,29865.00000000,30173.67000000,7351.91810000
3105,2022-06-02 12:00:00,30173.66000000,30387.84000000,29597.01000000,30212.73000000,19579.71813000
3106,2022-06-02 16:00:00,30212.73000000,30408.54000000,29977.45000000,30293.01000000,8583.25866000
3107,2022-06-02 20:00:00,30293.00000000,30689.00000000,30235.70000000,30452.62000000,7099.81350000
3108,2022-06-03 00:00:00,30452.63000000,30699.00000000,30359.54000000,30529.96000000,6044.16300000
3109,2022-06-03 04:00:00,30529.96000000,30561.32000000,30282.29000000,30443.74000000,5085.36997000
3110,2022-06-03 08:00:00,30443.70000000,30529.07000000,29680.00000000,29758.19000000,12081.75588000
3111,2022-06-03 12:00:00,29758.20000000,29889.49000000,29282.36000000,29506.24000000,19780.91534000
3112,2022-06-03 16:00:00,29506.25000000,29677.14000000,29401.00000000,29572.52000000,6764.37741000
3113,2022-06-03 20:00:00,29572.52000000,29887.56000000,29558.30000000,29700.21000000,4310.86567000
3114,2022-06-04 00:00:00,29700.21000000,29763.35000000,29500.00000000,29560.12000000,5453.61000000
3115,2022-06-04 04:00:00,29560.12000000,29734.49000000,29546.78000000,29700.96000000,3043.03475000
3116,2022-06-04 08:00:00,29700.96000000,29800.00000000,29594.91000000,29681.69000000,3438.05920000
3117,2022-06-04 12:00:00,29681.68000000,29988.88000000,29485.00000000,29858.80000000,6382.77896000
3118,2022-06-04 16:00:00,29858.79000000,29858.80000000,29613.26000000,29655.41000000,3660.12380000
3119,2022-06-04 20:00:00,29655.41000000,29977.99000000,29632.05000000,29864.04000000,3640.29442000
3120,2022-06-05 00:00:00,29864.03000000,29897.18000000,29678.50000000,29766.95000000,2712.02508000
3121,2022-06-05 04:00:00,29766.95000000,29819.85000000,29645.67000000,29645.67000000,2129.49304000
3122,2022-06-05 08:00:00,29645.68000000,29742.13000000,29531.42000000,29718.69000000,2988.06008000
3123,2022-06-05 12:00:00,29718.69000000,29981.00000000,29626.65000000,29972.22000000,3680.64300000
3124,2022-06-05 16:00:00,29972.23000000,30189.00000000,29761.00000000,30049.86000000,6667.26436000
3125,2022-06-05 20:00:00,30049.85000000,30127.47000000,29815.75000000,29919.21000000,4962.44254000
3126,2022-06-06 00:00:00,29919.20000000,31276.87000000,29890.23000000,31251.00000000,18199.91513000
3127,2022-06-06 04:00:00,31250.99000000,31434.75000000,31148.43000000,31292.77000000,9173.23629000
3128,2022-06-06 08:00:00,31292.76000000,31599.37000000,31281.00000000,31396.71000000,9233.32765000
3129,2022-06-06 12:00:00,31396.72000000,31765.64000000,31162.55000000,31541.42000000,16667.66655000
3130,2022-06-06 16:00:00,31541.41000000,31555.75000000,31000.01000000,31470.72000000,10469.56476000
3131,2022-06-06 20:00:00,31470.72000000,31599.85000000,31272.39000000,31373.10000000,5093.21418000
3132,2022-06-07 00:00:00,31373.10000000,31381.03000000,29218.96000000,29563.62000000,34125.65523000
3133,2022-06-07 04:00:00,29563.61000000,29632.49000000,29401.00000000,29585.12000000,10285.36280000
3134,2022-06-07 08:00:00,29585.12000000,29733.63000000,29345.00000000,29521.50000000,7672.40223000
3135,2022-06-07 12:00:00,29521.51000000,30041.25000000,29401.44000000,29891.17000000,15080.92260000
3136,2022-06-07 16:00:00,29891.17000000,31429.85000000,29747.62000000,31059.71000000,14712.75560000
3137,2022-06-07 20:00:00,31059.71000000,31589.60000000,30300.00000000,31125.33000000,28797.41812000
3138,2022-06-08 00:00:00,31125.32000000,31327.22000000,29843.88000000,30026.72000000,19657.22770000
3139,2022-06-08 04:00:00,30026.71000000,30686.63000000,29872.55000000,30561.77000000,13310.83642000
3140,2022-06-08 08:00:00,30561.77000000,30616.85000000,30336.81000000,30410.85000000,6328.10356000
3141,2022-06-08 12:00:00,30410.85000000,30901.67000000,30051.16000000,30476.77000000,15544.55560000
3142,2022-06-08 16:00:00,30476.77000000,30552.64000000,29916.45000000,30140.14000000,9386.62544000
3143,2022-06-08 20:00:00,30140.14000000,30499.00000000,30102.86000000,30204.77000000,4315.26404000
3144,2022-06-09 00:00:00,30204.77000000,30323.51000000,30070.24000000,30293.49000000,4608.91792000
3145,2022-06-09 04:00:00,30293.50000000,30487.54000000,30235.85000000,30487.54000000,5105.41253000
3146,2022-06-09 08:00:00,30487.53000000,30700.00000000,30251.89000000,30299.47000000,7928.24710000
3147,2022-06-09 12:00:00,30299.46000000,30389.05000000,29944.10000000,30302.24000000,15458.43252000
3148,2022-06-09 16:00:00,30302.23000000,30450.00000000,29976.00000000,30017.12000000,7988.54990000
3149,2022-06-09 20:00:00,30017.12000000,30250.00000000,29970.51000000,30109.93000000,5201.62653000
3150,2022-06-10 00:00:00,30109.93000000,30382.80000000,29578.96000000,30114.38000000,15509.83819000
3151,2022-06-10 04:00:00,30114.38000000,30226.79000000,30042.13000000,30052.43000000,4916.72998000
3152,2022-06-10 08:00:00,30052.44000000,30114.25000000,29868.00000000,30020.56000000,9266.04408000
3153,2022-06-10 12:00:00,30020.56000000,30184.40000000,29222.67000000,29454.53000000,25273.66013000
3154,2022-06-10 16:00:00,29454.52000000,29484.45000000,28850.00000000,28980.02000000,15450.60825000
3155,2022-06-10 20:00:00,28980.03000000,29400.00000000,28970.00000000,29091.88000000,5787.36917000
3156,2022-06-11 00:00:00,29091.87000000,29315.21000000,29047.93000000,29272.43000000,4336.24117000
3157,2022-06-11 04:00:00,29272.43000000,29440.41000000,29251.17000000,29326.83000000,3718.77449000
3158,2022-06-11 08:00:00,29326.83000000,29345.11000000,28590.00000000,28734.01000000,16567.74888000
3159,2022-06-11 12:00:00,28734.01000000,28870.00000000,28251.00000000,28405.54000000,20659.80579000
3160,2022-06-11 16:00:00,28405.55000000,28794.46000000,28099.99000000,28595.28000000,12871.63441000
3161,2022-06-11 20:00:00,28595.27000000,28683.54000000,28250.04000000,28424.70000000,7747.19421000
3162,2022-06-12 00:00:00,28424.71000000,28544.96000000,27249.00000000,27553.23000000,21302.12824000
3163,2022-06-12 04:00:00,27553.22000000,27677.18000000,27190.00000000,27645.89000000,11845.39168000
3164,2022-06-12 08:00:00,27645.88000000,27726.15000000,27342.82000000,27457.39000000,8692.74407000
3165,2022-06-12 12:00:00,27457.39000000,28347.89000000,26890.00000000,28094.42000000,22632.06677000
3166,2022-06-12 16:00:00,28094.42000000,28238.58000000,27423.73000000,27424.71000000,11639.48899000
3167,2022-06-12 20:00:00,27424.71000000,27557.05000000,26560.00000000,26574.53000000,16362.77905900
3168,2022-06-13 00:00:00,26574.53000000,26895.84000000,24900.00000000,25520.05000000,53452.22848300
3169,2022-06-13 04:00:00,25520.05000000,26257.31000000,24555.00000000,24811.59000000,38328.61569300
3170,2022-06-13 08:00:00,24811.59000000,24941.17000000,23500.00000000,23729.43000000,54841.11015700
3171,2022-06-13 12:00:00,23729.43000000,24376.09000000,22600.00000000,23271.54000000,57401.83542500
3172,2022-06-13 16:00:00,23271.53000000,24204.55000000,23101.01000000,23218.22000000,25993.43985000
3173,2022-06-13 20:00:00,23215.97000000,23787.30000000,21925.77000000,22487.41000000,24593.80535800
3174,2022-06-14 00:00:00,22485.27000000,22796.71000000,20846.00000000,22127.91000000,64139.98175000
3175,2022-06-14 04:00:00,22127.92000000,23362.88000000,21763.71000000,22877.52000000,43892.53561000
3176,2022-06-14 08:00:00,22877.52000000,22979.96000000,21725.22000000,21994.56000000,22494.02407000
3177,2022-06-14 12:00:00,21994.56000000,22800.00000000,21811.01000000,22680.38000000,29165.25726000
3178,2022-06-14 16:00:00,22680.38000000,22777.07000000,22126.40000000,22196.28000000,11465.17332000
3179,2022-06-14 20:00:00,22190.93000000,22344.00000000,21358.00000000,22136.41000000,16044.67470000
3180,2022-06-15 00:00:00,22136.42000000,22297.37000000,21406.68000000,21455.80000000,15540.41740000
3181,2022-06-15 04:00:00,21455.80000000,21490.67000000,20652.18000000,20722.92000000,36911.71492300
3182,2022-06-15 08:00:00,20722.92000000,21290.00000000,20111.62000000,21177.03000000,53193.56590400
3183,2022-06-15 12:00:00,21177.04000000,21798.95000000,21045.13000000,21419.10000000,26099.61279000
3184,2022-06-15 16:00:00,21419.09000000,22496.52000000,20250.00000000,21632.04000000,50278.07819000
3185,2022-06-15 20:00:00,21632.03000000,22800.00000000,21450.00000000,22583.72000000,18751.10426000
3186,2022-06-16 00:00:00,22583.72000000,22995.73000000,22167.08000000,22211.62000000,15401.17608000
3187,2022-06-16 04:00:00,22211.62000000,22361.98000000,21646.64000000,21764.17000000,11790.41133000
3188,2022-06-16 08:00:00,21764.18000000,21888.00000000,20852.35000000,21044.55000000,20945.57513000
3189,2022-06-16 12:00:00,21044.56000000,21510.20000000,20745.00000000,21074.77000000,20237.75687000
3190,2022-06-16 16:00:00,21074.77000000,21500.00000000,20818.00000000,20875.48000000,14792.65041000
3191,2022-06-16 20:00:00,20875.48000000,21048.38000000,20232.00000000,20401.31000000,16506.02447000
3192,2022-06-17 00:00:00,20400.60000000,21059.68000000,20246.66000000,20383.38000000,17423.81608000
3193,2022-06-17 04:00:00,20383.37000000,21286.01000000,20326.00000000,21100.64000000,15684.53285000
3194,2022-06-17 08:00:00,21100.65000000,21365.43000000,20847.49000000,20972.04000000,13240.65005000
3195,2022-06-17 12:00:00,20972.04000000,21047.41000000,20386.93000000,20663.70000000,19484.73561000
3196,2022-06-17 16:00:00,20661.95000000,20791.96000000,20440.92000000,20515.59000000,11352.50026000
3197,2022-06-17 20:00:00,20515.59000000,20723.00000000,20368.20000000,20468.81000000,9508.10178000
3198,2022-06-18 00:00:00,20468.81000000,20792.06000000,20322.08000000,20459.65000000,13043.33887000
3199,2022-06-18 04:00:00,20459.65000000,20537.34000000,19066.80000000,19258.58000000,35934.15604900
3200,2022-06-18 08:00:00,19258.58000000,19540.00000000,18742.50000000,19243.98000000,36718.93248900
3201,2022-06-18 12:00:00,19243.99000000,19291.99000000,18942.75000000,18953.76000000,16110.06463000
3202,2022-06-18 16:00:00,18953.76000000,19101.28000000,18031.13000000,18067.60000000,42570.83997500
3203,2022-06-18 20:00:00,18067.61000000,19493.23000000,17622.00000000,18970.79000000,52064.32351100
3204,2022-06-19 00:00:00,18970.79000000,19198.00000000,18224.98000000,18311.09000000,19556.53214000
3205,2022-06-19 04:00:00,18311.10000000,18621.57000000,17960.41000000,18306.93000000,16670.95915000
3206,2022-06-19 08:00:00,18307.39000000,20150.00000000,18264.67000000,19692.50000000,34028.09471000
3207,2022-06-19 12:00:00,19692.49000000,19945.88000000,19130.84000000,19824.97000000,21044.63030000
3208,2022-06-19 16:00:00,19824.96000000,20344.91000000,19350.08000000,20124.08000000,18382.43393000
3209,2022-06-19 20:00:00,20124.07000000,20815.95000000,20050.47000000,20574.00000000,18638.22572000
3210,2022-06-20 00:00:00,20574.00000000,20687.99000000,19637.03000000,19980.49000000,21076.88904000
3211,2022-06-20 04:00:00,19980.49000000,20258.29000000,19776.58000000,20086.63000000,11823.89634000
3212,2022-06-20 08:00:00,20086.62000000,21022.00000000,20023.14000000,20801.79000000,26862.62188000
3213,2022-06-20 12:00:00,20801.79000000,21090.00000000,20364.33000000,20824.74000000,20540.92170000
3214,2022-06-20 16:00:00,20824.74000000,20832.82000000,19832.95000000,20072.81000000,16553.12261000
3215,2022-06-20 20:00:00,20072.80000000,20784.77000000,20001.53000000,20573.89000000,12171.48997000
3216,2022-06-21 00:00:00,20573.90000000,20783.99000000,20348.40000000,20614.04000000,14312.34750000
3217,2022-06-21 04:00:00,20614.04000000,21333.00000000,20474.41000000,21120.28000000,20989.91077000
3218,2022-06-21 08:00:00,21120.28000000,21500.01000000,20911.13000000,20962.42000000,19870.84399000
3219,2022-06-21 12:00:00,20962.42000000,21723.00000000,20853.36000000,21392.19000000,24368.42434000
3220,2022-06-21 16:00:00,21392.18000000,21550.39000000,20870.01000000,20888.64000000,13013.71907000
3221,2022-06-21 20:00:00,20888.63000000,21054.99000000,20551.00000000,20723.52000000,11815.82923000
3222,2022-06-22 00:00:00,20723.51000000,20736.68000000,20253.96000000,20317.88000000,13979.31912000
3223,2022-06-22 04:00:00,20317.89000000,20595.42000000,19950.34000000,20099.62000000,14132.37133000
3224,2022-06-22 08:00:00,20099.62000000,20676.70000000,20038.85000000,20506.30000000,12215.14546000
3225,2022-06-22 12:00:00,20506.30000000,20900.00000000,20035.54000000,20080.10000000,23768.83256000
3226,2022-06-22 16:00:00,20080.85000000,20380.00000000,19840.86000000,20117.34000000,16356.37373000
3227,2022-06-22 20:00:00,20117.34000000,20239.87000000,19770.51000000,19987.99000000,11681.93718000
3228,2022-06-23 00:00:00,19988.00000000,20612.22000000,19890.07000000,20213.79000000,14363.65967000
3229,2022-06-23 04:00:00,20213.78000000,20657.14000000,20168.26000000,20461.83000000,11026.69488000
3230,2022-06-23 08:00:00,20461.83000000,20812.12000000,20454.32000000,20638.79000000,14202.04066000
3231,2022-06-23 12:00:00,20638.89000000,20829.21000000,20287.41000000,20351.91000000,14771.40675000
3232,2022-06-23 16:00:00,20351.91000000,20945.55000000,20170.00000000,20910.06000000,13067.98266000
3233,2022-06-23 20:00:00,20910.06000000,21233.00000000,20672.72000000,21110.13000000,15695.30254000
3234,2022-06-24 00:00:00,21110.12000000,21369.85000000,20973.68000000,21073.73000000,11560.36297000
3235,2022-06-24 04:00:00,21073.73000000,21168.13000000,20736.72000000,20913.72000000,11245.40104000
3236,2022-06-24 08:00:00,20913.73000000,21326.52000000,20745.01000000,21169.53000000,13183.51662000
3237,2022-06-24 12:00:00,21169.53000000,21457.00000000,20822.90000000,20884.17000000,18370.60567000
3238,2022-06-24 16:00:00,20884.17000000,21267.36000000,20784.76000000,21253.61000000,12337.26438000
3239,2022-06-24 20:00:00,21253.79000000,21558.41000000,21146.00000000,21237.69000000,10733.21554000
3240,2022-06-25 00:00:00,21237.68000000,21379.65000000,21121.72000000,21300.62000000,8834.12849000
3241,2022-06-25 04:00:00,21300.62000000,21614.50000000,21180.40000000,21508.13000000,8974.78284000
3242,2022-06-25 08:00:00,21508.09000000,21555.71000000,21318.63000000,21340.22000000,6223.95714000
3243,2022-06-25 12:00:00,21340.22000000,21372.89000000,20906.62000000,20961.89000000,12861.35689000
3244,2022-06-25 16:00:00,20961.89000000,21271.62000000,20915.00000000,21206.20000000,6430.18304000
3245,2022-06-25 20:00:00,21206.21000000,21588.43000000,21146.04000000,21491.19000000,8107.26954000
3246,2022-06-26 00:00:00,21491.18000000,21544.49000000,21282.13000000,21426.23000000,5764.98379000
3247,2022-06-26 04:00:00,21426.23000000,21526.00000000,21336.96000000,21396.52000000,5247.37654000
3248,2022-06-26 08:00:00,21396.52000000,21777.00000000,21365.15000000,21708.60000000,7858.63639000
3249,2022-06-26 12:00:00,21708.60000000,21888.00000000,21197.12000000,21326.11000000,16730.13311000
3250,2022-06-26 16:00:00,21325.98000000,21445.88000000,21115.30000000,21283.60000000,7358.10626000
3251,2022-06-26 20:00:00,21283.60000000,21425.00000000,20964.73000000,21038.07000000,10318.86855000
3252,2022-06-27 00:00:00,21038.08000000,21190.10000000,20926.01000000,21171.32000000,9115.31096000
3253,2022-06-27 04:00:00,21171.33000000,21404.52000000,21142.86000000,21363.22000000,7287.10643000
3254,2022-06-27 08:00:00,21363.23000000,21539.85000000,21285.48000000,21304.55000000,9031.44056000
3255,2022-06-27 12:00:00,21304.56000000,21343.83000000,20590.00000000,20754.73000000,20746.17070000
3256,2022-06-27 16:00:00,20754.74000000,20945.00000000,20510.00000000,20855.37000000,11119.47030000
3257,2022-06-27 20:00:00,20855.38000000,20966.73000000,20680.00000000,20742.56000000,7175.50235000
3258,2022-06-28 00:00:00,20742.57000000,20873.82000000,20510.00000000,20735.03000000,10262.74079000
3259,2022-06-28 04:00:00,20735.03000000,20933.00000000,20703.30000000,20879.39000000,6632.57985000
3260,2022-06-28 08:00:00,20879.39000000,21212.10000000,20870.01000000,20998.13000000,11148.66059000
3261,2022-06-28 12:00:00,20998.14000000,21129.19000000,20588.00000000,20606.40000000,14177.40504000
3262,2022-06-28 16:00:00,20606.40000000,20771.80000000,20218.00000000,20255.01000000,13851.70032000
3263,2022-06-28 20:00:00,20255.01000000,20463.20000000,20202.01000000,20281.29000000,7727.99661000
3264,2022-06-29 00:00:00,20281.28000000,20398.00000000,20152.00000000,20282.96000000,9403.50591000
3265,2022-06-29 04:00:00,20282.96000000,20381.10000000,19889.00000000,20093.75000000,15182.30368000
3266,2022-06-29 08:00:00,20093.74000000,20233.98000000,19854.92000000,20104.80000000,13703.37348000
3267,2022-06-29 12:00:00,20104.81000000,20254.20000000,19892.97000000,20084.48000000,16651.90425000
3268,2022-06-29 16:00:00,20084.48000000,20268.00000000,19921.85000000,20223.63000000,9428.79866000
3269,2022-06-29 20:00:00,20223.63000000,20432.31000000,20052.74000000,20123.01000000,12939.15781000
3270,2022-06-30 00:00:00,20123.00000000,20179.08000000,19951.08000000,20077.01000000,7486.04781000
3271,2022-06-30 04:00:00,20077.01000000,20091.15000000,19310.00000000,19435.90000000,15063.43516000
3272,2022-06-30 08:00:00,19435.89000000,19440.73000000,18921.59000000,19101.36000000,19458.59354000
3273,2022-06-30 12:00:00,19101.35000000,19341.26000000,18756.71000000,19143.98000000,20353.89512000
3274,2022-06-30 16:00:00,19143.97000000,19295.89000000,18850.21000000,18927.34000000,11722.71426000
3275,2022-06-30 20:00:00,18927.33000000,19980.00000000,18626.00000000,19942.21000000,19761.96217000
3276,2022-07-01 00:00:00,19942.21000000,20918.35000000,19658.97000000,19730.76000000,30584.24162000
3277,2022-07-01 04:00:00,19730.77000000,19773.71000000,19315.91000000,19579.11000000,19730.02792000
3278,2022-07-01 08:00:00,19579.11000000,19821.28000000,18975.00000000,19191.03000000,18433.76251000
3279,2022-07-01 12:00:00,19191.02000000,19669.22000000,19130.21000000,19290.94000000,21382.48293000
3280,2022-07-01 16:00:00,19290.95000000,19544.52000000,19253.01000000,19390.17000000,11380.23092000
3281,2022-07-01 20:00:00,19390.17000000,19686.71000000,19221.03000000,19279.80000000,10333.84904000
3282,2022-07-02 00:00:00,19279.80000000,19387.44000000,19063.52000000,19130.90000000,11055.38947000
3283,2022-07-02 04:00:00,19130.90000000,19299.00000000,19112.51000000,19126.81000000,6108.63933000
3284,2022-07-02 08:00:00,19126.81000000,19285.01000000,18977.01000000,19195.21000000,8754.55003000
3285,2022-07-02 12:00:00,19195.21000000,19467.39000000,19152.13000000,19229.39000000,8564.79267000
3286,2022-07-02 16:00:00,19229.39000000,19408.01000000,19191.91000000,19273.27000000,7098.48826000
3287,2022-07-02 20:00:00,19273.27000000,19383.01000000,19200.00000000,19252.81000000,4598.44234000
3288,2022-07-03 00:00:00,19252.82000000,19307.42000000,19173.46000000,19264.29000000,4294.23479000
3289,2022-07-03 04:00:00,19264.29000000,19400.00000000,18781.00000000,19139.74000000,15809.13628000
3290,2022-07-03 08:00:00,19139.75000000,19155.44000000,18930.19000000,19089.80000000,6142.70929000
3291,2022-07-03 12:00:00,19089.79000000,19136.43000000,18964.00000000,19046.78000000,6155.24871000
3292,2022-07-03 16:00:00,19046.78000000,19565.05000000,19011.66000000,19492.16000000,8982.05603000
3293,2022-07-03 20:00:00,19492.15000000,19647.63000000,19213.58000000,19315.83000000,9704.08121000
3294,2022-07-04 00:00:00,19315.83000000,19343.43000000,19055.31000000,19103.54000000,7770.13823000
3295,2022-07-04 04:00:00,19103.54000000,19189.00000000,19082.92000000,19120.60000000,4549.72552000
3296,2022-07-04 08:00:00,19120.60000000,19855.70000000,19110.04000000,19806.49000000,17099.24484000
3297,2022-07-04 12:00:00,19806.48000000,20143.02000000,19496.84000000,19801.47000000,19985.00775000
3298,2022-07-04 16:00:00,19801.48000000,20050.00000000,19676.90000000,19829.99000000,12091.86186000
3299,2022-07-04 20:00:00,19829.98000000,20354.01000000,19733.95000000,20236.71000000,13318.06781000
3300,2022-07-05 00:00:00,20236.71000000,20478.40000000,20159.59000000,20312.98000000,10723.86043000
3301,2022-07-05 04:00:00,20312.99000000,20470.78000000,20177.00000000,20215.69000000,10783.14938000
3302,2022-07-05 08:00:00,20215.68000000,20215.69000000,19478.00000000,19520.39000000,16101.90897000
3303,2022-07-05 12:00:00,19520.40000000,19594.52000000,19304.40000000,19519.98000000,19572.60858000
3304,2022-07-05 16:00:00,19519.98000000,20500.00000000,19479.53000000,20398.21000000,21205.75892000
3305,2022-07-05 20:00:00,20398.21000000,20750.00000000,20103.05000000,20175.83000000,17653.85128000
3306,2022-07-06 00:00:00,20175.84000000,20414.01000000,19761.25000000,19951.47000000,13505.59399000
3307,2022-07-06 04:00:00,19951.47000000,20337.84000000,19864.45000000,20162.22000000,14768.32563000
3308,2022-07-06 08:00:00,20162.21000000,20303.65000000,20033.37000000,20103.43000000,10987.55751000
3309,2022-07-06 12:00:00,20103.44000000,20366.20000000,19961.02000000,20148.86000000,16962.89906000
3310,2022-07-06 16:00:00,20148.85000000,20478.08000000,20133.55000000,20328.55000000,13872.42224000
3311,2022-07-06 20:00:00,20328.55000000,20675.22000000,20277.04000000,20564.51000000,12342.78237000
3312,2022-07-07 00:00:00,20564.51000000,20594.77000000,20385.87000000,20480.61000000,8030.93228000
3313,2022-07-07 04:00:00,20480.60000000,20493.72000000,20251.68000000,20440.01000000,7289.74695000
3314,2022-07-07 08:00:00,20440.01000000,20619.50000000,20391.16000000,20507.83000000,9026.45726000
3315,2022-07-07 12:00:00,20507.83000000,21035.00000000,20378.16000000,20888.44000000,19695.55971000
3316,2022-07-07 16:00:00,20888.44000000,21837.74000000,20837.67000000,21812.47000000,26330.09720000
3317,2022-07-07 20:00:00,21812.46000000,21838.10000000,21526.40000000,21624.98000000,14641.78921000
3318,2022-07-08 00:00:00,21624.99000000,22527.37000000,21578.14000000,22130.56000000,15662.45062000
3319,2022-07-08 04:00:00,22130.57000000,22242.29000000,21710.56000000,21797.64000000,11522.56833000
3320,2022-07-08 08:00:00,21797.65000000,21822.10000000,21317.00000000,21583.98000000,14014.47762000
3321,2022-07-08 12:00:00,21583.99000000,22130.00000000,21189.26000000,21962.52000000,217519.46905000
3322,2022-07-08 16:00:00,21964.30000000,21979.51000000,21550.00000000,21811.90000000,118059.32596000
3323,2022-07-08 20:00:00,21811.90000000,22045.91000000,21580.71000000,21594.75000000,26303.28191000
3324,2022-07-09 00:00:00,21594.75000000,21696.39000000,21403.24000000,21612.62000000,37760.75629000
3325,2022-07-09 04:00:00,21612.62000000,21728.63000000,21485.82000000,21654.72000000,28825.24637000
3326,2022-07-09 08:00:00,21654.72000000,21778.73000000,21322.12000000,21447.29000000,27589.95645000
3327,2022-07-09 12:00:00,21447.29000000,21717.62000000,21379.64000000,21546.90000000,35492.09744000
3328,2022-07-09 16:00:00,21545.89000000,21980.00000000,21517.87000000,21621.40000000,30065.08676000
3329,2022-07-09 20:00:00,21621.49000000,21754.00000000,21546.06000000,21591.83000000,18684.70137000
3330,2022-07-10 00:00:00,21592.15000000,21607.65000000,21091.81000000,21294.98000000,38268.04284000
3331,2022-07-10 04:00:00,21295.76000000,21373.48000000,21161.36000000,21338.12000000,29088.18041000
3332,2022-07-10 08:00:00,21339.46000000,21424.67000000,21161.67000000,21301.84000000,29990.38017000
3333,2022-07-10 12:00:00,21301.84000000,21345.14000000,20835.73000000,20899.76000000,38336.80103000
3334,2022-07-10 16:00:00,20898.44000000,21052.47000000,20655.00000000,20920.54000000,31704.38242000
3335,2022-07-10 20:00:00,20921.40000000,21180.92000000,20698.90000000,20862.47000000,24800.42869000
3336,2022-07-11 00:00:00,20861.11000000,20868.48000000,20453.36000000,20540.69000000,23077.88556000
3337,2022-07-11 04:00:00,20540.68000000,20606.11000000,20353.72000000,20439.91000000,18882.53702000
3338,2022-07-11 08:00:00,20439.17000000,20632.59000000,20411.56000000,20473.06000000,19309.20207000
3339,2022-07-11 12:00:00,20474.55000000,20762.02000000,20271.10000000,20437.44000000,29172.48123000
3340,2022-07-11 16:00:00,20440.00000000,20716.29000000,20400.00000000,20509.47000000,21383.46040000
3341,2022-07-11 20:00:00,20509.47000000,20565.05000000,19875.23000000,19963.61000000,25709.84096000
3342,2022-07-12 00:00:00,19963.61000000,20006.54000000,19786.46000000,19942.33000000,19173.11575000
3343,2022-07-12 04:00:00,19942.33000000,20059.42000000,19620.00000000,19730.99000000,25109.26736000
3344,2022-07-12 08:00:00,19731.00000000,19836.60000000,19558.12000000,19773.90000000,24762.84215000
3345,2022-07-12 12:00:00,19775.56000000,20010.00000000,19695.30000000,19886.33000000,25999.14655000
3346,2022-07-12 16:00:00,19886.33000000,20007.23000000,19278.00000000,19398.74000000,24209.03639000
3347,2022-07-12 20:00:00,19398.74000000,19555.00000000,19240.00000000,19328.75000000,20253.05042000
3348,2022-07-13 00:00:00,19331.28000000,19582.51000000,19265.40000000,19473.68000000,19334.01951000
3349,2022-07-13 04:00:00,19473.68000000,19875.00000000,19420.00000000,19705.25000000,18898.47892000
3350,2022-07-13 08:00:00,19707.06000000,19930.00000000,19670.02000000,19843.89000000,24102.11970000
3351,2022-07-13 12:00:00,19845.33000000,20128.39000000,18910.94000000,19456.20000000,80056.95967000
3352,2022-07-13 16:00:00,19454.99000000,20046.15000000,19230.00000000,19652.15000000,40636.95532000
3353,2022-07-13 20:00:00,19652.15000000,20366.61000000,19584.37000000,20234.87000000,26221.71576000
3354,2022-07-14 00:00:00,20234.87000000,20435.72000000,20164.06000000,20224.24000000,25680.78821000
3355,2022-07-14 04:00:00,20224.24000000,20276.90000000,19894.76000000,19990.72000000,24237.32324000
3356,2022-07-14 08:00:00,19990.72000000,20057.03000000,19635.22000000,19738.13000000,29040.80066000
3357,2022-07-14 12:00:00,19738.13000000,20466.00000000,19616.07000000,20390.50000000,41546.92001000
3358,2022-07-14 16:00:00,20390.00000000,20900.00000000,20143.96000000,20605.75000000,38641.83273000
3359,2022-07-14 20:00:00,20608.36000000,20720.00000000,20438.12000000,20588.84000000,15661.55211000
3360,2022-07-15 00:00:00,20588.84000000,20833.00000000,20382.29000000,20611.83000000,22529.61523000
3361,2022-07-15 04:00:00,20613.21000000,20936.00000000,20494.29000000,20835.38000000,21753.08143000
3362,2022-07-15 08:00:00,20835.38000000,21059.32000000,20720.16000000,20769.74000000,27470.72494000
3363,2022-07-15 12:00:00,20769.74000000,21090.00000000,20759.39000000,20792.19000000,31597.16720000
3364,2022-07-15 16:00:00,20792.19000000,21189.00000000,20636.70000000,21165.85000000,21907.50110000
3365,2022-07-15 20:00:00,21165.85000000,21200.00000000,20760.00000000,20830.04000000,18085.21500000
3366,2022-07-16 00:00:00,20830.04000000,20865.38000000,20600.00000000,20738.00000000,14640.84980000
3367,2022-07-16 04:00:00,20738.00000000,20764.83000000,20478.61000000,20546.18000000,14599.27645000
3368,2022-07-16 08:00:00,20546.18000000,20685.90000000,20539.85000000,20616.69000000,10306.66166000
3369,2022-07-16 12:00:00,20616.69000000,20957.46000000,20588.72000000,20943.02000000,19963.84945000
3370,2022-07-16 16:00:00,20943.02000000,21588.94000000,20921.07000000,21192.04000000,43421.74072000
3371,2022-07-16 20:00:00,21190.00000000,21345.99000000,20911.64000000,21195.60000000,18079.29585000
3372,2022-07-17 00:00:00,21195.60000000,21460.85000000,21082.80000000,21324.18000000,18547.58908000
3373,2022-07-17 04:00:00,21322.27000000,21684.54000000,21231.01000000,21467.61000000,19318.53620000
3374,2022-07-17 08:00:00,21467.61000000,21549.00000000,21209.71000000,21456.79000000,23064.81204000
3375,2022-07-17 12:00:00,21459.35000000,21500.00000000,21075.07000000,21170.09000000,21364.00500000
3376,2022-07-17 16:00:00,21170.09000000,21355.00000000,20824.00000000,21026.85000000,21727.95090000
3377,2022-07-17 20:00:00,21029.12000000,21080.00000000,20750.01000000,20798.16000000,14206.55928000
3378,2022-07-18 00:00:00,20799.58000000,21379.99000000,20762.45000000,21280.02000000,27179.49062000
3379,2022-07-18 04:00:00,21282.60000000,22400.00000000,21170.01000000,22245.93000000,48396.16981000
3380,2022-07-18 08:00:00,22245.93000000,22515.00000000,21960.71000000,22133.31000000,42183.61879000
3381,2022-07-18 12:00:00,22132.08000000,22777.63000000,21898.00000000,22675.83000000,44890.53958000
3382,2022-07-18 16:00:00,22675.83000000,22713.28000000,21388.00000000,21617.92000000,44695.74450000
3383,2022-07-18 20:00:00,21617.92000000,22650.00000000,21434.35000000,22432.58000000,32597.16802000
3384,2022-07-19 00:00:00,22432.58000000,22961.72000000,21807.46000000,21903.55000000,55617.52641000
3385,2022-07-19 04:00:00,21903.55000000,22133.89000000,21579.54000000,21764.88000000,35837.62027000
3386,2022-07-19 08:00:00,21764.88000000,22230.00000000,21696.60000000,21974.49000000,28896.23227000
3387,2022-07-19 12:00:00,21977.19000000,23199.90000000,21971.84000000,23136.08000000,63148.34394000
3388,2022-07-19 16:00:00,23128.31000000,23706.26000000,22950.21000000,23401.99000000,54014.75795000
3389,2022-07-19 20:00:00,23399.88000000,23800.00000000,23147.14000000,23396.62000000,26256.28490000
3390,2022-07-20 00:00:00,23398.48000000,23522.40000000,22922.00000000,23436.85000000,36854.25418000
3391,2022-07-20 04:00:00,23438.01000000,23864.15000000,23303.43000000,23381.18000000,30902.98687000
3392,2022-07-20 08:00:00,23381.18000000,23888.04000000,23313.90000000,23728.55000000,37527.86088000
3393,2022-07-20 12:00:00,23728.55000000,24276.74000000,23567.91000000,24172.63000000,51659.15287000
3394,2022-07-20 16:00:00,24172.64000000,24201.94000000,23400.00000000,23660.38000000,42044.92471000
3395,2022-07-20 20:00:00,23663.24000000,23799.62000000,22906.19000000,23223.30000000,39772.99143000
3396,2022-07-21 00:00:00,23223.30000000,23442.77000000,22666.00000000,22777.20000000,31345.35804000
3397,2022-07-21 04:00:00,22779.12000000,23099.51000000,22638.53000000,22931.56000000,26511.16775000
3398,2022-07-21 08:00:00,22929.28000000,23074.12000000,22466.34000000,22606.04000000,29204.64726000
3399,2022-07-21 12:00:00,22607.92000000,22850.00000000,22341.46000000,22642.34000000,38983.52083000
3400,2022-07-21 16:00:00,22639.37000000,23207.94000000,22632.72000000,23194.40000000,35494.11017000
3401,2022-07-21 20:00:00,23194.40000000,23308.80000000,22931.35000000,23152.19000000,23278.87786000
3402,2022-07-22 00:00:00,23152.19000000,23352.53000000,22861.43000000,22909.90000000,18175.45307000
3403,2022-07-22 04:00:00,22907.25000000,23320.00000000,22805.89000000,23118.79000000,23234.33239000
3404,2022-07-22 08:00:00,23121.63000000,23634.40000000,23068.00000000,23610.58000000,34290.27360000
3405,2022-07-22 12:00:00,23612.15000000,23756.49000000,23227.81000000,23290.68000000,43317.27254000
3406,2022-07-22 16:00:00,23290.71000000,23344.62000000,22543.64000000,22586.26000000,36877.18728000
3407,2022-07-22 20:00:00,22582.88000000,22785.95000000,22500.00000000,22684.83000000,15703.92078000
3408,2022-07-23 00:00:00,22684.83000000,22904.39000000,22550.14000000,22808.55000000,13827.77357000
3409,2022-07-23 04:00:00,22808.55000000,23000.77000000,22675.12000000,22770.52000000,18934.41428000
3410,2022-07-23 08:00:00,22771.94000000,22877.26000000,22210.67000000,22227.53000000,28908.73925000
3411,2022-07-23 12:00:00,22230.28000000,22389.53000000,22039.89000000,22215.61000000,22197.02528000
3412,2022-07-23 16:00:00,22216.90000000,22332.00000000,21934.57000000,22272.50000000,21809.06463000
3413,2022-07-23 20:00:00,22272.50000000,22559.00000000,22221.54000000,22451.07000000,16460.75674000
3414,2022-07-24 00:00:00,22448.58000000,22677.37000000,22288.00000000,22331.86000000,14961.07067000
3415,2022-07-24 04:00:00,22331.86000000,22839.99000000,22257.15000000,22701.60000000,20882.52765000
3416,2022-07-24 08:00:00,22704.09000000,22822.81000000,22480.00000000,22657.63000000,19335.21392000
3417,2022-07-24 12:00:00,22657.63000000,22911.31000000,22444.00000000,22847.08000000,23259.23781000
3418,2022-07-24 16:00:00,22847.08000000,22880.87000000,22630.00000000,22700.40000000,15935.18301000
3419,2022-07-24 20:00:00,22699.12000000,23014.64000000,22513.70000000,22579.68000000,20816.43971000
3420,2022-07-25 00:00:00,22577.13000000,22666.00000000,21753.57000000,21867.75000000,33119.03540000
3421,2022-07-25 04:00:00,21867.75000000,22002.62000000,21737.82000000,21962.33000000,22588.79451000
3422,2022-07-25 08:00:00,21962.33000000,22110.98000000,21868.36000000,21941.25000000,22048.18138000
3423,2022-07-25 12:00:00,21942.18000000,22003.12000000,21683.40000000,21895.79000000,32159.10297000
3424,2022-07-25 16:00:00,21893.94000000,22021.47000000,21552.53000000,21890.17000000,27200.46750000
3425,2022-07-25 20:00:00,21892.66000000,22259.98000000,21250.00000000,21310.90000000,43229.18467000
3426,2022-07-26 00:00:00,21310.90000000,21347.82000000,20856.48000000,21141.53000000,40540.47207000
3427,2022-07-26 04:00:00,21141.53000000,21272.21000000,21017.21000000,21066.86000000,21997.35143000
3428,2022-07-26 08:00:00,21066.86000000,21161.37000000,20932.70000000,21090.22000000,20342.85229000
3429,2022-07-26 12:00:00,21090.22000000,21196.58000000,20706.50000000,20746.81000000,38069.87939000
3430,2022-07-26 16:00:00,20746.81000000,21083.49000000,20734.79000000,20915.57000000,27918.74151000
3431,2022-07-26 20:00:00,20911.55000000,21300.00000000,20809.53000000,21254.67000000,28947.94657000
3432,2022-07-27 00:00:00,21254.67000000,21284.00000000,21042.53000000,21076.86000000,21881.70836000
3433,2022-07-27 04:00:00,21076.86000000,21451.33000000,21059.00000000,21347.36000000,22842.73152000
3434,2022-07-27 08:00:00,21346.11000000,21439.29000000,21129.65000000,21200.23000000,21108.09122000
3435,2022-07-27 12:00:00,21200.60000000,21547.53000000,21157.07000000,21530.86000000,31459.70714000
3436,2022-07-27 16:00:00,21530.86000000,23112.63000000,21455.25000000,22773.62000000,82340.73885000
3437,2022-07-27 20:00:00,22773.62000000,22997.17000000,22576.00000000,22952.45000000,31338.22087000
3438,2022-07-28 00:00:00,22954.31000000,23460.58000000,22701.44000000,23133.45000000,35277.39369000
3439,2022-07-28 04:00:00,23133.45000000,23273.81000000,22887.00000000,22925.10000000,25279.95507000
3440,2022-07-28 08:00:00,22925.10000000,23138.28000000,22816.26000000,23114.52000000,24940.73011000
3441,2022-07-28 12:00:00,23116.19000000,23992.00000000,22582.13000000,23745.57000000,74002.60110000
3442,2022-07-28 16:00:00,23747.85000000,24106.96000000,23662.52000000,23794.26000000,44457.31533000
3443,2022-07-28 20:00:00,23792.10000000,24199.72000000,23711.00000000,23842.93000000,32071.07880000
3444,2022-07-29 00:00:00,23845.25000000,23947.73000000,23701.00000000,23912.85000000,25679.75202000
3445,2022-07-29 04:00:00,23912.70000000,24442.66000000,23820.27000000,23943.26000000,30517.85100000
3446,2022-07-29 08:00:00,23941.63000000,24131.54000000,23530.96000000,23720.56000000,33097.55799000
3447,2022-07-29 12:00:00,23718.71000000,24222.00000000,23414.03000000,24010.74000000,54279.81023000
3448,2022-07-29 16:00:00,24012.76000000,24051.22000000,23606.18000000,23895.13000000,34146.24673000
3449,2022-07-29 20:00:00,23895.14000000,24138.69000000,23700.00000000,23773.75000000,20577.28826000
3450,2022-07-30 00:00:00,23777.28000000,23968.90000000,23674.14000000,23801.35000000,21365.90398000
3451,2022-07-30 04:00:00,23802.80000000,23914.00000000,23650.00000000,23880.76000000,16225.66452000
3452,2022-07-30 08:00:00,23878.58000000,24073.05000000,23732.56000000,23956.38000000,23749.27671000
3453,2022-07-30 12:00:00,23956.38000000,24668.00000000,23916.97000000,24529.10000000,38918.92187000
3454,2022-07-30 16:00:00,24526.57000000,24593.02000000,23862.00000000,23920.65000000,24101.00978000
3455,2022-07-30 20:00:00,23923.74000000,24078.94000000,23502.25000000,23643.51000000,26699.35525000
3456,2022-07-31 00:00:00,23644.64000000,23886.92000000,23520.00000000,23737.40000000,18447.41876000
3457,2022-07-31 04:00:00,23739.41000000,23842.20000000,23670.00000000,23713.10000000,14787.67259000
3458,2022-07-31 08:00:00,23713.10000000,23860.00000000,23558.21000000,23801.07000000,18809.56497000
3459,2022-07-31 12:00:00,23802.56000000,23861.83000000,23605.21000000,23774.97000000,19234.61369000
3460,2022-07-31 16:00:00,23774.97000000,24194.82000000,23400.00000000,23845.88000000,33340.73193000
3461,2022-07-31 20:00:00,23843.69000000,23892.43000000,23227.31000000,23293.32000000,23123.32289000
3462,2022-08-01 00:00:00,23296.36000000,23466.55000000,23257.37000000,23375.62000000,15508.11562000
3463,2022-08-01 04:00:00,23376.59000000,23425.00000000,23112.00000000,23322.05000000,18881.81214000
3464,2022-08-01 08:00:00,23323.26000000,23379.00000000,22939.57000000,23227.79000000,25583.07020000
3465,2022-08-01 12:00:00,23227.79000000,23509.68000000,22961.60000000,23326.73000000,35670.80561000
3466,2022-08-01 16:00:00,23325.19000000,23355.00000000,22850.00000000,22953.59000000,28331.92374000
3467,2022-08-01 20:00:00,22955.37000000,23417.11000000,22908.45000000,23268.01000000,20234.43488000
3468,2022-08-02 00:00:00,23266.90000000,23447.62000000,22780.00000000,22853.11000000,23861.80060000
3469,2022-08-02 04:00:00,22851.34000000,22937.50000000,22715.61000000,22887.80000000,19556.90887000
3470,2022-08-02 08:00:00,22889.62000000,22973.08000000,22654.37000000,22882.61000000,22574.83437000
3471,2022-08-02 12:00:00,22882.61000000,23151.24000000,22666.05000000,22979.50000000,41402.35374000
3472,2022-08-02 16:00:00,22977.78000000,23459.89000000,22870.10000000,22951.21000000,34504.69159000
3473,2022-08-02 20:00:00,22951.21000000,23148.60000000,22910.00000000,22987.79000000,16172.69308000
3474,2022-08-03 00:00:00,22985.93000000,23079.39000000,22681.22000000,22862.72000000,21794.67604000
3475,2022-08-03 04:00:00,22863.65000000,23074.86000000,22802.00000000,22989.96000000,16328.70249000
3476,2022-08-03 08:00:00,22989.16000000,23471.50000000,22987.46000000,23402.83000000,27560.31855000
3477,2022-08-03 12:00:00,23405.14000000,23647.68000000,23207.29000000,23352.76000000,34061.28808000
3478,2022-08-03 16:00:00,23352.76000000,23574.98000000,23256.87000000,23462.00000000,24167.19029000
3479,2022-08-03 20:00:00,23460.51000000,23486.48000000,22720.00000000,22818.37000000,22036.63450000
3480,2022-08-04 00:00:00,22816.91000000,23223.32000000,22791.46000000,23095.74000000,23187.70628000
3481,2022-08-04 04:00:00,23095.74000000,23185.35000000,22815.35000000,22947.92000000,21337.72264000
3482,2022-08-04 08:00:00,22947.92000000,22956.41000000,22767.86000000,22885.01000000,21575.66775000
3483,2022-08-04 12:00:00,22885.01000000,23148.99000000,22750.00000000,22931.68000000,38733.18170000
3484,2022-08-04 16:00:00,22931.68000000,22980.00000000,22400.00000000,22451.24000000,31973.68221000
3485,2022-08-04 20:00:00,22451.28000000,22670.00000000,22449.09000000,22622.98000000,18046.70958000
3486,2022-08-05 00:00:00,22622.41000000,23200.00000000,22586.95000000,23175.32000000,29075.77169000
3487,2022-08-05 04:00:00,23173.90000000,23432.51000000,23065.82000000,23186.08000000,24099.30825000
3488,2022-08-05 08:00:00,23185.08000000,23441.10000000,23095.17000000,23405.13000000,25397.19562000
3489,2022-08-05 12:00:00,23403.67000000,23472.86000000,22879.42000000,22988.25000000,48880.34457000
3490,2022-08-05 16:00:00,22988.26000000,23104.00000000,22754.13000000,22932.83000000,27002.41360000
3491,2022-08-05 20:00:00,22931.23000000,23329.00000000,22839.27000000,23312.42000000,20796.66376000
3492,2022-08-06 00:00:00,23313.56000000,23354.36000000,23152.42000000,23173.65000000,16587.73975000
3493,2022-08-06 04:00:00,23173.65000000,23236.93000000,23140.02000000,23205.87000000,11942.33660000
3494,2022-08-06 08:00:00,23204.77000000,23258.61000000,23100.00000000,23157.42000000,12641.35947000
3495,2022-08-06 12:00:00,23157.42000000,23236.49000000,23153.59000000,23202.21000000,10906.19763000
3496,2022-08-06 16:00:00,23201.18000000,23256.37000000,22982.49000000,23185.12000000,17103.93227000
3497,2022-08-06 20:00:00,23186.32000000,23220.00000000,22909.52000000,22954.21000000,14730.23735000
3498,2022-08-07 00:00:00,22954.21000000,23051.92000000,22844.62000000,22990.10000000,15970.14720000
3499,2022-08-07 04:00:00,22990.10000000,23029.62000000,22938.47000000,23015.95000000,10283.04251000
3500,2022-08-07 08:00:00,23014.60000000,23055.00000000,22890.52000000,23038.48000000,13104.13907000
3501,2022-08-07 12:00:00,23038.48000000,23184.21000000,23010.84000000,23023.14000000,17967.66602000
3502,2022-08-07 16:00:00,23021.97000000,23300.00000000,22994.00000000,23161.02000000,15650.28447000
3503,2022-08-07 20:00:00,23162.46000000,23402.00000000,23051.71000000,23174.39000000,15914.72950000
3504,2022-08-08 00:00:00,23174.39000000,23350.00000000,23154.25000000,23306.63000000,18056.13149000
3505,2022-08-08 04:00:00,23306.62000000,23852.43000000,23278.14000000,23807.68000000,30112.85373000
3506,2022-08-08 08:00:00,23807.53000000,24189.43000000,23771.01000000,24166.12000000,34588.39517000
3507,2022-08-08 12:00:00,24166.12000000,24245.00000000,23892.57000000,23991.38000000,38414.44409000
3508,2022-08-08 16:00:00,23991.38000000,24011.93000000,23793.33000000,23926.83000000,24331.51732000
3509,2022-08-08 20:00:00,23926.84000000,24104.55000000,23670.88000000,23810.00000000,25455.09972000
3510,2022-08-09 00:00:00,23810.98000000,23869.96000000,23626.87000000,23828.96000000,15374.43569000
3511,2022-08-09 04:00:00,23828.98000000,23933.25000000,23754.51000000,23878.12000000,16624.77929000
3512,2022-08-09 08:00:00,23878.12000000,23890.47000000,23182.55000000,23263.92000000,36406.15298000
3513,2022-08-09 12:00:00,23263.34000000,23327.07000000,22865.00000000,23075.00000000,35184.14371000
3514,2022-08-09 16:00:00,23075.00000000,23132.11000000,22970.00000000,23053.82000000,22428.47764000
3515,2022-08-09 20:00:00,23053.82000000,23265.00000000,23050.00000000,23149.95000000,17164.51927000
3516,2022-08-10 00:00:00,23151.32000000,23151.32000000,22664.69000000,22863.75000000,27322.38638000
3517,2022-08-10 04:00:00,22863.75000000,23011.50000000,22829.17000000,22963.67000000,18724.46992000
3518,2022-08-10 08:00:00,22963.67000000,23204.00000000,22961.96000000,23123.95000000,23418.88921000
3519,2022-08-10 12:00:00,23122.36000000,24178.00000000,23004.58000000,23997.10000000,74487.45703000
3520,2022-08-10 16:00:00,23997.10000000,24092.52000000,23475.40000000,23638.95000000,34250.74128000
3521,2022-08-10 20:00:00,23638.95000000,24226.00000000,23622.96000000,23954.05000000,30712.60571000
3522,2022-08-11 00:00:00,23954.05000000,24491.22000000,23912.39000000,24324.38000000,43690.74811000
3523,2022-08-11 04:00:00,24324.37000000,24745.00000000,24287.47000000,24431.88000000,42311.44311000
3524,2022-08-11 08:00:00,24431.88000000,24685.20000000,24345.08000000,24559.37000000,31586.25817000
3525,2022-08-11 12:00:00,24559.37000000,24918.54000000,24280.18000000,24343.68000000,67916.73828000
3526,2022-08-11 16:00:00,24343.68000000,24418.50000000,24081.22000000,24221.81000000,39040.82428000
3527,2022-08-11 20:00:00,24222.73000000,24334.46000000,23852.13000000,23934.39000000,25213.78362000
3528,2022-08-12 00:00:00,23933.09000000,24097.97000000,23761.84000000,24010.11000000,29110.90611000
3529,2022-08-12 04:00:00,24011.25000000,24060.00000000,23880.00000000,23960.99000000,20722.18520000
3530,2022-08-12 08:00:00,23960.99000000,24143.00000000,23583.00000000,23672.99000000,33894.47421000
3531,2022-08-12 12:00:00,23672.98000000,24012.21000000,23653.66000000,23980.66000000,37591.11057000
3532,2022-08-12 16:00:00,23979.58000000,24271.58000000,23952.03000000,24177.57000000,26396.22950000
3533,2022-08-12 20:00:00,24177.57000000,24456.50000000,24048.29000000,24403.68000000,26492.66481000
3534,2022-08-13 00:00:00,24401.70000000,24811.24000000,24334.37000000,24796.53000000,33493.90366000
3535,2022-08-13 04:00:00,24796.53000000,24888.00000000,24552.13000000,24572.12000000,29087.49126000
3536,2022-08-13 08:00:00,24574.03000000,24653.48000000,24291.22000000,24435.91000000,31052.72614000
3537,2022-08-13 12:00:00,24435.91000000,24600.88000000,24300.00000000,24512.66000000,21336.66579000
3538,2022-08-13 16:00:00,24512.66000000,24593.37000000,24336.16000000,24398.56000000,21151.79633000
3539,2022-08-13 20:00:00,24398.56000000,24545.00000000,24319.09000000,24441.38000000,16729.67117000
3540,2022-08-14 00:00:00,24443.06000000,24640.00000000,24343.30000000,24570.02000000,21999.26985000
3541,2022-08-14 04:00:00,24570.33000000,25047.56000000,24500.00000000,24873.32000000,29499.16312000
3542,2022-08-14 08:00:00,24873.32000000,24883.24000000,24524.32000000,24564.49000000,28622.92667000
3543,2022-08-14 12:00:00,24564.50000000,24593.43000000,24400.00000000,24524.54000000,21597.85172000
3544,2022-08-14 16:00:00,24525.51000000,24568.74000000,24144.00000000,24284.07000000,29371.84503000
3545,2022-08-14 20:00:00,24284.07000000,24435.00000000,24172.40000000,24305.24000000,20115.08834000
3546,2022-08-15 00:00:00,24305.25000000,25211.32000000,24164.10000000,24867.39000000,48020.61288000
3547,2022-08-15 04:00:00,24866.12000000,24982.70000000,23944.62000000,24027.05000000,54638.95429000
3548,2022-08-15 08:00:00,24027.05000000,24314.28000000,23869.46000000,24049.48000000,40091.08032000
3549,2022-08-15 12:00:00,24048.91000000,24265.74000000,23900.00000000,24226.00000000,42008.77080000
3550,2022-08-15 16:00:00,24226.00000000,24281.10000000,23965.00000000,23982.54000000,30437.94241000
3551,2022-08-15 20:00:00,23983.54000000,24192.83000000,23773.22000000,24094.82000000,27342.18688000
3552,2022-08-16 00:00:00,24093.04000000,24247.49000000,23853.00000000,24083.42000000,31819.39488000
3553,2022-08-16 04:00:00,24083.25000000,24144.77000000,23795.67000000,24066.93000000,26639.66002000
3554,2022-08-16 08:00:00,24067.77000000,24150.00000000,23968.78000000,24038.03000000,25008.36776000
3555,2022-08-16 12:00:00,24036.86000000,24094.13000000,23671.22000000,23901.27000000,41284.19897000
3556,2022-08-16 16:00:00,23901.00000000,24058.00000000,23691.06000000,23930.24000000,36967.30007000
3557,2022-08-16 20:00:00,23930.24000000,23994.00000000,23809.00000000,23854.74000000,17606.02651000
3558,2022-08-17 00:00:00,23856.15000000,24085.00000000,23824.99000000,24006.66000000,27497.44226000
3559,2022-08-17 04:00:00,24006.66000000,24446.71000000,23759.30000000,23786.42000000,42139.73733000
3560,2022-08-17 08:00:00,23788.32000000,23924.97000000,23690.79000000,23746.65000000,29502.38216000
3561,2022-08-17 12:00:00,23746.65000000,23760.68000000,23321.60000000,23391.90000000,50641.81441000
3562,2022-08-17 16:00:00,23391.90000000,23638.84000000,23236.00000000,23275.04000000,40282.52766000
3563,2022-08-17 20:00:00,23276.89000000,23417.44000000,23180.40000000,23342.66000000,20604.78384000
3564,2022-08-18 00:00:00,23342.66000000,23516.44000000,23285.23000000,23433.31000000,20285.16515000
3565,2022-08-18 04:00:00,23434.25000000,23466.67000000,23325.01000000,23414.21000000,18535.89444000
3566,2022-08-18 08:00:00,23414.21000000,23582.35000000,23344.20000000,23534.43000000,21749.67803000
3567,2022-08-18 12:00:00,23534.43000000,23600.00000000,23355.73000000,23452.28000000,33043.94202000
3568,2022-08-18 16:00:00,23451.45000000,23469.27000000,23235.28000000,23344.88000000,27697.39734000
3569,2022-08-18 20:00:00,23344.88000000,23448.00000000,23111.04000000,23191.20000000,22873.89313000
3570,2022-08-19 00:00:00,23191.45000000,23208.67000000,22711.11000000,22769.05000000,41226.76430000
3571,2022-08-19 04:00:00,22768.97000000,22837.34000000,21447.76000000,21905.88000000,52502.49717000
3572,2022-08-19 08:00:00,21907.37000000,21915.88000000,21261.96000000,21467.91000000,55689.19945000
3573,2022-08-19 12:00:00,21467.91000000,21605.71000000,21265.77000000,21443.36000000,47572.54319000
3574,2022-08-19 16:00:00,21443.36000000,21660.73000000,21149.95000000,21329.66000000,38711.52891000
3575,2022-08-19 20:00:00,21329.65000000,21382.50000000,20783.57000000,20834.39000000,48293.34445000
3576,2022-08-20 00:00:00,20834.39000000,21212.67000000,20792.92000000,21140.34000000,33280.56478000
3577,2022-08-20 04:00:00,21139.97000000,21370.00000000,21077.56000000,21307.25000000,30309.80491000
3578,2022-08-20 08:00:00,21307.99000000,21315.00000000,21118.50000000,21233.66000000,24822.54213000
3579,2022-08-20 12:00:00,21233.66000000,21382.85000000,21200.00000000,21299.44000000,23779.76710000
3580,2022-08-20 16:00:00,21300.50000000,21360.00000000,20941.63000000,20988.36000000,35287.95553000
3581,2022-08-20 20:00:00,20988.52000000,21250.51000000,20761.90000000,21140.07000000,35561.04918000
3582,2022-08-21 00:00:00,21140.07000000,21330.55000000,21118.71000000,21208.72000000,21895.29548000
3583,2022-08-21 04:00:00,21210.06000000,21285.08000000,21069.11000000,21251.38000000,21730.29782000
3584,2022-08-21 08:00:00,21250.21000000,21570.00000000,21224.48000000,21524.39000000,34690.60227000
3585,2022-08-21 12:00:00,21525.57000000,21587.74000000,21314.88000000,21420.20000000,24843.69947000
3586,2022-08-21 16:00:00,21419.00000000,21557.26000000,21330.75000000,21512.01000000,21034.03801000
3587,2022-08-21 20:00:00,21512.01000000,21800.00000000,21277.73000000,21515.61000000,35006.75105000
3588,2022-08-22 00:00:00,21516.70000000,21530.03000000,21360.41000000,21414.86000000,25174.83039000
3589,2022-08-22 04:00:00,21413.67000000,21494.44000000,21058.62000000,21097.72000000,34115.81272000
3590,2022-08-22 08:00:00,21098.01000000,21338.75000000,20890.18000000,21248.71000000,49490.80940000
3591,2022-08-22 12:00:00,21249.78000000,21444.72000000,21086.54000000,21400.47000000,51797.07693000
3592,2022-08-22 16:00:00,21400.47000000,21548.71000000,20963.00000000,21057.25000000,35679.67466000
3593,2022-08-22 20:00:00,21055.48000000,21423.74000000,21045.00000000,21399.83000000,25963.84116000
3594,2022-08-23 00:00:00,21400.75000000,21468.51000000,21218.28000000,21239.18000000,25560.09622000
3595,2022-08-23 04:00:00,21239.18000000,21318.84000000,20890.14000000,21305.34000000,34416.06040000
3596,2022-08-23 08:00:00,21305.34000000,21550.00000000,21286.00000000,21456.34000000,40917.92309000
3597,2022-08-23 12:00:00,21455.97000000,21684.87000000,21327.95000000,21474.67000000,48875.00190000
3598,2022-08-23 16:00:00,21473.01000000,21602.49000000,21358.38000000,21522.01000000,29866.93249000
3599,2022-08-23 20:00:00,21522.01000000,21654.91000000,21428.00000000,21529.12000000,21331.75754000
3600,2022-08-24 00:00:00,21529.11000000,21555.84000000,21145.00000000,21264.01000000,29785.93251000
3601,2022-08-24 04:00:00,21264.01000000,21504.97000000,21237.57000000,21317.85000000,29673.56148000
3602,2022-08-24 08:00:00,21319.27000000,21476.23000000,21261.00000000,21438.92000000,25602.05989000
3603,2022-08-24 12:00:00,21439.84000000,21645.65000000,21373.43000000,21618.45000000,36534.39799000
3604,2022-08-24 16:00:00,21618.46000000,21900.00000000,21605.00000000,21707.58000000,32108.03720000
3605,2022-08-24 20:00:00,21709.32000000,21761.92000000,21361.60000000,21368.08000000,20679.23139000
3606,2022-08-25 00:00:00,21368.05000000,21637.89000000,21310.15000000,21468.93000000,25661.25463000
3607,2022-08-25 04:00:00,21468.12000000,21762.00000000,21461.53000000,21743.29000000,27720.91104000
3608,2022-08-25 08:00:00,21744.22000000,21819.88000000,21611.22000000,21720.31000000,31114.16042000
3609,2022-08-25 12:00:00,21720.31000000,21779.00000000,21483.38000000,21565.12000000,40638.26855000
3610,2022-08-25 16:00:00,21563.92000000,21646.27000000,21422.43000000,21605.20000000,27793.81951000
3611,2022-08-25 20:00:00,21607.25000000,21685.00000000,21514.89000000,21559.04000000,16987.36886000
3612,2022-08-26 00:00:00,21559.04000000,21614.89000000,21431.22000000,21552.17000000,21810.53604000
3613,2022-08-26 04:00:00,21552.17000000,21564.82000000,21326.66000000,21452.90000000,26876.78847000
3614,2022-08-26 08:00:00,21452.90000000,21468.76000000,21106.31000000,21189.77000000,29944.51782000
3615,2022-08-26 12:00:00,21191.27000000,21886.77000000,20635.12000000,20781.08000000,113783.45025000
3616,2022-08-26 16:00:00,20780.86000000,20832.23000000,20529.74000000,20644.47000000,44696.99841000
3617,2022-08-26 20:00:00,20643.01000000,20749.98000000,20107.90000000,20241.05000000,36699.32856000
3618,2022-08-27 00:00:00,20239.14000000,20402.93000000,20135.04000000,20203.18000000,29318.42060000
3619,2022-08-27 04:00:00,20204.23000000,20277.38000000,19920.00000000,20272.25000000,31410.50355000
3620,2022-08-27 08:00:00,20269.90000000,20279.61000000,20135.89000000,20211.21000000,21699.22715000
3621,2022-08-27 12:00:00,20211.21000000,20242.02000000,19800.00000000,19977.36000000,32921.72422000
3622,2022-08-27 16:00:00,19976.08000000,20100.00000000,19838.80000000,20018.00000000,26551.73716000
3623,2022-08-27 20:00:00,20018.00000000,20103.57000000,19858.43000000,20037.60000000,20680.84764000
3624,2022-08-28 00:00:00,20037.60000000,20171.18000000,19926.78000000,19990.58000000,19062.25340000
3625,2022-08-28 04:00:00,19991.39000000,20085.00000000,19937.90000000,20056.62000000,15905.99683000
3626,2022-08-28 08:00:00,20055.85000000,20107.52000000,19943.00000000,20034.97000000,18745.81720000
3627,2022-08-28 12:00:00,20033.87000000,20059.99000000,19811.00000000,20022.03000000,28371.45725000
3628,2022-08-28 16:00:00,20022.03000000,20155.62000000,19955.10000000,19973.76000000,23600.20388000
3629,2022-08-28 20:00:00,19972.31000000,20049.96000000,19520.00000000,19555.61000000,33622.23120000
3630,2022-08-29 00:00:00,19555.61000000,19966.56000000,19550.79000000,19868.14000000,35747.04123000
3631,2022-08-29 04:00:00,19866.29000000,19941.22000000,19739.74000000,19897.01000000,26893.72392000
3632,2022-08-29 08:00:00,19897.01000000,19923.63000000,19762.30000000,19825.09000000,25639.12076000
3633,2022-08-29 12:00:00,19824.20000000,20384.25000000,19805.00000000,20262.28000000,60730.43780000
3634,2022-08-29 16:00:00,20263.62000000,20433.62000000,20078.92000000,20098.65000000,35933.86098000
3635,2022-08-29 20:00:00,20098.65000000,20351.53000000,20075.00000000,20285.73000000,25565.31076000
3636,2022-08-30 00:00:00,20287.20000000,20298.75000000,20110.00000000,20273.36000000,28757.16891000
3637,2022-08-30 04:00:00,20273.36000000,20576.25000000,20257.32000000,20434.16000000,39864.58091000
3638,2022-08-30 08:00:00,20433.65000000,20511.30000000,20331.99000000,20403.80000000,31895.57423000
3639,2022-08-30 12:00:00,20403.80000000,20450.00000000,19650.00000000,19756.24000000,63047.81394000
3640,2022-08-30 16:00:00,19756.24000000,20099.81000000,19540.00000000,19947.20000000,59238.18278000
3641,2022-08-30 20:00:00,19947.20000000,20059.66000000,19745.43000000,19811.66000000,33831.03452000
3642,2022-08-31 00:00:00,19813.03000000,20459.32000000,19797.94000000,20402.87000000,43434.99397000
3643,2022-08-31 04:00:00,20401.46000000,20490.00000000,20188.00000000,20258.09000000,40558.77660000
3644,2022-08-31 08:00:00,20258.09000000,20410.21000000,20123.09000000,20314.78000000,46273.02503000
3645,2022-08-31 12:00:00,20314.78000000,20423.38000000,19870.00000000,20140.63000000,69387.69551000
3646,2022-08-31 16:00:00,20142.26000000,20328.46000000,19881.22000000,20228.57000000,49128.33890000
3647,2022-08-31 20:00:00,20228.57000000,20299.97000000,19966.00000000,20050.02000000,28163.77764000
3648,2022-09-01 00:00:00,20048.44000000,20208.37000000,19917.01000000,20022.97000000,35505.13886000
3649,2022-09-01 04:00:00,20023.82000000,20139.00000000,19801.38000000,19895.66000000,35973.37844000
3650,2022-09-01 08:00:00,19894.97000000,20126.23000000,19820.60000000,20074.01000000,40982.81672000
3651,2022-09-01 12:00:00,20074.91000000,20096.39000000,19652.79000000,19782.59000000,58172.52468000
3652,2022-09-01 16:00:00,19783.03000000,19938.00000000,19565.66000000,19871.68000000,44073.56909000
3653,2022-09-01 20:00:00,19871.68000000,20180.00000000,19841.45000000,20131.46000000,30582.54484000
3654,2022-09-02 00:00:00,20132.64000000,20245.89000000,19957.78000000,20157.01000000,30343.55359000
3655,2022-09-02 04:00:00,20157.01000000,20298.00000000,20037.14000000,20111.24000000,29629.83037000
3656,2022-09-02 08:00:00,20111.24000000,20179.19000000,19991.00000000,20090.81000000,29418.89765000
3657,2022-09-02 12:00:00,20090.81000000,20441.26000000,20020.06000000,20355.85000000,68960.92967000
3658,2022-09-02 16:00:00,20355.85000000,20387.30000000,19755.29000000,19910.43000000,64356.56312000
3659,2022-09-02 20:00:00,19909.23000000,20026.66000000,19858.40000000,19951.86000000,23276.82890000
3660,2022-09-03 00:00:00,19950.98000000,20055.93000000,19866.77000000,19899.69000000,25987.89995000
3661,2022-09-03 04:00:00,19899.69000000,19968.11000000,19754.77000000,19815.63000000,23401.70682000
3662,2022-09-03 08:00:00,19815.63000000,19868.86000000,19726.10000000,19798.76000000,27168.87500000
3663,2022-09-03 12:00:00,19798.73000000,19904.68000000,19748.88000000,19772.95000000,24593.00049000
3664,2022-09-03 16:00:00,19772.95000000,19835.00000000,19652.72000000,19710.00000000,27439.06077000
3665,2022-09-03 20:00:00,19710.00000000,19850.00000000,19677.29000000,19831.90000000,18048.48901000
3666,2022-09-04 00:00:00,19832.45000000,19861.94000000,19740.07000000,19772.79000000,16305.78804000
3667,2022-09-04 04:00:00,19772.81000000,19812.19000000,19615.00000000,19632.40000000,19451.27513000
3668,2022-09-04 08:00:00,19630.95000000,19852.92000000,19583.10000000,19850.79000000,27933.29823000
3669,2022-09-04 12:00:00,19849.89000000,19940.00000000,19650.00000000,19789.90000000,30563.58575000
3670,2022-09-04 16:00:00,19790.84000000,19956.54000000,19722.00000000,19882.69000000,25831.56173000
3671,2022-09-04 20:00:00,19883.18000000,20029.23000000,19815.00000000,20000.30000000,25503.27005000
3672,2022-09-05 00:00:00,20000.30000000,20057.27000000,19809.56000000,19884.91000000,35602.25427000
3673,2022-09-05 04:00:00,19884.88000000,19913.09000000,19681.22000000,19750.00000000,38064.14007000
3674,2022-09-05 08:00:00,19750.51000000,19805.47000000,19633.83000000,19701.95000000,35287.92719000
3675,2022-09-05 12:00:00,19701.95000000,19950.70000000,19667.02000000,19854.59000000,45206.89541000
3676,2022-09-05 16:00:00,19854.59000000,19912.40000000,19670.14000000,19708.64000000,37777.23026000
3677,2022-09-05 20:00:00,19708.64000000,19870.80000000,19697.10000000,19796.84000000,30604.56337000
3678,2022-09-06 00:00:00,19795.34000000,20180.00000000,19673.44000000,19790.01000000,68746.83346000
3679,2022-09-06 04:00:00,19790.01000000,19948.14000000,19730.74000000,19905.79000000,44613.14370000
3680,2022-09-06 08:00:00,19906.88000000,20030.82000000,19860.66000000,19918.33000000,44487.59705000
3681,2022-09-06 12:00:00,19918.33000000,19993.67000000,19663.70000000,19818.37000000,67591.86273000
3682,2022-09-06 16:00:00,19818.37000000,19855.00000000,18733.97000000,18824.41000000,87847.22545000
3683,2022-09-06 20:00:00,18823.48000000,19120.00000000,18649.51000000,18790.61000000,43028.39479000
3684,2022-09-07 00:00:00,18790.61000000,18873.17000000,18510.77000000,18745.85000000,53212.43422000
3685,2022-09-07 04:00:00,18745.01000000,18843.68000000,18671.22000000,18800.43000000,37858.02278000
3686,2022-09-07 08:00:00,18799.61000000,18859.98000000,18691.22000000,18739.59000000,34622.30107000
3687,2022-09-07 12:00:00,18739.78000000,18968.58000000,18674.33000000,18871.35000000,55673.06639000
3688,2022-09-07 16:00:00,18870.60000000,19200.00000000,18850.42000000,18992.38000000,55904.80594000
3689,2022-09-07 20:00:00,18992.37000000,19464.06000000,18987.89000000,19292.84000000,50124.14840000
3690,2022-09-08 00:00:00,19292.85000000,19384.81000000,19151.48000000,19218.40000000,31899.09781000
3691,2022-09-08 04:00:00,19218.40000000,19391.22000000,19056.00000000,19171.66000000,43606.76131000
3692,2022-09-08 08:00:00,19171.60000000,19397.71000000,19142.29000000,19311.15000000,38445.38899000
3693,2022-09-08 12:00:00,19311.60000000,19378.19000000,19012.00000000,19250.81000000,73379.52760000
3694,2022-09-08 16:00:00,19250.81000000,19354.04000000,19093.13000000,19352.38000000,46668.01447000
3695,2022-09-08 20:00:00,19352.38000000,19458.25000000,19251.90000000,19319.77000000,28814.49255000
3696,2022-09-09 00:00:00,19320.54000000,19956.12000000,19291.75000000,19950.73000000,45447.37355000
3697,2022-09-09 04:00:00,19949.59000000,20800.00000000,19928.47000000,20631.76000000,84684.16281000
3698,2022-09-09 08:00:00,20631.76000000,21200.00000000,20625.26000000,20937.72000000,77966.44551000
3699,2022-09-09 12:00:00,20937.72000000,21337.72000000,20912.37000000,21266.79000000,89876.54960000
3700,2022-09-09 16:00:00,21266.76000000,21437.90000000,21129.00000000,21291.62000000,79607.75533000
3701,2022-09-09 20:00:00,21291.62000000,21597.22000000,21186.07000000,21360.11000000,51337.45972000
3702,2022-09-10 00:00:00,21361.62000000,21391.65000000,21163.25000000,21303.07000000,46245.75068000
3703,2022-09-10 04:00:00,21301.88000000,21672.24000000,21251.59000000,21283.87000000,59402.39996000
3704,2022-09-10 08:00:00,21283.89000000,21393.99000000,21253.50000000,21285.11000000,42611.26446000
3705,2022-09-10 12:00:00,21285.11000000,21363.01000000,21111.13000000,21219.36000000,52619.58777000
3706,2022-09-10 16:00:00,21220.18000000,21646.00000000,21171.44000000,21579.10000000,54139.50348000
3707,2022-09-10 20:00:00,21579.10000000,21810.80000000,21361.64000000,21648.34000000,52978.82869000
3708,2022-09-11 00:00:00,21647.21000000,21682.60000000,21450.01000000,21542.42000000,37855.78481000
3709,2022-09-11 04:00:00,21542.42000000,21643.61000000,21350.00000000,21611.49000000,43220.93719000
3710,2022-09-11 08:00:00,21610.82000000,21726.60000000,21557.38000000,21613.03000000,42717.06626000
3711,2022-09-11 12:00:00,21613.03000000,21753.75000000,21455.00000000,21643.16000000,53469.51783000
3712,2022-09-11 16:00:00,21642.07000000,21860.00000000,21530.00000000,21617.99000000,49795.29184000
3713,2022-09-11 20:00:00,21617.99000000,21850.00000000,21456.67000000,21826.87000000,53643.95356000
3714,2022-09-12 00:00:00,21826.87000000,22374.00000000,21538.51000000,21656.87000000,85688.38428000
3715,2022-09-12 04:00:00,21656.43000000,22232.09000000,21627.34000000,22193.64000000,63905.96750000
3716,2022-09-12 08:00:00,22195.78000000,22472.68000000,21970.43000000,22312.75000000,77531.35430000
3717,2022-09-12 12:00:00,22313.57000000,22488.00000000,22000.00000000,22114.50000000,70775.18087000
3718,2022-09-12 16:00:00,22112.59000000,22454.00000000,22010.96000000,22426.08000000,57352.90302000
3719,2022-09-12 20:00:00,22428.25000000,22480.71000000,22252.37000000,22395.74000000,40141.82831000
3720,2022-09-13 00:00:00,22395.44000000,22445.86000000,22054.07000000,22231.58000000,54467.66462000
3721,2022-09-13 04:00:00,22232.72000000,22627.00000000,22178.57000000,22273.09000000,62723.37173000
3722,2022-09-13 08:00:00,22271.59000000,22713.92000000,22182.09000000,22522.74000000,65382.90597000
3723,2022-09-13 12:00:00,22522.74000000,22799.00000000,20751.00000000,20829.77000000,127253.50689000
3724,2022-09-13 16:00:00,20829.77000000,20927.73000000,20030.00000000,20283.58000000,76799.90660000
3725,2022-09-13 20:00:00,20284.89000000,20421.15000000,19860.00000000,20173.57000000,45287.67752000
3726,2022-09-14 00:00:00,20173.62000000,20541.48000000,20042.15000000,20323.04000000,52365.02585000
3727,2022-09-14 04:00:00,20323.04000000,20405.77000000,20130.98000000,20243.89000000,42761.43332000
3728,2022-09-14 08:00:00,20243.22000000,20419.83000000,20091.19000000,20225.35000000,51545.65753000
3729,2022-09-14 12:00:00,20224.74000000,20389.99000000,20070.00000000,20178.79000000,82170.45147000
3730,2022-09-14 16:00:00,20178.16000000,20238.71000000,19617.62000000,19952.11000000,71429.90144000
3731,2022-09-14 20:00:00,19951.83000000,20393.37000000,19851.21000000,20226.71000000,40553.93190000
3732,2022-09-15 00:00:00,20227.17000000,20270.61000000,19920.00000000,20023.59000000,49094.25992000
3733,2022-09-15 04:00:00,20023.59000000,20330.24000000,19955.43000000,20204.23000000,68202.10017000
3734,2022-09-15 08:00:00,20204.23000000,20225.00000000,20025.00000000,20148.35000000,47940.74236000
3735,2022-09-15 12:00:00,20149.59000000,20194.12000000,19497.00000000,19737.36000000,81453.00838000
3736,2022-09-15 16:00:00,19737.36000000,19947.56000000,19644.10000000,19782.36000000,50623.90860000
3737,2022-09-15 20:00:00,19780.71000000,19894.99000000,19578.00000000,19701.88000000,35755.74133000
3738,2022-09-16 00:00:00,19701.88000000,19814.99000000,19582.05000000,19744.77000000,39694.45813000
3739,2022-09-16 04:00:00,19744.77000000,19859.99000000,19728.00000000,19739.10000000,32804.03728000
3740,2022-09-16 08:00:00,19739.10000000,19890.00000000,19610.13000000,19867.82000000,42860.06736000
3741,2022-09-16 12:00:00,19868.75000000,19875.61000000,19442.76000000,19661.24000000,69622.24444000
3742,2022-09-16 16:00:00,19661.24000000,19661.89000000,19320.01000000,19618.91000000,69991.76218000
3743,2022-09-16 20:00:00,19617.34000000,19819.22000000,19612.42000000,19803.30000000,28818.50125000
3744,2022-09-17 00:00:00,19803.30000000,20071.09000000,19770.00000000,19884.93000000,34184.08705000
3745,2022-09-17 04:00:00,19884.50000000,19988.89000000,19785.49000000,19842.09000000,26553.85296000
3746,2022-09-17 08:00:00,19842.22000000,19916.61000000,19806.64000000,19810.22000000,27389.60408000
3747,2022-09-17 12:00:00,19810.22000000,20037.99000000,19748.08000000,19963.34000000,31447.15942000
3748,2022-09-17 16:00:00,19963.34000000,20189.00000000,19935.08000000,20009.21000000,36652.04674000
3749,2022-09-17 20:00:00,20009.27000000,20145.76000000,19940.00000000,20113.62000000,23123.49313000
3750,2022-09-18 00:00:00,20112.61000000,20117.26000000,19949.95000000,20000.33000000,28644.14045000
3751,2022-09-18 04:00:00,20000.33000000,20098.00000000,19953.58000000,20053.17000000,22819.40077000
3752,2022-09-18 08:00:00,20052.57000000,20102.16000000,19765.01000000,19922.92000000,43805.52765000
3753,2022-09-18 12:00:00,19922.29000000,20029.81000000,19725.00000000,19814.63000000,45886.72865000
3754,2022-09-18 16:00:00,19814.63000000,19879.44000000,19562.45000000,19725.87000000,58816.15437000
3755,2022-09-18 20:00:00,19725.58000000,19753.95000000,19335.62000000,19416.18000000,54245.51715000
3756,2022-09-19 00:00:00,19417.45000000,19518.17000000,18670.00000000,18776.93000000,57773.78177000
3757,2022-09-19 04:00:00,18775.89000000,18879.08000000,18232.56000000,18468.74000000,68529.74012000
3758,2022-09-19 08:00:00,18468.74000000,18800.00000000,18367.88000000,18684.87000000,65845.86227000
3759,2022-09-19 12:00:00,18685.77000000,19433.48000000,18676.47000000,19080.49000000,84129.00624000
3760,2022-09-19 16:00:00,19081.24000000,19560.35000000,18877.00000000,19514.80000000,60598.18921000
3761,2022-09-19 20:00:00,19514.80000000,19686.20000000,19413.53000000,19537.02000000,43635.82345000
3762,2022-09-20 00:00:00,19537.02000000,19634.62000000,19174.74000000,19364.19000000,45833.15231000
3763,2022-09-20 04:00:00,19364.19000000,19589.00000000,19233.38000000,19357.93000000,39970.83853000
3764,2022-09-20 08:00:00,19358.87000000,19424.29000000,19150.00000000,19219.49000000,47441.73225000
3765,2022-09-20 12:00:00,19219.49000000,19269.17000000,18777.00000000,19238.10000000,78407.70224000
3766,2022-09-20 16:00:00,19238.09000000,19319.28000000,18711.87000000,18993.33000000,75149.48271000
3767,2022-09-20 20:00:00,18993.33000000,19093.45000000,18785.01000000,18875.00000000,37295.42056000
3768,2022-09-21 00:00:00,18874.31000000,19060.26000000,18829.30000000,19021.17000000,31767.02269000
3769,2022-09-21 04:00:00,19022.24000000,19135.57000000,18791.20000000,18947.82000000,39627.44704000
3770,2022-09-21 08:00:00,18946.80000000,19205.93000000,18823.53000000,19165.93000000,44009.67001000
3771,2022-09-21 12:00:00,19165.18000000,19477.77000000,19084.17000000,19191.17000000,68280.56751000
3772,2022-09-21 16:00:00,19191.81000000,19956.00000000,18666.00000000,19001.03000000,129660.78978000
3773,2022-09-21 20:00:00,19002.76000000,19072.72000000,18125.98000000,18461.36000000,71688.60318000
3774,2022-09-22 00:00:00,18461.36000000,18789.04000000,18356.39000000,18690.39000000,59304.30733000
3775,2022-09-22 04:00:00,18690.39000000,18969.87000000,18617.41000000,18934.29000000,54535.06490000
3776,2022-09-22 08:00:00,18934.29000000,19285.12000000,18906.10000000,19229.81000000,65982.97543000
3777,2022-09-22 12:00:00,19229.81000000,19317.66000000,18794.06000000,18986.89000000,79875.43764000
3778,2022-09-22 16:00:00,18985.96000000,19499.00000000,18780.01000000,19311.19000000,72770.35854000
3779,2022-09-22 20:00:00,19309.43000000,19550.17000000,19150.00000000,19401.63000000,46853.57727000
3780,2022-09-23 00:00:00,19401.63000000,19467.00000000,19225.73000000,19394.62000000,46965.80422000
3781,2022-09-23 04:00:00,19393.14000000,19500.00000000,19200.00000000,19223.27000000,44875.62309000
3782,2022-09-23 08:00:00,19223.27000000,19273.52000000,18835.00000000,18862.72000000,66981.43167000
3783,2022-09-23 12:00:00,18862.72000000,19077.02000000,18531.42000000,18711.86000000,86334.54454000
3784,2022-09-23 16:00:00,18712.08000000,18852.28000000,18572.55000000,18807.57000000,84405.44112000
3785,2022-09-23 20:00:00,18807.57000000,19406.73000000,18803.00000000,19289.91000000,56324.07365000
3786,2022-09-24 00:00:00,19288.57000000,19316.14000000,19029.80000000,19121.92000000,47764.24279000
3787,2022-09-24 04:00:00,19121.92000000,19189.00000000,18925.94000000,18997.14000000,40878.77350000
3788,2022-09-24 08:00:00,18996.63000000,19119.75000000,18940.23000000,19051.63000000,35957.77070000
3789,2022-09-24 12:00:00,19052.24000000,19225.92000000,19012.49000000,19124.14000000,43071.74271000
3790,2022-09-24 16:00:00,19124.14000000,19195.00000000,19050.03000000,19103.30000000,33486.61434000
3791,2022-09-24 20:00:00,19102.68000000,19150.81000000,18805.34000000,18920.50000000,38337.42342000
3792,2022-09-25 00:00:00,18921.99000000,19062.00000000,18913.43000000,19053.67000000,31530.95821000
3793,2022-09-25 04:00:00,19052.83000000,19132.21000000,18937.62000000,19098.09000000,23058.73258000
3794,2022-09-25 08:00:00,19098.09000000,19180.21000000,18982.00000000,19117.94000000,26380.66333000
3795,2022-09-25 12:00:00,19117.95000000,19144.23000000,18841.91000000,18988.74000000,35787.72141000
3796,2022-09-25 16:00:00,18988.74000000,19123.27000000,18850.01000000,18915.49000000,32186.97594000
3797,2022-09-25 20:00:00,18915.49000000,18953.56000000,18629.20000000,18807.38000000,42246.39773000
3798,2022-09-26 00:00:00,18809.13000000,18948.11000000,18721.02000000,18868.39000000,60306.79999000
3799,2022-09-26 04:00:00,18869.07000000,18935.00000000,18680.72000000,18911.18000000,67107.34202000
3800,2022-09-26 08:00:00,18911.18000000,19318.96000000,18803.13000000,18876.62000000,96374.40750000
3801,2022-09-26 12:00:00,18876.62000000,19280.00000000,18817.62000000,19113.48000000,97273.51810000
3802,2022-09-26 16:00:00,19113.48000000,19269.69000000,18967.59000000,19202.77000000,74843.64765000
3803,2022-09-26 20:00:00,19202.16000000,19246.33000000,19070.05000000,19227.82000000,43333.50417000
3804,2022-09-27 00:00:00,19226.68000000,20300.00000000,19187.63000000,20099.04000000,102429.59353000
3805,2022-09-27 04:00:00,20099.04000000,20350.00000000,19958.85000000,20183.74000000,87315.93782000
3806,2022-09-27 08:00:00,20183.74000000,20338.39000000,20091.30000000,20229.26000000,83092.08360000
3807,2022-09-27 12:00:00,20230.35000000,20385.86000000,19865.00000000,19887.73000000,112000.16808000
3808,2022-09-27 16:00:00,19887.78000000,19954.49000000,18816.32000000,19077.59000000,143710.02724000
3809,2022-09-27 20:00:00,19077.59000000,19169.39000000,18926.91000000,19079.13000000,64712.93134000
3810,2022-09-28 00:00:00,19078.10000000,19238.28000000,18471.28000000,18745.65000000,89888.25192000
3811,2022-09-28 04:00:00,18746.20000000,18883.04000000,18622.00000000,18781.48000000,71094.44419000
3812,2022-09-28 08:00:00,18782.49000000,19155.08000000,18565.00000000,18955.43000000,101051.98922000
3813,2022-09-28 12:00:00,18954.96000000,19500.00000000,18940.02000000,19487.79000000,107753.20774000
3814,2022-09-28 16:00:00,19487.79000000,19666.66000000,19256.07000000,19546.72000000,100562.72795000
3815,2022-09-28 20:00:00,19546.72000000,19790.00000000,19386.22000000,19412.82000000,51034.83445000
3816,2022-09-29 00:00:00,19412.82000000,19605.00000000,19277.01000000,19507.50000000,68081.57253000
3817,2022-09-29 04:00:00,19507.50000000,19629.00000000,19267.00000000,19359.71000000,59453.67446000
3818,2022-09-29 08:00:00,19360.40000000,19550.00000000,19301.27000000,19463.04000000,51468.77584000
3819,2022-09-29 12:00:00,19463.04000000,19476.16000000,18843.01000000,19288.85000000,107395.48792000
3820,2022-09-29 16:00:00,19288.78000000,19645.52000000,19117.50000000,19405.37000000,80158.72186000
3821,2022-09-29 20:00:00,19402.63000000,19620.00000000,19379.74000000,19591.51000000,39866.69995000
3822,2022-09-30 00:00:00,19590.54000000,19700.00000000,19311.99000000,19398.12000000,64551.92999000
3823,2022-09-30 04:00:00,19397.72000000,19640.00000000,19387.87000000,19571.35000000,47503.62768000
3824,2022-09-30 08:00:00,19570.74000000,19635.53000000,19400.32000000,19436.29000000,55842.13147000
3825,2022-09-30 12:00:00,19435.79000000,20185.00000000,19155.36000000,19756.01000000,144858.14617000
3826,2022-09-30 16:00:00,19756.02000000,19873.50000000,19470.29000000,19473.52000000,81008.82587000
3827,2022-09-30 20:00:00,19473.52000000,19542.72000000,19240.44000000,19422.61000000,50558.29222000
3828,2022-10-01 00:00:00,19422.61000000,19484.00000000,19351.02000000,19416.05000000,26599.06128000
3829,2022-10-01 04:00:00,19416.05000000,19423.63000000,19258.53000000,19309.84000000,33286.14711000
3830,2022-10-01 08:00:00,19309.84000000,19367.98000000,19159.42000000,19312.04000000,28801.44783000
3831,2022-10-01 12:00:00,19312.04000000,19400.02000000,19240.08000000,19330.95000000,29365.85986000
3832,2022-10-01 16:00:00,19332.42000000,19353.81000000,19206.63000000,19266.15000000,28936.53070000
3833,2022-10-01 20:00:00,19266.15000000,19342.63000000,19200.00000000,19310.95000000,18636.09281000
3834,2022-10-02 00:00:00,19312.24000000,19345.88000000,19236.00000000,19310.83000000,23507.01870000
3835,2022-10-02 04:00:00,19310.36000000,19395.91000000,19227.73000000,19285.26000000,29989.34911000
3836,2022-10-02 08:00:00,19284.93000000,19300.55000000,19036.00000000,19192.43000000,39205.18396000
3837,2022-10-02 12:00:00,19193.05000000,19247.00000000,19070.00000000,19143.94000000,29988.35819000
3838,2022-10-02 16:00:00,19143.97000000,19341.58000000,19129.97000000,19260.63000000,28556.86831000
3839,2022-10-02 20:00:00,19260.63000000,19304.06000000,18920.35000000,19056.80000000,55565.69205000
3840,2022-10-03 00:00:00,19057.74000000,19258.96000000,18959.68000000,19168.29000000,51382.57560000
3841,2022-10-03 04:00:00,19168.35000000,19315.00000000,19059.68000000,19197.73000000,43780.63230000
3842,2022-10-03 08:00:00,19197.73000000,19255.30000000,19122.67000000,19245.41000000,36111.41297000
3843,2022-10-03 12:00:00,19246.81000000,19498.00000000,19134.23000000,19335.92000000,70106.16095000
3844,2022-10-03 16:00:00,19336.75000000,19650.00000000,19310.00000000,19541.38000000,59130.40924000
3845,2022-10-03 20:00:00,19543.31000000,19719.10000000,19508.83000000,19629.08000000,33074.56106000
3846,2022-10-04 00:00:00,19629.08000000,19722.60000000,19490.60000000,19598.27000000,33197.29856000
3847,2022-10-04 04:00:00,19598.27000000,19975.43000000,19554.00000000,19968.01000000,51247.75988000
3848,2022-10-04 08:00:00,19967.69000000,20152.00000000,19808.00000000,19939.00000000,64010.07569000
3849,2022-10-04 12:00:00,19939.00000000,20270.00000000,19905.30000000,20099.70000000,69188.34696000
3850,2022-10-04 16:00:00,20099.71000000,20272.98000000,19872.02000000,20220.09000000,62310.49507000
3851,2022-10-04 20:00:00,20220.09000000,20475.00000000,20139.51000000,20337.82000000,47058.02511000
3852,2022-10-05 00:00:00,20337.82000000,20365.60000000,20142.95000000,20189.83000000,36048.69819000
3853,2022-10-05 04:00:00,20190.66000000,20299.99000000,20074.91000000,20226.58000000,35631.11299000
3854,2022-10-05 08:00:00,20227.20000000,20245.58000000,19952.12000000,20027.43000000,49833.12646000
3855,2022-10-05 12:00:00,20028.74000000,20071.44000000,19730.00000000,20001.70000000,79557.72506000
3856,2022-10-05 16:00:00,20001.70000000,20350.00000000,19950.05000000,20119.47000000,72659.65133000
3857,2022-10-05 20:00:00,20117.31000000,20215.17000000,19975.42000000,20158.26000000,38509.43821000
3858,2022-10-06 00:00:00,20158.26000000,20445.52000000,20140.38000000,20355.69000000,60712.63123000
3859,2022-10-06 04:00:00,20356.08000000,20456.60000000,20156.00000000,20218.43000000,49277.52824000
3860,2022-10-06 08:00:00,20218.43000000,20257.42000000,20080.01000000,20245.22000000,44476.48281000
3861,2022-10-06 12:00:00,20244.46000000,20324.94000000,19874.81000000,20010.00000000,85298.42765000
3862,2022-10-06 16:00:00,20010.00000000,20256.00000000,19946.76000000,20010.62000000,52466.61013000
3863,2022-10-06 20:00:00,20010.62000000,20072.03000000,19853.00000000,19960.67000000,27890.49014000
3864,2022-10-07 00:00:00,19960.67000000,20054.41000000,19940.90000000,19981.88000000,22330.80432000
3865,2022-10-07 04:00:00,19982.86000000,20011.76000000,19810.00000000,19928.00000000,26021.78534000
3866,2022-10-07 08:00:00,19928.00000000,20024.70000000,19913.63000000,19998.90000000,24295.73874000
3867,2022-10-07 12:00:00,20000.15000000,20068.82000000,19474.71000000,19577.65000000,83168.17620000
3868,2022-10-07 16:00:00,19577.34000000,19606.52000000,19320.00000000,19459.32000000,45716.33665000
3869,2022-10-07 20:00:00,19459.32000000,19645.00000000,19440.73000000,19530.09000000,19341.99788000
3870,2022-10-08 00:00:00,19530.09000000,19627.38000000,19494.00000000,19504.78000000,16587.03947000
3871,2022-10-08 04:00:00,19504.78000000,19544.00000000,19415.60000000,19499.94000000,16821.42812000
3872,2022-10-08 08:00:00,19500.64000000,19548.00000000,19450.00000000,19534.21000000,15185.86547000
3873,2022-10-08 12:00:00,19534.21000000,19543.23000000,19415.00000000,19487.88000000,17822.54905000
3874,2022-10-08 16:00:00,19487.88000000,19535.91000000,19438.99000000,19468.03000000,13246.84579000
3875,2022-10-08 20:00:00,19467.49000000,19480.00000000,19237.14000000,19417.96000000,22816.37052000
3876,2022-10-09 00:00:00,19416.52000000,19455.00000000,19327.77000000,19366.58000000,15622.05078000
3877,2022-10-09 04:00:00,19365.35000000,19439.87000000,19316.04000000,19407.96000000,16252.84498000
3878,2022-10-09 08:00:00,19407.96000000,19558.00000000,19373.49000000,19468.35000000,19661.91341000
3879,2022-10-09 12:00:00,19468.35000000,19550.00000000,19460.80000000,19535.77000000,19786.37994000
3880,2022-10-09 16:00:00,19535.77000000,19555.89000000,19353.00000000,19468.96000000,22058.46837000
3881,2022-10-09 20:00:00,19468.73000000,19500.00000000,19368.10000000,19439.02000000,20519.16933000
3882,2022-10-10 00:00:00,19439.96000000,19525.00000000,19401.00000000,19452.99000000,22871.55036000
3883,2022-10-10 04:00:00,19452.97000000,19477.00000000,19368.08000000,19412.25000000,22698.65021000
3884,2022-10-10 08:00:00,19412.25000000,19419.78000000,19107.00000000,19331.62000000,42539.31282000
3885,2022-10-10 12:00:00,19333.02000000,19441.99000000,19221.41000000,19269.02000000,51393.02699000
3886,2022-10-10 16:00:00,19269.02000000,19358.76000000,19098.21000000,19211.59000000,47370.72922000
3887,2022-10-10 20:00:00,19211.59000000,19282.14000000,19020.25000000,19131.87000000,25635.82889000
3888,2022-10-11 00:00:00,19131.87000000,19133.52000000,18950.01000000,19044.74000000,38613.72562000
3889,2022-10-11 04:00:00,19044.19000000,19117.89000000,19010.00000000,19084.10000000,26726.91547000
3890,2022-10-11 08:00:00,19082.28000000,19158.93000000,19031.23000000,19153.68000000,26988.03887000
3891,2022-10-11 12:00:00,19153.68000000,19268.09000000,18860.00000000,19147.60000000,61403.19992000
3892,2022-10-11 16:00:00,19147.60000000,19185.52000000,18918.01000000,18999.25000000,62863.50025000
3893,2022-10-11 20:00:00,18997.66000000,19064.99000000,18986.62000000,19060.00000000,26878.46273000
3894,2022-10-12 00:00:00,19060.00000000,19132.93000000,19024.65000000,19048.73000000,27074.07089000
3895,2022-10-12 04:00:00,19049.09000000,19203.14000000,19041.90000000,19112.41000000,33358.37272000
3896,2022-10-12 08:00:00,19111.50000000,19201.82000000,19089.51000000,19114.62000000,29801.48633000
3897,2022-10-12 12:00:00,19114.62000000,19182.18000000,18965.88000000,19137.32000000,61965.24953000
3898,2022-10-12 16:00:00,19137.36000000,19179.26000000,19041.74000000,19137.18000000,43061.46223000
3899,2022-10-12 20:00:00,19137.29000000,19238.31000000,19131.55000000,19155.53000000,18565.62561000
3900,2022-10-13 00:00:00,19155.10000000,19175.13000000,19017.80000000,19089.16000000,27934.06630000
3901,2022-10-13 04:00:00,19089.16000000,19112.68000000,18950.00000000,19005.29000000,37143.82125000
3902,2022-10-13 08:00:00,19005.29000000,19038.90000000,18566.66000000,18753.20000000,59444.87585000
3903,2022-10-13 12:00:00,18754.09000000,19049.99000000,18190.00000000,18958.59000000,145930.25338000
3904,2022-10-13 16:00:00,18958.59000000,19513.79000000,18895.08000000,19369.94000000,92521.63596000
3905,2022-10-13 20:00:00,19369.94000000,19494.56000000,19328.72000000,19375.13000000,36782.03063000
3906,2022-10-14 00:00:00,19375.58000000,19951.87000000,19338.07000000,19816.85000000,68536.61884000
3907,2022-10-14 04:00:00,19816.85000000,19849.79000000,19568.33000000,19642.35000000,51525.85517000
3908,2022-10-14 08:00:00,19642.20000000,19748.54000000,19530.00000000,19596.25000000,52283.78825000
3909,2022-10-14 12:00:00,19596.25000000,19854.48000000,19301.00000000,19358.59000000,101579.14715000
3910,2022-10-14 16:00:00,19358.59000000,19403.60000000,19106.16000000,19168.18000000,55347.46757000
3911,2022-10-14 20:00:00,19168.18000000,19217.64000000,19070.37000000,19176.93000000,22361.44903000
3912,2022-10-15 00:00:00,19176.93000000,19227.68000000,19133.24000000,19200.99000000,17896.53771000
3913,2022-10-15 04:00:00,19200.99000000,19211.98000000,19133.16000000,19169.79000000,16197.72754000
3914,2022-10-15 08:00:00,19170.43000000,19179.63000000,19037.39000000,19167.33000000,25459.30420000
3915,2022-10-15 12:00:00,19167.33000000,19199.00000000,19094.01000000,19127.95000000,18810.70859000
3916,2022-10-15 16:00:00,19127.95000000,19163.39000000,19052.00000000,19102.17000000,15580.62840000
3917,2022-10-15 20:00:00,19102.65000000,19131.00000000,18975.18000000,19069.39000000,19902.73588000
3918,2022-10-16 00:00:00,19068.40000000,19170.82000000,19063.74000000,19123.43000000,15639.43271000
3919,2022-10-16 04:00:00,19123.43000000,19162.82000000,19110.35000000,19134.31000000,15106.93578000
3920,2022-10-16 08:00:00,19134.31000000,19195.00000000,19087.37000000,19144.69000000,19470.20494000
3921,2022-10-16 12:00:00,19144.69000000,19172.55000000,19104.16000000,19158.49000000,18611.13077000
3922,2022-10-16 16:00:00,19158.49000000,19383.44000000,19118.40000000,19375.39000000,23425.86976000
3923,2022-10-16 20:00:00,19375.39000000,19425.84000000,19101.00000000,19262.98000000,39641.04489000
3924,2022-10-17 00:00:00,19262.98000000,19309.06000000,19152.03000000,19186.38000000,22318.36879000
3925,2022-10-17 04:00:00,19186.38000000,19318.28000000,19161.03000000,19295.58000000,27284.47734000
3926,2022-10-17 08:00:00,19295.58000000,19545.22000000,19244.03000000,19457.58000000,41306.37788000
3927,2022-10-17 12:00:00,19457.58000000,19676.96000000,19419.60000000,19535.19000000,69167.97735000
3928,2022-10-17 16:00:00,19535.19000000,19592.55000000,19441.87000000,19526.84000000,37487.89479000
3929,2022-10-17 20:00:00,19527.66000000,19626.91000000,19471.80000000,19549.86000000,25248.78019000
3930,2022-10-18 00:00:00,19548.48000000,19624.03000000,19480.00000000,19547.90000000,29266.67122000
3931,2022-10-18 04:00:00,19548.68000000,19706.66000000,19524.37000000,19664.92000000,37967.51537000
3932,2022-10-18 08:00:00,19665.95000000,19673.00000000,19470.00000000,19563.59000000,40890.45000000
3933,2022-10-18 12:00:00,19563.59000000,19680.49000000,19280.11000000,19375.01000000,67510.77491000
3934,2022-10-18 16:00:00,19375.71000000,19442.00000000,19091.00000000,19216.21000000,52650.55356000
3935,2022-10-18 20:00:00,19217.79000000,19433.43000000,19195.44000000,19327.44000000,32027.11342000
3936,2022-10-19 00:00:00,19327.44000000,19360.16000000,19213.99000000,19281.63000000,24838.11541000
3937,2022-10-19 04:00:00,19281.01000000,19308.34000000,19146.80000000,19218.11000000,30838.31529000
3938,2022-10-19 08:00:00,19218.59000000,19281.81000000,19140.01000000,19200.84000000,29796.84160000
3939,2022-10-19 12:00:00,19201.42000000,19301.69000000,19065.97000000,19266.43000000,49420.78798000
3940,2022-10-19 16:00:00,19267.94000000,19279.31000000,19095.00000000,19232.59000000,30387.57413000
3941,2022-10-19 20:00:00,19231.63000000,19249.51000000,19084.23000000,19123.97000000,20855.66097000
3942,2022-10-20 00:00:00,19123.35000000,19165.34000000,18900.00000000,19042.09000000,29823.96779000
3943,2022-10-20 04:00:00,19043.20000000,19210.00000000,19037.66000000,19145.94000000,31657.92383000
3944,2022-10-20 08:00:00,19145.10000000,19253.33000000,19105.99000000,19208.09000000,30170.93690000
3945,2022-10-20 12:00:00,19208.09000000,19347.82000000,19128.24000000,19253.30000000,52098.24201000
3946,2022-10-20 16:00:00,19253.88000000,19256.55000000,18964.02000000,19063.82000000,53032.20372000
3947,2022-10-20 20:00:00,19063.04000000,19098.00000000,18929.38000000,19041.92000000,26746.85643000
3948,2022-10-21 00:00:00,19041.92000000,19131.39000000,18999.00000000,19051.77000000,25204.50825000
3949,2022-10-21 04:00:00,19051.19000000,19084.17000000,18991.69000000,19027.86000000,25166.75280000
3950,2022-10-21 08:00:00,19028.68000000,19041.96000000,18900.00000000,18945.65000000,40041.11911000
3951,2022-10-21 12:00:00,18944.99000000,19174.16000000,18650.00000000,19168.25000000,103700.45286000
3952,2022-10-21 16:00:00,19168.44000000,19250.00000000,19089.00000000,19189.22000000,55099.94775000
3953,2022-10-21 20:00:00,19189.22000000,19249.73000000,19137.68000000,19164.37000000,20097.97692000
3954,2022-10-22 00:00:00,19164.37000000,19183.39000000,19112.72000000,19151.22000000,17604.99004000
3955,2022-10-22 04:00:00,19150.36000000,19177.01000000,19132.71000000,19163.58000000,14399.18819000
3956,2022-10-22 08:00:00,19163.58000000,19188.00000000,19140.00000000,19178.66000000,17169.01010000
3957,2022-10-22 12:00:00,19178.99000000,19257.00000000,19155.00000000,19235.65000000,26983.03009000
3958,2022-10-22 16:00:00,19234.80000000,19248.85000000,19134.00000000,19183.83000000,21607.12362000
3959,2022-10-22 20:00:00,19183.83000000,19224.99000000,19173.79000000,19204.35000000,12640.56633000
3960,2022-10-23 00:00:00,19204.29000000,19219.76000000,19163.32000000,19197.59000000,14760.13894000
3961,2022-10-23 04:00:00,19197.55000000,19221.71000000,19148.01000000,19162.37000000,16794.21475000
3962,2022-10-23 08:00:00,19162.16000000,19188.70000000,19125.63000000,19151.78000000,15471.09367000
3963,2022-10-23 12:00:00,19151.24000000,19213.14000000,19070.11000000,19190.14000000,22124.29676000
3964,2022-10-23 16:00:00,19190.14000000,19553.96000000,19169.18000000,19499.83000000,47851.15347000
3965,2022-10-23 20:00:00,19500.38000000,19695.00000000,19441.96000000,19570.40000000,50056.30425000
3966,2022-10-24 00:00:00,19570.40000000,19601.15000000,19342.33000000,19391.97000000,46226.18507000
3967,2022-10-24 04:00:00,19391.97000000,19392.41000000,19250.59000000,19322.40000000,45121.51744000
3968,2022-10-24 08:00:00,19322.40000000,19444.44000000,19292.30000000,19423.63000000,38678.18395000
3969,2022-10-24 12:00:00,19422.90000000,19450.90000000,19157.00000000,19301.96000000,71143.04614000
3970,2022-10-24 16:00:00,19301.96000000,19425.05000000,19223.00000000,19343.23000000,33590.01430000
3971,2022-10-24 20:00:00,19343.95000000,19419.15000000,19301.11000000,19329.72000000,21409.19777000
3972,2022-10-25 00:00:00,19330.60000000,19365.32000000,19250.00000000,19342.02000000,22889.60614000
3973,2022-10-25 04:00:00,19342.41000000,19377.10000000,19272.85000000,19306.75000000,21688.59752000
3974,2022-10-25 08:00:00,19306.34000000,19327.16000000,19237.00000000,19302.13000000,23756.86728000
3975,2022-10-25 12:00:00,19301.39000000,19811.00000000,19260.82000000,19748.48000000,87957.91613000
3976,2022-10-25 16:00:00,19748.48000000,20415.87000000,19718.00000000,20273.14000000,119097.10993000
3977,2022-10-25 20:00:00,20276.26000000,20296.92000000,19981.12000000,20080.07000000,50980.57361000
3978,2022-10-26 00:00:00,20079.02000000,20308.00000000,20050.41000000,20251.17000000,45190.15400000
3979,2022-10-26 04:00:00,20250.55000000,20382.56000000,20129.24000000,20344.76000000,48521.83566000
3980,2022-10-26 08:00:00,20344.05000000,20783.27000000,20281.79000000,20607.81000000,74517.65302000
3981,2022-10-26 12:00:00,20606.86000000,21020.00000000,20338.75000000,20846.66000000,108637.26464000
3982,2022-10-26 16:00:00,20846.66000000,20997.13000000,20639.98000000,20763.54000000,64776.09859000
3983,2022-10-26 20:00:00,20764.52000000,20907.00000000,20694.28000000,20771.59000000,38849.68985000
3984,2022-10-27 00:00:00,20771.61000000,20847.90000000,20581.49000000,20755.33000000,41094.39042000
3985,2022-10-27 04:00:00,20755.90000000,20872.21000000,20680.72000000,20710.02000000,39944.95921000
3986,2022-10-27 08:00:00,20711.12000000,20750.90000000,20451.71000000,20622.84000000,51716.04830000
3987,2022-10-27 12:00:00,20622.11000000,20780.00000000,20430.00000000,20563.09000000,91523.45178000
3988,2022-10-27 16:00:00,20564.08000000,20679.51000000,20497.62000000,20629.59000000,39133.37997000
3989,2022-10-27 20:00:00,20629.59000000,20637.90000000,20200.00000000,20295.11000000,65231.34823000
3990,2022-10-28 00:00:00,20295.11000000,20337.80000000,20160.00000000,20292.81000000,41598.64181000
3991,2022-10-28 04:00:00,20292.77000000,20312.32000000,20060.00000000,20080.01000000,39111.54404000
3992,2022-10-28 08:00:00,20080.01000000,20248.64000000,20026.00000000,20173.74000000,44669.43750000
3993,2022-10-28 12:00:00,20174.00000000,20588.88000000,20000.09000000,20484.59000000,85700.24245000
3994,2022-10-28 16:00:00,20483.96000000,20750.00000000,20450.50000000,20609.21000000,52122.55718000
3995,2022-10-28 20:00:00,20609.21000000,20735.86000000,20566.00000000,20591.84000000,23837.52271000
3996,2022-10-29 00:00:00,20591.84000000,20823.81000000,20554.01000000,20754.27000000,31867.55531000
3997,2022-10-29 04:00:00,20754.27000000,20777.00000000,20620.81000000,20772.27000000,29666.53623000
3998,2022-10-29 08:00:00,20772.27000000,21085.00000000,20650.21000000,20698.89000000,69530.73315000
3999,2022-10-29 12:00:00,20698.06000000,20947.00000000,20676.54000000,20923.33000000,50383.03946000
4000,2022-10-29 16:00:00,20922.25000000,20982.86000000,20757.26000000,20836.96000000,46871.78707000
4001,2022-10-29 20:00:00,20836.96000000,20899.99000000,20704.12000000,20809.67000000,26562.12633000
4002,2022-10-30 00:00:00,20809.68000000,20841.11000000,20701.15000000,20775.50000000,24897.34230000
4003,2022-10-30 04:00:00,20775.50000000,20931.21000000,20741.32000000,20850.85000000,31837.14803000
4004,2022-10-30 08:00:00,20850.84000000,20887.34000000,20632.73000000,20769.84000000,41886.09154000
4005,2022-10-30 12:00:00,20770.81000000,20781.50000000,20589.18000000,20676.70000000,34950.03823000
4006,2022-10-30 16:00:00,20676.72000000,20700.91000000,20550.00000000,20647.49000000,30214.93935000
4007,2022-10-30 20:00:00,20647.77000000,20739.00000000,20515.00000000,20627.48000000,29010.04941000
4008,2022-10-31 00:00:00,20627.48000000,20675.00000000,20427.23000000,20516.07000000,38837.89003000
4009,2022-10-31 04:00:00,20516.07000000,20593.00000000,20455.00000000,20546.65000000,29471.83535000
4010,2022-10-31 08:00:00,20547.08000000,20845.92000000,20449.86000000,20730.54000000,56721.14914000
4011,2022-10-31 12:00:00,20731.53000000,20755.73000000,20237.95000000,20401.53000000,91762.35397000
4012,2022-10-31 16:00:00,20402.60000000,20533.00000000,20328.68000000,20371.72000000,56560.55789000
4013,2022-10-31 20:00:00,20371.40000000,20524.76000000,20353.77000000,20490.74000000,30213.82990000
4014,2022-11-01 00:00:00,20490.74000000,20589.67000000,20440.64000000,20482.57000000,42530.18742000
4015,2022-11-01 04:00:00,20482.57000000,20662.80000000,20466.71000000,20599.51000000,41697.36943000
4016,2022-11-01 08:00:00,20598.74000000,20700.00000000,20489.92000000,20522.79000000,53368.52562000
4017,2022-11-01 12:00:00,20522.23000000,20570.07000000,20330.74000000,20444.00000000,73725.84369000
4018,2022-11-01 16:00:00,20444.00000000,20517.77000000,20372.85000000,20451.45000000,45119.33416000
4019,2022-11-01 20:00:00,20449.29000000,20503.51000000,20429.35000000,20483.62000000,23491.17739000
4020,2022-11-02 00:00:00,20482.81000000,20558.35000000,20407.66000000,20520.34000000,35736.13079000
4021,2022-11-02 04:00:00,20520.34000000,20563.36000000,20356.75000000,20421.64000000,40207.32805000
4022,2022-11-02 08:00:00,20421.64000000,20539.90000000,20339.99000000,20431.33000000,43427.03759000
4023,2022-11-02 12:00:00,20432.38000000,20457.29000000,20360.00000000,20409.03000000,49089.14117000
4024,2022-11-02 16:00:00,20409.03000000,20800.00000000,20048.04000000,20250.68000000,152367.19870000
4025,2022-11-02 20:00:00,20250.68000000,20282.60000000,20059.94000000,20151.84000000,52889.43669000
4026,2022-11-03 00:00:00,20151.84000000,20339.99000000,20120.00000000,20310.63000000,45286.36328000
4027,2022-11-03 04:00:00,20310.63000000,20393.32000000,20281.01000000,20303.09000000,39635.74249000
4028,2022-11-03 08:00:00,20302.35000000,20338.99000000,20052.00000000,20130.64000000,57231.73925000
4029,2022-11-03 12:00:00,20129.80000000,20339.86000000,20031.24000000,20248.62000000,93114.84927000
4030,2022-11-03 16:00:00,20249.18000000,20315.80000000,20177.10000000,20262.53000000,48379.24924000
4031,2022-11-03 20:00:00,20262.53000000,20271.00000000,20157.86000000,20207.82000000,35537.21087000
4032,2022-11-04 00:00:00,20207.12000000,20330.87000000,20180.96000000,20321.79000000,43072.76992000
4033,2022-11-04 04:00:00,20321.79000000,20688.00000000,20306.58000000,20611.56000000,68700.50414000
4034,2022-11-04 08:00:00,20611.56000000,20681.91000000,20546.00000000,20558.46000000,61029.30462000
4035,2022-11-04 12:00:00,20558.03000000,21302.05000000,20350.00000000,20838.70000000,147532.06386000
4036,2022-11-04 16:00:00,20837.54000000,21115.48000000,20669.57000000,21108.54000000,94896.25811000
4037,2022-11-04 20:00:00,21108.54000000,21209.16000000,21048.63000000,21148.52000000,38463.49100000
4038,2022-11-05 00:00:00,21148.52000000,21480.65000000,21080.65000000,21444.61000000,60018.53835000
4039,2022-11-05 04:00:00,21445.19000000,21467.93000000,21364.34000000,21384.42000000,36468.18793000
4040,2022-11-05 08:00:00,21384.92000000,21427.34000000,21234.90000000,21404.63000000,46187.54760000
4041,2022-11-05 12:00:00,21404.63000000,21420.84000000,21210.98000000,21299.22000000,43810.72523000
4042,2022-11-05 16:00:00,21299.22000000,21345.08000000,21261.56000000,21331.11000000,33717.99149000
4043,2022-11-05 20:00:00,21330.58000000,21380.00000000,21233.33000000,21299.37000000,25418.99465000
4044,2022-11-06 00:00:00,21299.37000000,21365.27000000,21189.44000000,21233.88000000,37099.86756000
4045,2022-11-06 04:00:00,21234.44000000,21252.54000000,21143.27000000,21194.49000000,28519.82652000
4046,2022-11-06 08:00:00,21193.88000000,21310.00000000,21173.03000000,21255.08000000,38346.71333000
4047,2022-11-06 12:00:00,21254.80000000,21289.49000000,21190.81000000,21241.10000000,36483.35035000
4048,2022-11-06 16:00:00,21241.85000000,21282.19000000,21152.46000000,21194.50000000,42016.27696000
4049,2022-11-06 20:00:00,21194.50000000,21211.62000000,20886.13000000,20905.58000000,47570.93745000
4050,2022-11-07 00:00:00,20905.58000000,21069.77000000,20820.00000000,20913.82000000,63421.68582000
4051,2022-11-07 04:00:00,20913.82000000,20918.33000000,20612.67000000,20635.74000000,64111.17727000
4052,2022-11-07 08:00:00,20635.10000000,20811.92000000,20571.52000000,20733.46000000,64125.37499000
4053,2022-11-07 12:00:00,20733.97000000,20798.74000000,20626.25000000,20764.95000000,81505.79028000
4054,2022-11-07 16:00:00,20764.95000000,20892.04000000,20652.52000000,20847.51000000,57993.87395000
4055,2022-11-07 20:00:00,20848.33000000,20890.71000000,20384.89000000,20591.13000000,55819.70106000
4056,2022-11-08 00:00:00,20590.67000000,20673.38000000,20116.13000000,20148.66000000,81205.83173000
4057,2022-11-08 04:00:00,20147.62000000,20242.40000000,19344.00000000,19796.90000000,143550.27178000
4058,2022-11-08 08:00:00,19796.90000000,19801.39000000,19580.33000000,19699.04000000,61367.50712000
4059,2022-11-08 12:00:00,19699.04000000,19746.78000000,19229.00000000,19520.97000000,97127.74479000
4060,2022-11-08 16:00:00,19522.00000000,20700.88000000,17166.83000000,18256.64000000,284711.69421300
4061,2022-11-08 20:00:00,18255.24000000,18730.00000000,17810.49000000,18547.23000000,92742.31315000
4062,2022-11-09 00:00:00,18545.38000000,18587.76000000,18000.00000000,18313.68000000,91433.92399000
4063,2022-11-09 04:00:00,18313.68000000,18517.58000000,18173.09000000,18240.72000000,73860.20891000
4064,2022-11-09 08:00:00,18239.34000000,18256.85000000,17250.33000000,17818.08000000,152443.38735000
4065,2022-11-09 12:00:00,17817.07000000,18015.00000000,16918.83000000,17116.08000000,155027.77351400
4066,2022-11-09 16:00:00,17119.61000000,17333.33000000,16441.53000000,16784.64000000,137445.21394300
4067,2022-11-09 20:00:00,16784.64000000,16900.00000000,15588.00000000,15922.81000000,121716.42202200
4068,2022-11-10 00:00:00,15922.68000000,16574.92000000,15754.26000000,16369.59000000,115416.98805000
4069,2022-11-10 04:00:00,16370.64000000,16920.00000000,16204.36000000,16752.10000000,86030.11983000
4070,2022-11-10 08:00:00,16752.36000000,16959.99000000,16258.74000000,16397.57000000,93401.92308000
4071,2022-11-10 12:00:00,16399.03000000,17960.04000000,16386.66000000,17554.06000000,156826.77015000
4072,2022-11-10 16:00:00,17556.12000000,17989.00000000,17120.94000000,17455.62000000,90940.22913000
4073,2022-11-10 20:00:00,17456.98000000,18199.00000000,17374.81000000,17601.15000000,65832.33408000
4074,2022-11-11 00:00:00,17602.45000000,17695.00000000,16888.76000000,17064.12000000,74718.85795000
4075,2022-11-11 04:00:00,17064.12000000,17483.90000000,17002.97000000,17404.08000000,61422.11813000
4076,2022-11-11 08:00:00,17404.09000000,17537.00000000,17209.20000000,17350.70000000,48744.88649000
4077,2022-11-11 12:00:00,17349.45000000,17544.90000000,16361.60000000,16871.27000000,109025.83649000
4078,2022-11-11 16:00:00,16871.27000000,17045.09000000,16543.95000000,16849.17000000,57131.49490000
4079,2022-11-11 20:00:00,16849.17000000,17148.96000000,16555.77000000,17070.31000000,42509.67096000
4080,2022-11-12 00:00:00,17069.98000000,17119.10000000,16774.00000000,16907.44000000,33819.70340000
4081,2022-11-12 04:00:00,16907.58000000,16938.20000000,16631.39000000,16822.02000000,41019.46079000
4082,2022-11-12 08:00:00,16822.02000000,16977.45000000,16727.13000000,16866.92000000,31202.44956000
4083,2022-11-12 12:00:00,16866.46000000,16996.35000000,16757.00000000,16935.74000000,27834.06115000
4084,2022-11-12 16:00:00,16935.74000000,16964.37000000,16830.00000000,16891.32000000,18213.15975000
4085,2022-11-12 20:00:00,16892.41000000,16897.68000000,16760.00000000,16812.08000000,15731.12570000
4086,2022-11-13 00:00:00,16813.16000000,16954.28000000,16774.07000000,16914.60000000,19731.61105000
4087,2022-11-13 04:00:00,16915.02000000,16926.15000000,16562.82000000,16774.99000000,30970.25962000
4088,2022-11-13 08:00:00,16774.99000000,16795.92000000,16435.23000000,16659.23000000,39883.47029000
4089,2022-11-13 12:00:00,16659.23000000,16714.26000000,16517.85000000,16580.79000000,33086.48076000
4090,2022-11-13 16:00:00,16579.49000000,16621.23000000,16461.16000000,16554.60000000,28434.44524000
4091,2022-11-13 20:00:00,16553.35000000,16583.15000000,16229.00000000,16329.85000000,32854.52150000
4092,2022-11-14 00:00:00,16331.78000000,16411.99000000,15911.61000000,16139.79000000,53021.52334000
4093,2022-11-14 04:00:00,16140.66000000,16889.97000000,15815.21000000,16824.78000000,87942.46918000
4094,2022-11-14 08:00:00,16822.96000000,16935.59000000,16640.01000000,16749.80000000,54555.43829000
4095,2022-11-14 12:00:00,16748.75000000,17190.00000000,16425.67000000,16595.84000000,90401.96894000
4096,2022-11-14 16:00:00,16593.77000000,16674.97000000,16181.00000000,16258.21000000,51176.10236000
4097,2022-11-14 20:00:00,16258.21000000,16765.00000000,16191.58000000,16619.46000000,43113.27539000
4098,2022-11-15 00:00:00,16617.72000000,16894.56000000,16527.72000000,16823.06000000,41747.45402000
4099,2022-11-15 04:00:00,16823.06000000,16946.32000000,16638.59000000,16844.63000000,38017.00544000
4100,2022-11-15 08:00:00,16845.34000000,16989.00000000,16708.31000000,16781.62000000,46985.26326000
4101,2022-11-15 12:00:00,16783.27000000,17134.69000000,16730.00000000,16987.03000000,64668.96276000
4102,2022-11-15 16:00:00,16988.07000000,17071.43000000,16614.61000000,16858.77000000,60060.79783000
4103,2022-11-15 20:00:00,16858.77000000,16939.99000000,16736.47000000,16900.57000000,30982.36060000
4104,2022-11-16 00:00:00,16900.57000000,17015.92000000,16765.64000000,16969.99000000,36809.69032000
4105,2022-11-16 04:00:00,16970.87000000,16979.22000000,16796.20000000,16824.69000000,39167.06524000
4106,2022-11-16 08:00:00,16824.69000000,16850.27000000,16650.29000000,16707.90000000,44918.03841000
4107,2022-11-16 12:00:00,16706.64000000,16721.23000000,16378.61000000,16431.70000000,76074.13766000
4108,2022-11-16 16:00:00,16431.70000000,16643.23000000,16401.00000000,16556.88000000,35763.68183000
4109,2022-11-16 20:00:00,16558.20000000,16773.09000000,16499.46000000,16662.76000000,28760.79463000
4110,2022-11-17 00:00:00,16661.61000000,16751.00000000,16505.00000000,16526.18000000,32466.67392000
4111,2022-11-17 04:00:00,16526.18000000,16624.12000000,16410.74000000,16611.90000000,38581.60516000
4112,2022-11-17 08:00:00,16611.90000000,16635.82000000,16471.36000000,16595.08000000,36987.28275000
4113,2022-11-17 12:00:00,16594.19000000,16717.49000000,16430.00000000,16536.71000000,53461.30850000
4114,2022-11-17 16:00:00,16534.61000000,16748.94000000,16517.36000000,16620.56000000,41311.30641000
4115,2022-11-17 20:00:00,16620.56000000,16749.00000000,16608.98000000,16692.56000000,25230.80199000
4116,2022-11-18 00:00:00,16692.56000000,17011.00000000,16682.06000000,16854.98000000,47218.42906000
4117,2022-11-18 04:00:00,16855.75000000,16869.08000000,16724.32000000,16745.10000000,29781.53128000
4118,2022-11-18 08:00:00,16745.84000000,16854.33000000,16680.00000000,16749.88000000,37979.75646000
4119,2022-11-18 12:00:00,16750.25000000,16818.00000000,16608.80000000,16696.86000000,41069.82088000
4120,2022-11-18 16:00:00,16695.06000000,16732.85000000,16546.04000000,16656.37000000,35507.74399000
4121,2022-11-18 20:00:00,16656.36000000,16727.99000000,16610.00000000,16700.45000000,22666.90017000
4122,2022-11-19 00:00:00,16699.43000000,16708.77000000,16573.94000000,16628.70000000,17108.83380000
4123,2022-11-19 04:00:00,16628.70000000,16649.00000000,16553.53000000,16599.31000000,19554.82303000
4124,2022-11-19 08:00:00,16598.98000000,16683.01000000,16580.00000000,16676.26000000,16369.32698000
4125,2022-11-19 12:00:00,16676.26000000,16686.86000000,16634.01000000,16655.65000000,17152.87688000
4126,2022-11-19 16:00:00,16655.65000000,16664.00000000,16608.35000000,16627.33000000,14571.44836000
4127,2022-11-19 20:00:00,16627.33000000,16822.41000000,16625.98000000,16700.68000000,20205.84653000
4128,2022-11-20 00:00:00,16700.68000000,16753.33000000,16666.47000000,16679.99000000,16142.47871000
4129,2022-11-20 04:00:00,16679.99000000,16738.76000000,16671.00000000,16722.90000000,12890.18333000
4130,2022-11-20 08:00:00,16722.20000000,16736.41000000,16462.46000000,16525.38000000,35455.67077000
4131,2022-11-20 12:00:00,16526.04000000,16628.49000000,16461.00000000,16580.53000000,29836.83974000
4132,2022-11-20 16:00:00,16580.53000000,16613.35000000,16530.22000000,16587.80000000,16743.05612000
4133,2022-11-20 20:00:00,16587.80000000,16595.85000000,16180.00000000,16280.23000000,43773.90611000
4134,2022-11-21 00:00:00,16279.50000000,16295.00000000,15897.15000000,16073.75000000,62216.23070000
4135,2022-11-21 04:00:00,16073.15000000,16319.00000000,15955.99000000,16039.73000000,51162.58822000
4136,2022-11-21 08:00:00,16040.73000000,16169.52000000,15964.00000000,16084.42000000,44238.60510000
4137,2022-11-21 12:00:00,16084.42000000,16284.00000000,16025.42000000,16130.45000000,42559.74987000
4138,2022-11-21 16:00:00,16130.45000000,16139.19000000,15589.68000000,15722.98000000,66317.78175000
4139,2022-11-21 20:00:00,15721.51000000,15894.74000000,15476.00000000,15781.29000000,57602.04211300
4140,2022-11-22 00:00:00,15781.29000000,15967.76000000,15746.16000000,15847.82000000,37286.75927000
4141,2022-11-22 04:00:00,15848.53000000,15882.87000000,15616.63000000,15760.42000000,34849.33600000
4142,2022-11-22 08:00:00,15760.42000000,15824.16000000,15660.00000000,15747.88000000,34287.55487000
4143,2022-11-22 12:00:00,15747.88000000,16315.00000000,15683.33000000,16241.30000000,70019.93246000
4144,2022-11-22 16:00:00,16241.30000000,16290.27000000,16049.87000000,16168.38000000,38015.74078000
4145,2022-11-22 20:00:00,16167.49000000,16254.99000000,16085.54000000,16226.94000000,25088.74285000
4146,2022-11-23 00:00:00,16227.96000000,16593.80000000,16160.20000000,16586.55000000,50293.37765000
4147,2022-11-23 04:00:00,16584.66000000,16662.10000000,16444.00000000,16583.84000000,40361.53649000
4148,2022-11-23 08:00:00,16583.84000000,16677.25000000,16500.00000000,16585.77000000,43852.99891000
4149,2022-11-23 12:00:00,16585.21000000,16604.10000000,16342.98000000,16427.11000000,48540.11547000
4150,2022-11-23 16:00:00,16427.09000000,16706.00000000,16320.02000000,16473.32000000,50260.38197000
4151,2022-11-23 20:00:00,16473.32000000,16676.72000000,16426.42000000,16603.11000000,31619.29359000
4152,2022-11-24 00:00:00,16603.11000000,16812.63000000,16533.65000000,16712.07000000,41047.14212000
4153,2022-11-24 04:00:00,16711.41000000,16740.01000000,16614.75000000,16623.90000000,37771.28253000
4154,2022-11-24 08:00:00,16622.38000000,16642.18000000,16493.81000000,16572.11000000,39861.55890000
4155,2022-11-24 12:00:00,16572.11000000,16606.52000000,16458.05000000,16558.11000000,34211.52881000
4156,2022-11-24 16:00:00,16559.01000000,16676.00000000,16517.99000000,16577.41000000,31052.91268000
4157,2022-11-24 20:00:00,16577.05000000,16639.00000000,16535.01000000,16598.95000000,22621.49842000
4158,2022-11-25 00:00:00,16599.55000000,16622.64000000,16470.00000000,16485.45000000,30431.68911000
4159,2022-11-25 04:00:00,16485.45000000,16502.19000000,16342.81000000,16461.66000000,33109.57785000
4160,2022-11-25 08:00:00,16462.22000000,16591.43000000,16407.72000000,16531.64000000,32443.09713000
4161,2022-11-25 12:00:00,16531.64000000,16584.48000000,16435.11000000,16513.00000000,38139.36908000
4162,2022-11-25 16:00:00,16513.00000000,16553.88000000,16458.46000000,16523.21000000,24601.27357000
4163,2022-11-25 20:00:00,16523.67000000,16666.00000000,16482.87000000,16522.14000000,23364.48859000
4164,2022-11-26 00:00:00,16521.35000000,16701.99000000,16509.60000000,16625.79000000,36853.07145000
4165,2022-11-26 04:00:00,16625.79000000,16651.84000000,16530.00000000,16583.75000000,33520.15757000
4166,2022-11-26 08:00:00,16584.13000000,16638.23000000,16556.66000000,16580.31000000,26143.57104000
4167,2022-11-26 12:00:00,16580.58000000,16680.57000000,16483.25000000,16512.86000000,38223.41057000
4168,2022-11-26 16:00:00,16512.35000000,16532.91000000,16420.45000000,16488.43000000,22355.97481000
4169,2022-11-26 20:00:00,16488.44000000,16549.66000000,16385.00000000,16458.57000000,24708.63122000
4170,2022-11-27 00:00:00,16457.61000000,16575.31000000,16446.59000000,16527.22000000,30490.33297000
4171,2022-11-27 04:00:00,16527.22000000,16600.00000000,16522.23000000,16562.98000000,30809.95839000
4172,2022-11-27 08:00:00,16562.98000000,16593.91000000,16513.00000000,16550.91000000,26995.40669000
4173,2022-11-27 12:00:00,16550.57000000,16586.74000000,16520.00000000,16574.28000000,24985.85901000
4174,2022-11-27 16:00:00,16573.76000000,16581.60000000,16520.88000000,16555.39000000,19431.08517000
4175,2022-11-27 20:00:00,16555.39000000,16597.36000000,16401.00000000,16428.78000000,29312.83384000
4176,2022-11-28 00:00:00,16428.77000000,16487.04000000,16051.90000000,16178.22000000,64062.47181000
4177,2022-11-28 04:00:00,16177.49000000,16246.98000000,16136.00000000,16222.06000000,30018.81404000
4178,2022-11-28 08:00:00,16224.14000000,16270.59000000,16178.24000000,16213.29000000,31112.94365000
4179,2022-11-28 12:00:00,16213.29000000,16310.43000000,16120.38000000,16146.26000000,47211.77393000
4180,2022-11-28 16:00:00,16146.26000000,16399.69000000,15995.27000000,16224.75000000,58760.47382000
4181,2022-11-28 20:00:00,16225.53000000,16271.09000000,16186.00000000,16212.91000000,21528.92642000
4182,2022-11-29 00:00:00,16212.18000000,16309.03000000,16100.00000000,16287.66000000,37524.80992000
4183,2022-11-29 04:00:00,16287.53000000,16541.59000000,16278.90000000,16463.31000000,49944.14239000
4184,2022-11-29 08:00:00,16463.95000000,16548.71000000,16430.00000000,16497.64000000,46585.27371000
4185,2022-11-29 12:00:00,16496.73000000,16508.04000000,16328.84000000,16393.48000000,56143.03583000
4186,2022-11-29 16:00:00,16394.34000000,16479.84000000,16342.59000000,16426.56000000,32741.57854000
4187,2022-11-29 20:00:00,16426.56000000,16526.91000000,16423.19000000,16442.53000000,25167.40970000
4188,2022-11-30 00:00:00,16442.91000000,17162.20000000,16428.30000000,16845.25000000,73546.88903000
4189,2022-11-30 04:00:00,16845.25000000,16920.16000000,16794.16000000,16884.18000000,36035.24870000
4190,2022-11-30 08:00:00,16883.87000000,16930.66000000,16835.75000000,16879.32000000,31050.82315000
4191,2022-11-30 12:00:00,16879.32000000,16897.00000000,16766.68000000,16865.64000000,47218.19899000
4192,2022-11-30 16:00:00,16865.64000000,17147.16000000,16705.00000000,17062.85000000,67867.00021000
4193,2022-11-30 20:00:00,17061.14000000,17249.00000000,17028.37000000,17163.64000000,47301.64711000
4194,2022-12-01 00:00:00,17165.53000000,17236.29000000,17088.01000000,17150.98000000,38426.27207000
4195,2022-12-01 04:00:00,17150.98000000,17168.00000000,17059.58000000,17070.21000000,28959.52128000
4196,2022-12-01 08:00:00,17070.21000000,17137.75000000,17042.37000000,17102.47000000,33637.46765000
4197,2022-12-01 12:00:00,17102.47000000,17324.00000000,16895.02000000,16977.67000000,72980.67845000
4198,2022-12-01 16:00:00,16977.60000000,17000.00000000,16897.15000000,16951.80000000,33234.91929000
4199,2022-12-01 20:00:00,16952.49000000,16987.29000000,16855.01000000,16977.37000000,25579.32344000
4200,2022-12-02 00:00:00,16978.00000000,17048.99000000,16857.89000000,16902.03000000,39252.94603000
4201,2022-12-02 04:00:00,16902.03000000,16973.72000000,16879.08000000,16955.82000000,24094.82190000
4202,2022-12-02 08:00:00,16955.42000000,17065.00000000,16936.15000000,16996.92000000,32589.74473000
4203,2022-12-02 12:00:00,16996.92000000,17105.73000000,16787.85000000,16938.94000000,56676.99303000
4204,2022-12-02 16:00:00,16938.94000000,16997.19000000,16902.10000000,16987.01000000,23517.59893000
4205,2022-12-02 20:00:00,16987.01000000,17099.00000000,16977.49000000,17092.74000000,26240.10158000
4206,2022-12-03 00:00:00,17092.13000000,17188.98000000,17011.00000000,17020.89000000,28132.99355000
4207,2022-12-03 04:00:00,17021.16000000,17036.24000000,16925.55000000,16964.51000000,25820.42469000
4208,2022-12-03 08:00:00,16964.51000000,16987.00000000,16880.88000000,16943.43000000,29069.57376000
4209,2022-12-03 12:00:00,16943.43000000,16983.77000000,16921.07000000,16961.49000000,26091.96422000
4210,2022-12-03 16:00:00,16961.04000000,16983.65000000,16937.84000000,16953.40000000,18257.70659000
4211,2022-12-03 20:00:00,16953.88000000,16959.61000000,16858.74000000,16885.20000000,27169.91025000
4212,2022-12-04 00:00:00,16885.20000000,17049.45000000,16878.25000000,16959.64000000,27682.51453000
4213,2022-12-04 04:00:00,16959.64000000,17068.00000000,16958.15000000,16996.39000000,30157.22705000
4214,2022-12-04 08:00:00,16996.39000000,17050.00000000,16905.01000000,16948.64000000,26725.06059000
4215,2022-12-04 12:00:00,16948.64000000,17067.45000000,16915.00000000,17029.88000000,33461.22340000
4216,2022-12-04 16:00:00,17029.88000000,17159.00000000,16972.36000000,17085.53000000,37721.27121000
4217,2022-12-04 20:00:00,17085.53000000,17202.84000000,17069.01000000,17105.70000000,22871.83709000
4218,2022-12-05 00:00:00,17106.65000000,17349.99000000,17076.85000000,17196.88000000,49755.20725000
4219,2022-12-05 04:00:00,17197.22000000,17424.25000000,17191.74000000,17313.93000000,43938.99382000
4220,2022-12-05 08:00:00,17313.34000000,17386.00000000,17281.42000000,17310.51000000,34517.04213000
4221,2022-12-05 12:00:00,17310.08000000,17313.48000000,17015.32000000,17083.92000000,38567.89848000
4222,2022-12-05 16:00:00,17083.92000000,17129.72000000,16867.00000000,16926.65000000,41843.07066000
4223,2022-12-05 20:00:00,16926.65000000,16989.59000000,16899.09000000,16966.35000000,25081.07991000
4224,2022-12-06 00:00:00,16966.35000000,17102.97000000,16965.98000000,17003.88000000,33880.09561000
4225,2022-12-06 04:00:00,17003.84000000,17023.41000000,16955.13000000,17001.17000000,27028.21636000
4226,2022-12-06 08:00:00,17001.17000000,17041.96000000,16906.37000000,16983.90000000,37036.12495000
4227,2022-12-06 12:00:00,16983.42000000,17032.95000000,16930.00000000,16985.27000000,49226.80508000
4228,2022-12-06 16:00:00,16985.27000000,17021.56000000,16912.24000000,16970.93000000,40500.76253000
4229,2022-12-06 20:00:00,16970.52000000,17107.01000000,16951.75000000,17088.96000000,31058.76430000
4230,2022-12-07 00:00:00,17088.96000000,17142.21000000,17018.94000000,17025.03000000,32672.43476000
4231,2022-12-07 04:00:00,17024.97000000,17046.48000000,16729.35000000,16763.03000000,48730.74334000
4232,2022-12-07 08:00:00,16763.03000000,16836.69000000,16678.83000000,16793.29000000,40654.46263000
4233,2022-12-07 12:00:00,16793.29000000,16897.38000000,16765.12000000,16837.48000000,45582.55807000
4234,2022-12-07 16:00:00,16837.48000000,16850.24000000,16778.21000000,16815.73000000,31381.52031000
4235,2022-12-07 20:00:00,16815.13000000,16865.81000000,16793.70000000,16836.64000000,21635.69423000
4236,2022-12-08 00:00:00,16836.64000000,16890.01000000,16780.01000000,16834.32000000,36098.63764000
4237,2022-12-08 04:00:00,16834.32000000,16851.00000000,16777.00000000,16825.55000000,29113.62581000
4238,2022-12-08 08:00:00,16825.55000000,16863.01000000,16733.49000000,16851.02000000,31992.18247000
4239,2022-12-08 12:00:00,16850.88000000,16957.79000000,16802.88000000,16917.40000000,45153.97555000
4240,2022-12-08 16:00:00,16917.39000000,17299.00000000,16909.46000000,17251.62000000,57256.46966000
4241,2022-12-08 20:00:00,17251.32000000,17297.65000000,17154.94000000,17224.10000000,36803.08691000
4242,2022-12-09 00:00:00,17224.10000000,17300.00000000,17186.50000000,17202.66000000,37666.59527000
4243,2022-12-09 04:00:00,17202.01000000,17235.85000000,17188.00000000,17211.93000000,30283.86513000
4244,2022-12-09 08:00:00,17211.65000000,17269.39000000,17200.00000000,17241.44000000,34392.33278000
4245,2022-12-09 12:00:00,17241.16000000,17360.00000000,17058.21000000,17181.50000000,74572.46263000
4246,2022-12-09 16:00:00,17181.50000000,17187.51000000,17119.03000000,17142.67000000,33791.84635000
4247,2022-12-09 20:00:00,17142.67000000,17158.22000000,17067.10000000,17128.56000000,27714.96249000
4248,2022-12-10 00:00:00,17128.56000000,17169.09000000,17116.40000000,17145.08000000,23546.55664000
4249,2022-12-10 04:00:00,17145.08000000,17178.00000000,17130.28000000,17154.06000000,21208.21159000
4250,2022-12-10 08:00:00,17154.06000000,17173.91000000,17112.52000000,17168.61000000,24177.65614000
4251,2022-12-10 12:00:00,17168.17000000,17225.12000000,17140.23000000,17207.70000000,28461.10102000
4252,2022-12-10 16:00:00,17207.69000000,17227.72000000,17160.14000000,17175.80000000,20890.63472000
4253,2022-12-10 20:00:00,17175.50000000,17183.87000000,17092.00000000,17127.49000000,22289.81926000
4254,2022-12-11 00:00:00,17127.49000000,17175.00000000,17121.92000000,17153.61000000,20173.93190000
4255,2022-12-11 04:00:00,17153.81000000,17200.00000000,17150.29000000,17180.88000000,25283.03928000
4256,2022-12-11 08:00:00,17180.88000000,17187.67000000,17140.01000000,17167.43000000,23183.64335000
4257,2022-12-11 12:00:00,17167.12000000,17169.80000000,17127.96000000,17153.52000000,24487.73588000
4258,2022-12-11 16:00:00,17153.52000000,17270.99000000,17136.00000000,17177.43000000,25321.47189000
4259,2022-12-11 20:00:00,17177.88000000,17179.40000000,17071.00000000,17085.05000000,36836.65641000
4260,2022-12-12 00:00:00,17085.05000000,17087.67000000,16871.85000000,16918.97000000,59583.90532000
4261,2022-12-12 04:00:00,16918.69000000,16948.66000000,16903.64000000,16923.94000000,30090.78129000
4262,2022-12-12 08:00:00,16923.61000000,17008.40000000,16903.49000000,16988.62000000,30337.96983000
4263,2022-12-12 12:00:00,16989.45000000,17054.79000000,16920.61000000,17010.81000000,47121.78990000
4264,2022-12-12 16:00:00,17010.19000000,17046.43000000,16981.03000000,17043.22000000,22763.79302000
4265,2022-12-12 20:00:00,17043.22000000,17241.89000000,17042.48000000,17209.83000000,36329.25758000
4266,2022-12-13 00:00:00,17208.93000000,17238.70000000,17119.02000000,17152.37000000,28009.77348000
4267,2022-12-13 04:00:00,17152.37000000,17208.47000000,17080.14000000,17165.17000000,41652.08355000
4268,2022-12-13 08:00:00,17164.82000000,17500.00000000,17155.00000000,17444.63000000,56294.44737000
4269,2022-12-13 12:00:00,17444.32000000,18000.00000000,17395.00000000,17752.94000000,90319.21705000
4270,2022-12-13 16:00:00,17753.54000000,17840.00000000,17618.38000000,17740.86000000,44340.47179000
4271,2022-12-13 20:00:00,17741.83000000,17818.99000000,17705.01000000,17774.70000000,23846.92066000
4272,2022-12-14 00:00:00,17775.82000000,17845.00000000,17750.00000000,17781.68000000,26604.67647000
4273,2022-12-14 04:00:00,17781.68000000,17817.46000000,17734.19000000,17806.01000000,21858.50725000
4274,2022-12-14 08:00:00,17805.54000000,17878.50000000,17785.00000000,17824.93000000,29001.95651000
4275,2022-12-14 12:00:00,17824.93000000,18116.00000000,17815.75000000,18061.83000000,57623.51886000
4276,2022-12-14 16:00:00,18061.83000000,18387.95000000,17709.62000000,17792.90000000,93233.97174000
4277,2022-12-14 20:00:00,17792.90000000,17947.33000000,17660.94000000,17803.15000000,38358.59126000
4278,2022-12-15 00:00:00,17804.01000000,17854.82000000,17561.00000000,17729.56000000,34212.62671000
4279,2022-12-15 04:00:00,17729.57000000,17746.00000000,17681.30000000,17691.45000000,18037.65220000
4280,2022-12-15 08:00:00,17690.84000000,17726.00000000,17610.22000000,17720.33000000,26381.54513000
4281,2022-12-15 12:00:00,17720.33000000,17725.93000000,17374.89000000,17429.05000000,67165.11004000
4282,2022-12-15 16:00:00,17428.43000000,17474.38000000,17314.00000000,17442.25000000,43487.27448000
4283,2022-12-15 20:00:00,17442.80000000,17457.44000000,17275.51000000,17356.34000000,34417.76026000
4284,2022-12-16 00:00:00,17356.96000000,17428.55000000,17345.15000000,17425.76000000,22531.33417000
4285,2022-12-16 04:00:00,17425.76000000,17531.73000000,17372.70000000,17503.35000000,19876.54141000
4286,2022-12-16 08:00:00,17503.36000000,17519.64000000,16918.97000000,17027.09000000,61576.81750000
4287,2022-12-16 12:00:00,17027.09000000,17085.00000000,16890.46000000,16972.34000000,46829.65618000
4288,2022-12-16 16:00:00,16972.33000000,16979.02000000,16732.36000000,16864.81000000,45596.75469000
4289,2022-12-16 20:00:00,16865.22000000,16956.55000000,16527.32000000,16632.12000000,56967.93721000
4290,2022-12-17 00:00:00,16631.50000000,16729.32000000,16579.85000000,16676.85000000,35862.93011000
4291,2022-12-17 04:00:00,16676.85000000,16772.00000000,16653.53000000,16745.54000000,31416.00664000
4292,2022-12-17 08:00:00,16746.15000000,16757.42000000,16661.71000000,16708.22000000,23218.18776000
4293,2022-12-17 12:00:00,16707.55000000,16729.18000000,16642.00000000,16700.26000000,24587.85943000
4294,2022-12-17 16:00:00,16700.78000000,16721.77000000,16647.15000000,16691.63000000,13526.16506000
4295,2022-12-17 20:00:00,16692.16000000,16796.82000000,16685.03000000,16776.52000000,16214.51784000
4296,2022-12-18 00:00:00,16777.54000000,16784.80000000,16702.23000000,16741.02000000,13502.77598000
4297,2022-12-18 04:00:00,16741.02000000,16804.70000000,16718.01000000,16750.83000000,20582.89770000
4298,2022-12-18 08:00:00,16750.83000000,16767.58000000,16663.07000000,16711.35000000,23453.63566000
4299,2022-12-18 12:00:00,16711.35000000,16738.00000000,16673.63000000,16683.84000000,17046.13528000
4300,2022-12-18 16:00:00,16683.83000000,16794.99000000,16676.15000000,16750.82000000,21118.31489000
4301,2022-12-18 20:00:00,16751.52000000,16863.26000000,16723.40000000,16738.21000000,16915.55695000
4302,2022-12-19 00:00:00,16739.00000000,16815.99000000,16627.35000000,16681.47000000,25799.30572000
4303,2022-12-19 04:00:00,16681.43000000,16750.00000000,16672.88000000,16722.23000000,23563.91318000
4304,2022-12-19 08:00:00,16722.23000000,16784.00000000,16707.10000000,16734.46000000,21364.79632000
4305,2022-12-19 12:00:00,16734.46000000,16765.71000000,16665.03000000,16669.08000000,30015.09905000
4306,2022-12-19 16:00:00,16668.23000000,16702.83000000,16505.00000000,16555.74000000,40426.17758000
4307,2022-12-19 20:00:00,16555.74000000,16649.00000000,16256.30000000,16438.88000000,37924.99120000
4308,2022-12-20 00:00:00,16438.88000000,16856.50000000,16397.20000000,16727.24000000,59178.87006000
4309,2022-12-20 04:00:00,16727.25000000,16880.58000000,16689.10000000,16802.83000000,41542.41439000
4310,2022-12-20 08:00:00,16802.23000000,16858.42000000,16763.78000000,16814.25000000,30146.26807000
4311,2022-12-20 12:00:00,16814.71000000,17061.27000000,16710.12000000,16918.83000000,54021.09656000
4312,2022-12-20 16:00:00,16918.15000000,16936.32000000,16767.00000000,16900.30000000,37387.83316000
4313,2022-12-20 20:00:00,16900.93000000,16926.99000000,16833.51000000,16895.56000000,26532.44100000
4314,2022-12-21 00:00:00,16896.15000000,16925.00000000,16794.84000000,16837.10000000,25618.81632000
4315,2022-12-21 04:00:00,16836.44000000,16856.84000000,16767.53000000,16816.18000000,22520.56062000
4316,2022-12-21 08:00:00,16816.18000000,16894.91000000,16795.69000000,16878.47000000,22432.34441000
4317,2022-12-21 12:00:00,16878.47000000,16914.72000000,16723.00000000,16861.13000000,37844.72507000
4318,2022-12-21 16:00:00,16860.51000000,16866.40000000,16728.09000000,16756.20000000,27011.33711000
4319,2022-12-21 20:00:00,16756.20000000,16835.11000000,16729.22000000,16824.67000000,21383.18009000
4320,2022-12-22 00:00:00,16824.68000000,16860.77000000,16809.78000000,16852.80000000,19369.91332000
4321,2022-12-22 04:00:00,16852.44000000,16859.54000000,16783.43000000,16826.87000000,19944.19968000
4322,2022-12-22 08:00:00,16826.23000000,16868.52000000,16801.30000000,16834.80000000,24143.10225000
4323,2022-12-22 12:00:00,16834.20000000,16845.45000000,16610.92000000,16636.54000000,44272.22633000
4324,2022-12-22 16:00:00,16636.54000000,16669.50000000,16559.85000000,16662.13000000,34152.67590000
4325,2022-12-22 20:00:00,16662.72000000,16852.79000000,16647.01000000,16821.43000000,34162.15487000
4326,2022-12-23 00:00:00,16821.90000000,16893.90000000,16770.00000000,16828.23000000,24391.18256000
4327,2022-12-23 04:00:00,16828.54000000,16856.54000000,16805.53000000,16848.01000000,19206.52616000
4328,2022-12-23 08:00:00,16848.45000000,16890.89000000,16810.23000000,16844.02000000,22397.94279000
4329,2022-12-23 12:00:00,16844.02000000,16955.14000000,16731.13000000,16832.16000000,51543.61527000
4330,2022-12-23 16:00:00,16832.15000000,16860.07000000,16816.00000000,16844.79000000,22060.25162000
4331,2022-12-23 20:00:00,16844.79000000,16851.57000000,16765.67000000,16778.50000000,22012.49107000
4332,2022-12-24 00:00:00,16778.52000000,16844.08000000,16776.62000000,16840.65000000,16901.76793000
4333,2022-12-24 04:00:00,16840.80000000,16857.37000000,16805.01000000,16848.26000000,18443.51821000
4334,2022-12-24 08:00:00,16848.26000000,16859.44000000,16817.99000000,16824.41000000,17772.08350000
4335,2022-12-24 12:00:00,16824.42000000,16840.00000000,16815.09000000,16836.35000000,13411.00975000
4336,2022-12-24 16:00:00,16835.93000000,16865.00000000,16823.00000000,16843.59000000,14733.08619000
4337,2022-12-24 20:00:00,16843.92000000,16869.99000000,16808.15000000,16836.12000000,18962.82538000
4338,2022-12-25 00:00:00,16835.73000000,16852.95000000,16823.02000000,16832.14000000,13169.46243000
4339,2022-12-25 04:00:00,16832.14000000,16843.00000000,16802.00000000,16821.97000000,20043.33387000
4340,2022-12-25 08:00:00,16821.97000000,16835.93000000,16815.40000000,16821.51000000,16391.68969000
4341,2022-12-25 12:00:00,16821.51000000,16857.96000000,16721.00000000,16793.09000000,32149.19357000
4342,2022-12-25 16:00:00,16793.49000000,16822.27000000,16727.00000000,16794.07000000,23046.51009000
4343,2022-12-25 20:00:00,16794.07000000,16846.00000000,16753.44000000,16832.11000000,20640.88237000
4344,2022-12-26 00:00:00,16832.11000000,16900.00000000,16820.75000000,16894.19000000,21044.88061000
4345,2022-12-26 04:00:00,16894.54000000,16924.00000000,16835.00000000,16843.65000000,19840.31077000
4346,2022-12-26 08:00:00,16843.76000000,16873.15000000,16818.00000000,16864.04000000,19606.41357000
4347,2022-12-26 12:00:00,16864.64000000,16868.34000000,16791.00000000,16809.51000000,22661.78265000
4348,2022-12-26 16:00:00,16809.51000000,16862.23000000,16798.38000000,16841.00000000,19226.75704000
4349,2022-12-26 20:00:00,16841.00000000,16944.52000000,16817.82000000,16919.39000000,22183.86192000
4350,2022-12-27 00:00:00,16919.39000000,16972.83000000,16839.00000000,16876.51000000,28268.89204000
4351,2022-12-27 04:00:00,16876.82000000,16897.00000000,16853.52000000,16869.19000000,20265.58633000
4352,2022-12-27 08:00:00,16869.68000000,16882.03000000,16806.57000000,16832.40000000,26660.05201000
4353,2022-12-27 12:00:00,16832.01000000,16839.49000000,16733.21000000,16799.78000000,38183.41332000
4354,2022-12-27 16:00:00,16799.92000000,16804.98000000,16592.37000000,16690.75000000,38189.34193000
4355,2022-12-27 20:00:00,16690.75000000,16723.24000000,16651.03000000,16706.36000000,22182.30053000
4356,2022-12-28 00:00:00,16706.06000000,16755.20000000,16559.79000000,16650.65000000,34327.03679000
4357,2022-12-28 04:00:00,16650.65000000,16678.85000000,16585.71000000,16647.16000000,28797.52670000
4358,2022-12-28 08:00:00,16647.16000000,16689.30000000,16632.00000000,16678.98000000,25536.18644000
4359,2022-12-28 12:00:00,16678.52000000,16785.19000000,16569.94000000,16578.52000000,41691.03557000
4360,2022-12-28 16:00:00,16578.02000000,16668.00000000,16563.63000000,16595.92000000,27900.69287000
4361,2022-12-28 20:00:00,16595.43000000,16615.67000000,16465.33000000,16547.31000000,34785.08740000
4362,2022-12-29 00:00:00,16547.32000000,16594.00000000,16488.91000000,16558.33000000,23608.82868000
4363,2022-12-29 04:00:00,16558.33000000,16583.87000000,16534.04000000,16556.37000000,21158.81283000
4364,2022-12-29 08:00:00,16556.37000000,16630.00000000,16517.54000000,16598.70000000,28212.71787000
4365,2022-12-29 12:00:00,16598.70000000,16664.41000000,16590.64000000,16616.60000000,34295.37736000
4366,2022-12-29 16:00:00,16616.60000000,16654.54000000,16590.82000000,16612.40000000,26230.77683000
4367,2022-12-29 20:00:00,16612.40000000,16654.51000000,16555.57000000,16633.47000000,27491.95801000
4368,2022-12-30 00:00:00,16633.47000000,16648.77000000,16579.75000000,16599.08000000,20857.62793000
4369,2022-12-30 04:00:00,16598.79000000,16615.35000000,16429.00000000,16474.93000000,28945.88758000
4370,2022-12-30 08:00:00,16475.10000000,16531.10000000,16458.25000000,16496.27000000,20505.90685000
4371,2022-12-30 12:00:00,16495.96000000,16580.70000000,16333.00000000,16555.26000000,44689.94988000
4372,2022-12-30 16:00:00,16555.26000000,16577.00000000,16515.45000000,16525.37000000,25853.48693000
4373,2022-12-30 20:00:00,16525.91000000,16677.35000000,16523.91000000,16607.48000000,24063.45257000
4374,2022-12-31 00:00:00,16607.48000000,16616.37000000,16550.01000000,16552.46000000,15656.04768000
4375,2022-12-31 04:00:00,16552.46000000,16568.12000000,16531.00000000,16565.09000000,15808.94958000
4376,2022-12-31 08:00:00,16564.81000000,16583.90000000,16540.01000000,16567.15000000,20777.75988000
4377,2022-12-31 12:00:00,16567.52000000,16644.09000000,16547.12000000,16590.10000000,27839.30964000
4378,2022-12-31 16:00:00,16590.10000000,16613.30000000,16565.10000000,16570.14000000,16498.87510000
4379,2022-12-31 20:00:00,16570.14000000,16574.97000000,16470.00000000,16542.40000000,17909.48676000
4380,2023-01-01 00:00:00,16541.77000000,16559.77000000,16508.39000000,16533.04000000,15515.82327000
4381,2023-01-01 04:00:00,16533.04000000,16550.00000000,16499.01000000,16526.19000000,16532.24115000
4382,2023-01-01 08:00:00,16525.70000000,16557.00000000,16505.20000000,16556.66000000,15915.96701000
4383,2023-01-01 12:00:00,16556.66000000,16572.94000000,16533.68000000,16558.73000000,15046.09096000
4384,2023-01-01 16:00:00,16558.73000000,16623.65000000,16558.00000000,16603.08000000,18532.64857000
4385,2023-01-01 20:00:00,16603.53000000,16628.00000000,16586.24000000,16616.75000000,15382.64278000
4386,2023-01-02 00:00:00,16617.17000000,16707.25000000,16548.70000000,16661.94000000,19463.47510000
4387,2023-01-02 04:00:00,16662.38000000,16769.51000000,16619.44000000,16721.28000000,26026.88178000
4388,2023-01-02 08:00:00,16721.27000000,16772.01000000,16704.07000000,16735.11000000,23267.94119000
4389,2023-01-02 12:00:00,16735.51000000,16750.00000000,16669.15000000,16734.66000000,21747.21491000
4390,2023-01-02 16:00:00,16734.66000000,16739.64000000,16707.12000000,16737.56000000,12314.73653000
4391,2023-01-02 20:00:00,16737.56000000,16799.23000000,16660.51000000,16672.87000000,19068.32240000
4392,2023-01-03 00:00:00,16672.78000000,16706.14000000,16647.81000000,16691.81000000,20183.45596000
4393,2023-01-03 04:00:00,16691.81000000,16778.40000000,16681.79000000,16729.74000000,21434.34333000
4394,2023-01-03 08:00:00,16730.15000000,16766.00000000,16698.15000000,16721.03000000,25576.16376000
4395,2023-01-03 12:00:00,16721.42000000,16773.00000000,16617.79000000,16676.94000000,42131.78382000
4396,2023-01-03 16:00:00,16677.54000000,16688.20000000,16605.28000000,16643.37000000,29519.13275000
4397,2023-01-03 20:00:00,16643.77000000,16695.00000000,16640.40000000,16675.18000000,20696.65771000
4398,2023-01-04 00:00:00,16675.65000000,16877.65000000,16652.66000000,16862.02000000,41904.57254000
4399,2023-01-04 04:00:00,16862.61000000,16910.98000000,16840.36000000,16869.44000000,30270.25310000
4400,2023-01-04 08:00:00,16869.49000000,16919.00000000,16831.13000000,16835.35000000,30320.64004000
4401,2023-01-04 12:00:00,16835.35000000,16863.09000000,16765.30000000,16854.05000000,40843.05953000
4402,2023-01-04 16:00:00,16853.55000000,16991.87000000,16787.85000000,16842.36000000,52076.35176000
4403,2023-01-04 20:00:00,16842.32000000,16869.56000000,16777.00000000,16850.36000000,24947.31165000
4404,2023-01-05 00:00:00,16850.36000000,16878.18000000,16807.72000000,16827.71000000,21763.76721000
4405,2023-01-05 04:00:00,16827.71000000,16849.37000000,16789.87000000,16823.64000000,21213.55835000
4406,2023-01-05 08:00:00,16823.05000000,16839.00000000,16780.75000000,16833.60000000,26296.22105000
4407,2023-01-05 12:00:00,16833.60000000,16879.82000000,16753.00000000,16842.94000000,41963.23448000
4408,2023-01-05 16:00:00,16842.94000000,16875.50000000,16800.50000000,16863.85000000,30157.46450000
4409,2023-01-05 20:00:00,16864.29000000,16873.52000000,16818.91000000,16831.85000000,22079.32082000
4410,2023-01-06 00:00:00,16831.85000000,16872.57000000,16802.01000000,16833.56000000,22896.56633000
4411,2023-01-06 04:00:00,16833.56000000,16837.87000000,16779.96000000,16794.06000000,24759.51652000
4412,2023-01-06 08:00:00,16794.33000000,16812.22000000,16709.88000000,16738.22000000,29976.56156000
4413,2023-01-06 12:00:00,16738.74000000,16849.00000000,16679.00000000,16840.82000000,52584.91113000
4414,2023-01-06 16:00:00,16840.10000000,16965.41000000,16805.04000000,16939.91000000,42771.69765000
4415,2023-01-06 20:00:00,16940.41000000,17041.00000000,16886.21000000,16950.65000000,34412.03096000
4416,2023-01-07 00:00:00,16950.31000000,16981.91000000,16930.46000000,16952.46000000,17943.00432000
4417,2023-01-07 04:00:00,16952.73000000,16954.45000000,16922.14000000,16948.09000000,15480.43183000
4418,2023-01-07 08:00:00,16948.18000000,16954.95000000,16908.07000000,16918.30000000,18936.72265000
4419,2023-01-07 12:00:00,16918.30000000,16947.70000000,16908.00000000,16940.42000000,20650.09476000
4420,2023-01-07 16:00:00,16940.60000000,16946.13000000,16916.00000000,16944.05000000,16073.99982000
4421,2023-01-07 20:00:00,16944.05000000,16951.92000000,16929.46000000,16943.57000000,15442.31542000
4422,2023-01-08 00:00:00,16943.83000000,16955.00000000,16911.00000000,16944.02000000,18295.79671000
4423,2023-01-08 04:00:00,16944.02000000,16957.12000000,16933.26000000,16953.77000000,14667.61069000
4424,2023-01-08 08:00:00,16953.77000000,16967.67000000,16925.05000000,16927.42000000,20434.41029000
4425,2023-01-08 12:00:00,16927.42000000,17019.79000000,16920.37000000,17000.43000000,23086.53831000
4426,2023-01-08 16:00:00,17000.43000000,17022.08000000,16916.10000000,16927.25000000,23557.66783000
4427,2023-01-08 20:00:00,16927.25000000,17176.99000000,16924.41000000,17127.83000000,35113.87312000
4428,2023-01-09 00:00:00,17127.83000000,17252.60000000,17104.66000000,17197.00000000,50799.16414000
4429,2023-01-09 04:00:00,17197.00000000,17262.56000000,17180.00000000,17198.48000000,33546.34885000
4430,2023-01-09 08:00:00,17198.01000000,17285.48000000,17186.95000000,17238.93000000,38468.19722000
4431,2023-01-09 12:00:00,17239.47000000,17335.35000000,17190.74000000,17268.49000000,50514.03168000
4432,2023-01-09 16:00:00,17268.49000000,17398.80000000,17268.02000000,17293.69000000,52520.91466000
4433,2023-01-09 20:00:00,17294.19000000,17313.30000000,17128.00000000,17178.26000000,40362.87068000
4434,2023-01-10 00:00:00,17179.04000000,17235.00000000,17146.34000000,17205.72000000,30946.16910000
4435,2023-01-10 04:00:00,17205.31000000,17233.91000000,17189.15000000,17203.20000000,25989.57305000
4436,2023-01-10 08:00:00,17203.20000000,17286.02000000,17187.73000000,17252.89000000,31083.00421000
4437,2023-01-10 12:00:00,17252.89000000,17375.00000000,17212.14000000,17327.70000000,57523.36810000
4438,2023-01-10 16:00:00,17327.70000000,17456.07000000,17282.00000000,17432.85000000,43079.81645000
4439,2023-01-10 20:00:00,17432.85000000,17499.00000000,17403.73000000,17440.66000000,32760.49490000
4440,2023-01-11 00:00:00,17440.64000000,17510.00000000,17366.58000000,17416.14000000,31946.48480000
4441,2023-01-11 04:00:00,17416.49000000,17462.99000000,17388.00000000,17446.65000000,29726.89080000
4442,2023-01-11 08:00:00,17447.02000000,17472.15000000,17408.68000000,17437.75000000,29986.37534000
4443,2023-01-11 12:00:00,17437.75000000,17437.75000000,17315.60000000,17332.43000000,49062.38496000
4444,2023-01-11 16:00:00,17331.90000000,17571.70000000,17320.42000000,17550.29000000,55789.51498000
4445,2023-01-11 20:00:00,17549.62000000,18000.00000000,17508.86000000,17943.26000000,65709.95565000
4446,2023-01-12 00:00:00,17943.26000000,18385.71000000,17907.25000000,18224.68000000,82494.53271000
4447,2023-01-12 04:00:00,18224.68000000,18241.43000000,18075.19000000,18138.22000000,37256.18339000
4448,2023-01-12 08:00:00,18138.21000000,18222.59000000,18071.06000000,18200.80000000,34254.13454000
4449,2023-01-12 12:00:00,18200.80000000,18380.47000000,17892.05000000,18086.62000000,130706.45782000
4450,2023-01-12 16:00:00,18087.28000000,19060.00000000,18054.61000000,18885.35000000,110884.45270000
4451,2023-01-12 20:00:00,18885.35000000,19117.04000000,18762.00000000,18846.62000000,58972.56062000
4452,2023-01-13 00:00:00,18846.62000000,18887.00000000,18714.12000000,18876.37000000,41728.30446000
4453,2023-01-13 04:00:00,18876.37000000,18883.79000000,18778.41000000,18824.25000000,33637.34382000
4454,2023-01-13 08:00:00,18825.00000000,19057.70000000,18810.01000000,18920.95000000,53635.34061000
4455,2023-01-13 12:00:00,18920.95000000,19310.91000000,18811.52000000,19261.19000000,84962.31802000
4456,2023-01-13 16:00:00,19261.19000000,19406.26000000,19060.15000000,19362.01000000,76088.31369000
4457,2023-01-13 20:00:00,19363.43000000,20000.00000000,19315.77000000,19930.01000000,78564.25763000
4458,2023-01-14 00:00:00,19930.01000000,21258.00000000,19888.05000000,20967.23000000,132906.52741000
4459,2023-01-14 04:00:00,20967.23000000,21033.64000000,20777.37000000,20897.36000000,44676.34594000
4460,2023-01-14 08:00:00,20897.36000000,21022.39000000,20225.06000000,20721.73000000,79770.25474000
4461,2023-01-14 12:00:00,20721.03000000,21200.00000000,20568.12000000,20786.74000000,70757.33684000
4462,2023-01-14 16:00:00,20785.85000000,20911.23000000,20660.00000000,20783.68000000,40261.90826000
4463,2023-01-14 20:00:00,20783.68000000,21072.27000000,20758.00000000,20954.92000000,25541.37632000
4464,2023-01-15 00:00:00,20952.76000000,21001.84000000,20551.01000000,20719.09000000,38036.35096000
4465,2023-01-15 04:00:00,20719.09000000,20789.58000000,20666.88000000,20735.69000000,20276.51594000
4466,2023-01-15 08:00:00,20735.69000000,20759.00000000,20573.13000000,20722.23000000,28650.05726000
4467,2023-01-15 12:00:00,20722.23000000,20994.05000000,20652.24000000,20908.28000000,32504.50894000
4468,2023-01-15 16:00:00,20906.97000000,21050.74000000,20665.00000000,20870.15000000,37663.66746000
4469,2023-01-15 20:00:00,20870.15000000,20952.37000000,20746.39000000,20871.50000000,21411.12493000
4470,2023-01-16 00:00:00,20872.99000000,21439.59000000,20770.20000000,21075.68000000,65696.37043000
4471,2023-01-16 04:00:00,21074.80000000,21260.00000000,21037.64000000,21109.23000000,32932.04546000
4472,2023-01-16 08:00:00,21109.40000000,21113.22000000,20666.00000000,20817.56000000,49457.76438000
4473,2023-01-16 12:00:00,20816.63000000,21053.89000000,20611.48000000,20994.17000000,50011.28024000
4474,2023-01-16 16:00:00,20995.37000000,21414.42000000,20916.43000000,21308.57000000,57585.03731000
4475,2023-01-16 20:00:00,21307.29000000,21474.05000000,21048.16000000,21185.65000000,37395.58480000
4476,2023-01-17 00:00:00,21185.65000000,21299.04000000,20841.31000000,21124.57000000,43454.76384000
4477,2023-01-17 04:00:00,21124.57000000,21236.62000000,21060.80000000,21133.65000000,27720.49973000
4478,2023-01-17 08:00:00,21133.65000000,21249.46000000,21082.48000000,21219.75000000,32766.90672000
4479,2023-01-17 12:00:00,21219.21000000,21647.45000000,21030.00000000,21176.06000000,87104.51182000
4480,2023-01-17 16:00:00,21176.06000000,21412.00000000,21084.00000000,21336.46000000,48658.53141000
4481,2023-01-17 20:00:00,21336.46000000,21413.15000000,21121.71000000,21134.81000000,35702.53057000
4482,2023-01-18 00:00:00,21132.29000000,21377.44000000,21103.15000000,21258.54000000,40301.19947000
4483,2023-01-18 04:00:00,21257.00000000,21320.00000000,21228.54000000,21307.94000000,26697.42680000
4484,2023-01-18 08:00:00,21307.94000000,21316.77000000,21151.00000000,21204.67000000,33225.41111000
4485,2023-01-18 12:00:00,21204.67000000,21650.00000000,20842.00000000,21042.73000000,97538.81068000
4486,2023-01-18 16:00:00,21042.73000000,21136.80000000,20407.15000000,20906.54000000,112546.34199000
4487,2023-01-18 20:00:00,20905.37000000,20938.67000000,20624.02000000,20677.47000000,40606.82944000
4488,2023-01-19 00:00:00,20677.47000000,20817.85000000,20659.19000000,20748.04000000,37267.51378000
4489,2023-01-19 04:00:00,20748.04000000,20874.81000000,20742.71000000,20818.95000000,28848.62637000
4490,2023-01-19 08:00:00,20818.94000000,20846.75000000,20706.90000000,20743.72000000,35522.44033000
4491,2023-01-19 12:00:00,20744.17000000,20960.23000000,20660.80000000,20876.44000000,61331.76023000
4492,2023-01-19 16:00:00,20876.44000000,21142.07000000,20791.13000000,21090.95000000,51508.95942000
4493,2023-01-19 20:00:00,21092.10000000,21192.00000000,20919.31000000,21071.59000000,36906.54912000
4494,2023-01-20 00:00:00,21071.59000000,21219.60000000,21013.96000000,21087.74000000,37141.33047000
4495,2023-01-20 04:00:00,21087.74000000,21127.33000000,20861.28000000,20959.44000000,38475.43025000
4496,2023-01-20 08:00:00,20958.43000000,20993.99000000,20898.79000000,20963.51000000,33292.86295000
4497,2023-01-20 12:00:00,20963.34000000,21247.55000000,20955.53000000,21144.77000000,63718.57309000
4498,2023-01-20 16:00:00,21145.05000000,21529.00000000,21140.99000000,21496.67000000,68762.00358000
4499,2023-01-20 20:00:00,21496.67000000,22755.93000000,21495.75000000,22667.21000000,96688.93625000
4500,2023-01-21 00:00:00,22666.00000000,22792.86000000,22422.00000000,22547.35000000,46689.92028000
4501,2023-01-21 04:00:00,22547.83000000,22670.00000000,22514.60000000,22638.36000000,31004.20655000
4502,2023-01-21 08:00:00,22638.36000000,23335.77000000,22595.23000000,22905.65000000,102373.50511000
4503,2023-01-21 12:00:00,22907.01000000,23280.00000000,22851.94000000,22998.90000000,60494.75835000
4504,2023-01-21 16:00:00,22998.90000000,23371.80000000,22980.00000000,23270.50000000,62208.75289000
4505,2023-01-21 20:00:00,23270.97000000,23299.55000000,22680.73000000,22783.55000000,43674.34114000
4506,2023-01-22 00:00:00,22783.35000000,22979.88000000,22602.55000000,22758.30000000,43093.66569000
4507,2023-01-22 04:00:00,22759.08000000,22967.33000000,22716.72000000,22895.20000000,29768.68658000
4508,2023-01-22 08:00:00,22895.49000000,22938.12000000,22726.02000000,22783.61000000,31739.49190000
4509,2023-01-22 12:00:00,22784.74000000,23078.71000000,22645.59000000,22794.51000000,49271.02796000
4510,2023-01-22 16:00:00,22794.63000000,22959.71000000,22687.13000000,22722.15000000,41105.52201000
4511,2023-01-22 20:00:00,22721.88000000,22773.89000000,22292.37000000,22707.88000000,58599.35872000
4512,2023-01-23 00:00:00,22706.02000000,22826.46000000,22646.43000000,22661.02000000,36139.99774000
4513,2023-01-23 04:00:00,22661.02000000,22794.33000000,22600.14000000,22695.90000000,33194.26530000
4514,2023-01-23 08:00:00,22696.61000000,22957.25000000,22662.38000000,22904.58000000,38266.29469000
4515,2023-01-23 12:00:00,22904.58000000,23115.00000000,22500.00000000,22853.14000000,80367.50864000
4516,2023-01-23 16:00:00,22855.44000000,23180.00000000,22654.00000000,22792.47000000,71278.43489000
4517,2023-01-23 20:00:00,22792.47000000,23044.56000000,22753.71000000,22916.45000000,34341.87812000
4518,2023-01-24 00:00:00,22917.81000000,23144.76000000,22864.67000000,23079.27000000,41432.57478000
4519,2023-01-24 04:00:00,23079.87000000,23162.20000000,23006.98000000,23054.08000000,34450.19326000
4520,2023-01-24 08:00:00,23054.70000000,23090.25000000,22770.00000000,22917.66000000,46085.15863000
4521,2023-01-24 12:00:00,22917.11000000,23035.31000000,22711.00000000,22931.36000000,64690.98641000
4522,2023-01-24 16:00:00,22931.36000000,23079.00000000,22785.59000000,23018.53000000,44205.31571000
4523,2023-01-24 20:00:00,23017.73000000,23080.45000000,22462.93000000,22632.89000000,62294.55375000
4524,2023-01-25 00:00:00,22631.94000000,22715.06000000,22300.00000000,22643.61000000,56101.10349000
4525,2023-01-25 04:00:00,22643.04000000,22772.00000000,22606.04000000,22712.45000000,30093.23392000
4526,2023-01-25 08:00:00,22711.85000000,22739.11000000,22475.00000000,22598.47000000,39000.61252000
4527,2023-01-25 12:00:00,22598.45000000,22745.00000000,22335.00000000,22577.86000000,70513.75269000
4528,2023-01-25 16:00:00,22578.79000000,22765.30000000,22510.00000000,22748.86000000,50906.47279000
4529,2023-01-25 20:00:00,22749.97000000,23816.73000000,22749.93000000,23060.94000000,99427.65682000
4530,2023-01-26 00:00:00,23060.42000000,23282.47000000,23041.14000000,23136.16000000,49167.22282000
4531,2023-01-26 04:00:00,23136.16000000,23197.80000000,22897.17000000,22966.73000000,45284.94138000
4532,2023-01-26 08:00:00,22965.81000000,23048.49000000,22850.01000000,22992.94000000,39326.24520000
4533,2023-01-26 12:00:00,22992.09000000,23250.00000000,22880.95000000,22958.02000000,81188.23496000
4534,2023-01-26 16:00:00,22955.16000000,23106.51000000,22853.81000000,23070.00000000,43604.15119000
4535,2023-01-26 20:00:00,23068.57000000,23195.00000000,22963.07000000,23009.65000000,30353.64026000
4536,2023-01-27 00:00:00,23009.65000000,23076.62000000,22534.88000000,22772.62000000,46182.87922000
4537,2023-01-27 04:00:00,22772.20000000,23100.00000000,22760.64000000,23072.77000000,38724.86560000
4538,2023-01-27 08:00:00,23072.29000000,23083.87000000,22903.03000000,22967.47000000,33552.11913000
4539,2023-01-27 12:00:00,22967.48000000,23148.00000000,22841.19000000,22933.96000000,62813.27522000
4540,2023-01-27 16:00:00,22932.20000000,23284.32000000,22924.01000000,23253.06000000,49014.72696000
4541,2023-01-27 20:00:00,23253.06000000,23500.00000000,22951.33000000,23074.16000000,50545.99702000
4542,2023-01-28 00:00:00,23074.16000000,23189.00000000,23042.54000000,23117.44000000,24315.16020000
4543,2023-01-28 04:00:00,23117.44000000,23133.40000000,22951.01000000,22991.51000000,24728.27850000
4544,2023-01-28 08:00:00,22991.86000000,23017.27000000,22905.00000000,22981.51000000,25675.38157000
4545,2023-01-28 12:00:00,22981.51000000,23044.12000000,22878.46000000,23012.54000000,33451.32025000
4546,2023-01-28 16:00:00,23012.02000000,23052.82000000,22975.00000000,23039.35000000,20431.10042000
4547,2023-01-28 20:00:00,23039.35000000,23042.91000000,22942.00000000,23022.60000000,19514.46991000
4548,2023-01-29 00:00:00,23021.40000000,23492.00000000,22967.76000000,23193.43000000,52580.79543000
4549,2023-01-29 04:00:00,23194.27000000,23268.51000000,23144.99000000,23203.86000000,24988.12880000
4550,2023-01-29 08:00:00,23203.39000000,23605.74000000,23153.64000000,23432.17000000,55739.69077000
4551,2023-01-29 12:00:00,23431.39000000,23666.00000000,23350.47000000,23525.09000000,54723.54894000
4552,2023-01-29 16:00:00,23525.09000000,23960.54000000,23472.00000000,23897.84000000,66296.44216000
4553,2023-01-29 20:00:00,23896.65000000,23910.60000000,23600.00000000,23742.30000000,41360.18594000
4554,2023-01-30 00:00:00,23743.37000000,23800.51000000,23567.10000000,23701.44000000,36904.38643000
4555,2023-01-30 04:00:00,23700.78000000,23769.32000000,23599.15000000,23642.81000000,31345.83274000
4556,2023-01-30 08:00:00,23642.81000000,23676.98000000,23017.00000000,23077.47000000,72543.62927000
4557,2023-01-30 12:00:00,23077.47000000,23301.82000000,22962.68000000,23178.51000000,58389.64648000
4558,2023-01-30 16:00:00,23178.51000000,23248.86000000,22627.90000000,22784.86000000,58798.23417000
4559,2023-01-30 20:00:00,22784.86000000,22840.69000000,22500.00000000,22826.15000000,44424.17212000
4560,2023-01-31 00:00:00,22827.38000000,22913.71000000,22714.77000000,22835.01000000,35131.51516000
4561,2023-01-31 04:00:00,22835.46000000,22989.48000000,22743.05000000,22978.24000000,35466.16773000
4562,2023-01-31 08:00:00,22978.24000000,22996.84000000,22810.03000000,22865.43000000,35127.03829000
4563,2023-01-31 12:00:00,22865.97000000,23206.84000000,22851.01000000,23121.80000000,64918.10238000
4564,2023-01-31 16:00:00,23121.80000000,23221.14000000,23081.08000000,23163.88000000,42055.90095000
4565,2023-01-31 20:00:00,23162.99000000,23320.00000000,22812.69000000,23125.13000000,51950.62458000
4566,2023-02-01 00:00:00,23125.13000000,23184.29000000,22997.10000000,23130.19000000,35705.95217000
4567,2023-02-01 04:00:00,23130.70000000,23167.39000000,23017.07000000,23076.68000000,32517.47391000
4568,2023-02-01 08:00:00,23076.67000000,23100.00000000,22919.33000000,23077.52000000,37238.66144000
4569,2023-02-01 12:00:00,23078.43000000,23144.85000000,22938.36000000,22979.73000000,53826.35919000
4570,2023-02-01 16:00:00,22979.73000000,23494.77000000,22760.23000000,23385.99000000,77933.60595000
4571,2023-02-01 20:00:00,23385.99000000,23812.66000000,23320.01000000,23732.66000000,73568.37005000
4572,2023-02-02 00:00:00,23731.41000000,24255.00000000,23690.02000000,23848.60000000,61426.43407000
4573,2023-02-02 04:00:00,23848.60000000,23921.10000000,23658.20000000,23781.12000000,36774.35541000
4574,2023-02-02 08:00:00,23780.65000000,23852.75000000,23750.00000000,23820.49000000,34341.74510000
4575,2023-02-02 12:00:00,23820.49000000,23945.68000000,23525.00000000,23839.50000000,83485.59583000
4576,2023-02-02 16:00:00,23839.50000000,24144.62000000,23725.76000000,23802.57000000,83227.45056000
4577,2023-02-02 20:00:00,23802.57000000,23924.81000000,23363.27000000,23488.94000000,64921.62654000
4578,2023-02-03 00:00:00,23489.33000000,23590.11000000,23411.47000000,23534.18000000,41608.93455000
4579,2023-02-03 04:00:00,23533.64000000,23566.18000000,23447.25000000,23456.23000000,34988.87578000
4580,2023-02-03 08:00:00,23456.22000000,23541.70000000,23322.30000000,23534.13000000,47896.72547000
4581,2023-02-03 12:00:00,23533.32000000,23710.80000000,23227.16000000,23603.36000000,102225.36461000
4582,2023-02-03 16:00:00,23604.62000000,23715.70000000,23300.76000000,23307.99000000,68730.83213000
4583,2023-02-03 20:00:00,23308.05000000,23472.00000000,23204.62000000,23431.90000000,37120.29650000
4584,2023-02-04 00:00:00,23431.90000000,23465.15000000,23331.16000000,23343.43000000,25040.05526000
4585,2023-02-04 04:00:00,23343.12000000,23361.33000000,23253.96000000,23329.18000000,24999.77578000
4586,2023-02-04 08:00:00,23329.18000000,23376.27000000,23292.19000000,23363.76000000,23614.83087000
4587,2023-02-04 12:00:00,23364.14000000,23587.78000000,23340.44000000,23421.45000000,41379.54799000
4588,2023-02-04 16:00:00,23421.45000000,23472.50000000,23358.57000000,23425.89000000,26883.53409000
4589,2023-02-04 20:00:00,23425.28000000,23449.96000000,23259.62000000,23326.84000000,24208.72896000
4590,2023-02-05 00:00:00,23327.66000000,23371.99000000,23230.00000000,23344.53000000,27050.82035000
4591,2023-02-05 04:00:00,23344.53000000,23433.33000000,23326.23000000,23377.40000000,20474.72317000
4592,2023-02-05 08:00:00,23377.03000000,23419.74000000,23345.00000000,23356.33000000,24127.72175000
4593,2023-02-05 12:00:00,23356.86000000,23374.80000000,23000.01000000,23096.16000000,51552.20203000
4594,2023-02-05 16:00:00,23096.92000000,23157.75000000,22743.00000000,22891.80000000,56584.15419000
4595,2023-02-05 20:00:00,22892.65000000,23030.00000000,22795.01000000,22932.91000000,29461.71768000
4596,2023-02-06 00:00:00,22932.91000000,23094.92000000,22823.00000000,22895.48000000,29572.88535000
4597,2023-02-06 04:00:00,22895.48000000,22928.20000000,22628.13000000,22879.69000000,39216.01093000
4598,2023-02-06 08:00:00,22880.91000000,22939.99000000,22735.46000000,22878.23000000,40012.24453000
4599,2023-02-06 12:00:00,22878.23000000,23054.66000000,22745.01000000,23041.39000000,58692.68023000
4600,2023-02-06 16:00:00,23042.86000000,23158.25000000,22921.25000000,23031.03000000,56494.24898000
4601,2023-02-06 20:00:00,23030.29000000,23032.13000000,22638.00000000,22762.52000000,41383.53688000
4602,2023-02-07 00:00:00,22762.52000000,22897.67000000,22745.78000000,22877.99000000,33497.36874000
4603,2023-02-07 04:00:00,22877.99000000,22986.71000000,22861.45000000,22910.91000000,36499.34993000
4604,2023-02-07 08:00:00,22910.91000000,23064.56000000,22862.85000000,22977.24000000,44279.99243000
4605,2023-02-07 12:00:00,22977.24000000,23042.00000000,22876.35000000,22904.89000000,52432.35114000
4606,2023-02-07 16:00:00,22904.89000000,23350.25000000,22769.05000000,23091.90000000,97115.49334000
4607,2023-02-07 20:00:00,23092.87000000,23309.29000000,23029.11000000,23240.46000000,44182.16924000
4608,2023-02-08 00:00:00,23242.42000000,23452.00000000,23225.19000000,23255.34000000,40305.77589000
4609,2023-02-08 04:00:00,23255.34000000,23287.30000000,23183.17000000,23232.68000000,31403.38319000
4610,2023-02-08 08:00:00,23233.23000000,23239.44000000,23132.21000000,23159.07000000,34433.80696000
4611,2023-02-08 12:00:00,23159.07000000,23199.58000000,22857.00000000,22872.28000000,65167.42448000
4612,2023-02-08 16:00:00,22871.28000000,23042.95000000,22665.85000000,22874.89000000,73007.67562000
4613,2023-02-08 20:00:00,22873.90000000,22980.30000000,22778.93000000,22963.00000000,35738.24103000
4614,2023-02-09 00:00:00,22961.85000000,23011.39000000,22424.48000000,22518.44000000,65154.16827000
4615,2023-02-09 04:00:00,22519.56000000,22737.48000000,22353.71000000,22676.41000000,55075.60069000
4616,2023-02-09 08:00:00,22676.41000000,22770.00000000,22663.32000000,22685.79000000,41696.32449000
4617,2023-02-09 12:00:00,22685.79000000,22831.41000000,22556.32000000,22610.94000000,74349.41042000
4618,2023-02-09 16:00:00,22610.94000000,22623.41000000,21881.00000000,22032.71000000,93051.22660000
4619,2023-02-09 20:00:00,22030.99000000,22084.46000000,21688.00000000,21796.35000000,73567.96503000
4620,2023-02-10 00:00:00,21797.83000000,21938.16000000,21756.00000000,21825.59000000,44103.28784000
4621,2023-02-10 04:00:00,21825.59000000,21926.20000000,21622.40000000,21911.71000000,57049.51366000
4622,2023-02-10 08:00:00,21910.61000000,21926.91000000,21713.96000000,21733.52000000,53475.20812000
4623,2023-02-10 12:00:00,21732.63000000,21901.24000000,21520.00000000,21654.09000000,79689.38726000
4624,2023-02-10 16:00:00,21652.75000000,21799.00000000,21558.13000000,21771.09000000,59831.97353000
4625,2023-02-10 20:00:00,21772.26000000,21790.92000000,21451.00000000,21625.19000000,44442.57206000
4626,2023-02-11 00:00:00,21625.19000000,21725.95000000,21599.78000000,21678.56000000,33397.44640000
4627,2023-02-11 04:00:00,21678.56000000,21715.38000000,21640.03000000,21692.63000000,26123.14402000
4628,2023-02-11 08:00:00,21692.63000000,21705.00000000,21658.01000000,21697.44000000,26681.07439000
4629,2023-02-11 12:00:00,21697.44000000,21777.54000000,21662.11000000,21735.78000000,33330.44499000
4630,2023-02-11 16:00:00,21735.78000000,21737.89000000,21618.23000000,21662.63000000,26494.56227000
4631,2023-02-11 20:00:00,21662.36000000,21906.32000000,21645.21000000,21862.55000000,30994.91226000
4632,2023-02-12 00:00:00,21862.02000000,21890.16000000,21766.00000000,21781.38000000,25750.93181000
4633,2023-02-12 04:00:00,21781.38000000,21817.15000000,21761.04000000,21798.42000000,24728.18422000
4634,2023-02-12 08:00:00,21798.42000000,21960.00000000,21798.01000000,21888.31000000,32585.21424000
4635,2023-02-12 12:00:00,21888.31000000,21995.60000000,21756.04000000,21945.30000000,41637.68020000
4636,2023-02-12 16:00:00,21944.14000000,22090.00000000,21914.07000000,21997.18000000,38167.26838000
4637,2023-02-12 20:00:00,21997.18000000,22028.78000000,21630.00000000,21783.54000000,41566.37278000
4638,2023-02-13 00:00:00,21782.37000000,21876.43000000,21622.47000000,21808.60000000,45008.50280000
4639,2023-02-13 04:00:00,21808.60000000,21894.99000000,21792.86000000,21867.69000000,29927.77153000
4640,2023-02-13 08:00:00,21867.74000000,21874.97000000,21433.00000000,21603.11000000,71030.04136000
4641,2023-02-13 12:00:00,21602.80000000,21701.34000000,21556.00000000,21563.02000000,51668.73309000
4642,2023-02-13 16:00:00,21561.84000000,21678.00000000,21351.07000000,21607.81000000,62803.51308000
4643,2023-02-13 20:00:00,21607.81000000,21845.79000000,21559.95000000,21773.97000000,35292.20605000
4644,2023-02-14 00:00:00,21774.63000000,21816.62000000,21677.47000000,21700.42000000,31230.75357000
4645,2023-02-14 04:00:00,21700.42000000,21789.46000000,21684.59000000,21768.48000000,31733.58592000
4646,2023-02-14 08:00:00,21767.56000000,21875.42000000,21666.39000000,21809.81000000,44954.45087000
4647,2023-02-14 12:00:00,21809.81000000,22319.08000000,21532.77000000,22041.45000000,136833.56633000
4648,2023-02-14 16:00:00,22040.52000000,22245.00000000,21917.31000000,22208.65000000,77894.26418000
4649,2023-02-14 20:00:00,22207.96000000,22285.00000000,22122.70000000,22199.84000000,39311.78022000
4650,2023-02-15 00:00:00,22199.84000000,22200.88000000,22047.28000000,22099.49000000,36360.45775000
4651,2023-02-15 04:00:00,22099.13000000,22199.29000000,22072.55000000,22109.89000000,32290.25159000
4652,2023-02-15 08:00:00,22109.89000000,22500.00000000,22089.11000000,22445.13000000,49264.71292000
4653,2023-02-15 12:00:00,22444.28000000,22916.98000000,22443.24000000,22809.46000000,100777.72923000
4654,2023-02-15 16:00:00,22809.46000000,23353.87000000,22745.03000000,23318.90000000,70218.08957000
4655,2023-02-15 20:00:00,23320.18000000,24380.00000000,23296.30000000,24324.05000000,86757.92005000
4656,2023-02-16 00:00:00,24322.87000000,24905.00000000,24278.58000000,24732.42000000,58850.15163000
4657,2023-02-16 04:00:00,24731.60000000,24756.35000000,24430.12000000,24612.95000000,48051.21682000
4658,2023-02-16 08:00:00,24611.51000000,24664.49000000,24509.07000000,24568.55000000,39484.86925000
4659,2023-02-16 12:00:00,24567.93000000,25091.00000000,24283.35000000,25072.67000000,101794.47626000
4660,2023-02-16 16:00:00,25072.67000000,25250.00000000,24606.14000000,24872.58000000,108806.09222000
4661,2023-02-16 20:00:00,24872.58000000,24879.81000000,23505.25000000,23517.72000000,93093.87748000
4662,2023-02-17 00:00:00,23517.72000000,23914.58000000,23339.37000000,23838.64000000,69235.79241000
4663,2023-02-17 04:00:00,23838.64000000,23883.12000000,23612.00000000,23637.04000000,43781.38344000
4664,2023-02-17 08:00:00,23635.84000000,23861.78000000,23532.69000000,23789.82000000,58228.45005000
4665,2023-02-17 12:00:00,23789.12000000,24280.00000000,23710.00000000,24130.50000000,118441.10660000
4666,2023-02-17 16:00:00,24130.50000000,24560.64000000,23917.65000000,24524.49000000,115198.92622000
4667,2023-02-17 20:00:00,24524.49000000,25021.11000000,24051.73000000,24569.97000000,91927.55504000
4668,2023-02-18 00:00:00,24568.24000000,24787.50000000,24503.49000000,24609.68000000,37989.15667000
4669,2023-02-18 04:00:00,24609.68000000,24676.90000000,24430.00000000,24519.01000000,31352.25067000
4670,2023-02-18 08:00:00,24519.01000000,24607.82000000,24436.46000000,24519.42000000,33957.71014000
4671,2023-02-18 12:00:00,24519.93000000,24734.32000000,24488.43000000,24668.26000000,45000.52343000
4672,2023-02-18 16:00:00,24667.02000000,24877.00000000,24567.90000000,24608.34000000,45513.45782000
4673,2023-02-18 20:00:00,24608.34000000,24666.00000000,24514.03000000,24631.95000000,23104.15340000
4674,2023-02-19 00:00:00,24632.05000000,24770.67000000,24622.18000000,24681.69000000,24556.31650000
4675,2023-02-19 04:00:00,24682.10000000,24850.00000000,24563.23000000,24582.62000000,38276.37482000
4676,2023-02-19 08:00:00,24582.62000000,24706.77000000,24560.47000000,24669.43000000,30376.46031000
4677,2023-02-19 12:00:00,24669.43000000,25046.00000000,24656.44000000,24922.21000000,59494.57652000
4678,2023-02-19 16:00:00,24922.21000000,25192.00000000,24277.53000000,24523.79000000,99703.62008000
4679,2023-02-19 20:00:00,24523.04000000,24580.28000000,24192.57000000,24271.76000000,47988.64719000
4680,2023-02-20 00:00:00,24272.51000000,24480.44000000,23840.83000000,24418.95000000,63390.50289000
4681,2023-02-20 04:00:00,24417.86000000,24555.00000000,24402.87000000,24503.65000000,38007.57091000
4682,2023-02-20 08:00:00,24503.65000000,24983.71000000,24373.33000000,24890.00000000,79645.74015000
4683,2023-02-20 12:00:00,24889.00000000,25121.23000000,24720.00000000,24942.87000000,80964.87642000
4684,2023-02-20 16:00:00,24942.87000000,24957.32000000,24622.00000000,24872.19000000,56462.35763000
4685,2023-02-20 20:00:00,24872.18000000,24887.20000000,24655.00000000,24842.20000000,28467.52197000
4686,2023-02-21 00:00:00,24843.89000000,25093.23000000,24781.50000000,24926.56000000,47489.89991000
4687,2023-02-21 04:00:00,24926.56000000,25050.00000000,24854.18000000,24999.95000000,37867.03335000
4688,2023-02-21 08:00:00,24999.77000000,25250.00000000,24555.55000000,24572.83000000,86178.83261000
4689,2023-02-21 12:00:00,24572.83000000,24790.00000000,24408.00000000,24558.09000000,79603.75437000
4690,2023-02-21 16:00:00,24556.81000000,24745.78000000,24279.35000000,24602.88000000,75522.89551000
4691,2023-02-21 20:00:00,24602.88000000,24639.56000000,24148.34000000,24452.16000000,49338.41293000
4692,2023-02-22 00:00:00,24450.67000000,24476.05000000,23855.55000000,24201.85000000,66953.18365000
4693,2023-02-22 04:00:00,24202.67000000,24221.60000000,23931.00000000,24060.95000000,53259.16489000
4694,2023-02-22 08:00:00,24059.73000000,24216.55000000,23860.61000000,24160.87000000,58413.62449000
4695,2023-02-22 12:00:00,24160.87000000,24235.37000000,23627.08000000,23713.61000000,86251.40733000
4696,2023-02-22 16:00:00,23714.94000000,23972.97000000,23574.69000000,23791.67000000,74769.74135000
4697,2023-02-22 20:00:00,23791.68000000,24218.92000000,23735.19000000,24182.21000000,39778.63194000
4698,2023-02-23 00:00:00,24182.21000000,24599.59000000,24124.33000000,24454.85000000,58028.05449000
4699,2023-02-23 04:00:00,24454.85000000,24526.08000000,24311.35000000,24376.27000000,40892.96719000
4700,2023-02-23 08:00:00,24377.12000000,24494.28000000,23647.46000000,23780.20000000,72957.69926000
4701,2023-02-23 12:00:00,23780.21000000,24228.44000000,23608.00000000,23950.92000000,114931.16520000
4702,2023-02-23 16:00:00,23951.83000000,24056.00000000,23725.10000000,23971.50000000,72622.39716000
4703,2023-02-23 20:00:00,23971.51000000,24069.87000000,23756.77000000,23940.20000000,38968.17107000
4704,2023-02-24 00:00:00,23940.20000000,24132.35000000,23890.00000000,23954.05000000,37762.53136000
4705,2023-02-24 04:00:00,23954.50000000,23986.12000000,23766.60000000,23830.32000000,37287.85119000
4706,2023-02-24 08:00:00,23831.22000000,23973.79000000,23754.03000000,23883.72000000,38332.75164000
4707,2023-02-24 12:00:00,23883.72000000,24027.44000000,23322.01000000,23351.31000000,88325.95100000
4708,2023-02-24 16:00:00,23349.25000000,23353.10000000,22841.19000000,23182.27000000,94448.70234000
4709,2023-02-24 20:00:00,23182.27000000,23332.79000000,22974.30000000,23185.29000000,47424.78700000
4710,2023-02-25 00:00:00,23184.04000000,23219.13000000,23045.33000000,23077.64000000,26711.13207000
4711,2023-02-25 04:00:00,23077.12000000,23129.65000000,23023.23000000,23117.16000000,24808.07053000
4712,2023-02-25 08:00:00,23117.10000000,23158.16000000,22906.50000000,22983.85000000,35506.74408000
4713,2023-02-25 12:00:00,22983.85000000,23086.00000000,22858.35000000,23006.18000000,33363.06698000
4714,2023-02-25 16:00:00,23006.18000000,23086.29000000,22912.10000000,22983.05000000,31984.90521000
4715,2023-02-25 20:00:00,22983.78000000,23185.99000000,22722.00000000,23157.07000000,38937.89123000
4716,2023-02-26 00:00:00,23157.07000000,23250.00000000,23059.18000000,23214.53000000,25544.02597000
4717,2023-02-26 04:00:00,23214.53000000,23227.17000000,23090.00000000,23154.57000000,22591.59482000
4718,2023-02-26 08:00:00,23154.57000000,23293.97000000,23112.35000000,23253.44000000,27886.07588000
4719,2023-02-26 12:00:00,23253.44000000,23331.26000000,23126.47000000,23247.23000000,35538.36772000
4720,2023-02-26 16:00:00,23247.96000000,23544.93000000,23137.00000000,23499.33000000,42223.44384000
4721,2023-02-26 20:00:00,23499.33000000,23689.99000000,23323.42000000,23554.85000000,48540.22800000
4722,2023-02-27 00:00:00,23554.85000000,23644.65000000,23432.76000000,23551.62000000,30792.51063000
4723,2023-02-27 04:00:00,23551.99000000,23561.34000000,23346.16000000,23423.31000000,30283.95062000
4724,2023-02-27 08:00:00,23423.88000000,23455.31000000,23332.65000000,23428.87000000,28495.85395000
4725,2023-02-27 12:00:00,23428.87000000,23897.99000000,23379.25000000,23559.40000000,83616.02692000
4726,2023-02-27 16:00:00,23557.66000000,23618.30000000,23150.00000000,23276.35000000,71456.59915000
4727,2023-02-27 20:00:00,23276.34000000,23582.98000000,23106.77000000,23492.09000000,39061.14463000
4728,2023-02-28 00:00:00,23492.09000000,23549.99000000,23349.57000000,23467.52000000,25897.10942000
4729,2023-02-28 04:00:00,23467.01000000,23470.44000000,23212.80000000,23236.68000000,29133.30210000
4730,2023-02-28 08:00:00,23235.63000000,23421.98000000,23200.00000000,23392.69000000,33078.50122000
4731,2023-02-28 12:00:00,23391.96000000,23579.12000000,23315.42000000,23518.30000000,68386.61130000
4732,2023-02-28 16:00:00,23519.08000000,23600.00000000,23205.06000000,23264.36000000,54116.84831000
4733,2023-02-28 20:00:00,23263.38000000,23343.55000000,23020.97000000,23141.57000000,53528.62659000
4734,2023-03-01 00:00:00,23141.57000000,23498.00000000,23020.03000000,23441.14000000,47163.64208000
4735,2023-03-01 04:00:00,23440.37000000,23847.00000000,23425.44000000,23716.06000000,49437.13297000
4736,2023-03-01 08:00:00,23716.06000000,24000.00000000,23673.44000000,23739.17000000,45593.75366000
4737,2023-03-01 12:00:00,23739.87000000,23888.00000000,23550.80000000,23711.09000000,71527.84275000
4738,2023-03-01 16:00:00,23711.09000000,23746.24000000,23328.16000000,23355.14000000,59540.49755000
4739,2023-03-01 20:00:00,23354.03000000,23674.60000000,23300.00000000,23628.97000000,42024.54836000
4740,2023-03-02 00:00:00,23629.76000000,23796.93000000,23423.17000000,23494.29000000,38918.66091000
4741,2023-03-02 04:00:00,23494.29000000,23546.82000000,23335.41000000,23391.87000000,27953.94328000
4742,2023-03-02 08:00:00,23391.87000000,23468.50000000,23337.37000000,23414.73000000,32030.91052000
4743,2023-03-02 12:00:00,23414.73000000,23434.26000000,23195.90000000,23361.11000000,63610.81714000
4744,2023-03-02 16:00:00,23361.10000000,23507.97000000,23231.29000000,23463.99000000,46562.98279000
4745,2023-03-02 20:00:00,23463.40000000,23567.52000000,23386.44000000,23465.32000000,30238.13755000
4746,2023-03-03 00:00:00,23465.32000000,23476.95000000,21971.13000000,22319.69000000,105002.30763000
4747,2023-03-03 04:00:00,22319.69000000,22411.36000000,22251.08000000,22360.78000000,39524.68367000
4748,2023-03-03 08:00:00,22360.78000000,22479.97000000,22300.14000000,22342.92000000,34119.07106000
4749,2023-03-03 12:00:00,22343.06000000,22498.99000000,22172.65000000,22336.33000000,63808.35172000
4750,2023-03-03 16:00:00,22335.84000000,22448.25000000,22229.25000000,22358.48000000,42253.91274000
4751,2023-03-03 20:00:00,22357.83000000,22378.22000000,22147.00000000,22354.34000000,35245.87103000
4752,2023-03-04 00:00:00,22354.34000000,22392.17000000,22323.05000000,22346.66000000,17092.81805000
4753,2023-03-04 04:00:00,22346.65000000,22410.00000000,22269.94000000,22359.09000000,20708.89441000
4754,2023-03-04 08:00:00,22359.44000000,22376.97000000,22322.30000000,22349.46000000,15610.44674000
4755,2023-03-04 12:00:00,22349.46000000,22398.00000000,22307.98000000,22317.87000000,19247.99791000
4756,2023-03-04 16:00:00,22317.38000000,22347.93000000,22227.20000000,22250.78000000,18483.98314000
4757,2023-03-04 20:00:00,22250.67000000,22359.00000000,22157.08000000,22346.57000000,30113.24107000
4758,2023-03-05 00:00:00,22346.57000000,22662.09000000,22189.22000000,22387.02000000,47822.67957000
4759,2023-03-05 04:00:00,22387.02000000,22470.93000000,22365.26000000,22375.70000000,19299.91498000
4760,2023-03-05 08:00:00,22375.70000000,22448.80000000,22316.63000000,22389.77000000,20090.00817000
4761,2023-03-05 12:00:00,22390.12000000,22494.96000000,22388.57000000,22436.18000000,22428.03796000
4762,2023-03-05 16:00:00,22436.70000000,22460.07000000,22374.60000000,22403.45000000,16269.59179000
4763,2023-03-05 20:00:00,22403.45000000,22560.00000000,22331.00000000,22430.24000000,28931.52539000
4764,2023-03-06 00:00:00,22430.24000000,22508.00000000,22258.00000000,22387.19000000,38270.80221000
4765,2023-03-06 04:00:00,22387.19000000,22436.00000000,22313.94000000,22392.74000000,20841.04209000
4766,2023-03-06 08:00:00,22392.74000000,22450.00000000,22355.00000000,22379.57000000,28144.14141000
4767,2023-03-06 12:00:00,22379.95000000,22602.19000000,22357.08000000,22553.42000000,44162.64438000
4768,2023-03-06 16:00:00,22554.43000000,22586.98000000,22358.00000000,22393.35000000,45283.05605000
4769,2023-03-06 20:00:00,22393.35000000,22450.00000000,22320.01000000,22410.00000000,27050.14343000
4770,2023-03-07 00:00:00,22409.41000000,22557.91000000,22377.69000000,22460.54000000,28066.33637000
4771,2023-03-07 04:00:00,22460.99000000,22479.85000000,22408.09000000,22419.71000000,21032.34041000
4772,2023-03-07 08:00:00,22420.29000000,22432.60000000,22321.00000000,22351.02000000,35538.29626000
4773,2023-03-07 12:00:00,22351.02000000,22489.88000000,21927.00000000,22320.90000000,97281.67866000
4774,2023-03-07 16:00:00,22321.98000000,22394.08000000,22054.92000000,22124.77000000,62136.24828000
4775,2023-03-07 20:00:00,22125.99000000,22230.51000000,21943.00000000,22197.96000000,48464.90914000
4776,2023-03-08 00:00:00,22198.56000000,22287.00000000,22084.30000000,22152.52000000,30155.52102000
4777,2023-03-08 04:00:00,22152.52000000,22167.73000000,21840.13000000,21971.03000000,47071.57310000
4778,2023-03-08 08:00:00,21971.83000000,22144.20000000,21944.55000000,22072.45000000,41053.20652000
4779,2023-03-08 12:00:00,22071.98000000,22229.04000000,21876.66000000,22140.80000000,81155.91342000
4780,2023-03-08 16:00:00,22139.97000000,22218.30000000,21944.25000000,21997.25000000,47324.56273000
4781,2023-03-08 20:00:00,21997.25000000,22133.75000000,21580.00000000,21705.44000000,54699.79593000
4782,2023-03-09 00:00:00,21704.37000000,21806.68000000,21629.43000000,21769.66000000,35431.65786000
4783,2023-03-09 04:00:00,21770.37000000,21774.69000000,21665.67000000,21688.54000000,27862.16425000
4784,2023-03-09 08:00:00,21688.54000000,21700.00000000,21527.00000000,21669.38000000,52297.66020000
4785,2023-03-09 12:00:00,21669.38000000,21834.99000000,21552.84000000,21648.57000000,71861.08871000
4786,2023-03-09 16:00:00,21647.42000000,21675.22000000,20766.20000000,20854.93000000,127310.48874000
4787,2023-03-09 20:00:00,20856.30000000,20867.30000000,20042.72000000,20362.22000000,128895.22608000
4788,2023-03-10 00:00:00,20362.21000000,20367.78000000,19776.22000000,20052.07000000,111144.42259000
4789,2023-03-10 04:00:00,20052.07000000,20065.00000000,19776.55000000,19953.58000000,83995.86888000
4790,2023-03-10 08:00:00,19953.58000000,19977.00000000,19549.09000000,19760.78000000,96978.28705000
4791,2023-03-10 12:00:00,19761.12000000,20321.19000000,19657.11000000,20004.96000000,152618.48716000
4792,2023-03-10 16:00:00,20004.96000000,20307.73000000,19824.06000000,20024.32000000,109663.76524000
4793,2023-03-10 20:00:00,20022.72000000,20240.40000000,19850.00000000,20150.69000000,64055.63618000
4794,2023-03-11 00:00:00,20150.69000000,20686.51000000,20135.05000000,20393.88000000,98589.40007000
4795,2023-03-11 04:00:00,20393.89000000,20435.43000000,19823.82000000,19850.81000000,76336.21941000
4796,2023-03-11 08:00:00,19850.81000000,20208.36000000,19765.03000000,20086.07000000,81791.94176000
4797,2023-03-11 12:00:00,20086.07000000,20205.46000000,20030.00000000,20061.98000000,50101.82477000
4798,2023-03-11 16:00:00,20062.77000000,20331.44000000,19992.24000000,20220.96000000,62707.52998000
4799,2023-03-11 20:00:00,20220.98000000,20529.91000000,20214.63000000,20455.73000000,58304.90534000
4800,2023-03-12 00:00:00,20455.73000000,20502.46000000,20303.53000000,20376.46000000,51370.51344000
4801,2023-03-12 04:00:00,20376.47000000,20440.80000000,20270.60000000,20346.71000000,35988.61581000
4802,2023-03-12 08:00:00,20346.71000000,20497.34000000,20333.80000000,20445.43000000,39710.54197000
4803,2023-03-12 12:00:00,20445.56000000,20466.00000000,20284.39000000,20358.96000000,49787.13406000
4804,2023-03-12 16:00:00,20359.59000000,21331.75000000,20341.85000000,20779.54000000,124989.68987000
4805,2023-03-12 20:00:00,20779.54000000,22150.00000000,20755.76000000,21997.11000000,129098.44773000
4806,2023-03-13 00:00:00,21998.05000000,22600.00000000,21860.74000000,22231.62000000,111447.41727000
4807,2023-03-13 04:00:00,22232.76000000,22506.00000000,22222.88000000,22458.72000000,68170.49795000
4808,2023-03-13 08:00:00,22458.87000000,22539.64000000,21813.88000000,22106.64000000,112208.05043000
4809,2023-03-13 12:00:00,22106.63000000,24500.00000000,21959.00000000,23981.72000000,216519.77954000
4810,2023-03-13 16:00:00,23981.72000000,24393.83000000,23755.00000000,24279.91000000,122447.56492000
4811,2023-03-13 20:00:00,24277.25000000,24311.99000000,23938.00000000,24113.48000000,57096.00248000
4812,2023-03-14 00:00:00,24112.27000000,24496.41000000,23986.02000000,24374.20000000,70241.14758000
4813,2023-03-14 04:00:00,24375.68000000,24820.00000000,24139.06000000,24247.64000000,78968.84513000
4814,2023-03-14 08:00:00,24246.75000000,24820.00000000,24118.28000000,24743.04000000,90925.96183000
4815,2023-03-14 12:00:00,24743.05000000,26386.87000000,24458.04000000,25894.67000000,210348.01513000
4816,2023-03-14 16:00:00,25894.67000000,26001.81000000,24212.49000000,25054.15000000,144791.97024000
4817,2023-03-14 20:00:00,25048.39000000,25167.90000000,23976.42000000,24670.41000000,104084.99432000
4818,2023-03-15 00:00:00,24670.41000000,25074.24000000,24284.60000000,24717.65000000,74592.62791000
4819,2023-03-15 04:00:00,24716.87000000,24918.59000000,24599.00000000,24871.28000000,49951.07180000
4820,2023-03-15 08:00:00,24872.54000000,24922.22000000,24255.00000000,24754.50000000,92660.51407000
4821,2023-03-15 12:00:00,24753.27000000,25196.97000000,24371.60000000,24471.01000000,172954.88765000
4822,2023-03-15 16:00:00,24471.01000000,24523.00000000,23896.95000000,24366.71000000,137774.37953000
4823,2023-03-15 20:00:00,24369.97000000,24633.02000000,24223.00000000,24285.66000000,53517.24888000
4824,2023-03-16 00:00:00,24285.66000000,24439.80000000,24123.00000000,24265.43000000,52421.25766000
4825,2023-03-16 04:00:00,24265.44000000,24685.00000000,24182.00000000,24614.27000000,58224.85322000
4826,2023-03-16 08:00:00,24615.79000000,25066.32000000,24374.35000000,24824.62000000,94332.38827000
4827,2023-03-16 12:00:00,24826.33000000,25032.74000000,24515.23000000,24888.44000000,105164.77326000
4828,2023-03-16 16:00:00,24889.94000000,25167.40000000,24620.00000000,24953.21000000,75970.81647000
4829,2023-03-16 20:00:00,24953.21000000,25090.00000000,24623.52000000,24998.78000000,53307.24110000
4830,2023-03-17 00:00:00,24998.78000000,25896.00000000,24890.00000000,25781.66000000,92627.82966000
4831,2023-03-17 04:00:00,25781.66000000,26196.40000000,25656.00000000,26058.45000000,82998.31022000
4832,2023-03-17 08:00:00,26060.07000000,26970.00000000,25918.02000000,26918.73000000,122412.61854000
4833,2023-03-17 12:00:00,26920.11000000,26935.12000000,26118.19000000,26421.34000000,129230.31572000
4834,2023-03-17 16:00:00,26419.28000000,26860.66000000,26264.00000000,26834.87000000,93862.34173000
4835,2023-03-17 20:00:00,26834.87000000,27756.84000000,26588.38000000,27395.13000000,103329.26504000
4836,2023-03-18 00:00:00,27395.13000000,27724.85000000,27060.00000000,27307.54000000,81541.36167000
4837,2023-03-18 04:00:00,27306.57000000,27612.31000000,27212.56000000,27359.89000000,43190.10831000
4838,2023-03-18 08:00:00,27360.43000000,27500.00000000,27055.83000000,27443.09000000,48227.50229000
4839,2023-03-18 12:00:00,27443.09000000,27637.20000000,27057.00000000,27226.23000000,68303.82651000
4840,2023-03-18 16:00:00,27227.63000000,27489.94000000,26578.00000000,27329.83000000,84968.97465000
4841,2023-03-18 20:00:00,27329.14000000,27449.95000000,26810.00000000,26907.49000000,45007.19831000
4842,2023-03-19 00:00:00,26907.49000000,27255.19000000,26901.02000000,27198.71000000,36110.46659000
4843,2023-03-19 04:00:00,27198.71000000,27291.40000000,26827.22000000,26974.81000000,36337.34801000
4844,2023-03-19 08:00:00,26973.76000000,27200.00000000,26872.00000000,27160.98000000,41991.39588000
4845,2023-03-19 12:00:00,27162.33000000,27750.00000000,27110.12000000,27546.62000000,71743.09938000
4846,2023-03-19 16:00:00,27546.62000000,28376.00000000,27470.00000000,28255.87000000,113916.61398000
4847,2023-03-19 20:00:00,28255.35000000,28390.10000000,27738.00000000,27972.87000000,71968.06670000
4848,2023-03-20 00:00:00,27972.87000000,28057.44000000,27124.47000000,27269.17000000,78217.14607000
4849,2023-03-20 04:00:00,27269.18000000,28268.00000000,27141.36000000,28183.13000000,74108.85462000
4850,2023-03-20 08:00:00,28183.13000000,28472.00000000,27919.66000000,28188.93000000,101047.66229000
4851,2023-03-20 12:00:00,28188.95000000,28258.58000000,27620.00000000,27694.46000000,93832.37034000
4852,2023-03-20 16:00:00,27698.15000000,28041.48000000,27461.35000000,27785.10000000,82313.05852000
4853,2023-03-20 20:00:00,27784.57000000,28186.71000000,27577.02000000,27717.01000000,47859.14189000
4854,2023-03-21 00:00:00,27717.01000000,27953.33000000,27664.51000000,27787.29000000,50949.32902000
4855,2023-03-21 04:00:00,27787.29000000,27968.00000000,27303.10000000,27505.25000000,66335.07466000
4856,2023-03-21 08:00:00,27505.25000000,28177.00000000,27393.52000000,28040.13000000,82017.60625000
4857,2023-03-21 12:00:00,28040.13000000,28244.87000000,27730.00000000,28041.06000000,100474.32090000
4858,2023-03-21 16:00:00,28041.06000000,28438.55000000,27935.07000000,28126.84000000,84240.60599000
4859,2023-03-21 20:00:00,28126.85000000,28214.99000000,27900.00000000,28105.47000000,36912.80538000
4860,2023-03-22 00:00:00,28107.81000000,28280.00000000,27945.44000000,28154.14000000,37000.16051000
4861,2023-03-22 04:00:00,28154.14000000,28288.00000000,28028.24000000,28103.69000000,22588.25375000
4862,2023-03-22 08:00:00,28103.68000000,28213.23000000,28000.00000000,28122.74000000,16280.67428000
4863,2023-03-22 12:00:00,28122.73000000,28736.00000000,28105.35000000,28595.07000000,35677.15924000
4864,2023-03-22 16:00:00,28595.06000000,28868.05000000,26650.27000000,26667.33000000,84244.59506000
4865,2023-03-22 20:00:00,26668.80000000,27437.98000000,26601.80000000,27250.97000000,28322.57012000
4866,2023-03-23 00:00:00,27250.97000000,27428.69000000,27105.00000000,27356.78000000,13920.76715000
4867,2023-03-23 04:00:00,27356.79000000,27700.00000000,27258.00000000,27631.93000000,14310.97848000
4868,2023-03-23 08:00:00,27631.93000000,27738.27000000,27439.50000000,27584.53000000,11897.09818000
4869,2023-03-23 12:00:00,27584.52000000,28750.00000000,27275.92000000,28580.87000000,40190.57705000
4870,2023-03-23 16:00:00,28580.86000000,28647.05000000,27772.22000000,28369.99000000,34052.53912000
4871,2023-03-23 20:00:00,28369.82000000,28438.00000000,27967.93000000,28295.41000000,14277.64820000
4872,2023-03-24 00:00:00,28295.42000000,28374.30000000,28134.86000000,28219.98000000,8820.33865000
4873,2023-03-24 04:00:00,28219.98000000,28335.32000000,28102.15000000,28274.59000000,9065.12568000
4874,2023-03-24 08:00:00,28274.58000000,28295.72000000,27934.48000000,28080.00000000,14569.39777000
4875,2023-03-24 12:00:00,28079.99000000,28253.01000000,27835.00000000,28018.04000000,14181.52699000
4876,2023-03-24 16:00:00,28018.04000000,28059.63000000,27523.81000000,27821.60000000,20321.97050000
4877,2023-03-24 20:00:00,27821.59000000,27860.00000000,27000.00000000,27454.47000000,19283.70585000
4878,2023-03-25 00:00:00,27454.46000000,27658.20000000,27420.00000000,27581.65000000,7631.30004000
4879,2023-03-25 04:00:00,27581.65000000,27608.20000000,27375.90000000,27485.36000000,7176.48565000
4880,2023-03-25 08:00:00,27485.37000000,27537.79000000,27309.80000000,27457.20000000,7012.98940000
4881,2023-03-25 12:00:00,27457.19000000,27787.33000000,27357.14000000,27647.43000000,10741.62680000
4882,2023-03-25 16:00:00,27647.44000000,27730.00000000,27159.57000000,27189.68000000,11693.92908000
4883,2023-03-25 20:00:00,27189.69000000,27529.29000000,27156.09000000,27462.95000000,6587.75005000
4884,2023-03-26 00:00:00,27462.96000000,27650.00000000,27417.76000000,27529.26000000,5328.00445000
4885,2023-03-26 04:00:00,27529.27000000,27570.93000000,27462.15000000,27504.94000000,3807.16894000
4886,2023-03-26 08:00:00,27504.94000000,27915.08000000,27480.01000000,27865.95000000,8183.69994000
4887,2023-03-26 12:00:00,27865.96000000,28194.40000000,27695.00000000,27803.89000000,17696.05035000
4888,2023-03-26 16:00:00,27803.89000000,27934.57000000,27635.18000000,27827.95000000,5605.98308000
4889,2023-03-26 20:00:00,27827.95000000,28143.00000000,27670.71000000,27968.05000000,9050.79677000
4890,2023-03-27 00:00:00,27968.05000000,28023.86000000,27781.60000000,27888.68000000,6854.66298000
4891,2023-03-27 04:00:00,27888.68000000,27935.17000000,27666.00000000,27808.81000000,8855.53930000
4892,2023-03-27 08:00:00,27808.80000000,27996.28000000,27768.55000000,27892.69000000,7616.84015000
4893,2023-03-27 12:00:00,27892.69000000,27923.42000000,26508.14000000,26903.62000000,39066.20195000
4894,2023-03-27 16:00:00,26903.63000000,27313.42000000,26858.79000000,26968.94000000,16613.02840000
4895,2023-03-27 20:00:00,26968.93000000,27255.00000000,26877.82000000,27124.91000000,9033.19620000
4896,2023-03-28 00:00:00,27124.90000000,27176.05000000,26800.00000000,26971.71000000,11049.59827000
4897,2023-03-28 04:00:00,26971.71000000,27142.25000000,26872.11000000,26962.88000000,9458.87712000
4898,2023-03-28 08:00:00,26962.89000000,27155.38000000,26631.78000000,27057.36000000,15726.76618000
4899,2023-03-28 12:00:00,27057.36000000,27210.00000000,26835.31000000,26998.63000000,15937.25349000
4900,2023-03-28 16:00:00,26998.63000000,27520.00000000,26745.00000000,27425.99000000,18090.07394000
4901,2023-03-28 20:00:00,27425.98000000,27492.80000000,27095.66000000,27261.07000000,8339.87441000
4902,2023-03-29 00:00:00,27261.06000000,27479.36000000,27240.10000000,27367.45000000,7124.26009000
4903,2023-03-29 04:00:00,27367.44000000,28164.48000000,27349.68000000,28086.82000000,22445.56265000
4904,2023-03-29 08:00:00,28086.82000000,28650.00000000,28040.34000000,28353.99000000,23446.56936000
4905,2023-03-29 12:00:00,28354.00000000,28590.00000000,28230.85000000,28442.79000000,16417.40637000
4906,2023-03-29 16:00:00,28442.80000000,28448.68000000,28135.82000000,28419.49000000,11647.76233000
4907,2023-03-29 20:00:00,28419.49000000,28500.00000000,28211.00000000,28348.60000000,8404.59928000
4908,2023-03-30 00:00:00,28348.60000000,29184.68000000,28090.06000000,28489.18000000,28533.03962000
4909,2023-03-30 04:00:00,28489.19000000,28775.60000000,28442.79000000,28725.01000000,11891.44250000
4910,2023-03-30 08:00:00,28725.00000000,28748.76000000,28500.00000000,28644.79000000,10631.82494000
4911,2023-03-30 12:00:00,28644.79000000,28691.45000000,28169.50000000,28300.33000000,17202.57157000
4912,2023-03-30 16:00:00,28300.32000000,28301.01000000,27686.00000000,27986.09000000,20579.80879000
4913,2023-03-30 20:00:00,27986.10000000,28197.96000000,27786.66000000,28028.53000000,10026.74514000
4914,2023-03-31 00:00:00,28028.53000000,28375.00000000,27916.34000000,28168.41000000,11765.30998000
4915,2023-03-31 04:00:00,28168.41000000,28219.36000000,27511.71000000,27738.48000000,15529.91399000
4916,2023-03-31 08:00:00,27738.48000000,27992.05000000,27688.00000000,27927.97000000,10543.80570000
4917,2023-03-31 12:00:00,27927.97000000,28656.69000000,27870.93000000,28494.99000000,24322.41408000
4918,2023-03-31 16:00:00,28495.00000000,28541.18000000,28262.87000000,28469.31000000,9395.77884000
4919,2023-03-31 20:00:00,28469.31000000,28632.94000000,28337.46000000,28465.36000000,6640.89880000
4920,2023-04-01 00:00:00,28465.36000000,28819.71000000,28408.57000000,28541.10000000,7594.11361000
4921,2023-04-01 04:00:00,28541.10000000,28625.10000000,28351.35000000,28424.99000000,5673.20621000
4922,2023-04-01 08:00:00,28424.98000000,28485.11000000,28360.65000000,28372.85000000,4134.10870000
4923,2023-04-01 12:00:00,28372.84000000,28473.90000000,28220.27000000,28400.07000000,5187.63015000
4924,2023-04-01 16:00:00,28400.07000000,28443.04000000,28280.00000000,28381.98000000,3397.25326000
4925,2023-04-01 20:00:00,28381.97000000,28577.00000000,28379.63000000,28452.73000000,4252.13560000
4926,2023-04-02 00:00:00,28452.74000000,28530.00000000,28355.00000000,28476.59000000,3671.10292000
4927,2023-04-02 04:00:00,28476.58000000,28490.40000000,28381.54000000,28416.38000000,2774.33739000
4928,2023-04-02 08:00:00,28416.37000000,28450.90000000,28306.80000000,28357.93000000,3482.11028000
4929,2023-04-02 12:00:00,28357.93000000,28361.00000000,28037.59000000,28124.81000000,10410.79993000
4930,2023-04-02 16:00:00,28124.80000000,28229.90000000,27856.43000000,27943.85000000,9548.76463000
4931,2023-04-02 20:00:00,27943.84000000,28203.35000000,27858.29000000,28171.87000000,7478.54177000
4932,2023-04-03 00:00:00,28171.87000000,28182.17000000,27560.00000000,27753.85000000,11150.24369000
4933,2023-04-03 04:00:00,27753.85000000,27962.90000000,27588.00000000,27958.74000000,7740.46106000
4934,2023-04-03 08:00:00,27958.73000000,28500.99000000,27958.73000000,28253.73000000,16752.02691000
4935,2023-04-03 12:00:00,28253.73000000,28375.00000000,27945.19000000,28051.48000000,12843.96705000
4936,2023-04-03 16:00:00,28051.48000000,28238.53000000,27875.00000000,28081.08000000,10815.36454000
4937,2023-04-03 20:00:00,28081.08000000,28093.56000000,27200.24000000,27800.00000000,19877.95080000
4938,2023-04-04 00:00:00,27800.00000000,27965.00000000,27662.79000000,27855.06000000,7378.74569000
4939,2023-04-04 04:00:00,27855.06000000,28145.00000000,27775.37000000,28021.30000000,7401.39758000
4940,2023-04-04 08:00:00,28021.31000000,28444.44000000,27931.20000000,28289.52000000,11327.61021000
4941,2023-04-04 12:00:00,28289.51000000,28399.00000000,27947.59000000,28030.04000000,11827.84541000
4942,2023-04-04 16:00:00,28030.05000000,28260.00000000,27971.07000000,28189.25000000,6969.29766000
4943,2023-04-04 20:00:00,28189.25000000,28305.00000000,28078.63000000,28165.47000000,4817.66036000
4944,2023-04-05 00:00:00,28165.47000000,28775.00000000,28099.68000000,28544.72000000,14845.01269000
4945,2023-04-05 04:00:00,28544.73000000,28624.35000000,28455.00000000,28525.21000000,5559.92922000
4946,2023-04-05 08:00:00,28525.20000000,28600.00000000,28450.50000000,28554.38000000,5619.64940000
4947,2023-04-05 12:00:00,28554.37000000,28750.00000000,27860.00000000,28031.09000000,19633.38200000
4948,2023-04-05 16:00:00,28031.09000000,28308.04000000,27805.10000000,28240.64000000,11011.74625000
4949,2023-04-05 20:00:00,28240.64000000,28300.00000000,28132.16000000,28170.01000000,4067.92776000
4950,2023-04-06 00:00:00,28170.01000000,28182.05000000,27878.60000000,28128.42000000,6441.25347000
4951,2023-04-06 04:00:00,28128.42000000,28130.00000000,27907.77000000,27910.97000000,4898.59822000
4952,2023-04-06 08:00:00,27910.97000000,28028.60000000,27711.00000000,27945.52000000,8497.72048000
4953,2023-04-06 12:00:00,27945.51000000,28181.05000000,27750.00000000,28090.39000000,10932.58337000
4954,2023-04-06 16:00:00,28090.39000000,28165.88000000,27950.90000000,28017.77000000,5293.83638000
4955,2023-04-06 20:00:00,28017.77000000,28121.87000000,27900.00000000,28033.82000000,4054.95771000
4956,2023-04-07 00:00:00,28033.83000000,28100.00000000,27926.52000000,28038.66000000,3144.63896000
4957,2023-04-07 04:00:00,28038.67000000,28062.73000000,27766.94000000,27839.78000000,4967.42754000
4958,2023-04-07 08:00:00,27839.79000000,27961.67000000,27785.00000000,27840.90000000,5563.52260000
4959,2023-04-07 12:00:00,27840.89000000,27984.75000000,27800.00000000,27944.10000000,5761.76975000
4960,2023-04-07 16:00:00,27944.09000000,27953.47000000,27856.00000000,27897.52000000,2550.36482000
4961,2023-04-07 20:00:00,27897.51000000,27980.74000000,27839.02000000,27906.33000000,2774.37020000
4962,2023-04-08 00:00:00,27906.34000000,28059.39000000,27859.02000000,28023.39000000,3614.73585000
4963,2023-04-08 04:00:00,28023.39000000,28154.99000000,27974.14000000,28086.22000000,4034.10068000
4964,2023-04-08 08:00:00,28086.22000000,28114.94000000,27990.57000000,28016.09000000,2664.16144000
4965,2023-04-08 12:00:00,28016.09000000,28057.00000000,27950.00000000,28014.70000000,3002.75065000
4966,2023-04-08 16:00:00,28014.71000000,28020.00000000,27872.11000000,27924.13000000,3619.71605000
4967,2023-04-08 20:00:00,27924.13000000,27987.41000000,27885.86000000,27938.38000000,2544.50268000
4968,2023-04-09 00:00:00,27938.38000000,28083.45000000,27924.90000000,28027.71000000,3682.55851000
4969,2023-04-09 04:00:00,28027.71000000,28067.46000000,27840.51000000,27903.02000000,5008.26881000
4970,2023-04-09 08:00:00,27903.01000000,27949.99000000,27800.00000000,27930.20000000,3470.02822000
4971,2023-04-09 12:00:00,27930.20000000,27973.39000000,27800.00000000,27891.91000000,3818.27012000
4972,2023-04-09 16:00:00,27891.91000000,28250.00000000,27876.68000000,28140.40000000,6527.39031000
4973,2023-04-09 20:00:00,28140.41000000,28530.00000000,28094.50000000,28323.76000000,10024.64504000
4974,2023-04-10 00:00:00,28323.76000000,28425.43000000,28244.18000000,28278.45000000,5372.26276000
4975,2023-04-10 04:00:00,28278.45000000,28325.43000000,28196.61000000,28284.57000000,4995.24453000
4976,2023-04-10 08:00:00,28284.57000000,28375.02000000,28275.01000000,28305.60000000,5234.32286000
4977,2023-04-10 12:00:00,28305.59000000,28575.04000000,28170.00000000,28439.38000000,10137.40167000
4978,2023-04-10 16:00:00,28439.39000000,29380.00000000,28356.51000000,29173.06000000,27035.28756000
4979,2023-04-10 20:00:00,29173.05000000,29770.00000000,29069.10000000,29637.34000000,14979.54282000
4980,2023-04-11 00:00:00,29637.35000000,30430.00000000,29590.00000000,30115.95000000,20828.19269000
4981,2023-04-11 04:00:00,30115.95000000,30169.14000000,29800.00000000,30106.89000000,10285.50672000
4982,2023-04-11 08:00:00,30106.90000000,30147.38000000,29974.00000000,30055.15000000,7339.48746000
4983,2023-04-11 12:00:00,30055.14000000,30280.00000000,29975.00000000,30194.22000000,11314.16156000
4984,2023-04-11 16:00:00,30194.23000000,30550.00000000,30040.00000000,30130.02000000,10970.16011000
4985,2023-04-11 20:00:00,30130.02000000,30274.19000000,29940.00000000,30200.42000000,7252.56767000
4986,2023-04-12 00:00:00,30200.43000000,30350.07000000,29811.82000000,29922.04000000,11394.97178000
4987,2023-04-12 04:00:00,29922.04000000,30070.42000000,29850.00000000,29987.00000000,6069.48422000
4988,2023-04-12 08:00:00,29986.99000000,30050.47000000,29895.98000000,30016.30000000,5584.43686000
4989,2023-04-12 12:00:00,30016.31000000,30486.00000000,29637.40000000,29964.02000000,26308.52652000
4990,2023-04-12 16:00:00,29964.03000000,30091.01000000,29760.13000000,29798.59000000,8528.50057000
4991,2023-04-12 20:00:00,29798.59000000,29979.74000000,29775.68000000,29888.07000000,4163.56456000
4992,2023-04-13 00:00:00,29888.07000000,30200.00000000,29854.59000000,30072.17000000,5485.41854000
4993,2023-04-13 04:00:00,30072.17000000,30128.59000000,29982.93000000,30068.60000000,5087.64391000
4994,2023-04-13 08:00:00,30068.60000000,30374.87000000,30039.00000000,30159.82000000,10749.49629000
4995,2023-04-13 12:00:00,30159.81000000,30595.00000000,30134.16000000,30441.43000000,14771.58975000
4996,2023-04-13 16:00:00,30441.43000000,30535.76000000,30262.40000000,30335.13000000,9458.03277000
4997,2023-04-13 20:00:00,30335.13000000,30394.70000000,30205.00000000,30373.84000000,6381.93605000
4998,2023-04-14 00:00:00,30373.84000000,30893.79000000,30310.03000000,30690.88000000,18523.28940000
4999,2023-04-14 04:00:00,30690.89000000,31000.00000000,30674.53000000,30733.72000000,11910.85727000
5000,2023-04-14 08:00:00,30733.73000000,30827.27000000,30657.14000000,30801.89000000,7627.76445000
5001,2023-04-14 12:00:00,30801.89000000,30850.00000000,30101.00000000,30237.89000000,19633.71604000
5002,2023-04-14 16:00:00,30237.88000000,30357.80000000,29966.00000000,30324.09000000,12230.50318000
5003,2023-04-14 20:00:00,30324.09000000,30522.07000000,30272.25000000,30466.93000000,6058.06418000
5004,2023-04-15 00:00:00,30466.93000000,30595.60000000,30278.08000000,30376.14000000,5746.94380000
5005,2023-04-15 04:00:00,30376.13000000,30467.92000000,30337.97000000,30433.30000000,4154.39976000
5006,2023-04-15 08:00:00,30433.29000000,30470.00000000,30364.70000000,30385.30000000,3667.82496000
5007,2023-04-15 12:00:00,30385.31000000,30444.00000000,30285.00000000,30325.27000000,4272.47036000
5008,2023-04-15 16:00:00,30325.27000000,30339.35000000,30202.00000000,30331.74000000,4726.84822000
5009,2023-04-15 20:00:00,30331.74000000,30360.19000000,30236.39000000,30295.09000000,2861.32537000
5010,2023-04-16 00:00:00,30295.10000000,30319.04000000,30120.00000000,30249.37000000,3384.26015000
5011,2023-04-16 04:00:00,30249.36000000,30399.40000000,30245.82000000,30344.97000000,2921.29461000
5012,2023-04-16 08:00:00,30344.97000000,30353.96000000,30220.40000000,30226.45000000,3645.14709000
5013,2023-04-16 12:00:00,30226.46000000,30362.00000000,30160.40000000,30332.98000000,4673.57527000
5014,2023-04-16 16:00:00,30332.98000000,30549.99000000,30259.69000000,30309.06000000,6879.44808000
5015,2023-04-16 20:00:00,30309.05000000,30407.98000000,30192.00000000,30304.65000000,4928.26802000
5016,2023-04-17 00:00:00,30304.66000000,30316.06000000,29740.64000000,29982.80000000,13105.03703000
5017,2023-04-17 04:00:00,29982.80000000,30007.56000000,29832.00000000,29838.30000000,5573.07492000
5018,2023-04-17 08:00:00,29838.30000000,29922.50000000,29366.00000000,29570.81000000,11957.93933000
5019,2023-04-17 12:00:00,29570.80000000,29593.14000000,29240.65000000,29358.31000000,13750.46214000
5020,2023-04-17 16:00:00,29358.30000000,29580.17000000,29330.85000000,29467.24000000,7312.65763000
5021,2023-04-17 20:00:00,29467.25000000,29536.93000000,29391.92000000,29430.27000000,4742.64022000
5022,2023-04-18 00:00:00,29430.27000000,29500.00000000,29096.78000000,29446.99000000,7340.04494000
5023,2023-04-18 04:00:00,29447.00000000,29803.00000000,29442.56000000,29775.62000000,8003.36187000
5024,2023-04-18 08:00:00,29775.61000000,30381.68000000,29693.10000000,30380.59000000,13941.09794000
5025,2023-04-18 12:00:00,30380.59000000,30485.00000000,30099.37000000,30184.86000000,16268.45181000
5026,2023-04-18 16:00:00,30184.85000000,30274.21000000,29945.58000000,30221.52000000,9976.92726000
5027,2023-04-18 20:00:00,30221.53000000,30450.00000000,30150.00000000,30380.01000000,6475.01052000
5028,2023-04-19 00:00:00,30380.01000000,30413.53000000,30126.00000000,30211.23000000,5329.78580000
5029,2023-04-19 04:00:00,30211.23000000,30325.51000000,29980.00000000,30077.76000000,7472.46844000
5030,2023-04-19 08:00:00,30077.76000000,30077.76000000,29000.00000000,29310.65000000,32617.02212000
5031,2023-04-19 12:00:00,29310.64000000,29500.00000000,29100.00000000,29260.44000000,12985.95001000
5032,2023-04-19 16:00:00,29260.43000000,29370.00000000,29080.00000000,29227.07000000,8902.99790000
5033,2023-04-19 20:00:00,29227.06000000,29315.61000000,28520.00000000,28797.10000000,19267.26229000
5034,2023-04-20 00:00:00,28797.10000000,29000.00000000,28549.00000000,28862.52000000,11329.84169000
5035,2023-04-20 04:00:00,28862.51000000,29088.30000000,28818.80000000,28869.66000000,7669.56391000
5036,2023-04-20 08:00:00,28869.66000000,28951.00000000,28590.00000000,28607.13000000,8737.40051000
5037,2023-04-20 12:00:00,28607.12000000,28978.69000000,28334.00000000,28506.69000000,18458.73713000
5038,2023-04-20 16:00:00,28506.70000000,28658.81000000,28010.00000000,28104.38000000,21464.77891000
5039,2023-04-20 20:00:00,28104.38000000,28365.50000000,28012.00000000,28243.65000000,9218.77157000
5040,2023-04-21 00:00:00,28243.65000000,28374.02000000,28090.00000000,28321.41000000,7136.48260000
5041,2023-04-21 04:00:00,28321.42000000,28348.00000000,27815.89000000,28155.03000000,14964.65602000
5042,2023-04-21 08:00:00,28155.02000000,28237.30000000,27919.69000000,28066.21000000,9486.35341000
5043,2023-04-21 12:00:00,28066.22000000,28308.45000000,27962.65000000,28040.70000000,14095.50499000
5044,2023-04-21 16:00:00,28040.70000000,28090.54000000,27184.54000000,27279.91000000,20779.11295000
5045,2023-04-21 20:00:00,27279.90000000,27409.62000000,27125.00000000,27262.84000000,11222.65793000
5046,2023-04-22 00:00:00,27262.84000000,27367.77000000,27140.35000000,27322.16000000,5410.17958000
5047,2023-04-22 04:00:00,27322.15000000,27397.63000000,27225.00000000,27277.76000000,4190.23201000
5048,2023-04-22 08:00:00,27277.75000000,27324.58000000,27184.24000000,27286.65000000,4851.36968000
5049,2023-04-22 12:00:00,27286.65000000,27562.17000000,27231.00000000,27488.93000000,6866.08949000
5050,2023-04-22 16:00:00,27488.93000000,27804.38000000,27484.63000000,27622.61000000,8389.52746000
5051,2023-04-22 20:00:00,27622.61000000,27882.72000000,27566.91000000,27816.85000000,6316.29864000
5052,2023-04-23 00:00:00,27816.85000000,27816.85000000,27415.56000000,27557.84000000,6582.80343000
5053,2023-04-23 04:00:00,27557.83000000,27751.47000000,27531.85000000,27718.90000000,4072.92515000
5054,2023-04-23 08:00:00,27718.89000000,27777.00000000,27482.79000000,27642.90000000,5189.51221000
5055,2023-04-23 12:00:00,27642.89000000,27735.25000000,27311.25000000,27474.47000000,5943.17948000
5056,2023-04-23 16:00:00,27474.47000000,27689.83000000,27330.00000000,27465.77000000,8237.43783000
5057,2023-04-23 20:00:00,27465.78000000,27650.28000000,27402.88000000,27590.60000000,4786.23771000
5058,2023-04-24 00:00:00,27590.59000000,28000.00000000,27427.30000000,27790.48000000,8178.33983000
5059,2023-04-24 04:00:00,27790.49000000,27800.00000000,27350.00000000,27451.97000000,6200.98667000
5060,2023-04-24 08:00:00,27451.98000000,27553.24000000,27157.14000000,27550.84000000,10313.90924000
5061,2023-04-24 12:00:00,27550.83000000,27720.57000000,27200.00000000,27267.05000000,11420.22805000
5062,2023-04-24 16:00:00,27267.06000000,27579.80000000,26942.82000000,27383.29000000,12309.41846000
5063,2023-04-24 20:00:00,27383.28000000,27560.73000000,27320.47000000,27510.93000000,4688.68649000
5064,2023-04-25 00:00:00,27510.93000000,27590.28000000,27313.74000000,27345.72000000,5310.06861000
5065,2023-04-25 04:00:00,27345.71000000,27459.58000000,27240.80000000,27266.54000000,5140.31121000
5066,2023-04-25 08:00:00,27266.54000000,27443.63000000,27192.00000000,27390.96000000,6631.97649000
5067,2023-04-25 12:00:00,27390.96000000,27482.71000000,27199.17000000,27345.00000000,8847.60442000
5068,2023-04-25 16:00:00,27345.00000000,27790.19000000,27316.20000000,27611.40000000,10129.47641000
5069,2023-04-25 20:00:00,27611.39000000,28399.99000000,27611.01000000,28300.79000000,16265.70923000
5070,2023-04-26 00:00:00,28300.80000000,28481.00000000,28244.62000000,28309.10000000,9794.44476000
5071,2023-04-26 04:00:00,28309.09000000,28599.00000000,28301.05000000,28376.18000000,8441.48637000
5072,2023-04-26 08:00:00,28376.19000000,29138.83000000,28371.99000000,28952.32000000,21338.25434000
5073,2023-04-26 12:00:00,28952.31000000,30036.00000000,28952.31000000,29820.03000000,29557.57382000
5074,2023-04-26 16:00:00,29820.02000000,29900.00000000,27694.06000000,27884.24000000,27955.54863000
5075,2023-04-26 20:00:00,27884.25000000,28739.99000000,27235.00000000,28415.29000000,32141.09611000
5076,2023-04-27 00:00:00,28415.29000000,29480.50000000,28378.86000000,28885.79000000,22447.76067000
5077,2023-04-27 04:00:00,28885.78000000,29278.88000000,28632.25000000,28893.83000000,12428.75979000
5078,2023-04-27 08:00:00,28893.84000000,29139.85000000,28780.45000000,28934.21000000,11084.17980000
5079,2023-04-27 12:00:00,28934.21000000,29555.00000000,28661.58000000,29149.73000000,17936.04093000
5080,2023-04-27 16:00:00,29149.74000000,29890.00000000,29013.44000000,29673.98000000,20847.10485000
5081,2023-04-27 20:00:00,29673.98000000,29783.15000000,29255.53000000,29472.77000000,10686.97827000
5082,2023-04-28 00:00:00,29472.77000000,29599.54000000,29330.00000000,29420.52000000,9071.88830000
5083,2023-04-28 04:00:00,29420.52000000,29566.92000000,29396.89000000,29488.83000000,7539.59531000
5084,2023-04-28 08:00:00,29488.83000000,29495.34000000,29137.76000000,29235.36000000,9546.84930000
5085,2023-04-28 12:00:00,29235.36000000,29467.36000000,28891.00000000,29146.89000000,16054.08157000
5086,2023-04-28 16:00:00,29146.88000000,29437.81000000,29101.28000000,29328.53000000,8039.55295000
5087,2023-04-28 20:00:00,29328.53000000,29429.36000000,29276.75000000,29311.70000000,4046.19835000
5088,2023-04-29 00:00:00,29311.69000000,29400.00000000,29195.58000000,29345.74000000,4266.76284000
5089,2023-04-29 04:00:00,29345.75000000,29448.88000000,29289.44000000,29345.54000000,3485.37764000
5090,2023-04-29 08:00:00,29345.54000000,29360.00000000,29234.39000000,29332.11000000,3230.99493000
5091,2023-04-29 12:00:00,29332.11000000,29393.39000000,29210.24000000,29271.21000000,3619.27524000
5092,2023-04-29 16:00:00,29271.21000000,29309.05000000,29031.00000000,29240.67000000,3877.98484000
5093,2023-04-29 20:00:00,29240.68000000,29265.00000000,29138.25000000,29230.45000000,1986.43509000
5094,2023-04-30 00:00:00,29230.45000000,29230.49000000,29079.59000000,29178.87000000,2342.26797000
5095,2023-04-30 04:00:00,29178.88000000,29295.96000000,29171.22000000,29266.43000000,2111.33452000
5096,2023-04-30 08:00:00,29266.43000000,29348.31000000,29160.53000000,29197.01000000,2785.88414000
5097,2023-04-30 12:00:00,29197.02000000,29969.39000000,29182.74000000,29655.18000000,12772.70758000
5098,2023-04-30 16:00:00,29655.18000000,29870.22000000,29211.28000000,29361.13000000,12470.01847000
5099,2023-04-30 20:00:00,29361.13000000,29486.50000000,29160.96000000,29233.21000000,7270.32452000
5100,2023-05-01 00:00:00,29233.20000000,29337.34000000,28369.95000000,28561.06000000,15966.85068000
5101,2023-05-01 04:00:00,28561.07000000,28713.94000000,28250.15000000,28629.09000000,8593.24272000
5102,2023-05-01 08:00:00,28629.08000000,28670.10000000,28487.42000000,28523.86000000,4839.78726000
5103,2023-05-01 12:00:00,28523.85000000,28629.42000000,28075.36000000,28170.64000000,12056.92682000
5104,2023-05-01 16:00:00,28170.64000000,28410.95000000,27799.99000000,27843.36000000,14168.83144000
5105,2023-05-01 20:00:00,27843.35000000,28159.26000000,27666.95000000,28068.26000000,8808.02066000
5106,2023-05-02 00:00:00,28068.26000000,28145.60000000,27918.49000000,28043.76000000,5134.45129000
5107,2023-05-02 04:00:00,28043.75000000,28164.55000000,27872.00000000,28057.47000000,4237.79005000
5108,2023-05-02 08:00:00,28057.47000000,28133.33000000,27939.40000000,28084.83000000,5040.42695000
5109,2023-05-02 12:00:00,28084.83000000,28767.08000000,27910.00000000,28540.68000000,20134.60393000
5110,2023-05-02 16:00:00,28540.69000000,28879.88000000,28431.48000000,28686.14000000,10323.68451000
5111,2023-05-02 20:00:00,28686.13000000,28815.43000000,28616.08000000,28669.86000000,5953.56567000
5112,2023-05-03 00:00:00,28669.85000000,28689.35000000,28336.30000000,28520.90000000,6054.38189000
5113,2023-05-03 04:00:00,28520.89000000,28680.00000000,28427.56000000,28653.80000000,5308.02610000
5114,2023-05-03 08:00:00,28653.81000000,28767.93000000,28526.18000000,28543.74000000,6103.80959000
5115,2023-05-03 12:00:00,28543.73000000,28583.33000000,28113.69000000,28311.51000000,13681.91671000
5116,2023-05-03 16:00:00,28311.52000000,28800.00000000,28211.08000000,28322.98000000,19116.31620000
5117,2023-05-03 20:00:00,28322.97000000,29266.66000000,28285.19000000,29026.16000000,14351.34164000
5118,2023-05-04 00:00:00,29026.16000000,29195.94000000,28950.98000000,29096.86000000,6023.39211000
5119,2023-05-04 04:00:00,29096.85000000,29237.73000000,29038.31000000,29058.19000000,5854.55975000
5120,2023-05-04 08:00:00,29058.20000000,29379.83000000,28982.58000000,29154.66000000,6802.18312000
5121,2023-05-04 12:00:00,29154.65000000,29232.87000000,28663.64000000,28866.19000000,13921.52127000
5122,2023-05-04 16:00:00,28866.20000000,28972.92000000,28673.59000000,28895.12000000,6804.94862000
5123,2023-05-04 20:00:00,28895.31000000,28920.00000000,28748.00000000,28838.16000000,3168.87014000
5124,2023-05-05 00:00:00,28838.16000000,29531.00000000,28819.77000000,29198.23000000,11947.31875000
5125,2023-05-05 04:00:00,29198.22000000,29275.00000000,29029.87000000,29062.29000000,7022.92515000
5126,2023-05-05 08:00:00,29062.29000000,29195.97000000,29022.27000000,29149.36000000,5306.30763000
5127,2023-05-05 12:00:00,29149.36000000,29439.99000000,28800.00000000,29356.45000000,16673.08266000
5128,2023-05-05 16:00:00,29356.44000000,29677.00000000,29315.78000000,29561.66000000,13062.47594000
5129,2023-05-05 20:00:00,29561.66000000,29650.00000000,29450.69000000,29505.61000000,4403.72035000
5130,2023-05-06 00:00:00,29505.60000000,29820.00000000,29337.83000000,29353.61000000,8317.65484000
5131,2023-05-06 04:00:00,29353.62000000,29437.01000000,29250.65000000,29363.35000000,4244.22179000
5132,2023-05-06 08:00:00,29363.34000000,29367.20000000,29132.14000000,29266.15000000,7223.00274000
5133,2023-05-06 12:00:00,29266.16000000,29267.24000000,28300.00000000,28576.61000000,17920.04251000
5134,2023-05-06 16:00:00,28576.62000000,28964.68000000,28535.26000000,28842.82000000,7823.22553000
5135,2023-05-06 20:00:00,28842.82000000,28880.49000000,28642.00000000,28848.20000000,3721.13718000
5136,2023-05-07 00:00:00,28848.19000000,29138.29000000,28744.08000000,28798.56000000,6222.87665000
5137,2023-05-07 04:00:00,28798.57000000,28952.56000000,28787.02000000,28910.41000000,3568.17865000
5138,2023-05-07 08:00:00,28910.42000000,28960.03000000,28705.12000000,28840.06000000,4273.23723000
5139,2023-05-07 12:00:00,28840.07000000,29095.88000000,28840.00000000,28942.67000000,5289.32095000
5140,2023-05-07 16:00:00,28942.66000000,29029.11000000,28770.69000000,28907.73000000,4257.69952000
5141,2023-05-07 20:00:00,28907.73000000,28952.87000000,28395.23000000,28430.10000000,6392.09728000
5142,2023-05-08 00:00:00,28430.09000000,28631.01000000,28004.23000000,28199.71000000,14859.11960000
5143,2023-05-08 04:00:00,28199.72000000,28262.19000000,27830.85000000,27975.48000000,8390.05014000
5144,2023-05-08 08:00:00,27975.47000000,27989.11000000,27577.01000000,27934.09000000,12536.98963000
5145,2023-05-08 12:00:00,27934.09000000,28082.14000000,27669.50000000,27887.58000000,11265.19598000
5146,2023-05-08 16:00:00,27887.58000000,27930.21000000,27289.39000000,27340.72000000,15387.57351000
5147,2023-05-08 20:00:00,27340.72000000,27699.80000000,27262.00000000,27668.79000000,5805.43293000
5148,2023-05-09 00:00:00,27668.80000000,27749.34000000,27534.55000000,27629.34000000,6065.10248000
5149,2023-05-09 04:00:00,27629.35000000,27673.72000000,27437.32000000,27666.64000000,6284.15386000
5150,2023-05-09 08:00:00,27666.63000000,27728.99000000,27517.70000000,27678.31000000,6095.98208000
5151,2023-05-09 12:00:00,27678.31000000,27818.00000000,27370.01000000,27400.39000000,10521.56892000
5152,2023-05-09 16:00:00,27400.39000000,27750.00000000,27353.00000000,27716.32000000,7606.46136000
5153,2023-05-09 20:00:00,27716.32000000,27775.18000000,27521.49000000,27628.27000000,3540.04199000
5154,2023-05-10 00:00:00,27628.28000000,27849.94000000,27620.19000000,27685.29000000,5494.08267000
5155,2023-05-10 04:00:00,27685.29000000,27720.97000000,27529.88000000,27542.26000000,4166.55679000
5156,2023-05-10 08:00:00,27542.26000000,27679.10000000,27474.91000000,27677.09000000,4341.29032000
5157,2023-05-10 12:00:00,27677.08000000,28331.42000000,27635.81000000,28153.20000000,20173.02813000
5158,2023-05-10 16:00:00,28153.21000000,28299.15000000,26777.00000000,27692.26000000,27681.52219000
5159,2023-05-10 20:00:00,27692.27000000,27982.23000000,27219.00000000,27598.75000000,9298.63345000
5160,2023-05-11 00:00:00,27598.74000000,27622.68000000,27367.76000000,27446.90000000,5751.34688000
5161,2023-05-11 04:00:00,27446.90000000,27553.21000000,27395.88000000,27450.07000000,4068.24392000
5162,2023-05-11 08:00:00,27450.07000000,27490.29000000,27257.98000000,27405.61000000,5364.94429000
5163,2023-05-11 12:00:00,27405.62000000,27630.14000000,26952.00000000,27179.42000000,14153.77268000
5164,2023-05-11 16:00:00,27179.43000000,27219.52000000,26702.05000000,26843.05000000,13568.21685000
5165,2023-05-11 20:00:00,26843.06000000,27060.47000000,26807.22000000,26968.62000000,4728.78903000
5166,2023-05-12 00:00:00,26968.61000000,27091.12000000,26528.01000000,26584.32000000,9615.45856000
5167,2023-05-12 04:00:00,26584.33000000,26710.00000000,26120.74000000,26311.52000000,15964.27071000
5168,2023-05-12 08:00:00,26311.51000000,26437.00000000,26234.79000000,26348.01000000,6428.01795000
5169,2023-05-12 12:00:00,26348.02000000,26614.67000000,26271.65000000,26320.84000000,10467.89536000
5170,2023-05-12 16:00:00,26320.83000000,26500.00000000,25811.46000000,26459.62000000,13923.67108000
5171,2023-05-12 20:00:00,26459.63000000,26894.90000000,26360.85000000,26795.01000000,10808.62128000
5172,2023-05-13 00:00:00,26795.01000000,26983.98000000,26692.03000000,26808.27000000,5326.73837000
5173,2023-05-13 04:00:00,26808.27000000,26870.19000000,26695.41000000,26771.88000000,3324.74278000
5174,2023-05-13 08:00:00,26771.87000000,26877.00000000,26746.53000000,26823.94000000,2880.66763000
5175,2023-05-13 12:00:00,26823.93000000,26904.98000000,26736.00000000,26816.25000000,3969.69792000
5176,2023-05-13 16:00:00,26816.25000000,27045.45000000,26757.32000000,26837.94000000,4607.21560000
5177,2023-05-13 20:00:00,26837.93000000,26939.40000000,26750.00000000,26775.28000000,2705.84191000
5178,2023-05-14 00:00:00,26775.27000000,26874.42000000,26560.53000000,26865.03000000,4054.69409000
5179,2023-05-14 04:00:00,26865.04000000,26898.87000000,26793.53000000,26855.21000000,1996.19316000
5180,2023-05-14 08:00:00,26855.22000000,26886.73000000,26790.02000000,26805.98000000,2360.00891000
5181,2023-05-14 12:00:00,26805.97000000,27200.00000000,26744.70000000,27082.02000000,6476.41220000
5182,2023-05-14 16:00:00,27082.01000000,27135.04000000,26827.23000000,26878.97000000,4269.87056000
5183,2023-05-14 20:00:00,26878.96000000,26961.55000000,26842.57000000,26917.62000000,2437.62468000
5184,2023-05-15 00:00:00,26917.61000000,27290.93000000,26726.00000000,27232.80000000,8804.15424000
5185,2023-05-15 04:00:00,27232.80000000,27550.03000000,27180.01000000,27407.48000000,9336.32700000
5186,2023-05-15 08:00:00,27407.47000000,27485.50000000,27315.55000000,27336.12000000,4994.35313000
5187,2023-05-15 12:00:00,27336.12000000,27534.00000000,27221.20000000,27396.80000000,6016.97493000
5188,2023-05-15 16:00:00,27396.81000000,27663.59000000,27317.90000000,27418.24000000,7697.17284000
5189,2023-05-15 20:00:00,27418.24000000,27418.24000000,27126.73000000,27162.14000000,3581.10119000
5190,2023-05-16 00:00:00,27162.15000000,27296.89000000,26852.11000000,27130.00000000,7412.18425000
5191,2023-05-16 04:00:00,27130.02000000,27252.59000000,26993.71000000,27252.58000000,4084.89688000
5192,2023-05-16 08:00:00,27252.58000000,27286.08000000,26987.02000000,27059.03000000,6519.02741000
5193,2023-05-16 12:00:00,27059.03000000,27137.69000000,26900.00000000,27038.02000000,7185.69731000
5194,2023-05-16 16:00:00,27038.01000000,27151.51000000,26880.00000000,26933.05000000,5291.70789000
5195,2023-05-16 20:00:00,26933.06000000,27049.74000000,26897.34000000,27033.84000000,2776.94077000
5196,2023-05-17 00:00:00,27033.85000000,27238.55000000,26982.93000000,27060.04000000,4465.66046000
5197,2023-05-17 04:00:00,27060.05000000,27100.00000000,26760.00000000,26845.14000000,5043.29563000
5198,2023-05-17 08:00:00,26845.14000000,26914.30000000,26573.62000000,26637.62000000,7683.56934000
5199,2023-05-17 12:00:00,26637.61000000,26836.06000000,26544.71000000,26796.93000000,8211.97472000
5200,2023-05-17 16:00:00,26796.93000000,27447.29000000,26741.36000000,27385.09000000,11344.69624000
5201,2023-05-17 20:00:00,27385.09000000,27500.00000000,27274.45000000,27405.61000000,6209.78146000
5202,2023-05-18 00:00:00,27405.62000000,27485.33000000,27286.58000000,27365.69000000,4794.02065000
5203,2023-05-18 04:00:00,27365.69000000,27454.14000000,27152.29000000,27391.61000000,5687.90418000
5204,2023-05-18 08:00:00,27391.61000000,27440.01000000,27334.02000000,27398.97000000,4932.72046000
5205,2023-05-18 12:00:00,27398.97000000,27472.14000000,27021.95000000,27086.77000000,11379.91575000
5206,2023-05-18 16:00:00,27086.78000000,27118.36000000,26361.20000000,26734.01000000,17649.21430000
5207,2023-05-18 20:00:00,26734.01000000,27065.27000000,26691.20000000,26821.28000000,4754.87609000
5208,2023-05-19 00:00:00,26821.28000000,26929.04000000,26749.33000000,26834.73000000,3284.92163000
5209,2023-05-19 04:00:00,26834.73000000,26960.24000000,26812.03000000,26851.38000000,3895.84769000
5210,2023-05-19 08:00:00,26851.39000000,26926.61000000,26790.72000000,26855.89000000,3835.92219000
5211,2023-05-19 12:00:00,26855.90000000,27183.60000000,26630.00000000,26883.65000000,10729.53517000
5212,2023-05-19 16:00:00,26883.65000000,26973.56000000,26780.73000000,26834.46000000,5009.72566000
5213,2023-05-19 20:00:00,26834.47000000,26921.21000000,26807.73000000,26880.26000000,1998.18310000
5214,2023-05-20 00:00:00,26880.26000000,26908.42000000,26825.11000000,26865.58000000,1482.13696000
5215,2023-05-20 04:00:00,26865.59000000,26873.63000000,26835.10000000,26854.98000000,1564.32919000
5216,2023-05-20 08:00:00,26854.98000000,26917.38000000,26854.97000000,26880.06000000,1835.86678000
5217,2023-05-20 12:00:00,26880.05000000,26976.00000000,26875.51000000,26945.66000000,2592.17838000
5218,2023-05-20 16:00:00,26945.67000000,27150.00000000,26913.25000000,27063.03000000,4920.81580000
5219,2023-05-20 20:00:00,27063.04000000,27129.36000000,26967.18000000,27102.43000000,2039.22007000
5220,2023-05-21 00:00:00,27102.42000000,27277.55000000,27063.09000000,27176.22000000,3192.89918000
5221,2023-05-21 04:00:00,27176.22000000,27176.22000000,27047.88000000,27054.99000000,2189.06207000
5222,2023-05-21 08:00:00,27055.00000000,27085.81000000,26776.23000000,26829.94000000,5097.44885000
5223,2023-05-21 12:00:00,26829.93000000,26977.00000000,26803.58000000,26898.97000000,4298.78890000
5224,2023-05-21 16:00:00,26898.97000000,26933.33000000,26832.98000000,26902.12000000,2779.63268000
5225,2023-05-21 20:00:00,26902.13000000,26926.29000000,26666.03000000,26747.78000000,3790.04111000
5226,2023-05-22 00:00:00,26747.78000000,26779.54000000,26538.21000000,26644.80000000,5217.78929000
5227,2023-05-22 04:00:00,26644.80000000,26913.14000000,26643.12000000,26843.13000000,4019.96121000
5228,2023-05-22 08:00:00,26843.12000000,26900.00000000,26767.34000000,26826.78000000,2625.25670000
5229,2023-05-22 12:00:00,26826.79000000,27099.89000000,26702.91000000,26877.18000000,8413.07143000
5230,2023-05-22 16:00:00,26877.17000000,26930.00000000,26781.99000000,26862.43000000,4148.42459000
5231,2023-05-22 20:00:00,26862.43000000,26959.52000000,26833.21000000,26849.27000000,2034.33506000
5232,2023-05-23 00:00:00,26849.28000000,27442.03000000,26798.11000000,27366.67000000,11734.74573000
5233,2023-05-23 04:00:00,27366.67000000,27495.83000000,27205.01000000,27304.40000000,9379.21247000
5234,2023-05-23 08:00:00,27304.40000000,27349.00000000,27250.32000000,27337.36000000,4034.79813000
5235,2023-05-23 12:00:00,27337.36000000,27386.26000000,27175.19000000,27320.05000000,5982.18313000
5236,2023-05-23 16:00:00,27320.04000000,27328.48000000,27100.79000000,27181.22000000,4947.99802000
5237,2023-05-23 20:00:00,27181.23000000,27249.38000000,27151.38000000,27219.61000000,2621.90110000
5238,2023-05-24 00:00:00,27219.61000000,27219.61000000,26649.88000000,26786.00000000,8310.29731000
5239,2023-05-24 04:00:00,26786.01000000,26830.42000000,26613.00000000,26678.67000000,7316.11741000
5240,2023-05-24 08:00:00,26678.67000000,26839.02000000,26670.00000000,26742.24000000,5232.44209000
5241,2023-05-24 12:00:00,26742.25000000,26742.25000000,26080.50000000,26314.69000000,19023.65640000
5242,2023-05-24 16:00:00,26314.69000000,26397.64000000,26159.97000000,26252.33000000,8949.56603000
5243,2023-05-24 20:00:00,26252.34000000,26486.46000000,26242.62000000,26329.01000000,5560.98646000
5244,2023-05-25 00:00:00,26329.00000000,26394.37000000,25871.89000000,26183.72000000,8738.55300000
5245,2023-05-25 04:00:00,26183.73000000,26300.00000000,26126.76000000,26131.27000000,4175.09584000
5246,2023-05-25 08:00:00,26131.27000000,26335.16000000,26128.37000000,26296.62000000,4349.74729000
5247,2023-05-25 12:00:00,26296.61000000,26499.99000000,26168.60000000,26226.12000000,9538.70156000
5248,2023-05-25 16:00:00,26226.12000000,26631.98000000,26207.47000000,26468.68000000,7740.72317000
5249,2023-05-25 20:00:00,26468.67000000,26551.02000000,26432.46000000,26473.79000000,2892.62809000
5250,2023-05-26 00:00:00,26473.80000000,26539.34000000,26350.00000000,26435.14000000,4447.14298000
5251,2023-05-26 04:00:00,26435.14000000,26534.05000000,26327.24000000,26501.33000000,3969.78034000
5252,2023-05-26 08:00:00,26501.34000000,26549.00000000,26423.62000000,26463.29000000,5035.26395000
5253,2023-05-26 12:00:00,26463.29000000,26932.16000000,26355.81000000,26750.21000000,12837.29542000
5254,2023-05-26 16:00:00,26750.22000000,26837.34000000,26610.49000000,26767.21000000,6306.29004000
5255,2023-05-26 20:00:00,26767.22000000,26807.50000000,26686.00000000,26705.92000000,2465.41440000
5256,2023-05-27 00:00:00,26705.93000000,26782.73000000,26633.00000000,26752.00000000,2670.95052000
5257,2023-05-27 04:00:00,26752.00000000,26786.51000000,26710.00000000,26722.80000000,2156.59940000
5258,2023-05-27 08:00:00,26722.80000000,26732.66000000,26666.37000000,26699.02000000,2242.83881000
5259,2023-05-27 12:00:00,26699.02000000,26777.77000000,26551.00000000,26690.05000000,3174.31189000
5260,2023-05-27 16:00:00,26690.06000000,26846.00000000,26620.35000000,26729.60000000,2781.72370000
5261,2023-05-27 20:00:00,26729.60000000,26895.00000000,26726.01000000,26854.27000000,2069.26238000
5262,2023-05-28 00:00:00,26854.28000000,27247.10000000,26764.36000000,27187.23000000,8004.20461000
5263,2023-05-28 04:00:00,27187.24000000,27285.52000000,27128.41000000,27226.37000000,5618.39448000
5264,2023-05-28 08:00:00,27226.38000000,27344.23000000,27136.01000000,27153.76000000,4114.67614000
5265,2023-05-28 12:00:00,27153.76000000,27280.00000000,27100.02000000,27272.17000000,4058.94240000
5266,2023-05-28 16:00:00,27272.17000000,27746.33000000,27212.91000000,27525.99000000,10140.27075000
5267,2023-05-28 20:00:00,27525.99000000,28261.32000000,27525.99000000,28065.00000000,11979.52017000
5268,2023-05-29 00:00:00,28065.01000000,28447.14000000,27914.28000000,27954.99000000,12178.46709000
5269,2023-05-29 04:00:00,27954.99000000,28047.01000000,27841.00000000,27907.87000000,6651.36470000
5270,2023-05-29 08:00:00,27907.86000000,27971.01000000,27745.78000000,27913.87000000,5028.06200000
5271,2023-05-29 12:00:00,27913.87000000,27949.70000000,27588.00000000,27630.51000000,7542.99192000
5272,2023-05-29 16:00:00,27630.50000000,27737.99000000,27524.60000000,27637.94000000,7602.66189000
5273,2023-05-29 20:00:00,27637.94000000,27818.00000000,27554.57000000,27736.40000000,3381.87185000
5274,2023-05-30 00:00:00,27736.39000000,27940.55000000,27584.45000000,27829.23000000,4057.20611000
5275,2023-05-30 04:00:00,27829.23000000,27848.28000000,27672.93000000,27733.22000000,3551.68079000
5276,2023-05-30 08:00:00,27733.22000000,28038.59000000,27712.19000000,28021.40000000,6468.51740000
5277,2023-05-30 12:00:00,28021.39000000,28027.78000000,27615.00000000,27673.08000000,9424.08758000
5278,2023-05-30 16:00:00,27673.08000000,27862.84000000,27554.00000000,27850.20000000,5809.72829000
5279,2023-05-30 20:00:00,27850.21000000,27855.13000000,27651.17000000,27694.40000000,3375.53354000
5280,2023-05-31 00:00:00,27694.39000000,27835.51000000,27571.04000000,27657.30000000,4589.66625000
5281,2023-05-31 04:00:00,27657.29000000,27677.67000000,26968.49000000,27167.90000000,14852.80264000
5282,2023-05-31 08:00:00,27167.91000000,27203.73000000,26994.33000000,27097.18000000,7051.71041000
5283,2023-05-31 12:00:00,27097.18000000,27231.34000000,26851.00000000,26911.54000000,10524.42883000
5284,2023-05-31 16:00:00,26911.55000000,27123.43000000,26839.01000000,27010.57000000,5607.89699000
5285,2023-05-31 20:00:00,27010.57000000,27299.99000000,27005.16000000,27210.35000000,3962.30061000
5286,2023-06-01 00:00:00,27210.36000000,27350.00000000,26605.05000000,26779.94000000,11213.18795000
5287,2023-06-01 04:00:00,26779.93000000,26883.60000000,26746.00000000,26802.67000000,4613.77433000
5288,2023-06-01 08:00:00,26802.66000000,26951.07000000,26790.96000000,26892.96000000,4275.56782000
5289,2023-06-01 12:00:00,26892.95000000,26981.34000000,26782.53000000,26894.48000000,6481.67546000
5290,2023-06-01 16:00:00,26894.47000000,27175.00000000,26656.00000000,26862.68000000,8974.24713000
5291,2023-06-01 20:00:00,26862.68000000,26942.98000000,26713.34000000,26817.93000000,3659.35611000
5292,2023-06-02 00:00:00,26817.93000000,27017.00000000,26505.00000000,27000.00000000,7016.04160000
5293,2023-06-02 04:00:00,27000.01000000,27213.00000000,26949.40000000,27049.65000000,6856.64454000
5294,2023-06-02 08:00:00,27049.65000000,27183.07000000,27049.38000000,27130.75000000,3577.11000000
5295,2023-06-02 12:00:00,27130.75000000,27240.00000000,26860.71000000,27095.92000000,9100.69076000
5296,2023-06-02 16:00:00,27095.93000000,27287.64000000,27006.22000000,27239.02000000,6294.35686000
5297,2023-06-02 20:00:00,27239.03000000,27300.00000000,27143.37000000,27242.59000000,3536.05893000
5298,2023-06-03 00:00:00,27242.59000000,27242.60000000,27092.00000000,27143.20000000,2715.88602000
5299,2023-06-03 04:00:00,27143.20000000,27212.78000000,27105.73000000,27174.42000000,1822.46448000
5300,2023-06-03 08:00:00,27174.42000000,27181.00000000,27112.73000000,27129.79000000,2020.98723000
5301,2023-06-03 12:00:00,27129.78000000,27333.29000000,27126.85000000,27305.26000000,3088.32066000
5302,2023-06-03 16:00:00,27305.27000000,27318.63000000,27025.59000000,27096.36000000,4087.75798000
5303,2023-06-03 20:00:00,27096.37000000,27124.68000000,26914.93000000,27069.22000000,2859.92480000
5304,2023-06-04 00:00:00,27069.22000000,27100.43000000,26951.00000000,27061.38000000,2017.63875000
5305,2023-06-04 04:00:00,27061.37000000,27163.94000000,27027.00000000,27150.45000000,2458.23876000
5306,2023-06-04 08:00:00,27150.46000000,27249.86000000,27123.81000000,27198.55000000,2737.05084000
5307,2023-06-04 12:00:00,27198.54000000,27298.00000000,27160.11000000,27179.00000000,3447.67191000
5308,2023-06-04 16:00:00,27179.00000000,27222.00000000,27155.00000000,27213.11000000,1986.61888000
5309,2023-06-04 20:00:00,27213.11000000,27455.02000000,27043.65000000,27115.21000000,6611.19135000
5310,2023-06-05 00:00:00,27115.20000000,27129.33000000,26791.04000000,26843.58000000,6449.76559000
5311,2023-06-05 04:00:00,26843.57000000,26870.54000000,26740.38000000,26829.99000000,5422.13247000
5312,2023-06-05 08:00:00,26830.00000000,26840.77000000,26668.00000000,26773.39000000,4723.46593000
5313,2023-06-05 12:00:00,26773.39000000,26817.61000000,26000.00000000,26007.53000000,14719.70660000
5314,2023-06-05 16:00:00,26007.53000000,26074.51000000,25388.00000000,25629.99000000,27456.05814000
5315,2023-06-05 20:00:00,25630.00000000,25858.42000000,25509.98000000,25728.20000000,7034.47432000
5316,2023-06-06 00:00:00,25728.20000000,25801.09000000,25601.00000000,25730.83000000,5737.28976000
5317,2023-06-06 04:00:00,25730.83000000,25821.41000000,25706.18000000,25722.33000000,4562.45045000
5318,2023-06-06 08:00:00,25722.34000000,25797.00000000,25640.33000000,25686.64000000,4705.41680000
5319,2023-06-06 12:00:00,25686.64000000,26143.69000000,25351.02000000,26066.11000000,18580.62970000
5320,2023-06-06 16:00:00,26066.12000000,27216.89000000,26066.11000000,27080.13000000,21954.76955000
5321,2023-06-06 20:00:00,27080.12000000,27355.33000000,26857.92000000,27230.08000000,12852.04812000
5322,2023-06-07 00:00:00,27230.07000000,27391.77000000,26720.47000000,26909.01000000,11374.06381000
5323,2023-06-07 04:00:00,26909.01000000,26980.04000000,26753.01000000,26795.87000000,5395.14109000
5324,2023-06-07 08:00:00,26795.87000000,26968.00000000,26352.00000000,26896.14000000,12299.41041000
5325,2023-06-07 12:00:00,26896.14000000,26932.10000000,26236.00000000,26349.52000000,16129.11750000
5326,2023-06-07 16:00:00,26349.52000000,26553.78000000,26240.47000000,26482.42000000,7669.83392000
5327,2023-06-07 20:00:00,26482.43000000,26493.30000000,26125.01000000,26339.34000000,6751.87691000
5328,2023-06-08 00:00:00,26339.34000000,26470.00000000,26210.00000000,26344.17000000,5218.61987000
5329,2023-06-08 04:00:00,26344.16000000,26523.93000000,26290.19000000,26444.69000000,3725.37329000
5330,2023-06-08 08:00:00,26444.68000000,26504.94000000,26368.04000000,26432.00000000,3204.53640000
5331,2023-06-08 12:00:00,26432.01000000,26810.00000000,26300.00000000,26721.68000000,10657.94023000
5332,2023-06-08 16:00:00,26721.69000000,26732.24000000,26414.02000000,26539.90000000,5458.16496000
5333,2023-06-08 20:00:00,26539.86000000,26649.97000000,26488.01000000,26498.61000000,2810.87608000
5334,2023-06-09 00:00:00,26498.62000000,26596.58000000,26269.91000000,26483.70000000,5322.52752000
5335,2023-06-09 04:00:00,26483.69000000,26576.55000000,26424.35000000,26493.43000000,3615.92481000
5336,2023-06-09 08:00:00,26493.44000000,26685.43000000,26491.66000000,26610.19000000,4887.18214000
5337,2023-06-09 12:00:00,26610.18000000,26783.33000000,26452.86000000,26477.37000000,7205.62060000
5338,2023-06-09 16:00:00,26477.36000000,26529.54000000,26383.05000000,26407.15000000,4445.40191000
5339,2023-06-09 20:00:00,26407.15000000,26500.00000000,26397.11000000,26477.81000000,2458.05272000
5340,2023-06-10 00:00:00,26477.80000000,26533.87000000,26266.00000000,26323.07000000,5021.65979000
5341,2023-06-10 04:00:00,26323.07000000,26349.17000000,25456.41000000,25651.09000000,28094.05597000
5342,2023-06-10 08:00:00,25651.08000000,25750.25000000,25561.25000000,25731.40000000,7165.46892000
5343,2023-06-10 12:00:00,25731.41000000,25731.41000000,25572.94000000,25628.80000000,5268.77063000
5344,2023-06-10 16:00:00,25628.81000000,26154.00000000,25358.00000000,25750.00000000,14974.92299000
5345,2023-06-10 20:00:00,25750.01000000,25932.02000000,25679.59000000,25841.21000000,4419.72278000
5346,2023-06-11 00:00:00,25841.22000000,25864.32000000,25695.00000000,25727.51000000,4218.10619000
5347,2023-06-11 04:00:00,25727.51000000,25834.59000000,25634.70000000,25741.33000000,3668.97441000
5348,2023-06-11 08:00:00,25741.32000000,25842.44000000,25695.00000000,25796.06000000,3776.68664000
5349,2023-06-11 12:00:00,25796.05000000,25806.11000000,25672.68000000,25751.36000000,4082.10621000
5350,2023-06-11 16:00:00,25751.36000000,26106.66000000,25738.07000000,26030.89000000,8314.30254000
5351,2023-06-11 20:00:00,26030.89000000,26206.88000000,25745.03000000,25925.55000000,5954.11996000
5352,2023-06-12 00:00:00,25925.54000000,26028.50000000,25602.11000000,25791.29000000,6665.93933000
5353,2023-06-12 04:00:00,25791.29000000,25905.63000000,25744.06000000,25802.98000000,3896.06919000
5354,2023-06-12 08:00:00,25802.97000000,26106.48000000,25780.00000000,25988.83000000,5833.76222000
5355,2023-06-12 12:00:00,25988.82000000,25993.60000000,25734.47000000,25824.63000000,5467.66761000
5356,2023-06-12 16:00:00,25824.63000000,25966.18000000,25652.04000000,25824.23000000,5214.59630000
5357,2023-06-12 20:00:00,25824.23000000,25970.05000000,25804.30000000,25905.19000000,2822.47428000
5358,2023-06-13 00:00:00,25905.20000000,26157.99000000,25818.07000000,26063.85000000,6646.96440000
5359,2023-06-13 04:00:00,26063.85000000,26133.03000000,25973.70000000,26073.92000000,3654.18194000
5360,2023-06-13 08:00:00,26073.91000000,26272.25000000,26060.77000000,26191.81000000,7274.19395000
5361,2023-06-13 12:00:00,26191.81000000,26433.21000000,25712.57000000,25759.54000000,15947.44516000
5362,2023-06-13 16:00:00,25759.54000000,25978.37000000,25739.38000000,25902.84000000,4582.14533000
5363,2023-06-13 20:00:00,25902.83000000,25959.26000000,25808.10000000,25934.25000000,2960.67775000
5364,2023-06-14 00:00:00,25934.24000000,26055.99000000,25911.60000000,25985.07000000,3250.77130000
5365,2023-06-14 04:00:00,25985.06000000,26005.36000000,25837.13000000,25897.72000000,3115.61030000
5366,2023-06-14 08:00:00,25897.71000000,26028.58000000,25885.35000000,25975.71000000,3129.69928000
5367,2023-06-14 12:00:00,25975.71000000,26085.33000000,25927.22000000,25986.75000000,4693.52887000
5368,2023-06-14 16:00:00,25986.74000000,26098.00000000,25753.38000000,25874.59000000,8531.61707000
5369,2023-06-14 20:00:00,25874.58000000,25879.69000000,24820.56000000,25128.60000000,22356.08926000
5370,2023-06-15 00:00:00,25128.60000000,25206.52000000,25030.01000000,25065.35000000,4255.38633000
5371,2023-06-15 04:00:00,25065.35000000,25072.35000000,24872.35000000,24983.80000000,7733.13657000
5372,2023-06-15 08:00:00,24983.81000000,25050.00000000,24800.00000000,25014.97000000,8784.77975000
5373,2023-06-15 12:00:00,25014.97000000,25108.54000000,24921.11000000,24959.95000000,8435.03230000
5374,2023-06-15 16:00:00,24959.96000000,25518.49000000,24929.00000000,25455.49000000,9617.56919000
5375,2023-06-15 20:00:00,25455.49000000,25759.01000000,25220.25000000,25598.49000000,9838.95649000
5376,2023-06-16 00:00:00,25598.49000000,25606.59000000,25440.39000000,25561.74000000,3915.20068000
5377,2023-06-16 04:00:00,25561.75000000,25629.73000000,25475.84000000,25537.01000000,4070.48779000
5378,2023-06-16 08:00:00,25537.00000000,25624.38000000,25462.03000000,25474.51000000,5108.24521000
5379,2023-06-16 12:00:00,25474.51000000,25896.78000000,25175.56000000,25840.01000000,12940.05194000
5380,2023-06-16 16:00:00,25840.00000000,26518.00000000,25774.02000000,26382.43000000,20866.29228000
5381,2023-06-16 20:00:00,26382.43000000,26464.58000000,26287.97000000,26345.00000000,4696.63872000
5382,2023-06-17 00:00:00,26345.01000000,26372.40000000,26181.00000000,26262.16000000,3497.08278000
5383,2023-06-17 04:00:00,26262.17000000,26839.99000000,26246.00000000,26593.57000000,9565.95016000
5384,2023-06-17 08:00:00,26593.58000000,26657.09000000,26473.50000000,26507.76000000,4665.11979000
5385,2023-06-17 12:00:00,26507.75000000,26585.48000000,26311.00000000,26410.82000000,5426.02563000
5386,2023-06-17 16:00:00,26410.82000000,26538.37000000,26378.95000000,26475.30000000,2713.13332000
5387,2023-06-17 20:00:00,26475.31000000,26595.13000000,26465.42000000,26516.99000000,1974.90782000
5388,2023-06-18 00:00:00,26516.99000000,26548.63000000,26378.98000000,26548.45000000,2397.66907000
5389,2023-06-18 04:00:00,26548.46000000,26680.00000000,26472.03000000,26584.98000000,4069.09898000
5390,2023-06-18 08:00:00,26584.99000000,26596.00000000,26456.83000000,26500.00000000,2525.69386000
5391,2023-06-18 12:00:00,26500.00000000,26573.35000000,26444.00000000,26562.09000000,3559.38335000
5392,2023-06-18 16:00:00,26562.09000000,26657.99000000,26525.99000000,26650.00000000,2834.31150000
5393,2023-06-18 20:00:00,26650.01000000,26700.00000000,26255.85000000,26339.97000000,6152.15346000
5394,2023-06-19 00:00:00,26339.98000000,26469.58000000,26256.61000000,26403.36000000,2818.66359000
5395,2023-06-19 04:00:00,26403.36000000,26478.87000000,26369.00000000,26428.01000000,2925.34742000
5396,2023-06-19 08:00:00,26428.00000000,26459.18000000,26364.40000000,26447.73000000,2824.90303000
5397,2023-06-19 12:00:00,26447.73000000,26576.87000000,26348.01000000,26444.00000000,5446.90953000
5398,2023-06-19 16:00:00,26443.99000000,27068.09000000,26308.45000000,26682.28000000,16596.08384000
5399,2023-06-19 20:00:00,26682.29000000,26859.36000000,26652.19000000,26844.35000000,5260.75233000
5400,2023-06-20 00:00:00,26844.35000000,27179.03000000,26798.68000000,26896.52000000,7510.40809000
5401,2023-06-20 04:00:00,26896.53000000,27033.24000000,26755.00000000,26832.44000000,5125.51154000
5402,2023-06-20 08:00:00,26832.45000000,26912.00000000,26702.47000000,26907.99000000,4550.36223000
5403,2023-06-20 12:00:00,26907.99000000,27134.73000000,26652.00000000,27071.93000000,8935.82439000
5404,2023-06-20 16:00:00,27071.94000000,28140.00000000,27001.73000000,27982.77000000,30469.11578000
5405,2023-06-20 20:00:00,27982.77000000,28402.74000000,27872.00000000,28307.99000000,13075.73322000
5406,2023-06-21 00:00:00,28308.00000000,29088.09000000,28257.99000000,28711.15000000,17152.45801000
5407,2023-06-21 04:00:00,28711.15000000,29005.00000000,28680.00000000,28872.28000000,11260.27734000
5408,2023-06-21 08:00:00,28872.28000000,29221.99000000,28787.70000000,28930.00000000,11143.04259000
5409,2023-06-21 12:00:00,28930.00000000,30000.00000000,28875.81000000,29851.58000000,27907.23239000
5410,2023-06-21 16:00:00,29851.58000000,30800.00000000,29763.37000000,30112.03000000,32165.45866000
5411,2023-06-21 20:00:00,30112.02000000,30195.77000000,29800.00000000,29993.89000000,9297.93513000
5412,2023-06-22 00:00:00,29993.89000000,30500.00000000,29891.15000000,30296.01000000,10104.59967000
5413,2023-06-22 04:00:00,30296.00000000,30350.00000000,30010.00000000,30100.75000000,7689.18523000
5414,2023-06-22 08:00:00,30100.75000000,30244.00000000,29840.09000000,29928.00000000,10681.90715000
5415,2023-06-22 12:00:00,29928.01000000,30351.14000000,29525.61000000,29850.65000000,16896.20667000
5416,2023-06-22 16:00:00,29850.65000000,30234.83000000,29821.50000000,30213.11000000,8943.57285000
5417,2023-06-22 20:00:00,30213.11000000,30256.76000000,29880.00000000,29884.92000000,4739.09303000
5418,2023-06-23 00:00:00,29884.92000000,30054.00000000,29800.00000000,30007.96000000,4581.18928000
5419,2023-06-23 04:00:00,30007.97000000,30082.25000000,29904.29000000,29931.99000000,4355.16293000
5420,2023-06-23 08:00:00,29932.00000000,30195.00000000,29906.71000000,30140.87000000,6057.11746000
5421,2023-06-23 12:00:00,30140.86000000,31400.00000000,29911.07000000,31238.00000000,26083.48619000
5422,2023-06-23 16:00:00,31238.01000000,31431.94000000,30615.33000000,30880.87000000,25886.97674000
5423,2023-06-23 20:00:00,30880.88000000,30950.00000000,30453.10000000,30688.50000000,6967.96375000
5424,2023-06-24 00:00:00,30688.51000000,30794.11000000,30410.00000000,30730.01000000,6049.00866000
5425,2023-06-24 04:00:00,30730.00000000,30788.00000000,30552.01000000,30567.58000000,3587.21749000
5426,2023-06-24 08:00:00,30567.58000000,30742.73000000,30552.78000000,30684.38000000,3478.09199000
5427,2023-06-24 12:00:00,30684.37000000,30800.00000000,30282.07000000,30398.71000000,7419.33976000
5428,2023-06-24 16:00:00,30398.72000000,30709.36000000,30250.00000000,30627.84000000,6143.31292000
5429,2023-06-24 20:00:00,30627.84000000,30627.85000000,30408.95000000,30527.43000000,3836.33053000
5430,2023-06-25 00:00:00,30527.44000000,30783.68000000,30465.41000000,30748.46000000,3538.22628000
5431,2023-06-25 04:00:00,30748.46000000,31046.01000000,30666.87000000,30723.78000000,8518.57452000
5432,2023-06-25 08:00:00,30723.78000000,30761.70000000,30584.51000000,30716.03000000,3922.90014000
5433,2023-06-25 12:00:00,30716.03000000,30739.80000000,30462.00000000,30585.16000000,5838.88060000
5434,2023-06-25 16:00:00,30585.16000000,30655.11000000,30328.00000000,30429.78000000,4871.42995000
5435,2023-06-25 20:00:00,30429.78000000,30571.89000000,30277.49000000,30462.66000000,3533.43652000
5436,2023-06-26 00:00:00,30462.67000000,30550.00000000,29963.60000000,30296.36000000,9207.88051000
5437,2023-06-26 04:00:00,30296.35000000,30580.00000000,30164.79000000,30404.29000000,6806.54660000
5438,2023-06-26 08:00:00,30404.28000000,30428.36000000,30130.00000000,30322.89000000,5433.69289000
5439,2023-06-26 12:00:00,30322.89000000,30666.00000000,30257.02000000,30419.62000000,9096.84715000
5440,2023-06-26 16:00:00,30419.63000000,30432.00000000,29930.00000000,30243.97000000,11221.92192000
5441,2023-06-26 20:00:00,30243.97000000,30290.00000000,30099.00000000,30267.99000000,3413.52582000
5442,2023-06-27 00:00:00,30267.99000000,30496.88000000,30226.17000000,30371.57000000,4890.13774000
5443,2023-06-27 04:00:00,30371.56000000,30470.80000000,30233.58000000,30411.22000000,4152.72217000
5444,2023-06-27 08:00:00,30411.23000000,30786.99000000,30336.00000000,30729.10000000,8932.93349000
5445,2023-06-27 12:00:00,30729.09000000,30994.97000000,30383.00000000,30498.74000000,13404.27576000
5446,2023-06-27 16:00:00,30498.74000000,30769.96000000,30455.50000000,30648.03000000,7509.05985000
5447,2023-06-27 20:00:00,30648.03000000,30736.24000000,30554.09000000,30692.44000000,3810.51256000
5448,2023-06-28 00:00:00,30692.44000000,30709.74000000,30336.36000000,30452.75000000,5422.85000000
5449,2023-06-28 04:00:00,30452.74000000,30488.83000000,30155.75000000,30186.13000000,6169.86931000
5450,2023-06-28 08:00:00,30186.14000000,30388.00000000,30150.98000000,30310.73000000,4469.60145000
5451,2023-06-28 12:00:00,30310.73000000,30490.86000000,30009.00000000,30411.06000000,10958.22627000
5452,2023-06-28 16:00:00,30411.07000000,30466.36000000,29858.80000000,30100.00000000,9490.07497000
5453,2023-06-28 20:00:00,30099.99000000,30218.55000000,29948.82000000,30077.41000000,3952.89737000
5454,2023-06-29 00:00:00,30077.40000000,30245.90000000,30049.98000000,30176.00000000,2950.73551000
5455,2023-06-29 04:00:00,30176.00000000,30421.48000000,30141.05000000,30340.29000000,3650.28435000
5456,2023-06-29 08:00:00,30340.29000000,30750.00000000,30337.23000000,30670.94000000,9512.82089000
5457,2023-06-29 12:00:00,30670.95000000,30843.98000000,30400.00000000,30478.80000000,10056.97009000
5458,2023-06-29 16:00:00,30478.79000000,30663.37000000,30416.63000000,30584.99000000,5567.68530000
5459,2023-06-29 20:00:00,30584.99000000,30639.90000000,30250.00000000,30447.31000000,4592.13289000
5460,2023-06-30 00:00:00,30447.31000000,30883.68000000,30347.17000000,30745.05000000,7913.86236000
5461,2023-06-30 04:00:00,30745.06000000,31282.00000000,30610.01000000,30765.09000000,15308.46395000
5462,2023-06-30 08:00:00,30765.10000000,30963.20000000,30717.50000000,30910.01000000,6842.23429000
5463,2023-06-30 12:00:00,30910.01000000,31137.36000000,29500.00000000,30067.72000000,36336.67800000
5464,2023-06-30 16:00:00,30067.72000000,30748.08000000,29925.50000000,30372.36000000,18843.02962000
5465,2023-06-30 20:00:00,30372.37000000,30544.44000000,30340.46000000,30472.00000000,4174.80796000
5466,2023-07-01 00:00:00,30471.99000000,30534.74000000,30375.85000000,30398.01000000,4008.04076000
5467,2023-07-01 04:00:00,30398.02000000,30472.69000000,30320.57000000,30459.88000000,3285.51834000
5468,2023-07-01 08:00:00,30459.87000000,30600.00000000,30420.77000000,30523.02000000,2775.74430000
5469,2023-07-01 12:00:00,30523.02000000,30661.60000000,30503.94000000,30572.58000000,3801.28671000
5470,2023-07-01 16:00:00,30572.59000000,30633.92000000,30543.99000000,30609.51000000,2240.42090000
5471,2023-07-01 20:00:00,30609.51000000,30612.68000000,30548.88000000,30585.90000000,1390.73974000
5472,2023-07-02 00:00:00,30585.90000000,30649.99000000,30463.16000000,30509.31000000,3211.40133000
5473,2023-07-02 04:00:00,30509.30000000,30553.17000000,30470.01000000,30513.01000000,2300.42674000
5474,2023-07-02 08:00:00,30513.01000000,30552.00000000,30484.00000000,30544.74000000,1915.72134000
5475,2023-07-02 12:00:00,30544.74000000,30628.00000000,30155.00000000,30498.01000000,5741.64801000
5476,2023-07-02 16:00:00,30498.00000000,30693.14000000,30366.65000000,30557.74000000,4005.03205000
5477,2023-07-02 20:00:00,30557.74000000,30791.00000000,30425.47000000,30617.03000000,6112.18072000
5478,2023-07-03 00:00:00,30617.02000000,30800.01000000,30587.77000000,30756.65000000,3617.65215000
5479,2023-07-03 04:00:00,30756.65000000,30795.80000000,30606.00000000,30667.19000000,4529.14702000
5480,2023-07-03 08:00:00,30667.19000000,30700.92000000,30583.01000000,30625.22000000,5651.32270000
5481,2023-07-03 12:00:00,30625.22000000,31170.00000000,30570.27000000,31068.64000000,11506.76313000
5482,2023-07-03 16:00:00,31068.64000000,31380.00000000,30800.80000000,31255.84000000,12496.68998000
5483,2023-07-03 20:00:00,31255.83000000,31299.16000000,30900.00000000,31156.20000000,5960.06813000
5484,2023-07-04 00:00:00,31156.20000000,31350.69000000,31096.48000000,31195.69000000,5915.60031000
5485,2023-07-04 04:00:00,31195.68000000,31212.26000000,30879.29000000,30911.41000000,6224.06500000
5486,2023-07-04 08:00:00,30911.40000000,31080.00000000,30867.68000000,31067.99000000,4279.90524000
5487,2023-07-04 12:00:00,31067.99000000,31080.00000000,30886.00000000,30964.37000000,5117.54936000
5488,2023-07-04 16:00:00,30964.38000000,31130.00000000,30620.00000000,30696.84000000,8695.01225000
5489,2023-07-04 20:00:00,30696.84000000,30843.73000000,30668.50000000,30766.51000000,2973.98727000
5490,2023-07-05 00:00:00,30766.52000000,30878.07000000,30752.00000000,30868.71000000,2838.19206000
5491,2023-07-05 04:00:00,30868.71000000,30869.57000000,30762.00000000,30774.25000000,2778.41767000
5492,2023-07-05 08:00:00,30774.24000000,30810.34000000,30350.00000000,30404.30000000,9136.14566000
5493,2023-07-05 12:00:00,30404.31000000,30452.00000000,30200.00000000,30356.11000000,10424.67966000
5494,2023-07-05 16:00:00,30356.11000000,30591.57000000,30333.70000000,30431.95000000,4635.72484000
5495,2023-07-05 20:00:00,30431.95000000,30539.13000000,30383.83000000,30504.81000000,3402.51133000
5496,2023-07-06 00:00:00,30504.80000000,30560.51000000,30327.00000000,30490.85000000,2865.18104000
5497,2023-07-06 04:00:00,30490.85000000,30857.89000000,30438.26000000,30803.19000000,6076.76347000
5498,2023-07-06 08:00:00,30803.20000000,31500.00000000,30701.00000000,30846.55000000,20483.84413000
5499,2023-07-06 12:00:00,30846.55000000,30887.10000000,29888.00000000,30407.01000000,27112.31388000
5500,2023-07-06 16:00:00,30407.00000000,30464.13000000,30157.41000000,30309.88000000,7633.47953000
5501,2023-07-06 20:00:00,30309.88000000,30345.18000000,29850.45000000,29895.43000000,7148.04405000
5502,2023-07-07 00:00:00,29895.42000000,30165.64000000,29701.02000000,30135.40000000,8889.61673000
5503,2023-07-07 04:00:00,30135.41000000,30300.00000000,29930.53000000,30007.40000000,5605.28806000
5504,2023-07-07 08:00:00,30007.41000000,30199.00000000,29970.00000000,30118.70000000,4267.97548000
5505,2023-07-07 12:00:00,30118.70000000,30443.75000000,30041.05000000,30390.83000000,8978.21955000
5506,2023-07-07 16:00:00,30390.83000000,30449.00000000,30116.00000000,30246.20000000,4029.29082000
5507,2023-07-07 20:00:00,30246.21000000,30346.06000000,30214.16000000,30344.70000000,2300.14831000
5508,2023-07-08 00:00:00,30344.70000000,30386.81000000,30257.07000000,30274.83000000,2033.13323000
5509,2023-07-08 04:00:00,30274.82000000,30279.19000000,30145.21000000,30193.36000000,2329.32411000
5510,2023-07-08 08:00:00,30193.36000000,30313.98000000,30156.23000000,30201.71000000,2090.67845000
5511,2023-07-08 12:00:00,30201.72000000,30239.37000000,30152.19000000,30208.00000000,1628.14246000
5512,2023-07-08 16:00:00,30208.01000000,30318.25000000,30044.47000000,30112.00000000,2961.09304000
5513,2023-07-08 20:00:00,30112.00000000,30289.99000000,30054.06000000,30284.63000000,2052.21913000
5514,2023-07-09 00:00:00,30284.63000000,30402.98000000,30246.47000000,30287.99000000,2693.84185000
5515,2023-07-09 04:00:00,30287.99000000,30299.89000000,30233.33000000,30265.00000000,1865.45368000
5516,2023-07-09 08:00:00,30265.00000000,30310.00000000,30240.00000000,30266.69000000,1557.55664000
5517,2023-07-09 12:00:00,30266.70000000,30445.52000000,30190.00000000,30349.47000000,4204.63044000
5518,2023-07-09 16:00:00,30349.47000000,30349.74000000,30204.00000000,30242.42000000,1814.15215000
5519,2023-07-09 20:00:00,30242.43000000,30249.99000000,30061.12000000,30160.71000000,3252.86720000
5520,2023-07-10 00:00:00,30160.71000000,30240.00000000,29950.00000000,30156.17000000,5431.19593000
5521,2023-07-10 04:00:00,30156.17000000,30160.00000000,30050.29000000,30112.10000000,2853.31032000
5522,2023-07-10 08:00:00,30112.11000000,30245.90000000,30000.02000000,30240.00000000,4702.37808000
5523,2023-07-10 12:00:00,30240.00000000,30362.00000000,30143.21000000,30312.81000000,5908.11612000
5524,2023-07-10 16:00:00,30312.82000000,30840.00000000,30241.00000000,30837.40000000,7615.41653000
5525,2023-07-10 20:00:00,30837.40000000,31045.78000000,30190.00000000,30411.57000000,14752.45954000
5526,2023-07-11 00:00:00,30411.57000000,30600.00000000,30363.29000000,30476.00000000,4533.99483000
5527,2023-07-11 04:00:00,30475.99000000,30658.00000000,30430.88000000,30535.38000000,4563.71355000
5528,2023-07-11 08:00:00,30535.38000000,30567.32000000,30344.28000000,30404.31000000,4397.68536000
5529,2023-07-11 12:00:00,30404.31000000,30813.63000000,30300.00000000,30596.45000000,7750.28791000
5530,2023-07-11 16:00:00,30596.44000000,30693.87000000,30405.00000000,30581.99000000,4536.83905000
5531,2023-07-11 20:00:00,30582.00000000,30650.00000000,30501.56000000,30622.10000000,2694.31241000
5532,2023-07-12 00:00:00,30622.10000000,30671.38000000,30497.95000000,30588.32000000,3576.28600000
5533,2023-07-12 04:00:00,30588.32000000,30849.01000000,30565.53000000,30740.00000000,4266.19442000
5534,2023-07-12 08:00:00,30740.00000000,30809.13000000,30656.00000000,30776.25000000,3490.22801000
5535,2023-07-12 12:00:00,30776.25000000,30983.25000000,30461.59000000,30524.63000000,15884.13856000
5536,2023-07-12 16:00:00,30524.63000000,30538.44000000,30210.00000000,30287.47000000,7668.51251000
5537,2023-07-12 20:00:00,30287.48000000,30419.99000000,30238.28000000,30380.00000000,3223.63719000
5538,2023-07-13 00:00:00,30380.00000000,30433.25000000,30274.00000000,30298.01000000,3210.23446000
5539,2023-07-13 04:00:00,30298.01000000,30426.91000000,30251.00000000,30366.02000000,3711.05195000
5540,2023-07-13 08:00:00,30366.01000000,30637.06000000,30345.05000000,30543.99000000,4724.52462000
5541,2023-07-13 12:00:00,30543.99000000,31170.00000000,30459.91000000,30917.48000000,15742.34992000
5542,2023-07-13 16:00:00,30917.48000000,31804.20000000,30718.27000000,31606.01000000,33413.97579000
5543,2023-07-13 20:00:00,31606.00000000,31691.46000000,31000.00000000,31454.23000000,9970.38162000
5544,2023-07-14 00:00:00,31454.23000000,31630.00000000,31333.00000000,31460.00000000,8667.09146000
5545,2023-07-14 04:00:00,31459.99000000,31469.00000000,31075.25000000,31098.74000000,5686.39884000
5546,2023-07-14 08:00:00,31098.75000000,31287.85000000,31083.95000000,31209.59000000,4545.37951000
5547,2023-07-14 12:00:00,31209.58000000,31360.11000000,31050.00000000,31240.48000000,5568.76486000
5548,2023-07-14 16:00:00,31240.49000000,31275.50000000,29900.00000000,30115.17000000,29179.61822000
5549,2023-07-14 20:00:00,30115.18000000,30319.03000000,29985.31000000,30312.01000000,7102.23135000
5550,2023-07-15 00:00:00,30312.00000000,30390.90000000,30200.00000000,30292.91000000,3765.02048000
5551,2023-07-15 04:00:00,30292.90000000,30366.83000000,30257.45000000,30338.00000000,2509.41585000
5552,2023-07-15 08:00:00,30338.00000000,30371.67000000,30263.25000000,30311.99000000,2699.92345000
5553,2023-07-15 12:00:00,30311.99000000,30365.04000000,30250.99000000,30303.41000000,2114.38171000
5554,2023-07-15 16:00:00,30303.40000000,30358.18000000,30256.89000000,30326.47000000,1864.07980000
5555,2023-07-15 20:00:00,30326.47000000,30326.47000000,30269.96000000,30289.52000000,1165.73200000
5556,2023-07-16 00:00:00,30289.52000000,30335.00000000,30064.29000000,30188.00000000,4106.79294000
5557,2023-07-16 04:00:00,30188.00000000,30311.99000000,30134.59000000,30265.22000000,1941.43927000
5558,2023-07-16 08:00:00,30265.23000000,30350.00000000,30265.22000000,30306.01000000,2061.54158000
5559,2023-07-16 12:00:00,30306.01000000,30441.46000000,30273.08000000,30379.95000000,3061.26246000
5560,2023-07-16 16:00:00,30379.96000000,30403.13000000,30200.43000000,30252.93000000,2207.15898000
5561,2023-07-16 20:00:00,30252.94000000,30361.00000000,30122.95000000,30231.99000000,2381.93287000
5562,2023-07-17 00:00:00,30232.00000000,30336.96000000,30176.03000000,30312.66000000,2046.85414000
5563,2023-07-17 04:00:00,30312.66000000,30323.05000000,30232.06000000,30281.00000000,2300.08203000
5564,2023-07-17 08:00:00,30281.01000000,30328.00000000,29965.39000000,30161.70000000,6972.32410000
5565,2023-07-17 12:00:00,30161.70000000,30308.00000000,30032.00000000,30174.83000000,5199.39113000
5566,2023-07-17 16:00:00,30174.84000000,30241.03000000,29659.20000000,29884.39000000,10264.88813000
5567,2023-07-17 20:00:00,29884.40000000,30285.71000000,29881.41000000,30138.00000000,4099.22886000
5568,2023-07-18 00:00:00,30138.01000000,30239.78000000,30073.96000000,30073.96000000,2946.84335000
5569,2023-07-18 04:00:00,30073.97000000,30118.19000000,29921.54000000,29968.13000000,4074.27718000
5570,2023-07-18 08:00:00,29968.13000000,30111.68000000,29810.00000000,29884.01000000,5367.53981000
5571,2023-07-18 12:00:00,29884.00000000,30034.15000000,29675.00000000,29912.00000000,7997.98214000
5572,2023-07-18 16:00:00,29912.01000000,29964.99000000,29512.00000000,29715.99000000,7221.04629000
5573,2023-07-18 20:00:00,29715.98000000,29865.00000000,29690.65000000,29859.13000000,2396.17133000
5574,2023-07-19 00:00:00,29859.14000000,30076.71000000,29839.50000000,30059.11000000,3876.95657000
5575,2023-07-19 04:00:00,30059.10000000,30189.09000000,29966.48000000,30000.68000000,4281.65902000
5576,2023-07-19 08:00:00,30000.68000000,30046.00000000,29867.17000000,30012.63000000,3539.89276000
5577,2023-07-19 12:00:00,30012.62000000,30128.00000000,29761.96000000,29956.46000000,6395.65260000
5578,2023-07-19 16:00:00,29956.46000000,30100.00000000,29870.00000000,30044.31000000,4369.91637000
5579,2023-07-19 20:00:00,30044.31000000,30054.00000000,29830.36000000,29909.21000000,3193.28405000
5580,2023-07-20 00:00:00,29909.21000000,30047.95000000,29881.29000000,29948.01000000,2444.85301000
5581,2023-07-20 04:00:00,29948.00000000,30246.98000000,29926.88000000,30202.77000000,5123.20299000
5582,2023-07-20 08:00:00,30202.78000000,30417.46000000,30166.67000000,30284.90000000,7608.78698000
5583,2023-07-20 12:00:00,30284.90000000,30316.00000000,29627.04000000,29810.18000000,11993.35064000
5584,2023-07-20 16:00:00,29810.17000000,29872.71000000,29570.96000000,29756.00000000,6738.85700000
5585,2023-07-20 20:00:00,29756.00000000,29888.00000000,29669.56000000,29800.00000000,3631.63131000
5586,2023-07-21 00:00:00,29800.00000000,29953.01000000,29726.34000000,29897.62000000,4221.94752000
5587,2023-07-21 04:00:00,29897.62000000,29904.00000000,29751.90000000,29766.81000000,3343.90966000
5588,2023-07-21 08:00:00,29766.81000000,29851.37000000,29729.76000000,29778.51000000,3237.11897000
5589,2023-07-21 12:00:00,29778.51000000,29913.94000000,29778.50000000,29866.00000000,4668.94740000
5590,2023-07-21 16:00:00,29866.00000000,30061.70000000,29770.00000000,29875.99000000,5597.68776000
5591,2023-07-21 20:00:00,29875.99000000,29955.00000000,29833.93000000,29901.72000000,2811.79734000
5592,2023-07-22 00:00:00,29901.72000000,29999.00000000,29896.00000000,29903.41000000,2730.91284000
5593,2023-07-22 04:00:00,29903.40000000,29990.00000000,29848.00000000,29944.77000000,2257.82522000
5594,2023-07-22 08:00:00,29944.78000000,29979.92000000,29864.48000000,29886.94000000,2527.32910000
5595,2023-07-22 12:00:00,29886.93000000,29907.35000000,29828.77000000,29900.24000000,1964.17495000
5596,2023-07-22 16:00:00,29900.23000000,29908.71000000,29801.66000000,29836.00000000,1801.40881000
5597,2023-07-22 20:00:00,29836.00000000,29839.75000000,29625.10000000,29794.00000000,3378.75375000
5598,2023-07-23 00:00:00,29793.99000000,29893.77000000,29730.00000000,29845.72000000,2210.12963000
5599,2023-07-23 04:00:00,29845.71000000,29980.88000000,29845.71000000,29916.00000000,2924.91327000
5600,2023-07-23 08:00:00,29916.00000000,29959.00000000,29884.00000000,29888.58000000,2006.54126000
5601,2023-07-23 12:00:00,29888.59000000,29931.51000000,29852.29000000,29897.64000000,1417.20165000
5602,2023-07-23 16:00:00,29897.64000000,30350.00000000,29897.63000000,30093.12000000,6979.01521000
5603,2023-07-23 20:00:00,30093.12000000,30143.50000000,29920.37000000,30083.75000000,2754.98535000
5604,2023-07-24 00:00:00,30083.75000000,30099.58000000,29669.83000000,29716.01000000,4955.72652000
5605,2023-07-24 04:00:00,29716.00000000,29870.00000000,29660.00000000,29828.00000000,3839.73703000
5606,2023-07-24 08:00:00,29828.00000000,29832.54000000,29000.00000000,29269.99000000,12633.36871000
5607,2023-07-24 12:00:00,29269.99000000,29270.00000000,28861.90000000,29093.78000000,11841.66927000
5608,2023-07-24 16:00:00,29093.78000000,29157.15000000,29000.00000000,29117.99000000,4363.62637000
5609,2023-07-24 20:00:00,29117.99000000,29210.00000000,29090.36000000,29176.50000000,1994.86901000
5610,2023-07-25 00:00:00,29176.50000000,29183.34000000,29047.65000000,29111.00000000,3185.67346000
5611,2023-07-25 04:00:00,29111.00000000,29165.30000000,29074.55000000,29142.46000000,2754.17235000
5612,2023-07-25 08:00:00,29142.46000000,29282.00000000,29120.00000000,29128.29000000,3420.58834000
5613,2023-07-25 12:00:00,29128.29000000,29340.57000000,29082.84000000,29181.51000000,6818.58052000
5614,2023-07-25 16:00:00,29181.50000000,29376.00000000,29181.50000000,29198.83000000,3475.16328000
5615,2023-07-25 20:00:00,29198.82000000,29255.99000000,29183.93000000,29228.91000000,1911.56985000
5616,2023-07-26 00:00:00,29228.91000000,29412.88000000,29096.94000000,29242.81000000,4301.44969000
5617,2023-07-26 04:00:00,29242.80000000,29320.84000000,29180.00000000,29216.61000000,3303.70822000
5618,2023-07-26 08:00:00,29216.61000000,29240.54000000,29160.33000000,29175.39000000,2818.48677000
5619,2023-07-26 12:00:00,29175.39000000,29354.00000000,29166.36000000,29324.00000000,5180.25464000
5620,2023-07-26 16:00:00,29324.01000000,29499.00000000,29195.00000000,29401.93000000,9364.62077000
5621,2023-07-26 20:00:00,29401.93000000,29690.00000000,29280.01000000,29351.96000000,8963.11357000
5622,2023-07-27 00:00:00,29351.95000000,29450.44000000,29302.01000000,29405.78000000,2433.06591000
5623,2023-07-27 04:00:00,29405.78000000,29499.41000000,29378.60000000,29412.17000000,3487.82360000
5624,2023-07-27 08:00:00,29412.18000000,29567.49000000,29396.00000000,29507.03000000,3279.97998000
5625,2023-07-27 12:00:00,29507.02000000,29507.03000000,29236.78000000,29292.01000000,5407.73510000
5626,2023-07-27 16:00:00,29292.00000000,29333.22000000,29083.85000000,29163.83000000,5538.09551000
5627,2023-07-27 20:00:00,29163.83000000,29238.00000000,29133.50000000,29222.78000000,2329.77616000
5628,2023-07-28 00:00:00,29222.78000000,29305.30000000,29188.15000000,29253.85000000,3009.31278000
5629,2023-07-28 04:00:00,29253.84000000,29266.00000000,29135.15000000,29140.80000000,3783.45723000
5630,2023-07-28 08:00:00,29140.79000000,29246.08000000,29123.12000000,29206.59000000,3823.62755000
5631,2023-07-28 12:00:00,29206.58000000,29542.22000000,29206.58000000,29387.99000000,7235.33030000
5632,2023-07-28 16:00:00,29387.99000000,29399.98000000,29194.05000000,29316.00000000,4641.51658000
5633,2023-07-28 20:00:00,29316.00000000,29364.46000000,29284.68000000,29314.14000000,1500.37183000
5634,2023-07-29 00:00:00,29314.14000000,29396.15000000,29296.00000000,29371.89000000,2528.35734000
5635,2023-07-29 04:00:00,29371.90000000,29406.92000000,29295.00000000,29295.01000000,2178.51640000
5636,2023-07-29 08:00:00,29295.00000000,29330.55000000,29256.18000000,29267.16000000,1989.92338000
5637,2023-07-29 12:00:00,29267.16000000,29335.25000000,29261.87000000,29292.34000000,1933.64564000
5638,2023-07-29 16:00:00,29292.34000000,29349.62000000,29290.60000000,29338.02000000,1140.45592000
5639,2023-07-29 20:00:00,29338.03000000,29380.92000000,29338.02000000,29352.90000000,1080.46976000
5640,2023-07-30 00:00:00,29352.90000000,29352.92000000,29306.03000000,29314.92000000,971.65780000
5641,2023-07-30 04:00:00,29314.93000000,29331.98000000,29268.65000000,29294.31000000,1373.60195000
5642,2023-07-30 08:00:00,29294.30000000,29326.47000000,29232.22000000,29314.00000000,2125.52520000
5643,2023-07-30 12:00:00,29314.00000000,29449.00000000,29278.38000000,29349.37000000,3896.85270000
5644,2023-07-30 16:00:00,29349.36000000,29405.66000000,29113.51000000,29202.28000000,3341.76402000
5645,2023-07-30 20:00:00,29202.28000000,29284.00000000,29033.24000000,29281.09000000,3997.57274000
5646,2023-07-31 00:00:00,29281.09000000,29530.00000000,29264.00000000,29421.99000000,4109.65797000
5647,2023-07-31 04:00:00,29422.00000000,29443.68000000,29360.66000000,29373.61000000,2975.90381000
5648,2023-07-31 08:00:00,29373.62000000,29420.06000000,29332.32000000,29405.99000000,3067.69901000
5649,2023-07-31 12:00:00,29405.99000000,29473.97000000,29225.97000000,29247.98000000,4845.77930000
5650,2023-07-31 16:00:00,29247.99000000,29274.99000000,29101.80000000,29157.48000000,4521.86978000
5651,2023-07-31 20:00:00,29157.49000000,29295.24000000,29115.64000000,29232.25000000,3084.57977000
5652,2023-08-01 00:00:00,29232.26000000,29347.16000000,28720.00000000,28835.00000000,8673.02328000
5653,2023-08-01 04:00:00,28835.01000000,28970.81000000,28803.50000000,28937.30000000,4964.85360000
5654,2023-08-01 08:00:00,28937.31000000,28995.59000000,28862.18000000,28862.19000000,3644.73244000
5655,2023-08-01 12:00:00,28862.19000000,28980.00000000,28585.70000000,28954.00000000,9581.32861000
5656,2023-08-01 16:00:00,28953.99000000,29335.00000000,28864.01000000,29274.41000000,8846.63298000
5657,2023-08-01 20:00:00,29274.42000000,29739.25000000,29180.00000000,29705.99000000,9009.08071000
5658,2023-08-02 00:00:00,29705.99000000,30047.50000000,29622.50000000,29632.96000000,12892.26158000
5659,2023-08-02 04:00:00,29632.96000000,29719.77000000,29564.00000000,29577.26000000,5196.11558000
5660,2023-08-02 08:00:00,29577.25000000,29577.26000000,29378.62000000,29562.49000000,6827.56627000
5661,2023-08-02 12:00:00,29562.49000000,29603.80000000,29169.04000000,29321.40000000,9531.26540000
5662,2023-08-02 16:00:00,29321.39000000,29364.00000000,28927.50000000,29151.56000000,11051.05572000
5663,2023-08-02 20:00:00,29151.57000000,29233.06000000,29066.35000000,29186.01000000,2683.38686000
5664,2023-08-03 00:00:00,29186.00000000,29275.80000000,29126.34000000,29182.14000000,3369.62096000
5665,2023-08-03 04:00:00,29182.13000000,29192.00000000,29013.04000000,29044.17000000,3838.38639000
5666,2023-08-03 08:00:00,29044.16000000,29197.78000000,28968.00000000,29146.01000000,3557.08908000
5667,2023-08-03 12:00:00,29146.01000000,29433.33000000,29078.43000000,29259.07000000,7234.91983000
5668,2023-08-03 16:00:00,29259.07000000,29368.86000000,29137.55000000,29281.32000000,5040.57791000
5669,2023-08-03 20:00:00,29281.32000000,29361.14000000,29165.46000000,29193.64000000,3436.32577000
5670,2023-08-04 00:00:00,29193.65000000,29251.68000000,29100.00000000,29161.29000000,2758.43275000
5671,2023-08-04 04:00:00,29161.28000000,29253.02000000,29134.70000000,29212.92000000,2786.72183000
5672,2023-08-04 08:00:00,29212.91000000,29263.52000000,29137.00000000,29167.51000000,3233.96545000
5673,2023-08-04 12:00:00,29167.51000000,29333.08000000,29130.00000000,29274.28000000,5261.81968000
5674,2023-08-04 16:00:00,29274.28000000,29286.70000000,28950.00000000,29032.06000000,5475.27303000
5675,2023-08-04 20:00:00,29032.05000000,29130.35000000,28807.54000000,29113.99000000,4035.73943000
5676,2023-08-05 00:00:00,29114.00000000,29152.23000000,29065.11000000,29094.53000000,2238.91853000
5677,2023-08-05 04:00:00,29094.52000000,29097.72000000,29035.00000000,29052.81000000,2237.92793000
5678,2023-08-05 08:00:00,29052.81000000,29090.39000000,29044.37000000,29048.00000000,2385.23650000
5679,2023-08-05 12:00:00,29048.01000000,29082.13000000,28978.64000000,29041.49000000,2527.96804000
5680,2023-08-05 16:00:00,29041.49000000,29099.00000000,29009.37000000,29067.35000000,1293.61863000
5681,2023-08-05 20:00:00,29067.36000000,29092.38000000,29052.50000000,29072.13000000,961.85055000
5682,2023-08-06 00:00:00,29072.13000000,29078.95000000,29036.00000000,29063.99000000,1730.38101000
5683,2023-08-06 04:00:00,29064.00000000,29107.48000000,29045.96000000,29092.68000000,2554.57467000
5684,2023-08-06 08:00:00,29092.68000000,29142.00000000,29047.82000000,29078.01000000,2173.81719000
5685,2023-08-06 12:00:00,29078.01000000,29078.01000000,28991.88000000,29045.78000000,2293.72215000
