,date,open,high,low,close,volume
0,2021-01-01 00:00:00,736.42000000,749.00000000,729.33000000,744.82000000,130893.19622000
1,2021-01-01 04:00:00,744.87000000,747.09000000,734.40000000,737.38000000,72474.10311000
2,2021-01-01 08:00:00,737.37000000,741.76000000,725.10000000,738.85000000,128108.21447000
3,2021-01-01 12:00:00,738.85000000,743.33000000,732.12000000,735.39000000,121504.02184000
4,2021-01-01 16:00:00,735.39000000,737.73000000,714.29000000,725.34000000,156457.71927000
5,2021-01-01 20:00:00,725.34000000,731.97000000,722.50000000,728.91000000,65676.83838000
6,2021-01-02 00:00:00,728.91000000,734.40000000,714.91000000,730.39000000,119184.44960000
7,2021-01-02 04:00:00,730.39000000,740.49000000,726.26000000,735.12000000,97938.27713000
8,2021-01-02 08:00:00,735.12000000,738.35000000,723.01000000,729.70000000,120264.73109000
9,2021-01-02 12:00:00,729.70000000,772.80000000,728.25000000,768.43000000,428448.45842000
10,2021-01-02 16:00:00,768.45000000,787.69000000,764.50000000,784.79000000,334396.99240000
11,2021-01-02 20:00:00,784.79000000,785.48000000,750.12000000,774.56000000,252385.66804000
12,2021-01-03 00:00:00,774.44000000,781.59000000,770.59000000,772.37000000,114309.37983000
13,2021-01-03 04:00:00,772.44000000,805.74000000,768.71000000,799.78000000,285411.98757000
14,2021-01-03 08:00:00,799.74000000,832.30000000,791.50000000,829.76000000,334288.39418000
15,2021-01-03 12:00:00,829.77000000,921.73000000,826.38000000,917.72000000,698095.22416000
16,2021-01-03 16:00:00,917.95000000,978.00000000,888.93000000,921.53000000,805040.39911000
17,2021-01-03 20:00:00,921.61000000,1011.07000000,920.08000000,978.28000000,576458.50130000
18,2021-01-04 00:00:00,978.33000000,1025.81000000,954.22000000,1021.41000000,432623.86115000
19,2021-01-04 04:00:00,1021.41000000,1162.97000000,1012.00000000,1044.31000000,996550.05419000
20,2021-01-04 08:00:00,1044.30000000,1078.93000000,890.00000000,976.80000000,1176111.38746000
21,2021-01-04 12:00:00,976.97000000,1058.16000000,956.12000000,1040.01000000,815345.81432000
22,2021-01-04 16:00:00,1040.00000000,1048.00000000,982.05000000,1042.28000000,540996.24594000
23,2021-01-04 20:00:00,1042.16000000,1049.70000000,992.70000000,1041.43000000,283383.57698000
24,2021-01-05 00:00:00,1041.45000000,1134.60000000,995.00000000,1001.76000000,753792.30594000
25,2021-01-05 04:00:00,1001.75000000,1030.81000000,974.45000000,1003.45000000,525071.48466000
26,2021-01-05 08:00:00,1003.52000000,1050.93000000,1003.51000000,1042.21000000,324534.17389000
27,2021-01-05 12:00:00,1042.23000000,1064.00000000,1001.00000000,1052.82000000,326089.03064000
28,2021-01-05 16:00:00,1052.83000000,1108.00000000,1036.29000000,1096.33000000,458535.68236000
29,2021-01-05 20:00:00,1096.36000000,1120.00000000,1074.44000000,1099.56000000,318972.99776000
30,2021-01-06 00:00:00,1100.16000000,1110.30000000,1057.26000000,1075.49000000,272291.19258000
31,2021-01-06 04:00:00,1075.49000000,1135.02000000,1073.03000000,1106.59000000,397722.28203000
32,2021-01-06 08:00:00,1106.61000000,1166.58000000,1091.00000000,1151.88000000,427002.85506000
33,2021-01-06 12:00:00,1151.88000000,1158.96000000,1121.00000000,1143.89000000,356213.35095000
34,2021-01-06 16:00:00,1144.01000000,1208.57000000,1144.01000000,1160.78000000,514560.21454000
35,2021-01-06 20:00:00,1160.78000000,1213.00000000,1116.61000000,1208.42000000,422346.69818000
36,2021-01-07 00:00:00,1208.75000000,1224.11000000,1179.91000000,1213.17000000,276767.00381000
37,2021-01-07 04:00:00,1213.17000000,1218.04000000,1181.09000000,1186.21000000,223588.06912000
38,2021-01-07 08:00:00,1186.39000000,1205.70000000,1159.03000000,1201.12000000,239241.20032000
39,2021-01-07 12:00:00,1201.32000000,1249.98000000,1197.64000000,1249.83000000,320851.12478000
40,2021-01-07 16:00:00,1249.84000000,1289.00000000,1131.00000000,1234.14000000,647222.06056000
41,2021-01-07 20:00:00,1234.23000000,1267.33000000,1201.45000000,1224.87000000,265253.36200000
42,2021-01-08 00:00:00,1224.86000000,1233.00000000,1065.00000000,1150.10000000,457136.18423000
43,2021-01-08 04:00:00,1150.10000000,1214.27000000,1125.41000000,1208.42000000,317360.18426000
44,2021-01-08 08:00:00,1208.20000000,1270.24000000,1181.73000000,1255.43000000,340828.16003000
45,2021-01-08 12:00:00,1255.24000000,1273.75000000,1171.72000000,1216.77000000,412593.06251000
46,2021-01-08 16:00:00,1216.93000000,1242.18000000,1173.00000000,1184.75000000,287616.62425000
47,2021-01-08 20:00:00,1184.75000000,1229.69000000,1135.51000000,1216.93000000,315638.70813000
48,2021-01-09 00:00:00,1216.72000000,1234.67000000,1171.36000000,1226.53000000,256010.80317000
49,2021-01-09 04:00:00,1226.53000000,1227.49000000,1173.65000000,1196.49000000,195105.52631000
50,2021-01-09 08:00:00,1196.50000000,1237.00000000,1184.64000000,1220.64000000,216546.78765000
51,2021-01-09 12:00:00,1220.65000000,1235.50000000,1207.29000000,1219.95000000,182191.76916000
52,2021-01-09 16:00:00,1219.96000000,1235.69000000,1194.08000000,1229.42000000,193868.19879000
53,2021-01-09 20:00:00,1229.33000000,1304.37000000,1217.54000000,1276.00000000,405148.03006000
54,2021-01-10 00:00:00,1276.00000000,1340.98000000,1273.82000000,1310.97000000,318325.25142000
55,2021-01-10 04:00:00,1310.91000000,1345.69000000,1305.74000000,1344.70000000,185032.87094000
56,2021-01-10 08:00:00,1344.77000000,1348.33000000,1257.60000000,1259.28000000,340055.23108000
57,2021-01-10 12:00:00,1259.28000000,1323.71000000,1237.00000000,1303.18000000,308278.58018000
58,2021-01-10 16:00:00,1303.40000000,1325.00000000,1248.59000000,1263.17000000,362908.80802000
59,2021-01-10 20:00:00,1263.32000000,1287.51000000,1170.00000000,1254.25000000,436578.60839000
60,2021-01-11 00:00:00,1254.24000000,1260.00000000,1010.91000000,1104.14000000,631801.97474000
61,2021-01-11 04:00:00,1105.02000000,1133.87000000,1011.10000000,1071.84000000,720369.03247000
62,2021-01-11 08:00:00,1071.98000000,1149.99000000,1049.01000000,1067.87000000,534029.85503000
63,2021-01-11 12:00:00,1067.65000000,1103.12000000,950.00000000,977.21000000,869009.99081000
64,2021-01-11 16:00:00,977.21000000,1024.00000000,915.00000000,984.41000000,883171.42096000
65,2021-01-11 20:00:00,984.15000000,1094.00000000,958.00000000,1087.01000000,461068.62645000
66,2021-01-12 00:00:00,1087.00000000,1091.36000000,1038.34000000,1088.52000000,339890.45246000
67,2021-01-12 04:00:00,1088.72000000,1150.02000000,1076.25000000,1139.05000000,362239.29376000
68,2021-01-12 08:00:00,1139.25000000,1144.11000000,1065.95000000,1099.16000000,429916.10678000
69,2021-01-12 12:00:00,1099.15000000,1111.54000000,1006.33000000,1053.34000000,574695.85580000
70,2021-01-12 16:00:00,1053.54000000,1126.88000000,1052.79000000,1082.76000000,349691.07608000
71,2021-01-12 20:00:00,1082.76000000,1088.25000000,1025.00000000,1050.16000000,246212.55564000
72,2021-01-13 00:00:00,1050.36000000,1059.66000000,987.48000000,1046.72000000,401920.25192000
73,2021-01-13 04:00:00,1046.72000000,1080.75000000,1010.79000000,1076.35000000,228998.34353000
74,2021-01-13 08:00:00,1076.33000000,1096.64000000,1053.79000000,1061.60000000,275185.64194000
75,2021-01-13 12:00:00,1061.64000000,1084.00000000,1045.07000000,1071.50000000,203460.13647000
76,2021-01-13 16:00:00,1071.14000000,1109.78000000,1060.78000000,1102.08000000,217411.59435000
77,2021-01-13 20:00:00,1102.02000000,1137.65000000,1091.25000000,1129.89000000,237226.42260000
78,2021-01-14 00:00:00,1129.79000000,1147.97000000,1091.02000000,1096.39000000,232428.00407000
79,2021-01-14 04:00:00,1096.39000000,1162.57000000,1086.70000000,1148.00000000,244121.19684000
80,2021-01-14 08:00:00,1147.85000000,1174.73000000,1141.78000000,1166.59000000,239439.34481000
81,2021-01-14 12:00:00,1166.48000000,1220.63000000,1147.51000000,1212.80000000,330253.14759000
82,2021-01-14 16:00:00,1212.99000000,1247.55000000,1203.20000000,1231.53000000,279222.47659000
83,2021-01-14 20:00:00,1231.20000000,1235.84000000,1163.68000000,1231.62000000,230273.21566000
84,2021-01-15 00:00:00,1231.89000000,1256.98000000,1201.00000000,1219.07000000,261526.78997000
85,2021-01-15 04:00:00,1219.08000000,1242.99000000,1175.41000000,1240.97000000,278007.05622000
86,2021-01-15 08:00:00,1240.99000000,1247.88000000,1205.00000000,1226.12000000,208874.90779000
87,2021-01-15 12:00:00,1226.28000000,1230.64000000,1126.44000000,1141.52000000,433661.50301000
88,2021-01-15 16:00:00,1141.66000000,1175.34000000,1069.42000000,1133.74000000,570819.55179000
89,2021-01-15 20:00:00,1133.75000000,1175.08000000,1111.52000000,1168.53000000,191149.02860000
90,2021-01-16 00:00:00,1168.48000000,1198.10000000,1157.77000000,1179.34000000,200202.60126000
91,2021-01-16 04:00:00,1179.23000000,1189.76000000,1151.77000000,1182.90000000,164701.47717000
92,2021-01-16 08:00:00,1182.88000000,1225.52000000,1177.00000000,1219.00000000,254743.79593000
93,2021-01-16 12:00:00,1219.00000000,1278.00000000,1188.00000000,1276.27000000,382893.20169000
94,2021-01-16 16:00:00,1276.29000000,1298.00000000,1218.40000000,1252.59000000,317143.87898000
95,2021-01-16 20:00:00,1252.40000000,1280.71000000,1200.00000000,1227.83000000,255699.48294000
96,2021-01-17 00:00:00,1227.83000000,1258.00000000,1200.53000000,1241.20000000,193889.07217000
97,2021-01-17 04:00:00,1241.33000000,1250.72000000,1170.00000000,1182.60000000,260092.86651000
98,2021-01-17 08:00:00,1182.45000000,1228.37000000,1165.00000000,1219.52000000,303403.03227000
99,2021-01-17 12:00:00,1219.52000000,1246.92000000,1191.03000000,1241.17000000,227790.01775000
100,2021-01-17 16:00:00,1241.35000000,1251.00000000,1210.54000000,1218.30000000,160001.97705000
101,2021-01-17 20:00:00,1218.35000000,1269.02000000,1218.33000000,1232.45000000,172108.04004000
102,2021-01-18 00:00:00,1232.50000000,1247.73000000,1182.58000000,1194.07000000,208076.04408000
103,2021-01-18 04:00:00,1194.07000000,1227.01000000,1188.00000000,1219.62000000,155010.00201000
104,2021-01-18 08:00:00,1219.68000000,1234.23000000,1209.00000000,1225.43000000,151897.02037000
105,2021-01-18 12:00:00,1225.43000000,1255.50000000,1221.00000000,1240.36000000,229889.74155000
106,2021-01-18 16:00:00,1240.21000000,1248.48000000,1211.66000000,1227.67000000,150138.28973000
107,2021-01-18 20:00:00,1227.68000000,1260.75000000,1222.52000000,1258.45000000,103039.01299000
108,2021-01-19 00:00:00,1258.52000000,1345.00000000,1251.49000000,1321.50000000,466704.40297000
109,2021-01-19 04:00:00,1321.58000000,1379.64000000,1302.18000000,1375.00000000,287149.85972000
110,2021-01-19 08:00:00,1374.73000000,1433.00000000,1362.77000000,1429.56000000,441752.16268000
111,2021-01-19 12:00:00,1429.47000000,1438.30000000,1371.00000000,1413.95000000,376832.82943000
112,2021-01-19 16:00:00,1414.09000000,1437.59000000,1334.41000000,1359.60000000,423824.08728000
113,2021-01-19 20:00:00,1359.59000000,1424.96000000,1350.00000000,1365.36000000,282589.21550000
114,2021-01-20 00:00:00,1365.36000000,1407.93000000,1340.00000000,1344.03000000,314283.12785000
115,2021-01-20 04:00:00,1344.11000000,1379.60000000,1316.25000000,1369.92000000,303676.79555000
116,2021-01-20 08:00:00,1369.94000000,1373.46000000,1250.00000000,1265.39000000,572418.11700000
117,2021-01-20 12:00:00,1265.41000000,1321.95000000,1235.42000000,1273.29000000,451867.65597000
118,2021-01-20 16:00:00,1273.17000000,1350.00000000,1248.59000000,1345.80000000,348733.00163000
119,2021-01-20 20:00:00,1345.81000000,1389.42000000,1305.00000000,1376.99000000,228158.92344000
120,2021-01-21 00:00:00,1376.72000000,1390.00000000,1308.30000000,1326.50000000,274089.35217000
121,2021-01-21 04:00:00,1326.01000000,1336.22000000,1278.99000000,1309.62000000,235026.10869000
122,2021-01-21 08:00:00,1309.53000000,1312.38000000,1222.00000000,1236.31000000,541006.14541000
123,2021-01-21 12:00:00,1236.43000000,1260.00000000,1185.75000000,1188.68000000,523157.16118000
124,2021-01-21 16:00:00,1188.54000000,1238.90000000,1164.00000000,1231.18000000,349964.97732000
125,2021-01-21 20:00:00,1231.02000000,1235.00000000,1086.00000000,1110.96000000,386964.82821000
126,2021-01-22 00:00:00,1111.98000000,1164.00000000,1042.31000000,1160.73000000,667507.41144000
127,2021-01-22 04:00:00,1160.65000000,1189.00000000,1132.00000000,1143.58000000,318405.73175000
128,2021-01-22 08:00:00,1143.57000000,1210.95000000,1121.49000000,1197.57000000,347883.62511000
129,2021-01-22 12:00:00,1197.36000000,1242.01000000,1193.28000000,1232.88000000,275957.55946000
130,2021-01-22 16:00:00,1233.14000000,1272.29000000,1214.87000000,1267.61000000,236529.01958000
131,2021-01-22 20:00:00,1267.69000000,1273.79000000,1218.00000000,1232.62000000,174309.86939000
132,2021-01-23 00:00:00,1232.61000000,1242.85000000,1205.70000000,1231.67000000,182335.82961000
133,2021-01-23 04:00:00,1231.67000000,1268.49000000,1229.00000000,1259.62000000,135462.95556000
134,2021-01-23 08:00:00,1259.61000000,1272.44000000,1212.50000000,1219.07000000,209817.27060000
135,2021-01-23 12:00:00,1219.07000000,1242.08000000,1195.90000000,1230.26000000,183330.07763000
136,2021-01-23 16:00:00,1230.26000000,1264.00000000,1223.75000000,1257.83000000,175610.90937000
137,2021-01-23 20:00:00,1257.83000000,1259.86000000,1223.85000000,1233.60000000,122988.03981000
138,2021-01-24 00:00:00,1233.46000000,1294.00000000,1220.00000000,1293.33000000,206011.15155000
139,2021-01-24 04:00:00,1293.53000000,1334.88000000,1288.52000000,1314.74000000,302530.69855000
140,2021-01-24 08:00:00,1314.74000000,1350.04000000,1310.00000000,1342.97000000,217886.02594000
141,2021-01-24 12:00:00,1343.07000000,1348.26000000,1298.22000000,1320.50000000,249036.75205000
142,2021-01-24 16:00:00,1320.50000000,1365.00000000,1304.00000000,1326.37000000,327450.59784000
143,2021-01-24 20:00:00,1326.37000000,1398.83000000,1324.13000000,1392.51000000,207964.31224000
144,2021-01-25 00:00:00,1392.19000000,1475.00000000,1383.12000000,1426.91000000,490092.45154000
145,2021-01-25 04:00:00,1426.99000000,1445.00000000,1392.20000000,1424.61000000,222027.33364000
146,2021-01-25 08:00:00,1424.65000000,1427.72000000,1379.08000000,1411.18000000,244667.19152000
147,2021-01-25 12:00:00,1411.41000000,1444.36000000,1399.44000000,1434.87000000,291210.57348000
148,2021-01-25 16:00:00,1434.95000000,1442.72000000,1354.86000000,1382.87000000,286266.95633000
149,2021-01-25 20:00:00,1382.90000000,1383.63000000,1293.69000000,1317.88000000,351176.80638000
150,2021-01-26 00:00:00,1317.60000000,1378.49000000,1297.00000000,1312.80000000,288743.11666000
151,2021-01-26 04:00:00,1312.80000000,1349.00000000,1301.56000000,1317.41000000,217643.08348000
152,2021-01-26 08:00:00,1317.34000000,1344.82000000,1294.83000000,1313.46000000,215797.05351000
153,2021-01-26 12:00:00,1313.61000000,1319.69000000,1244.56000000,1279.95000000,410722.91647000
154,2021-01-26 16:00:00,1279.94000000,1353.00000000,1267.02000000,1341.94000000,327272.10366000
155,2021-01-26 20:00:00,1341.93000000,1374.22000000,1325.00000000,1365.97000000,222745.38421000
156,2021-01-27 00:00:00,1366.54000000,1373.90000000,1300.00000000,1309.00000000,221868.08106000
157,2021-01-27 04:00:00,1309.01000000,1320.02000000,1273.13000000,1293.36000000,207358.03642000
158,2021-01-27 08:00:00,1293.37000000,1302.38000000,1245.00000000,1249.02000000,387545.07779000
159,2021-01-27 12:00:00,1248.78000000,1286.15000000,1207.00000000,1281.08000000,507810.32220000
160,2021-01-27 16:00:00,1281.40000000,1307.76000000,1222.17000000,1268.77000000,433346.82266000
161,2021-01-27 20:00:00,1268.78000000,1297.00000000,1233.11000000,1239.03000000,251843.74345000
162,2021-01-28 00:00:00,1238.93000000,1290.87000000,1217.23000000,1287.59000000,203882.77686000
163,2021-01-28 04:00:00,1287.31000000,1325.00000000,1270.71000000,1284.88000000,213965.01458000
164,2021-01-28 08:00:00,1284.93000000,1309.08000000,1260.00000000,1302.55000000,208220.74435000
165,2021-01-28 12:00:00,1302.54000000,1358.61000000,1292.59000000,1350.43000000,346575.98340000
166,2021-01-28 16:00:00,1350.43000000,1356.00000000,1320.00000000,1332.24000000,207867.54825000
167,2021-01-28 20:00:00,1332.36000000,1360.00000000,1323.35000000,1329.69000000,184757.65218000
168,2021-01-29 00:00:00,1329.44000000,1374.13000000,1309.04000000,1320.82000000,272864.99116000
169,2021-01-29 04:00:00,1320.80000000,1326.53000000,1285.35000000,1315.90000000,251920.55637000
170,2021-01-29 08:00:00,1315.86000000,1429.99000000,1295.01000000,1416.96000000,713546.56387000
171,2021-01-29 12:00:00,1416.83000000,1436.90000000,1371.33000000,1396.18000000,409155.65427000
172,2021-01-29 16:00:00,1396.48000000,1408.54000000,1313.12000000,1348.30000000,347182.60529000
173,2021-01-29 20:00:00,1348.03000000,1409.99000000,1331.78000000,1379.50000000,259292.81586000
174,2021-01-30 00:00:00,1379.56000000,1406.00000000,1326.41000000,1342.71000000,256273.10588000
175,2021-01-30 04:00:00,1342.79000000,1357.00000000,1328.16000000,1346.87000000,165179.18701000
176,2021-01-30 08:00:00,1347.07000000,1354.55000000,1336.18000000,1340.01000000,152348.08358000
177,2021-01-30 12:00:00,1340.01000000,1380.30000000,1330.25000000,1371.27000000,165274.40898000
178,2021-01-30 16:00:00,1371.26000000,1380.00000000,1345.00000000,1371.51000000,174074.53879000
179,2021-01-30 20:00:00,1371.64000000,1390.00000000,1368.34000000,1378.05000000,126892.91206000
180,2021-01-31 00:00:00,1378.04000000,1380.74000000,1354.00000000,1357.49000000,113053.88962000
181,2021-01-31 04:00:00,1357.49000000,1365.20000000,1342.00000000,1346.28000000,110441.86041000
182,2021-01-31 08:00:00,1346.28000000,1357.43000000,1338.00000000,1354.29000000,124977.58425000
183,2021-01-31 12:00:00,1354.36000000,1371.85000000,1291.68000000,1311.10000000,278371.37483000
184,2021-01-31 16:00:00,1311.01000000,1320.00000000,1281.12000000,1305.00000000,217327.36558000
185,2021-01-31 20:00:00,1305.00000000,1321.93000000,1292.00000000,1312.55000000,114532.78102000
186,2021-02-01 00:00:00,1312.45000000,1324.63000000,1269.99000000,1316.92000000,247760.76989000
187,2021-02-01 04:00:00,1316.91000000,1337.83000000,1301.70000000,1316.67000000,187232.75620000
188,2021-02-01 08:00:00,1316.65000000,1345.19000000,1307.52000000,1336.41000000,197638.27187000
189,2021-02-01 12:00:00,1336.40000000,1345.52000000,1301.51000000,1301.73000000,174907.48947000
190,2021-02-01 16:00:00,1301.96000000,1334.00000000,1300.00000000,1332.74000000,122795.54420000
191,2021-02-01 20:00:00,1332.74000000,1377.99000000,1329.37000000,1374.17000000,166063.08699000
192,2021-02-02 00:00:00,1374.09000000,1411.02000000,1360.28000000,1368.79000000,241546.93810000
193,2021-02-02 04:00:00,1368.80000000,1425.99000000,1367.50000000,1415.00000000,231846.72066000
194,2021-02-02 08:00:00,1415.00000000,1458.00000000,1405.62000000,1419.58000000,396483.64994000
195,2021-02-02 12:00:00,1419.58000000,1447.71000000,1408.00000000,1427.87000000,244276.30368000
196,2021-02-02 16:00:00,1427.88000000,1516.62000000,1421.56000000,1516.13000000,482312.44119000
197,2021-02-02 20:00:00,1516.29000000,1547.90000000,1497.12000000,1511.87000000,347761.94521000
198,2021-02-03 00:00:00,1511.93000000,1548.00000000,1508.39000000,1539.57000000,196829.19021000
199,2021-02-03 04:00:00,1539.71000000,1571.00000000,1537.69000000,1547.09000000,231786.97229000
200,2021-02-03 08:00:00,1547.15000000,1560.00000000,1512.38000000,1537.68000000,261018.33038000
201,2021-02-03 12:00:00,1537.93000000,1599.86000000,1523.24000000,1597.25000000,283822.30097000
202,2021-02-03 16:00:00,1597.56000000,1650.00000000,1580.10000000,1616.10000000,352828.19975000
203,2021-02-03 20:00:00,1616.10000000,1669.35000000,1600.44000000,1664.49000000,209584.89441000
204,2021-02-04 00:00:00,1664.67000000,1695.20000000,1632.51000000,1645.84000000,278025.52305000
205,2021-02-04 04:00:00,1645.85000000,1683.16000000,1635.00000000,1662.83000000,171021.42712000
206,2021-02-04 08:00:00,1662.52000000,1684.66000000,1570.96000000,1611.74000000,375964.91534000
207,2021-02-04 12:00:00,1611.77000000,1643.21000000,1554.44000000,1580.88000000,333884.89947000
208,2021-02-04 16:00:00,1580.80000000,1664.51000000,1565.00000000,1652.99000000,295847.71547000
209,2021-02-04 20:00:00,1652.96000000,1670.67000000,1588.00000000,1595.67000000,191757.84917000
210,2021-02-05 00:00:00,1595.53000000,1653.21000000,1591.00000000,1639.99000000,178248.23378000
211,2021-02-05 04:00:00,1639.99000000,1669.50000000,1622.24000000,1662.36000000,142863.90595000
212,2021-02-05 08:00:00,1662.60000000,1676.27000000,1641.22000000,1662.78000000,160819.18671000
213,2021-02-05 12:00:00,1662.79000000,1748.00000000,1657.35000000,1741.99000000,321200.11331000
214,2021-02-05 16:00:00,1742.00000000,1760.49000000,1682.00000000,1709.91000000,271453.99845000
215,2021-02-05 20:00:00,1710.02000000,1726.45000000,1695.00000000,1719.19000000,119537.86126000
216,2021-02-06 00:00:00,1718.95000000,1743.67000000,1645.48000000,1682.19000000,297581.07716000
217,2021-02-06 04:00:00,1682.19000000,1682.51000000,1642.94000000,1673.32000000,171526.24331000
218,2021-02-06 08:00:00,1673.21000000,1718.47000000,1672.01000000,1679.67000000,213440.11784000
219,2021-02-06 12:00:00,1679.67000000,1697.52000000,1663.00000000,1673.04000000,156446.92209000
220,2021-02-06 16:00:00,1673.04000000,1719.99000000,1655.23000000,1707.67000000,175524.99431000
221,2021-02-06 20:00:00,1707.89000000,1718.68000000,1671.33000000,1676.35000000,135288.97630000
222,2021-02-07 00:00:00,1676.35000000,1693.00000000,1609.03000000,1626.53000000,216461.56584000
223,2021-02-07 04:00:00,1626.41000000,1639.67000000,1585.44000000,1632.00000000,168724.49349000
224,2021-02-07 08:00:00,1632.01000000,1655.77000000,1613.48000000,1624.91000000,144775.56801000
225,2021-02-07 12:00:00,1624.89000000,1629.39000000,1525.01000000,1538.21000000,306544.19929000
226,2021-02-07 16:00:00,1538.19000000,1589.99000000,1490.46000000,1565.44000000,292886.05233000
227,2021-02-07 20:00:00,1565.64000000,1621.46000000,1552.68000000,1611.62000000,152342.98918000
228,2021-02-08 00:00:00,1611.46000000,1631.31000000,1563.89000000,1581.46000000,149634.30677000
229,2021-02-08 04:00:00,1581.26000000,1647.73000000,1577.67000000,1639.59000000,139479.17953000
230,2021-02-08 08:00:00,1639.52000000,1665.00000000,1625.39000000,1660.48000000,143088.62244000
231,2021-02-08 12:00:00,1660.63000000,1757.00000000,1642.17000000,1734.79000000,433032.17835000
232,2021-02-08 16:00:00,1734.86000000,1775.57000000,1679.65000000,1695.96000000,272281.67621000
233,2021-02-08 20:00:00,1695.91000000,1752.81000000,1691.32000000,1750.15000000,202261.13206000
234,2021-02-09 00:00:00,1749.68000000,1766.00000000,1708.49000000,1735.04000000,177440.57705000
235,2021-02-09 04:00:00,1735.20000000,1770.00000000,1727.54000000,1750.82000000,183694.10220000
236,2021-02-09 08:00:00,1750.50000000,1821.88000000,1725.01000000,1753.40000000,332495.80286000
237,2021-02-09 12:00:00,1753.40000000,1769.23000000,1712.19000000,1749.00000000,189315.47437000
238,2021-02-09 16:00:00,1749.01000000,1772.56000000,1720.38000000,1772.56000000,160679.29534000
239,2021-02-09 20:00:00,1772.56000000,1791.58000000,1747.64000000,1769.13000000,141446.64411000
240,2021-02-10 00:00:00,1769.14000000,1825.00000000,1758.24000000,1809.45000000,184938.99868000
241,2021-02-10 04:00:00,1809.45000000,1825.00000000,1766.82000000,1810.84000000,178053.21150000
242,2021-02-10 08:00:00,1810.84000000,1837.86000000,1771.85000000,1792.02000000,191758.35549000
243,2021-02-10 12:00:00,1792.02000000,1792.46000000,1680.00000000,1714.37000000,381726.41538000
244,2021-02-10 16:00:00,1714.21000000,1748.88000000,1690.80000000,1742.69000000,178282.38628000
245,2021-02-10 20:00:00,1742.72000000,1758.73000000,1705.30000000,1740.78000000,105172.88741000
246,2021-02-11 00:00:00,1740.76000000,1749.01000000,1703.44000000,1721.86000000,78669.51899000
247,2021-02-11 04:00:00,1721.70000000,1748.76000000,1716.94000000,1737.44000000,79501.77313000
248,2021-02-11 08:00:00,1737.18000000,1789.30000000,1731.03000000,1763.36000000,142357.11723000
249,2021-02-11 12:00:00,1763.36000000,1819.00000000,1760.00000000,1796.17000000,189057.07057000
250,2021-02-11 16:00:00,1796.40000000,1810.00000000,1776.13000000,1790.66000000,115260.50363000
251,2021-02-11 20:00:00,1790.77000000,1808.50000000,1754.41000000,1785.62000000,130233.84344000
252,2021-02-12 00:00:00,1785.83000000,1808.00000000,1762.98000000,1764.57000000,113825.04741000
253,2021-02-12 04:00:00,1764.56000000,1773.00000000,1739.88000000,1768.28000000,118850.48721000
254,2021-02-12 08:00:00,1768.38000000,1782.20000000,1749.50000000,1775.61000000,99182.72272000
255,2021-02-12 12:00:00,1775.61000000,1802.00000000,1750.89000000,1789.03000000,193728.10339000
256,2021-02-12 16:00:00,1789.20000000,1851.10000000,1787.08000000,1840.36000000,253823.30175000
257,2021-02-12 20:00:00,1840.36000000,1864.88000000,1827.99000000,1840.26000000,130190.54405000
258,2021-02-13 00:00:00,1840.24000000,1871.72000000,1840.18000000,1863.87000000,128449.80297000
259,2021-02-13 04:00:00,1864.07000000,1866.19000000,1805.54000000,1806.60000000,123000.29078000
260,2021-02-13 08:00:00,1806.22000000,1838.90000000,1765.00000000,1782.95000000,196237.13496000
261,2021-02-13 12:00:00,1783.01000000,1823.87000000,1765.00000000,1816.54000000,135329.80018000
262,2021-02-13 16:00:00,1816.43000000,1823.00000000,1782.63000000,1799.44000000,103254.75193000
263,2021-02-13 20:00:00,1799.43000000,1823.99000000,1787.62000000,1814.96000000,81317.29203000
264,2021-02-14 00:00:00,1815.25000000,1843.67000000,1806.85000000,1809.03000000,109846.55827000
265,2021-02-14 04:00:00,1809.03000000,1850.00000000,1800.00000000,1831.70000000,132809.78828000
266,2021-02-14 08:00:00,1831.63000000,1847.54000000,1824.77000000,1831.88000000,90803.37275000
267,2021-02-14 12:00:00,1831.98000000,1844.28000000,1784.11000000,1799.05000000,161448.61067000
268,2021-02-14 16:00:00,1799.04000000,1814.00000000,1789.03000000,1804.55000000,95435.65071000
269,2021-02-14 20:00:00,1804.55000000,1832.20000000,1800.00000000,1800.42000000,84917.79805000
270,2021-02-15 00:00:00,1800.03000000,1813.02000000,1655.67000000,1727.64000000,329266.37904000
271,2021-02-15 04:00:00,1727.64000000,1759.95000000,1687.39000000,1749.67000000,173637.14864000
272,2021-02-15 08:00:00,1749.68000000,1796.28000000,1740.52000000,1787.48000000,123091.40861000
273,2021-02-15 12:00:00,1787.76000000,1814.68000000,1776.44000000,1810.28000000,157410.67956000
274,2021-02-15 16:00:00,1810.32000000,1834.00000000,1805.30000000,1824.71000000,123658.41756000
275,2021-02-15 20:00:00,1824.55000000,1835.72000000,1762.65000000,1779.25000000,146410.54538000
276,2021-02-16 00:00:00,1779.33000000,1827.28000000,1744.92000000,1822.00000000,133902.53130000
277,2021-02-16 04:00:00,1822.16000000,1827.28000000,1779.95000000,1797.57000000,105952.42806000
278,2021-02-16 08:00:00,1797.79000000,1809.70000000,1777.11000000,1783.13000000,103859.20134000
279,2021-02-16 12:00:00,1783.12000000,1825.00000000,1761.08000000,1773.22000000,202077.52653000
280,2021-02-16 16:00:00,1773.23000000,1781.51000000,1724.00000000,1752.08000000,176254.38331000
281,2021-02-16 20:00:00,1752.01000000,1784.53000000,1729.78000000,1781.99000000,95447.40459000
282,2021-02-17 00:00:00,1781.99000000,1786.27000000,1742.30000000,1753.61000000,95911.79553000
283,2021-02-17 04:00:00,1753.61000000,1808.00000000,1733.01000000,1806.21000000,134951.30387000
284,2021-02-17 08:00:00,1806.15000000,1821.93000000,1789.25000000,1807.60000000,137092.04526000
285,2021-02-17 12:00:00,1807.60000000,1842.32000000,1804.00000000,1812.00000000,176435.08858000
286,2021-02-17 16:00:00,1812.18000000,1840.97000000,1800.00000000,1837.76000000,117911.85703000
287,2021-02-17 20:00:00,1837.76000000,1855.00000000,1822.63000000,1849.88000000,133409.54284000
288,2021-02-18 00:00:00,1849.70000000,1919.22000000,1849.69000000,1891.99000000,215406.10526000
289,2021-02-18 04:00:00,1892.45000000,1910.00000000,1879.24000000,1898.85000000,120715.27503000
290,2021-02-18 08:00:00,1898.90000000,1929.00000000,1882.13000000,1900.41000000,176924.45980000
291,2021-02-18 12:00:00,1900.61000000,1925.00000000,1881.07000000,1907.91000000,175796.43015000
292,2021-02-18 16:00:00,1908.16000000,1940.00000000,1906.44000000,1922.55000000,127186.51644000
293,2021-02-18 20:00:00,1922.48000000,1950.50000000,1914.00000000,1939.61000000,121198.31523000
294,2021-02-19 00:00:00,1938.91000000,1952.00000000,1891.00000000,1910.21000000,150402.99431000
295,2021-02-19 04:00:00,1910.22000000,1926.91000000,1895.80000000,1919.10000000,114567.58628000
296,2021-02-19 08:00:00,1919.10000000,1942.77000000,1904.02000000,1934.38000000,128561.14442000
297,2021-02-19 12:00:00,1934.39000000,1940.37000000,1914.11000000,1929.91000000,153019.29122000
298,2021-02-19 16:00:00,1930.07000000,1972.82000000,1930.07000000,1952.88000000,141127.82781000
299,2021-02-19 20:00:00,1952.84000000,1966.54000000,1945.60000000,1955.00000000,105725.56746000
300,2021-02-20 00:00:00,1955.46000000,2021.68000000,1922.51000000,2018.93000000,256409.19348000
301,2021-02-20 04:00:00,2018.43000000,2042.34000000,1980.00000000,1984.73000000,193255.25488000
302,2021-02-20 08:00:00,1984.80000000,2013.54000000,1984.80000000,1999.58000000,140933.47383000
303,2021-02-20 12:00:00,1999.57000000,2036.90000000,1959.07000000,1978.79000000,236498.55494000
304,2021-02-20 16:00:00,1978.69000000,2022.00000000,1975.52000000,1992.56000000,132820.86985000
305,2021-02-20 20:00:00,1992.56000000,1994.67000000,1803.14000000,1913.00000000,301398.46581000
306,2021-02-21 00:00:00,1912.90000000,1956.00000000,1883.01000000,1933.71000000,156943.74479000
307,2021-02-21 04:00:00,1933.71000000,1953.76000000,1905.05000000,1912.69000000,114407.06093000
308,2021-02-21 08:00:00,1913.08000000,1975.32000000,1900.19000000,1961.62000000,136697.71906000
309,2021-02-21 12:00:00,1961.62000000,1969.80000000,1936.01000000,1959.90000000,126282.31281000
310,2021-02-21 16:00:00,1959.82000000,1976.31000000,1938.00000000,1966.13000000,106766.14756000
311,2021-02-21 20:00:00,1966.05000000,1966.05000000,1901.20000000,1933.53000000,115471.21228000
312,2021-02-22 00:00:00,1933.54000000,1936.29000000,1860.15000000,1870.36000000,177214.66508000
313,2021-02-22 04:00:00,1870.35000000,1891.04000000,1835.00000000,1886.63000000,181898.49981000
314,2021-02-22 08:00:00,1886.61000000,1889.74000000,1775.11000000,1802.65000000,270156.63897000
315,2021-02-22 12:00:00,1802.50000000,1808.19000000,1551.00000000,1733.29000000,703543.35827000
316,2021-02-22 16:00:00,1733.33000000,1765.00000000,1659.00000000,1746.42000000,306309.61293000
317,2021-02-22 20:00:00,1746.41000000,1803.59000000,1741.00000000,1777.58000000,168122.20593000
318,2021-02-23 00:00:00,1777.42000000,1782.39000000,1657.56000000,1679.91000000,267125.77587000
319,2021-02-23 04:00:00,1679.79000000,1696.00000000,1555.00000000,1586.64000000,448422.56637000
320,2021-02-23 08:00:00,1586.64000000,1600.00000000,1355.00000000,1453.07000000,890131.18247000
321,2021-02-23 12:00:00,1453.09000000,1601.04000000,1425.76000000,1573.99000000,515904.15707000
322,2021-02-23 16:00:00,1573.99000000,1608.37000000,1446.07000000,1447.64000000,261193.55218000
323,2021-02-23 20:00:00,1447.89000000,1579.36000000,1434.20000000,1577.89000000,165060.58672000
324,2021-02-24 00:00:00,1577.79000000,1640.56000000,1500.20000000,1636.57000000,239838.60545000
325,2021-02-24 04:00:00,1636.77000000,1653.69000000,1608.04000000,1642.33000000,207165.62641000
326,2021-02-24 08:00:00,1642.33000000,1712.70000000,1630.45000000,1677.41000000,233674.32555000
327,2021-02-24 12:00:00,1677.39000000,1707.65000000,1588.81000000,1660.45000000,332980.34266000
328,2021-02-24 16:00:00,1660.46000000,1677.18000000,1595.84000000,1599.20000000,209392.31458000
329,2021-02-24 20:00:00,1599.20000000,1629.41000000,1555.00000000,1623.39000000,161337.60262000
330,2021-02-25 00:00:00,1623.16000000,1657.89000000,1602.11000000,1603.87000000,139473.76064000
331,2021-02-25 04:00:00,1603.87000000,1647.17000000,1586.64000000,1633.80000000,156761.43544000
332,2021-02-25 08:00:00,1633.69000000,1638.23000000,1577.88000000,1621.93000000,155786.14849000
333,2021-02-25 12:00:00,1621.84000000,1671.59000000,1612.03000000,1627.57000000,190930.31941000
334,2021-02-25 16:00:00,1627.37000000,1636.99000000,1567.08000000,1585.30000000,157488.44739000
335,2021-02-25 20:00:00,1585.24000000,1587.84000000,1459.16000000,1481.75000000,232230.68272000
336,2021-02-26 00:00:00,1482.08000000,1515.19000000,1448.00000000,1491.25000000,274724.20124000
337,2021-02-26 04:00:00,1491.13000000,1530.76000000,1400.00000000,1430.39000000,334256.88351000
338,2021-02-26 08:00:00,1430.59000000,1494.31000000,1430.39000000,1483.74000000,209420.67999000
339,2021-02-26 12:00:00,1483.74000000,1541.39000000,1457.46000000,1532.48000000,180075.67062000
340,2021-02-26 16:00:00,1532.46000000,1562.25000000,1474.10000000,1479.50000000,171552.05512000
341,2021-02-26 20:00:00,1479.69000000,1484.86000000,1410.33000000,1444.59000000,185943.80330000
342,2021-02-27 00:00:00,1444.56000000,1517.30000000,1438.40000000,1490.86000000,194438.12447000
343,2021-02-27 04:00:00,1490.84000000,1529.00000000,1481.79000000,1490.30000000,136790.86009000
344,2021-02-27 08:00:00,1490.32000000,1493.33000000,1454.20000000,1469.81000000,150279.21054000
345,2021-02-27 12:00:00,1470.02000000,1494.98000000,1445.00000000,1453.55000000,149810.29770000
346,2021-02-27 16:00:00,1453.57000000,1515.02000000,1445.02000000,1512.00000000,139862.42152000
347,2021-02-27 20:00:00,1511.99000000,1523.48000000,1425.00000000,1458.13000000,156242.13318000
348,2021-02-28 00:00:00,1458.27000000,1468.75000000,1366.43000000,1369.29000000,205459.16526000
349,2021-02-28 04:00:00,1369.29000000,1398.01000000,1313.74000000,1342.50000000,318218.00038000
350,2021-02-28 08:00:00,1342.43000000,1384.53000000,1342.01000000,1371.53000000,173253.85303000
351,2021-02-28 12:00:00,1371.67000000,1379.90000000,1293.18000000,1318.22000000,269136.15715000
352,2021-02-28 16:00:00,1318.29000000,1395.00000000,1301.71000000,1389.24000000,280190.64621000
353,2021-02-28 20:00:00,1388.96000000,1442.00000000,1382.25000000,1419.18000000,163949.74081000
354,2021-03-01 00:00:00,1418.67000000,1456.88000000,1409.91000000,1434.06000000,153113.84493000
355,2021-03-01 04:00:00,1434.06000000,1451.92000000,1420.52000000,1437.74000000,115720.67733000
356,2021-03-01 08:00:00,1437.74000000,1531.00000000,1437.70000000,1524.96000000,277769.93318000
357,2021-03-01 12:00:00,1524.95000000,1555.32000000,1509.77000000,1551.73000000,235136.31729000
358,2021-03-01 16:00:00,1551.75000000,1565.00000000,1502.49000000,1513.26000000,191474.33712000
359,2021-03-01 20:00:00,1513.35000000,1572.00000000,1505.00000000,1569.86000000,121480.06854000
360,2021-03-02 00:00:00,1570.00000000,1602.90000000,1540.00000000,1555.48000000,176457.01329000
361,2021-03-02 04:00:00,1555.70000000,1583.26000000,1530.35000000,1539.03000000,122226.96041000
362,2021-03-02 08:00:00,1538.90000000,1573.46000000,1538.23000000,1567.59000000,109282.92257000
363,2021-03-02 12:00:00,1567.59000000,1592.84000000,1546.20000000,1553.48000000,161008.44954000
364,2021-03-02 16:00:00,1553.30000000,1563.94000000,1468.01000000,1479.91000000,330020.53929000
365,2021-03-02 20:00:00,1479.80000000,1493.79000000,1455.52000000,1486.78000000,162146.50233000
366,2021-03-03 00:00:00,1486.79000000,1526.86000000,1475.47000000,1522.67000000,106997.16894000
367,2021-03-03 04:00:00,1522.68000000,1576.20000000,1521.24000000,1566.35000000,131024.42857000
368,2021-03-03 08:00:00,1566.35000000,1614.78000000,1566.35000000,1607.24000000,217630.09818000
369,2021-03-03 12:00:00,1607.28000000,1656.94000000,1582.62000000,1600.57000000,278431.38483000
370,2021-03-03 16:00:00,1600.58000000,1635.96000000,1587.00000000,1605.93000000,180530.64563000
371,2021-03-03 20:00:00,1605.93000000,1613.44000000,1564.58000000,1567.69000000,140232.58856000
372,2021-03-04 00:00:00,1567.68000000,1624.87000000,1550.00000000,1555.08000000,149180.75400000
373,2021-03-04 04:00:00,1555.06000000,1572.24000000,1535.21000000,1571.53000000,143085.17067000
374,2021-03-04 08:00:00,1571.56000000,1589.68000000,1528.01000000,1561.59000000,165663.93606000
375,2021-03-04 12:00:00,1561.62000000,1602.53000000,1545.48000000,1577.22000000,187438.10033000
376,2021-03-04 16:00:00,1576.40000000,1599.84000000,1506.45000000,1526.71000000,203721.11377000
377,2021-03-04 20:00:00,1526.83000000,1547.80000000,1506.36000000,1539.23000000,97276.59605000
378,2021-03-05 00:00:00,1539.22000000,1541.65000000,1445.45000000,1481.67000000,197825.50911000
379,2021-03-05 04:00:00,1481.53000000,1487.21000000,1461.56000000,1474.17000000,121446.58228000
380,2021-03-05 08:00:00,1474.04000000,1481.77000000,1441.66000000,1480.15000000,129732.23383000
381,2021-03-05 12:00:00,1480.24000000,1514.00000000,1460.96000000,1481.41000000,177930.88356000
382,2021-03-05 16:00:00,1481.27000000,1537.64000000,1448.52000000,1533.58000000,181567.88180000
383,2021-03-05 20:00:00,1533.58000000,1548.96000000,1523.43000000,1528.31000000,102283.19918000
384,2021-03-06 00:00:00,1528.08000000,1549.19000000,1518.29000000,1531.70000000,50635.84067000
385,2021-03-06 04:00:00,1531.73000000,1592.77000000,1520.05000000,1589.31000000,151769.00099000
386,2021-03-06 08:00:00,1589.70000000,1598.00000000,1557.03000000,1564.07000000,145062.06553000
387,2021-03-06 12:00:00,1564.08000000,1566.05000000,1513.03000000,1544.41000000,161079.71548000
388,2021-03-06 16:00:00,1544.00000000,1627.85000000,1540.62000000,1620.71000000,252386.55538000
389,2021-03-06 20:00:00,1620.72000000,1671.58000000,1620.72000000,1650.35000000,252367.76123000
390,2021-03-07 00:00:00,1650.68000000,1687.00000000,1636.09000000,1648.98000000,176496.31174000
391,2021-03-07 04:00:00,1648.99000000,1687.41000000,1646.93000000,1684.54000000,108598.05874000
392,2021-03-07 08:00:00,1684.54000000,1696.00000000,1661.72000000,1678.36000000,151175.23791000
393,2021-03-07 12:00:00,1678.37000000,1680.00000000,1630.35000000,1652.00000000,153478.48116000
394,2021-03-07 16:00:00,1651.99000000,1677.61000000,1640.84000000,1658.26000000,112346.29219000
395,2021-03-07 20:00:00,1658.16000000,1734.16000000,1633.00000000,1726.16000000,146376.39962000
396,2021-03-08 00:00:00,1726.46000000,1752.50000000,1710.87000000,1723.68000000,191696.16312000
397,2021-03-08 04:00:00,1723.70000000,1755.22000000,1681.41000000,1690.11000000,228443.31053000
398,2021-03-08 08:00:00,1690.25000000,1727.74000000,1664.96000000,1723.50000000,183085.60510000
399,2021-03-08 12:00:00,1723.61000000,1751.21000000,1700.00000000,1742.06000000,210014.17120000
400,2021-03-08 16:00:00,1742.10000000,1780.00000000,1722.35000000,1773.60000000,155569.65235000
401,2021-03-08 20:00:00,1773.61000000,1843.59000000,1764.20000000,1833.18000000,180902.49757000
402,2021-03-09 00:00:00,1833.22000000,1859.61000000,1807.14000000,1848.00000000,209728.77140000
403,2021-03-09 04:00:00,1848.01000000,1852.00000000,1810.34000000,1811.44000000,141014.89979000
404,2021-03-09 08:00:00,1812.26000000,1840.00000000,1809.70000000,1827.21000000,132694.78471000
405,2021-03-09 12:00:00,1827.25000000,1841.33000000,1798.20000000,1832.38000000,144078.56197000
406,2021-03-09 16:00:00,1832.37000000,1847.31000000,1809.77000000,1828.05000000,111923.45187000
407,2021-03-09 20:00:00,1828.05000000,1870.77000000,1816.47000000,1870.51000000,117789.00881000
408,2021-03-10 00:00:00,1870.50000000,1877.69000000,1757.00000000,1777.33000000,226307.71654000
409,2021-03-10 04:00:00,1777.52000000,1815.42000000,1767.16000000,1806.51000000,116066.36233000
410,2021-03-10 08:00:00,1806.39000000,1839.96000000,1797.44000000,1814.86000000,120463.48631000
411,2021-03-10 12:00:00,1815.03000000,1850.00000000,1809.78000000,1831.00000000,155383.10149000
412,2021-03-10 16:00:00,1831.04000000,1870.20000000,1820.75000000,1838.92000000,154017.92743000
413,2021-03-10 20:00:00,1838.92000000,1841.96000000,1762.83000000,1795.12000000,164992.03421000
414,2021-03-11 00:00:00,1795.28000000,1807.38000000,1764.00000000,1802.35000000,128981.87988000
415,2021-03-11 04:00:00,1802.35000000,1816.49000000,1765.00000000,1766.37000000,111149.57307000
416,2021-03-11 08:00:00,1766.79000000,1781.88000000,1725.00000000,1779.14000000,188794.64878000
417,2021-03-11 12:00:00,1779.38000000,1821.00000000,1765.23000000,1795.16000000,176258.15617000
418,2021-03-11 16:00:00,1795.30000000,1818.54000000,1779.06000000,1793.48000000,157298.71258000
419,2021-03-11 20:00:00,1793.48000000,1846.70000000,1789.28000000,1825.78000000,146528.52562000
420,2021-03-12 00:00:00,1825.78000000,1841.88000000,1794.35000000,1818.09000000,119430.25221000
421,2021-03-12 04:00:00,1817.73000000,1822.37000000,1786.00000000,1794.36000000,99029.99589000
422,2021-03-12 08:00:00,1794.21000000,1804.49000000,1756.00000000,1773.94000000,151823.28219000
423,2021-03-12 12:00:00,1773.92000000,1784.32000000,1719.72000000,1775.47000000,229815.48165000
424,2021-03-12 16:00:00,1775.56000000,1785.48000000,1739.00000000,1739.00000000,158880.25798000
425,2021-03-12 20:00:00,1739.00000000,1775.00000000,1723.22000000,1766.10000000,110585.36618000
426,2021-03-13 00:00:00,1766.13000000,1768.30000000,1727.75000000,1759.29000000,95409.08190000
427,2021-03-13 04:00:00,1759.19000000,1790.61000000,1748.24000000,1790.17000000,83455.96327000
428,2021-03-13 08:00:00,1790.17000000,1889.01000000,1779.67000000,1871.80000000,263346.78378000
429,2021-03-13 12:00:00,1871.80000000,1900.00000000,1848.81000000,1876.06000000,197274.07082000
430,2021-03-13 16:00:00,1876.06000000,1928.52000000,1871.91000000,1926.90000000,145141.51033000
431,2021-03-13 20:00:00,1926.90000000,1944.30000000,1893.44000000,1922.35000000,141655.81632000
432,2021-03-14 00:00:00,1922.35000000,1933.10000000,1889.00000000,1911.00000000,116454.20497000
433,2021-03-14 04:00:00,1911.27000000,1911.27000000,1880.00000000,1886.12000000,89249.36924000
434,2021-03-14 08:00:00,1886.11000000,1907.87000000,1846.51000000,1878.84000000,137893.68577000
435,2021-03-14 12:00:00,1878.67000000,1886.37000000,1846.72000000,1858.01000000,104290.71669000
436,2021-03-14 16:00:00,1858.01000000,1878.96000000,1836.00000000,1871.16000000,103310.78932000
437,2021-03-14 20:00:00,1870.98000000,1893.95000000,1846.44000000,1848.10000000,86764.87028000
438,2021-03-15 00:00:00,1848.10000000,1891.44000000,1840.00000000,1885.55000000,99878.21727000
439,2021-03-15 04:00:00,1884.99000000,1891.76000000,1771.48000000,1793.82000000,224977.75579000
440,2021-03-15 08:00:00,1793.82000000,1809.92000000,1730.00000000,1770.00000000,274653.86257000
441,2021-03-15 12:00:00,1770.00000000,1804.54000000,1745.52000000,1765.84000000,191143.30534000
442,2021-03-15 16:00:00,1765.84000000,1793.84000000,1752.00000000,1785.58000000,125041.70192000
443,2021-03-15 20:00:00,1785.74000000,1809.65000000,1777.58000000,1793.48000000,109631.95369000
444,2021-03-16 00:00:00,1793.99000000,1804.45000000,1711.68000000,1748.59000000,180323.47615000
445,2021-03-16 04:00:00,1748.59000000,1803.90000000,1737.00000000,1799.26000000,154219.45038000
446,2021-03-16 08:00:00,1799.56000000,1819.50000000,1780.96000000,1792.55000000,131025.57858000
447,2021-03-16 12:00:00,1792.63000000,1807.08000000,1765.46000000,1803.91000000,113637.27409000
448,2021-03-16 16:00:00,1803.91000000,1813.76000000,1761.92000000,1784.08000000,110468.61712000
449,2021-03-16 20:00:00,1784.42000000,1807.86000000,1780.18000000,1805.12000000,75319.00515000
450,2021-03-17 00:00:00,1805.01000000,1812.81000000,1758.53000000,1766.66000000,92008.91379000
451,2021-03-17 04:00:00,1766.91000000,1787.49000000,1762.25000000,1785.61000000,77361.50514000
452,2021-03-17 08:00:00,1785.54000000,1794.96000000,1750.43000000,1759.71000000,105417.87682000
453,2021-03-17 12:00:00,1759.71000000,1778.04000000,1741.18000000,1772.79000000,123795.46625000
454,2021-03-17 16:00:00,1772.78000000,1838.79000000,1767.19000000,1827.36000000,136561.50668000
455,2021-03-17 20:00:00,1827.36000000,1838.88000000,1809.06000000,1823.58000000,123204.17975000
456,2021-03-18 00:00:00,1823.58000000,1850.00000000,1810.72000000,1833.66000000,115905.38194000
457,2021-03-18 04:00:00,1833.66000000,1844.18000000,1808.87000000,1815.34000000,73584.34144000
458,2021-03-18 08:00:00,1815.24000000,1821.87000000,1792.07000000,1799.70000000,87387.45632000
459,2021-03-18 12:00:00,1799.64000000,1825.91000000,1782.00000000,1822.22000000,122050.59394000
460,2021-03-18 16:00:00,1822.22000000,1832.09000000,1759.04000000,1767.72000000,135337.71990000
461,2021-03-18 20:00:00,1767.73000000,1795.92000000,1759.22000000,1776.08000000,69456.11702000
462,2021-03-19 00:00:00,1775.92000000,1786.49000000,1733.47000000,1780.06000000,94451.71391000
463,2021-03-19 04:00:00,1780.06000000,1809.76000000,1773.78000000,1793.46000000,75052.47237000
464,2021-03-19 08:00:00,1793.47000000,1821.85000000,1785.28000000,1819.02000000,96091.57946000
465,2021-03-19 12:00:00,1819.13000000,1827.60000000,1800.00000000,1821.72000000,87949.00420000
466,2021-03-19 16:00:00,1821.72000000,1829.00000000,1812.02000000,1826.64000000,73221.42699000
467,2021-03-19 20:00:00,1826.54000000,1840.61000000,1804.01000000,1809.10000000,73492.23182000
468,2021-03-20 00:00:00,1809.01000000,1835.93000000,1800.86000000,1832.88000000,76941.46827000
469,2021-03-20 04:00:00,1832.89000000,1842.98000000,1816.93000000,1822.15000000,61300.31229000
470,2021-03-20 08:00:00,1822.31000000,1845.90000000,1822.31000000,1841.79000000,66283.19643000
471,2021-03-20 12:00:00,1841.86000000,1868.83000000,1834.83000000,1855.24000000,111185.72691000
472,2021-03-20 16:00:00,1855.39000000,1859.28000000,1839.17000000,1847.84000000,54511.14736000
473,2021-03-20 20:00:00,1847.85000000,1848.59000000,1802.02000000,1806.10000000,81334.25513000
474,2021-03-21 00:00:00,1806.57000000,1817.16000000,1775.71000000,1787.12000000,100169.23912000
475,2021-03-21 04:00:00,1787.12000000,1788.25000000,1766.21000000,1779.33000000,78704.11052000
476,2021-03-21 08:00:00,1779.33000000,1786.16000000,1747.00000000,1772.52000000,90324.23299000
477,2021-03-21 12:00:00,1772.57000000,1797.36000000,1758.35000000,1789.44000000,78983.12009000
478,2021-03-21 16:00:00,1789.43000000,1797.88000000,1776.00000000,1795.97000000,60475.82971000
479,2021-03-21 20:00:00,1795.99000000,1809.25000000,1776.43000000,1782.98000000,57297.45506000
480,2021-03-22 00:00:00,1783.23000000,1788.11000000,1752.95000000,1782.93000000,78219.85704000
481,2021-03-22 04:00:00,1783.14000000,1796.85000000,1779.50000000,1789.16000000,55917.76728000
482,2021-03-22 08:00:00,1789.17000000,1807.51000000,1773.81000000,1795.49000000,74527.18673000
483,2021-03-22 12:00:00,1795.54000000,1797.71000000,1766.32000000,1778.63000000,78719.95348000
484,2021-03-22 16:00:00,1778.79000000,1783.43000000,1737.37000000,1737.86000000,107693.65856000
485,2021-03-22 20:00:00,1737.76000000,1746.00000000,1655.15000000,1680.97000000,187649.06772000
486,2021-03-23 00:00:00,1681.17000000,1714.00000000,1667.24000000,1702.19000000,98664.22513000
487,2021-03-23 04:00:00,1702.24000000,1705.17000000,1650.00000000,1679.36000000,115949.96850000
488,2021-03-23 08:00:00,1679.34000000,1696.92000000,1666.66000000,1687.35000000,75222.26281000
489,2021-03-23 12:00:00,1687.34000000,1717.03000000,1687.08000000,1702.93000000,101201.83621000
490,2021-03-23 16:00:00,1702.93000000,1721.17000000,1692.46000000,1705.86000000,92645.08891000
491,2021-03-23 20:00:00,1705.66000000,1707.47000000,1658.50000000,1668.08000000,93530.61433000
492,2021-03-24 00:00:00,1668.20000000,1685.00000000,1647.52000000,1678.89000000,84269.27347000
493,2021-03-24 04:00:00,1678.89000000,1701.00000000,1660.00000000,1695.16000000,89181.07098000
494,2021-03-24 08:00:00,1695.19000000,1719.19000000,1695.00000000,1714.86000000,88050.68849000
495,2021-03-24 12:00:00,1714.83000000,1740.86000000,1712.65000000,1721.33000000,105581.60398000
496,2021-03-24 16:00:00,1721.33000000,1726.02000000,1624.09000000,1635.56000000,129985.45931000
497,2021-03-24 20:00:00,1635.35000000,1637.40000000,1536.92000000,1581.84000000,256766.42770000
498,2021-03-25 00:00:00,1581.88000000,1597.94000000,1549.40000000,1572.15000000,130182.84980000
499,2021-03-25 04:00:00,1572.22000000,1599.00000000,1564.00000000,1573.96000000,91027.71770000
500,2021-03-25 08:00:00,1573.95000000,1622.00000000,1572.65000000,1592.46000000,114953.65461000
501,2021-03-25 12:00:00,1592.45000000,1613.68000000,1554.32000000,1594.95000000,179203.83481000
502,2021-03-25 16:00:00,1594.95000000,1619.00000000,1570.00000000,1605.05000000,111978.50256000
503,2021-03-25 20:00:00,1605.14000000,1616.51000000,1577.31000000,1585.74000000,74350.44310000
504,2021-03-26 00:00:00,1585.83000000,1628.96000000,1585.79000000,1618.73000000,91734.31972000
505,2021-03-26 04:00:00,1618.73000000,1636.51000000,1610.01000000,1629.54000000,82126.94696000
506,2021-03-26 08:00:00,1629.32000000,1637.10000000,1612.32000000,1617.82000000,93788.26552000
507,2021-03-26 12:00:00,1617.81000000,1651.00000000,1612.91000000,1641.28000000,86864.50343000
508,2021-03-26 16:00:00,1641.28000000,1668.87000000,1634.31000000,1664.40000000,82560.98582000
509,2021-03-26 20:00:00,1664.40000000,1699.93000000,1661.77000000,1698.84000000,78395.90762000
510,2021-03-27 00:00:00,1698.84000000,1718.48000000,1686.48000000,1693.00000000,83762.17583000
511,2021-03-27 04:00:00,1693.01000000,1705.00000000,1682.51000000,1692.06000000,58135.74888000
512,2021-03-27 08:00:00,1692.11000000,1701.26000000,1675.64000000,1681.12000000,69307.85167000
513,2021-03-27 12:00:00,1681.15000000,1690.00000000,1666.41000000,1682.50000000,75454.76819000
514,2021-03-27 16:00:00,1682.54000000,1711.94000000,1682.33000000,1704.16000000,86253.57885000
515,2021-03-27 20:00:00,1704.27000000,1732.67000000,1701.74000000,1712.63000000,70931.37615000
516,2021-03-28 00:00:00,1712.52000000,1717.59000000,1700.66000000,1710.97000000,51082.00035000
517,2021-03-28 04:00:00,1711.00000000,1722.86000000,1708.39000000,1718.06000000,43376.55891000
518,2021-03-28 08:00:00,1717.91000000,1725.66000000,1699.63000000,1703.23000000,56960.87425000
519,2021-03-28 12:00:00,1703.36000000,1710.91000000,1682.06000000,1709.00000000,72829.67377000
520,2021-03-28 16:00:00,1709.01000000,1714.47000000,1661.40000000,1675.03000000,76980.53100000
521,2021-03-28 20:00:00,1675.03000000,1689.24000000,1664.63000000,1687.01000000,47665.87486000
522,2021-03-29 00:00:00,1687.16000000,1701.00000000,1677.85000000,1696.12000000,53518.01545000
523,2021-03-29 04:00:00,1696.51000000,1707.85000000,1685.50000000,1704.24000000,54753.35689000
524,2021-03-29 08:00:00,1704.24000000,1775.17000000,1704.24000000,1764.29000000,155314.23523000
525,2021-03-29 12:00:00,1764.30000000,1789.99000000,1760.19000000,1787.86000000,113075.48886000
526,2021-03-29 16:00:00,1787.86000000,1841.00000000,1775.98000000,1816.08000000,187412.14866000
527,2021-03-29 20:00:00,1816.10000000,1823.56000000,1798.86000000,1816.74000000,83651.21878000
528,2021-03-30 00:00:00,1816.76000000,1828.00000000,1786.30000000,1797.25000000,93344.86463000
529,2021-03-30 04:00:00,1797.27000000,1825.00000000,1787.94000000,1818.01000000,81205.92428000
530,2021-03-30 08:00:00,1818.00000000,1849.74000000,1804.30000000,1848.79000000,144383.98816000
531,2021-03-30 12:00:00,1848.86000000,1849.04000000,1826.05000000,1830.61000000,101954.79313000
532,2021-03-30 16:00:00,1830.61000000,1858.29000000,1827.78000000,1858.27000000,86357.10380000
533,2021-03-30 20:00:00,1858.27000000,1859.13000000,1833.50000000,1840.46000000,61595.33126000
534,2021-03-31 00:00:00,1840.41000000,1862.55000000,1810.99000000,1823.17000000,93688.18083000
535,2021-03-31 04:00:00,1823.18000000,1855.55000000,1801.00000000,1813.89000000,100787.02155000
536,2021-03-31 08:00:00,1814.04000000,1816.38000000,1768.15000000,1808.83000000,128646.17922000
537,2021-03-31 12:00:00,1808.74000000,1853.92000000,1797.51000000,1849.09000000,96266.23067000
538,2021-03-31 16:00:00,1849.10000000,1917.77000000,1838.28000000,1900.63000000,170800.10784000
539,2021-03-31 20:00:00,1900.63000000,1947.29000000,1891.92000000,1919.37000000,156808.13899000
540,2021-04-01 00:00:00,1919.37000000,1944.66000000,1912.64000000,1922.80000000,96241.04462000
541,2021-04-01 04:00:00,1923.04000000,1932.01000000,1899.88000000,1926.31000000,99261.47761000
542,2021-04-01 08:00:00,1926.30000000,1967.83000000,1906.00000000,1920.07000000,156516.20532000
543,2021-04-01 12:00:00,1920.08000000,1947.99000000,1911.98000000,1944.39000000,102612.90773000
544,2021-04-01 16:00:00,1944.39000000,1984.77000000,1885.02000000,1974.12000000,200178.83249000
545,2021-04-01 20:00:00,1974.25000000,1983.36000000,1950.36000000,1968.05000000,86774.60489000
546,2021-04-02 00:00:00,1968.05000000,2010.45000000,1948.48000000,1996.63000000,178168.79440000
547,2021-04-02 04:00:00,1996.63000000,2008.50000000,1980.87000000,1994.71000000,102323.45094000
548,2021-04-02 08:00:00,1994.66000000,2006.88000000,1982.01000000,2005.61000000,87004.70503000
549,2021-04-02 12:00:00,2005.52000000,2083.50000000,1986.70000000,2073.89000000,213738.25903000
550,2021-04-02 16:00:00,2073.74000000,2082.32000000,2031.11000000,2062.63000000,114830.03854000
551,2021-04-02 20:00:00,2062.70000000,2146.00000000,2061.00000000,2133.69000000,150132.68421000
552,2021-04-03 00:00:00,2133.69000000,2138.12000000,2079.89000000,2093.10000000,114104.77385000
553,2021-04-03 04:00:00,2093.07000000,2128.48000000,2087.51000000,2111.35000000,86321.39282000
554,2021-04-03 08:00:00,2111.37000000,2130.00000000,2067.28000000,2096.44000000,108987.06647000
555,2021-04-03 12:00:00,2096.44000000,2117.80000000,2069.18000000,2070.98000000,117063.63642000
556,2021-04-03 16:00:00,2071.00000000,2095.69000000,1996.30000000,2095.29000000,210481.60697000
557,2021-04-03 20:00:00,2095.16000000,2095.44000000,2007.28000000,2008.52000000,133217.84539000
558,2021-04-04 00:00:00,2008.59000000,2024.90000000,1975.24000000,2015.27000000,131711.28213000
559,2021-04-04 04:00:00,2015.57000000,2034.59000000,2002.32000000,2034.58000000,75629.03542000
560,2021-04-04 08:00:00,2034.59000000,2063.49000000,2028.39000000,2043.13000000,85976.67061000
561,2021-04-04 12:00:00,2043.19000000,2091.83000000,2032.96000000,2077.34000000,94363.53891000
562,2021-04-04 16:00:00,2077.33000000,2086.16000000,2055.13000000,2061.44000000,72141.26867000
563,2021-04-04 20:00:00,2061.43000000,2081.19000000,2051.24000000,2075.69000000,54523.96980000
564,2021-04-05 00:00:00,2075.70000000,2085.00000000,2022.20000000,2028.66000000,82117.84797000
565,2021-04-05 04:00:00,2028.66000000,2038.00000000,2002.15000000,2028.16000000,119275.48995000
566,2021-04-05 08:00:00,2028.19000000,2057.04000000,2010.99000000,2057.03000000,96668.70826000
567,2021-04-05 12:00:00,2057.04000000,2125.00000000,2053.40000000,2113.18000000,170248.07015000
568,2021-04-05 16:00:00,2112.91000000,2123.02000000,2087.99000000,2104.35000000,117829.36902000
569,2021-04-05 20:00:00,2104.51000000,2130.64000000,2084.12000000,2107.38000000,98784.12959000
570,2021-04-06 00:00:00,2107.43000000,2151.00000000,2107.43000000,2114.18000000,101582.30591000
571,2021-04-06 04:00:00,2114.17000000,2136.48000000,2090.00000000,2099.45000000,88693.49439000
572,2021-04-06 08:00:00,2099.42000000,2130.37000000,2084.23000000,2113.60000000,140329.89727000
573,2021-04-06 12:00:00,2113.60000000,2128.98000000,2044.65000000,2084.67000000,152335.60689000
574,2021-04-06 16:00:00,2084.84000000,2129.35000000,2074.88000000,2113.60000000,112841.24979000
575,2021-04-06 20:00:00,2113.64000000,2123.68000000,2085.00000000,2112.21000000,77603.50150000
576,2021-04-07 00:00:00,2112.22000000,2129.01000000,2080.05000000,2104.99000000,74147.10386000
577,2021-04-07 04:00:00,2105.25000000,2110.00000000,2067.70000000,2074.89000000,107252.76331000
578,2021-04-07 08:00:00,2074.78000000,2074.78000000,1957.59000000,1977.89000000,234154.73658000
579,2021-04-07 12:00:00,1977.88000000,2012.22000000,1930.01000000,1977.04000000,205961.03980000
580,2021-04-07 16:00:00,1976.91000000,2009.06000000,1937.28000000,1983.46000000,156698.96572000
581,2021-04-07 20:00:00,1983.64000000,2013.97000000,1957.90000000,1963.47000000,114770.29495000
582,2021-04-08 00:00:00,1963.46000000,1999.39000000,1947.35000000,1997.12000000,87129.85025000
583,2021-04-08 04:00:00,1997.12000000,2034.00000000,1995.61000000,2027.76000000,84925.89821000
584,2021-04-08 08:00:00,2027.79000000,2037.00000000,1982.64000000,1996.92000000,89130.92023000
585,2021-04-08 12:00:00,1996.90000000,2059.92000000,1992.42000000,2059.50000000,99519.95574000
586,2021-04-08 16:00:00,2059.49000000,2077.23000000,2051.34000000,2057.81000000,73899.82097000
587,2021-04-08 20:00:00,2057.26000000,2084.61000000,2043.23000000,2080.46000000,66749.55260000
588,2021-04-09 00:00:00,2080.39000000,2097.73000000,2068.33000000,2072.80000000,55045.29587000
589,2021-04-09 04:00:00,2072.80000000,2081.76000000,2057.86000000,2077.89000000,56278.62776000
590,2021-04-09 08:00:00,2077.75000000,2100.00000000,2061.21000000,2083.81000000,95379.69470000
591,2021-04-09 12:00:00,2083.81000000,2088.92000000,2053.46000000,2062.24000000,91458.69062000
592,2021-04-09 16:00:00,2062.25000000,2084.00000000,2047.57000000,2077.28000000,79758.86437000
593,2021-04-09 20:00:00,2077.33000000,2082.40000000,2056.16000000,2066.87000000,48466.26458000
594,2021-04-10 00:00:00,2067.19000000,2168.91000000,2058.00000000,2144.40000000,143793.36314000
595,2021-04-10 04:00:00,2144.40000000,2200.00000000,2140.27000000,2162.93000000,188811.27314000
596,2021-04-10 08:00:00,2162.94000000,2176.83000000,2150.00000000,2160.62000000,76903.44482000
597,2021-04-10 12:00:00,2160.63000000,2167.00000000,2130.84000000,2156.07000000,93081.85679000
598,2021-04-10 16:00:00,2156.36000000,2167.57000000,2121.61000000,2128.42000000,79137.88145000
599,2021-04-10 20:00:00,2128.42000000,2140.75000000,2083.53000000,2133.49000000,73730.38960000
600,2021-04-11 00:00:00,2133.49000000,2157.13000000,2123.34000000,2144.67000000,63142.67579000
601,2021-04-11 04:00:00,2144.68000000,2147.00000000,2113.40000000,2130.89000000,66223.60891000
602,2021-04-11 08:00:00,2131.00000000,2160.52000000,2125.94000000,2147.14000000,71033.19974000
603,2021-04-11 12:00:00,2147.35000000,2155.52000000,2123.38000000,2148.40000000,74738.95007000
604,2021-04-11 16:00:00,2148.60000000,2165.02000000,2130.78000000,2143.02000000,68218.16211000
605,2021-04-11 20:00:00,2143.02000000,2152.00000000,2125.24000000,2151.36000000,48908.91111000
606,2021-04-12 00:00:00,2151.42000000,2162.50000000,2130.00000000,2148.88000000,67522.85855000
607,2021-04-12 04:00:00,2148.82000000,2203.46000000,2142.72000000,2181.10000000,131680.73775000
608,2021-04-12 08:00:00,2181.10000000,2191.16000000,2119.35000000,2149.70000000,136064.19893000
609,2021-04-12 12:00:00,2149.69000000,2161.38000000,2115.85000000,2121.74000000,98436.57236000
610,2021-04-12 16:00:00,2121.74000000,2145.34000000,2102.00000000,2142.31000000,89246.47732000
611,2021-04-12 20:00:00,2142.35000000,2152.00000000,2136.65000000,2137.69000000,56142.51203000
612,2021-04-13 00:00:00,2137.86000000,2175.51000000,2135.53000000,2163.35000000,79755.29523000
613,2021-04-13 04:00:00,2163.37000000,2191.85000000,2150.01000000,2163.84000000,104817.48327000
614,2021-04-13 08:00:00,2163.90000000,2230.00000000,2163.90000000,2229.17000000,193909.80057000
615,2021-04-13 12:00:00,2229.16000000,2277.00000000,2218.00000000,2275.70000000,147867.99981000
616,2021-04-13 16:00:00,2275.69000000,2318.00000000,2250.00000000,2297.38000000,177205.16334000
617,2021-04-13 20:00:00,2297.38000000,2307.80000000,2267.90000000,2299.19000000,79052.87868000
618,2021-04-14 00:00:00,2299.19000000,2350.00000000,2281.33000000,2346.97000000,114311.83540000
619,2021-04-14 04:00:00,2347.10000000,2400.00000000,2338.00000000,2370.50000000,164758.90469000
620,2021-04-14 08:00:00,2370.49000000,2393.51000000,2310.00000000,2390.00000000,159564.28001000
621,2021-04-14 12:00:00,2390.00000000,2394.08000000,2293.09000000,2348.71000000,205870.75223000
622,2021-04-14 16:00:00,2349.39000000,2385.97000000,2301.89000000,2335.30000000,180789.18022000
623,2021-04-14 20:00:00,2335.24000000,2447.29000000,2323.03000000,2432.60000000,147636.65611000
624,2021-04-15 00:00:00,2432.59000000,2481.00000000,2400.00000000,2475.75000000,128403.25576000
625,2021-04-15 04:00:00,2475.95000000,2479.94000000,2445.10000000,2469.10000000,95926.61995000
626,2021-04-15 08:00:00,2468.66000000,2487.38000000,2405.08000000,2428.92000000,114279.29753000
627,2021-04-15 12:00:00,2428.79000000,2477.41000000,2423.50000000,2461.49000000,98317.40706000
628,2021-04-15 16:00:00,2461.42000000,2491.00000000,2433.44000000,2478.51000000,103697.02098000
629,2021-04-15 20:00:00,2478.58000000,2543.47000000,2477.50000000,2514.04000000,141327.36517000
630,2021-04-16 00:00:00,2514.04000000,2548.29000000,2475.28000000,2497.57000000,142763.75160000
631,2021-04-16 04:00:00,2497.99000000,2498.62000000,2367.10000000,2426.59000000,230084.09690000
632,2021-04-16 08:00:00,2426.59000000,2450.00000000,2321.77000000,2382.67000000,203652.56597000
633,2021-04-16 12:00:00,2382.69000000,2437.24000000,2300.00000000,2428.92000000,212583.47619000
634,2021-04-16 16:00:00,2428.39000000,2440.88000000,2400.73000000,2429.66000000,121457.77287000
635,2021-04-16 20:00:00,2429.67000000,2461.94000000,2418.18000000,2422.67000000,88622.08852000
636,2021-04-17 00:00:00,2422.38000000,2493.12000000,2422.38000000,2486.79000000,107799.72886000
637,2021-04-17 04:00:00,2486.79000000,2495.00000000,2451.16000000,2461.40000000,77991.19622000
638,2021-04-17 08:00:00,2461.55000000,2475.65000000,2391.16000000,2408.99000000,100048.18873000
639,2021-04-17 12:00:00,2408.99000000,2420.68000000,2330.06000000,2345.00000000,143983.88128000
640,2021-04-17 16:00:00,2345.00000000,2384.25000000,2310.00000000,2378.57000000,127939.29428000
641,2021-04-17 20:00:00,2378.65000000,2395.54000000,2313.10000000,2317.60000000,66469.96631000
642,2021-04-18 00:00:00,2317.65000000,2340.00000000,1946.80000000,2158.90000000,348722.73689000
643,2021-04-18 04:00:00,2158.90000000,2229.91000000,2127.44000000,2210.29000000,332745.13036000
644,2021-04-18 08:00:00,2210.10000000,2223.00000000,2038.00000000,2052.19000000,333571.91613000
645,2021-04-18 12:00:00,2052.19000000,2150.00000000,2046.28000000,2144.30000000,213461.52634000
646,2021-04-18 16:00:00,2143.75000000,2194.56000000,2135.00000000,2188.41000000,125433.52402000
647,2021-04-18 20:00:00,2188.33000000,2248.98000000,2187.36000000,2235.64000000,121448.85830000
648,2021-04-19 00:00:00,2235.65000000,2300.00000000,2198.06000000,2266.21000000,133350.60153000
649,2021-04-19 04:00:00,2266.00000000,2275.00000000,2232.43000000,2268.60000000,85297.83907000
650,2021-04-19 08:00:00,2268.58000000,2277.84000000,2190.00000000,2246.63000000,130900.60276000
651,2021-04-19 12:00:00,2246.63000000,2252.82000000,2080.00000000,2095.32000000,239804.03324000
652,2021-04-19 16:00:00,2095.58000000,2188.38000000,2082.27000000,2187.46000000,138844.24181000
653,2021-04-19 20:00:00,2187.46000000,2220.00000000,2152.15000000,2161.12000000,92394.94714000
654,2021-04-20 00:00:00,2161.12000000,2177.04000000,2065.00000000,2096.73000000,125491.90313000
655,2021-04-20 04:00:00,2097.56000000,2147.32000000,2055.00000000,2092.03000000,143763.02836000
656,2021-04-20 08:00:00,2092.54000000,2199.89000000,2087.02000000,2194.80000000,166625.65879000
657,2021-04-20 12:00:00,2194.80000000,2230.00000000,2140.76000000,2186.65000000,172897.49043000
658,2021-04-20 16:00:00,2187.14000000,2326.43000000,2172.48000000,2324.70000000,222650.30780000
659,2021-04-20 20:00:00,2324.81000000,2346.62000000,2293.31000000,2330.03000000,160812.42049000
660,2021-04-21 00:00:00,2330.26000000,2362.98000000,2279.44000000,2284.00000000,196432.43590000
661,2021-04-21 04:00:00,2284.00000000,2331.00000000,2272.94000000,2294.18000000,134447.90874000
662,2021-04-21 08:00:00,2294.18000000,2312.50000000,2235.16000000,2264.98000000,169295.35069000
663,2021-04-21 12:00:00,2264.98000000,2450.00000000,2258.61000000,2442.80000000,309876.61964000
664,2021-04-21 16:00:00,2442.79000000,2469.54000000,2396.54000000,2436.94000000,174276.46930000
665,2021-04-21 20:00:00,2436.95000000,2439.88000000,2335.00000000,2357.06000000,193557.07743000
666,2021-04-22 00:00:00,2357.06000000,2453.28000000,2313.46000000,2390.48000000,360102.94029000
667,2021-04-22 04:00:00,2390.21000000,2496.00000000,2387.34000000,2471.44000000,276063.27495000
668,2021-04-22 08:00:00,2471.02000000,2574.00000000,2409.97000000,2544.70000000,407060.74118000
669,2021-04-22 12:00:00,2544.37000000,2612.14000000,2540.05000000,2610.58000000,311450.50791000
670,2021-04-22 16:00:00,2610.76000000,2644.47000000,2468.00000000,2535.54000000,421303.60777000
671,2021-04-22 20:00:00,2535.56000000,2535.56000000,2303.44000000,2397.94000000,444772.02536000
672,2021-04-23 00:00:00,2397.94000000,2442.89000000,2116.00000000,2282.74000000,735231.27455000
673,2021-04-23 04:00:00,2282.74000000,2285.64000000,2117.97000000,2132.45000000,558151.24377000
674,2021-04-23 08:00:00,2132.22000000,2316.06000000,2107.00000000,2295.03000000,457982.20896000
675,2021-04-23 12:00:00,2295.04000000,2339.00000000,2193.76000000,2333.84000000,351278.73809000
676,2021-04-23 16:00:00,2333.69000000,2368.43000000,2278.91000000,2363.92000000,240142.21346000
677,2021-04-23 20:00:00,2363.90000000,2378.03000000,2298.95000000,2367.39000000,189456.76302000
678,2021-04-24 00:00:00,2367.39000000,2368.74000000,2227.21000000,2296.81000000,217216.79161000
679,2021-04-24 04:00:00,2296.81000000,2328.00000000,2258.34000000,2273.34000000,131316.17183000
680,2021-04-24 08:00:00,2273.22000000,2302.70000000,2154.80000000,2179.43000000,215057.75285000
681,2021-04-24 12:00:00,2179.26000000,2263.43000000,2160.00000000,2250.60000000,192499.05909000
682,2021-04-24 16:00:00,2250.60000000,2288.81000000,2211.87000000,2269.71000000,116207.98513000
683,2021-04-24 20:00:00,2269.23000000,2297.38000000,2198.68000000,2213.35000000,125391.18572000
684,2021-04-25 00:00:00,2214.08000000,2250.27000000,2181.35000000,2187.18000000,118323.36056000
685,2021-04-25 04:00:00,2186.89000000,2193.45000000,2184.02000000,2193.43000000,161.74877000
686,2021-04-25 08:00:00,2193.33000000,2294.60000000,2192.26000000,2288.00000000,150969.13116000
687,2021-04-25 12:00:00,2288.00000000,2356.64000000,2279.90000000,2341.59000000,189379.58595000
688,2021-04-25 16:00:00,2341.59000000,2355.32000000,2265.43000000,2268.57000000,146722.57588000
689,2021-04-25 20:00:00,2268.51000000,2321.00000000,2168.00000000,2320.49000000,251960.97986000
690,2021-04-26 00:00:00,2320.44000000,2473.20000000,2303.64000000,2455.16000000,293334.61050000
691,2021-04-26 04:00:00,2454.90000000,2488.58000000,2428.76000000,2450.00000000,172560.61151000
692,2021-04-26 08:00:00,2450.00000000,2525.00000000,2414.65000000,2517.30000000,167843.18062000
693,2021-04-26 12:00:00,2517.38000000,2521.71000000,2471.10000000,2508.19000000,147713.16255000
694,2021-04-26 16:00:00,2508.20000000,2531.51000000,2451.21000000,2490.91000000,144377.23333000
695,2021-04-26 20:00:00,2491.22000000,2542.80000000,2430.00000000,2532.60000000,150640.21516000
696,2021-04-27 00:00:00,2532.06000000,2548.00000000,2480.29000000,2493.16000000,89725.88316000
697,2021-04-27 04:00:00,2493.16000000,2566.81000000,2489.31000000,2545.63000000,108139.07263000
698,2021-04-27 08:00:00,2545.66000000,2577.06000000,2531.27000000,2572.70000000,95427.32285000
699,2021-04-27 12:00:00,2572.69000000,2670.00000000,2531.41000000,2663.01000000,243947.03796000
700,2021-04-27 16:00:00,2663.01000000,2680.00000000,2602.00000000,2622.55000000,143459.31122000
701,2021-04-27 20:00:00,2622.85000000,2670.00000000,2608.00000000,2666.13000000,91029.83669000
702,2021-04-28 00:00:00,2666.13000000,2716.00000000,2625.97000000,2627.29000000,141707.97571000
703,2021-04-28 04:00:00,2627.30000000,2649.99000000,2559.44000000,2612.24000000,186428.79157000
704,2021-04-28 08:00:00,2612.25000000,2709.43000000,2577.73000000,2692.04000000,158990.85599000
705,2021-04-28 12:00:00,2692.05000000,2734.96000000,2658.04000000,2681.02000000,213267.61500000
706,2021-04-28 16:00:00,2681.02000000,2744.00000000,2667.55000000,2737.97000000,127159.43015000
707,2021-04-28 20:00:00,2737.49000000,2760.00000000,2665.55000000,2748.24000000,171828.51678000
708,2021-04-29 00:00:00,2748.23000000,2756.41000000,2682.07000000,2694.15000000,119751.89611000
709,2021-04-29 04:00:00,2694.39000000,2738.00000000,2668.00000000,2730.63000000,127134.23361000
710,2021-04-29 08:00:00,2730.63000000,2774.00000000,2705.00000000,2762.22000000,138046.90899000
711,2021-04-29 12:00:00,2762.22000000,2798.00000000,2740.15000000,2777.39000000,186874.94601000
712,2021-04-29 16:00:00,2777.30000000,2787.37000000,2697.63000000,2725.95000000,181265.91174000
713,2021-04-29 20:00:00,2725.96000000,2773.68000000,2681.00000000,2757.04000000,110816.11423000
714,2021-04-30 00:00:00,2757.04000000,2769.17000000,2725.93000000,2743.41000000,94341.57485000
715,2021-04-30 04:00:00,2743.41000000,2792.00000000,2740.40000000,2774.48000000,120357.73094000
716,2021-04-30 08:00:00,2774.48000000,2798.30000000,2730.11000000,2739.02000000,122999.19638000
717,2021-04-30 12:00:00,2739.05000000,2767.00000000,2723.09000000,2736.46000000,176078.53032000
718,2021-04-30 16:00:00,2736.47000000,2785.00000000,2731.67000000,2783.86000000,107876.33488000
719,2021-04-30 20:00:00,2783.87000000,2784.49000000,2738.00000000,2772.42000000,73685.83745000
720,2021-05-01 00:00:00,2772.42000000,2848.24000000,2743.41000000,2839.01000000,144371.93205000
721,2021-05-01 04:00:00,2838.94000000,2870.00000000,2831.70000000,2858.74000000,92355.00992000
722,2021-05-01 08:00:00,2858.77000000,2867.86000000,2805.24000000,2857.60000000,95319.10722000
723,2021-05-01 12:00:00,2857.75000000,2880.83000000,2838.86000000,2866.37000000,105701.12018000
724,2021-05-01 16:00:00,2866.37000000,2943.69000000,2866.07000000,2925.49000000,152417.31768000
725,2021-05-01 20:00:00,2925.49000000,2954.28000000,2908.33000000,2944.77000000,100095.59036000
726,2021-05-02 00:00:00,2944.83000000,2954.70000000,2891.86000000,2901.51000000,100185.44238000
727,2021-05-02 04:00:00,2901.84000000,2927.07000000,2871.50000000,2892.90000000,105474.11890000
728,2021-05-02 08:00:00,2892.90000000,2936.74000000,2852.26000000,2936.25000000,116319.20867000
729,2021-05-02 12:00:00,2936.03000000,2940.09000000,2901.78000000,2929.15000000,84499.26075000
730,2021-05-02 16:00:00,2929.14000000,2976.87000000,2920.00000000,2963.56000000,85566.02650000
731,2021-05-02 20:00:00,2963.57000000,2985.00000000,2928.34000000,2949.56000000,79938.48730000
732,2021-05-03 00:00:00,2949.33000000,3059.40000000,2949.32000000,3054.33000000,175033.40840000
733,2021-05-03 04:00:00,3054.34000000,3147.00000000,3036.53000000,3146.95000000,168977.78397000
734,2021-05-03 08:00:00,3146.95000000,3204.04000000,3125.39000000,3151.95000000,230291.33808000
735,2021-05-03 12:00:00,3151.95000000,3194.15000000,3085.06000000,3163.66000000,202792.91782000
736,2021-05-03 16:00:00,3163.65000000,3338.00000000,3150.89000000,3301.27000000,303932.96998000
737,2021-05-03 20:00:00,3301.64000000,3454.00000000,3245.56000000,3431.04000000,248059.64455000
738,2021-05-04 00:00:00,3431.04000000,3450.00000000,3180.61000000,3232.25000000,369216.38049000
739,2021-05-04 04:00:00,3232.40000000,3403.99000000,3219.10000000,3313.63000000,182970.94680000
740,2021-05-04 08:00:00,3314.00000000,3487.00000000,3276.70000000,3480.01000000,247097.93596000
741,2021-05-04 12:00:00,3480.01000000,3527.00000000,3213.35000000,3228.49000000,503040.13484000
742,2021-05-04 16:00:00,3228.36000000,3412.91000000,3160.00000000,3412.90000000,341088.09144000
743,2021-05-04 20:00:00,3412.91000000,3429.31000000,3216.47000000,3239.01000000,182625.89605000
744,2021-05-05 00:00:00,3239.01000000,3385.00000000,3200.23000000,3296.34000000,202733.03650000
745,2021-05-05 04:00:00,3296.78000000,3357.53000000,3223.00000000,3339.51000000,164709.48667000
746,2021-05-05 08:00:00,3339.51000000,3407.63000000,3316.56000000,3352.65000000,190982.44966000
747,2021-05-05 12:00:00,3352.64000000,3388.58000000,3281.63000000,3305.90000000,210129.04890000
748,2021-05-05 16:00:00,3305.79000000,3483.00000000,3280.62000000,3480.84000000,212136.30329000
749,2021-05-05 20:00:00,3480.50000000,3549.34000000,3412.25000000,3524.26000000,194126.41086000
750,2021-05-06 00:00:00,3524.33000000,3539.20000000,3440.17000000,3469.18000000,129163.66735000
751,2021-05-06 04:00:00,3469.17000000,3502.00000000,3376.47000000,3439.20000000,128499.40587000
752,2021-05-06 08:00:00,3439.14000000,3525.21000000,3419.21000000,3523.15000000,115499.35971000
753,2021-05-06 12:00:00,3523.28000000,3577.76000000,3460.00000000,3551.25000000,173867.81878000
754,2021-05-06 16:00:00,3551.26000000,3605.40000000,3400.20000000,3482.07000000,256008.90013000
755,2021-05-06 20:00:00,3482.06000000,3541.15000000,3434.55000000,3489.73000000,117553.42522000
756,2021-05-07 00:00:00,3489.74000000,3536.18000000,3398.29000000,3424.01000000,167560.24788000
757,2021-05-07 04:00:00,3424.00000000,3480.00000000,3353.23000000,3434.17000000,133607.75358000
758,2021-05-07 08:00:00,3434.09000000,3475.90000000,3408.04000000,3443.48000000,87038.74074000
759,2021-05-07 12:00:00,3442.93000000,3570.00000000,3423.00000000,3560.93000000,147945.25741000
760,2021-05-07 16:00:00,3560.93000000,3587.00000000,3498.28000000,3512.59000000,125591.29512000
761,2021-05-07 20:00:00,3512.59000000,3525.62000000,3421.11000000,3479.53000000,98801.35308000
762,2021-05-08 00:00:00,3479.79000000,3556.77000000,3449.27000000,3532.10000000,83375.90779000
763,2021-05-08 04:00:00,3531.64000000,3580.00000000,3506.22000000,3527.87000000,125153.53504000
764,2021-05-08 08:00:00,3527.87000000,3584.00000000,3523.03000000,3540.24000000,140536.55567000
765,2021-05-08 12:00:00,3540.54000000,3680.12000000,3526.38000000,3631.16000000,259538.39962000
766,2021-05-08 16:00:00,3632.01000000,3847.00000000,3631.75000000,3811.84000000,314074.64651000
767,2021-05-08 20:00:00,3811.84000000,3958.33000000,3801.19000000,3910.26000000,207788.50389000
768,2021-05-09 00:00:00,3910.26000000,3958.00000000,3815.02000000,3870.09000000,156908.42462000
769,2021-05-09 04:00:00,3870.09000000,3983.65000000,3819.99000000,3937.76000000,198177.02677000
770,2021-05-09 08:00:00,3937.62000000,3966.57000000,3851.40000000,3851.98000000,176253.78989000
771,2021-05-09 12:00:00,3851.98000000,3880.94000000,3726.08000000,3878.46000000,228241.11074000
772,2021-05-09 16:00:00,3878.76000000,3970.00000000,3841.19000000,3862.96000000,151854.97938000
773,2021-05-09 20:00:00,3862.94000000,3941.73000000,3853.74000000,3923.95000000,88965.67680000
774,2021-05-10 00:00:00,3923.95000000,4073.34000000,3885.91000000,4054.58000000,158258.61659000
775,2021-05-10 04:00:00,4054.57000000,4142.85000000,4029.12000000,4105.85000000,188133.15452000
776,2021-05-10 08:00:00,4105.90000000,4168.71000000,3979.00000000,4066.18000000,230075.43394000
777,2021-05-10 12:00:00,4066.18000000,4169.53000000,4025.94000000,4156.37000000,261339.77222000
778,2021-05-10 16:00:00,4155.88000000,4208.00000000,3968.60000000,3991.12000000,243867.81085000
779,2021-05-10 20:00:00,3990.18000000,4059.67000000,3650.00000000,3945.88000000,424223.13800000
780,2021-05-11 00:00:00,3946.63000000,4030.49000000,3771.64000000,3855.52000000,285813.55608000
781,2021-05-11 04:00:00,3855.53000000,3967.00000000,3832.35000000,3961.68000000,152248.98215000
782,2021-05-11 08:00:00,3961.68000000,4084.13000000,3901.59000000,3971.98000000,181630.10300000
783,2021-05-11 12:00:00,3972.16000000,4035.00000000,3893.77000000,4020.99000000,195030.45666000
784,2021-05-11 16:00:00,4021.00000000,4097.00000000,3990.00000000,4067.06000000,149906.11924000
785,2021-05-11 20:00:00,4067.00000000,4180.22000000,4041.43000000,4173.45000000,131297.88690000
786,2021-05-12 00:00:00,4173.46000000,4351.85000000,4146.62000000,4332.81000000,187074.52683000
787,2021-05-12 04:00:00,4332.12000000,4370.00000000,4273.35000000,4306.42000000,178262.09058000
788,2021-05-12 08:00:00,4306.42000000,4319.28000000,4180.00000000,4273.91000000,164091.83028000
789,2021-05-12 12:00:00,4273.91000000,4372.72000000,4126.10000000,4189.07000000,255550.26738000
790,2021-05-12 16:00:00,4188.94000000,4215.00000000,3933.20000000,4083.92000000,403329.55615000
791,2021-05-12 20:00:00,4084.45000000,4245.00000000,3701.58000000,3823.21000000,413534.46895000
792,2021-05-13 00:00:00,3810.15000000,4034.77000000,3500.00000000,3941.08000000,506851.45275000
793,2021-05-13 04:00:00,3940.82000000,4025.69000000,3885.59000000,3968.00000000,177491.33971000
794,2021-05-13 08:00:00,3968.00000000,3986.85000000,3596.02000000,3744.47000000,527059.08285000
795,2021-05-13 12:00:00,3744.46000000,3900.00000000,3700.00000000,3747.02000000,289663.58478000
796,2021-05-13 16:00:00,3747.01000000,3874.12000000,3541.51000000,3651.75000000,394956.37070000
797,2021-05-13 20:00:00,3650.30000000,3783.34000000,3609.00000000,3717.91000000,172686.34348000
798,2021-05-14 00:00:00,3717.92000000,3903.52000000,3691.35000000,3790.81000000,228873.23574000
799,2021-05-14 04:00:00,3790.80000000,3900.13000000,3753.12000000,3881.66000000,153570.97464000
800,2021-05-14 08:00:00,3882.09000000,4030.00000000,3856.18000000,3999.82000000,218234.51944000
801,2021-05-14 12:00:00,3999.80000000,4162.40000000,3950.29000000,4131.29000000,239914.40667000
802,2021-05-14 16:00:00,4131.30000000,4173.28000000,4037.45000000,4046.35000000,173435.34966000
803,2021-05-14 20:00:00,4046.41000000,4110.12000000,3967.08000000,4075.01000000,139361.94016000
804,2021-05-15 00:00:00,4075.02000000,4134.05000000,4010.00000000,4025.63000000,149763.86441000
805,2021-05-15 04:00:00,4025.63000000,4059.99000000,3886.81000000,3907.66000000,167731.58471000
806,2021-05-15 08:00:00,3907.66000000,3962.11000000,3778.69000000,3902.03000000,218912.74536000
807,2021-05-15 12:00:00,3902.03000000,3934.80000000,3827.43000000,3875.52000000,146769.13372000
808,2021-05-15 16:00:00,3875.52000000,3875.52000000,3651.49000000,3751.43000000,223216.93430000
809,2021-05-15 20:00:00,3751.84000000,3831.00000000,3632.00000000,3646.68000000,132780.61832000
810,2021-05-16 00:00:00,3646.24000000,3853.86000000,3620.15000000,3826.23000000,172396.69457000
811,2021-05-16 04:00:00,3826.63000000,3879.00000000,3773.08000000,3866.75000000,95943.27486000
812,2021-05-16 08:00:00,3866.62000000,3867.99000000,3786.43000000,3789.69000000,98531.00758000
813,2021-05-16 12:00:00,3789.98000000,3804.49000000,3630.37000000,3633.45000000,207811.94195000
814,2021-05-16 16:00:00,3633.53000000,3671.23000000,3346.72000000,3419.22000000,428663.76902000
815,2021-05-16 20:00:00,3419.81000000,3588.98000000,3343.06000000,3582.10000000,320718.97077000
816,2021-05-17 00:00:00,3581.81000000,3587.06000000,3212.00000000,3240.13000000,334919.94393000
817,2021-05-17 04:00:00,3240.74000000,3531.08000000,3102.00000000,3520.85000000,452258.26937000
818,2021-05-17 08:00:00,3520.87000000,3575.24000000,3427.78000000,3516.52000000,282566.89610000
819,2021-05-17 12:00:00,3516.71000000,3544.48000000,3266.66000000,3284.75000000,245411.16019000
820,2021-05-17 16:00:00,3284.99000000,3402.34000000,3121.48000000,3378.75000000,357378.03631000
821,2021-05-17 20:00:00,3379.26000000,3453.00000000,3193.48000000,3282.51000000,231478.13408000
822,2021-05-18 00:00:00,3282.25000000,3419.00000000,3240.00000000,3384.57000000,180542.84117000
823,2021-05-18 04:00:00,3385.28000000,3559.16000000,3380.69000000,3510.02000000,230510.39416000
824,2021-05-18 08:00:00,3510.07000000,3565.71000000,3432.42000000,3533.89000000,167187.95613000
825,2021-05-18 12:00:00,3533.46000000,3539.99000000,3255.71000000,3345.50000000,362104.12170000
826,2021-05-18 16:00:00,3345.49000000,3438.49000000,3310.06000000,3402.38000000,225177.31277000
827,2021-05-18 20:00:00,3402.69000000,3464.02000000,3322.22000000,3375.07000000,121588.21550000
828,2021-05-19 00:00:00,3375.08000000,3441.73000000,3042.64000000,3097.23000000,366461.24579000
829,2021-05-19 04:00:00,3097.23000000,3133.18000000,2857.41000000,2985.00000000,656066.81564000
830,2021-05-19 08:00:00,2985.00000000,3006.00000000,2442.82000000,2721.08000000,629923.13116000
831,2021-05-19 12:00:00,2721.08000000,2780.00000000,1888.00000000,2742.61000000,1531897.38404000
832,2021-05-19 16:00:00,2741.44000000,2920.44000000,2555.00000000,2601.13000000,695521.39440000
833,2021-05-19 20:00:00,2601.13000000,2717.42000000,2427.50000000,2438.92000000,429966.34836000
834,2021-05-20 00:00:00,2438.92000000,2546.03000000,2155.00000000,2472.46000000,821706.82258000
835,2021-05-20 04:00:00,2472.46000000,2779.00000000,2454.82000000,2712.69000000,517110.14830000
836,2021-05-20 08:00:00,2712.68000000,2758.99000000,2567.06000000,2754.41000000,391308.07737000
837,2021-05-20 12:00:00,2754.40000000,2990.05000000,2708.01000000,2903.99000000,485252.54322000
838,2021-05-20 16:00:00,2903.97000000,2905.70000000,2581.00000000,2782.41000000,490323.96123000
839,2021-05-20 20:00:00,2782.81000000,2861.84000000,2689.00000000,2768.62000000,237076.37740000
840,2021-05-21 00:00:00,2767.87000000,2938.54000000,2760.95000000,2790.86000000,241831.76581000
841,2021-05-21 04:00:00,2790.86000000,2807.00000000,2679.79000000,2686.96000000,272899.22252000
842,2021-05-21 08:00:00,2687.44000000,2783.21000000,2619.00000000,2712.37000000,274813.91882000
843,2021-05-21 12:00:00,2712.37000000,2763.09000000,2378.00000000,2420.69000000,730193.47324000
844,2021-05-21 16:00:00,2420.39000000,2518.86000000,2306.00000000,2349.50000000,602366.35189000
845,2021-05-21 20:00:00,2349.95000000,2436.76000000,2101.00000000,2430.98000000,604927.20286000
846,2021-05-22 00:00:00,2430.98000000,2485.00000000,2305.32000000,2329.99000000,288449.93399000
847,2021-05-22 04:00:00,2329.54000000,2351.45000000,2145.00000000,2248.57000000,423369.66975000
848,2021-05-22 08:00:00,2248.56000000,2478.00000000,2246.56000000,2415.54000000,315413.04805000
849,2021-05-22 12:00:00,2415.29000000,2483.30000000,2290.32000000,2367.21000000,285327.17767000
850,2021-05-22 16:00:00,2367.21000000,2397.00000000,2251.16000000,2255.05000000,213485.71384000
851,2021-05-22 20:00:00,2255.05000000,2383.83000000,2254.58000000,2294.87000000,158272.46827000
852,2021-05-23 00:00:00,2295.45000000,2381.57000000,2252.51000000,2317.80000000,180859.55530000
853,2021-05-23 04:00:00,2317.80000000,2317.80000000,2127.63000000,2157.64000000,272192.37035000
854,2021-05-23 08:00:00,2158.01000000,2174.82000000,1986.00000000,2115.49000000,672992.73125000
855,2021-05-23 12:00:00,2115.50000000,2138.27000000,1866.29000000,1924.79000000,723915.42667000
856,2021-05-23 16:00:00,1924.95000000,1999.00000000,1728.74000000,1968.09000000,713914.04968000
857,2021-05-23 20:00:00,1968.10000000,2150.00000000,1967.61000000,2096.39000000,350674.59800000
858,2021-05-24 00:00:00,2096.63000000,2200.00000000,2079.94000000,2141.29000000,304731.07108000
859,2021-05-24 04:00:00,2141.29000000,2297.00000000,2081.88000000,2291.10000000,303162.00817000
860,2021-05-24 08:00:00,2291.44000000,2377.13000000,2221.19000000,2367.74000000,403902.17336000
861,2021-05-24 12:00:00,2367.66000000,2529.87000000,2332.64000000,2509.07000000,500820.91559000
862,2021-05-24 16:00:00,2509.61000000,2663.58000000,2416.10000000,2650.86000000,379326.81092000
863,2021-05-24 20:00:00,2651.42000000,2675.00000000,2529.07000000,2648.43000000,294689.94333000
864,2021-05-25 00:00:00,2647.92000000,2750.00000000,2536.80000000,2582.48000000,390927.74260000
865,2021-05-25 04:00:00,2582.41000000,2683.65000000,2520.48000000,2660.48000000,262449.26941000
866,2021-05-25 08:00:00,2660.39000000,2674.31000000,2378.54000000,2392.72000000,424054.28465000
867,2021-05-25 12:00:00,2393.15000000,2650.00000000,2382.21000000,2610.47000000,554270.99964000
868,2021-05-25 16:00:00,2610.60000000,2622.69000000,2484.62000000,2512.12000000,245076.68623000
869,2021-05-25 20:00:00,2512.12000000,2735.00000000,2504.96000000,2705.11000000,238570.52192000
870,2021-05-26 00:00:00,2705.10000000,2850.00000000,2643.00000000,2840.45000000,284810.08957000
871,2021-05-26 04:00:00,2840.47000000,2898.00000000,2772.41000000,2890.62000000,269367.33508000
872,2021-05-26 08:00:00,2890.61000000,2910.00000000,2773.00000000,2832.87000000,278276.80203000
873,2021-05-26 12:00:00,2832.62000000,2867.64000000,2688.07000000,2744.78000000,305755.15030000
874,2021-05-26 16:00:00,2744.79000000,2792.37000000,2665.56000000,2739.85000000,248923.66372000
875,2021-05-26 20:00:00,2739.88000000,2887.15000000,2722.22000000,2884.94000000,196666.55181000
876,2021-05-27 00:00:00,2884.82000000,2889.74000000,2633.68000000,2679.26000000,308166.10521000
877,2021-05-27 04:00:00,2679.26000000,2760.00000000,2645.87000000,2735.02000000,168535.63864000
878,2021-05-27 08:00:00,2735.03000000,2841.96000000,2683.93000000,2826.88000000,174176.01442000
879,2021-05-27 12:00:00,2826.87000000,2867.96000000,2774.94000000,2803.99000000,202982.13317000
880,2021-05-27 16:00:00,2803.85000000,2814.63000000,2734.90000000,2757.66000000,132104.00006000
881,2021-05-27 20:00:00,2757.66000000,2795.00000000,2701.77000000,2742.23000000,113066.02056000
882,2021-05-28 00:00:00,2742.23000000,2762.45000000,2668.01000000,2716.07000000,130071.18824000
883,2021-05-28 04:00:00,2716.06000000,2716.06000000,2513.00000000,2566.13000000,297925.84895000
884,2021-05-28 08:00:00,2566.69000000,2583.72000000,2419.46000000,2435.66000000,344697.89145000
885,2021-05-28 12:00:00,2435.65000000,2617.78000000,2421.43000000,2558.36000000,306519.60616000
886,2021-05-28 16:00:00,2558.92000000,2572.50000000,2456.25000000,2499.51000000,225177.67180000
887,2021-05-28 20:00:00,2499.14000000,2525.12000000,2327.38000000,2412.10000000,250192.40702000
888,2021-05-29 00:00:00,2412.34000000,2546.52000000,2394.40000000,2525.29000000,204510.98568000
889,2021-05-29 04:00:00,2525.29000000,2574.27000000,2462.45000000,2488.96000000,188918.55019000
890,2021-05-29 08:00:00,2488.76000000,2497.18000000,2377.27000000,2450.75000000,208435.02270000
891,2021-05-29 12:00:00,2450.75000000,2451.52000000,2285.77000000,2328.92000000,276498.64175000
892,2021-05-29 16:00:00,2328.84000000,2390.02000000,2216.60000000,2247.04000000,283552.29646000
893,2021-05-29 20:00:00,2247.09000000,2323.23000000,2204.10000000,2278.74000000,217511.69173000
894,2021-05-30 00:00:00,2278.74000000,2319.00000000,2180.53000000,2296.12000000,248160.69960000
895,2021-05-30 04:00:00,2296.47000000,2463.54000000,2275.21000000,2452.33000000,278557.79805000
896,2021-05-30 08:00:00,2452.32000000,2476.42000000,2386.23000000,2461.56000000,204315.60294000
897,2021-05-30 12:00:00,2461.92000000,2468.00000000,2340.00000000,2382.48000000,167627.54288000
898,2021-05-30 16:00:00,2382.04000000,2465.90000000,2363.90000000,2441.90000000,142086.91992000
899,2021-05-30 20:00:00,2441.90000000,2460.91000000,2378.41000000,2385.98000000,110364.63544000
900,2021-05-31 00:00:00,2385.82000000,2414.96000000,2271.44000000,2300.77000000,196782.59192000
901,2021-05-31 04:00:00,2300.98000000,2455.31000000,2279.94000000,2450.42000000,203037.19605000
902,2021-05-31 08:00:00,2450.30000000,2587.15000000,2425.04000000,2551.46000000,287631.75741000
903,2021-05-31 12:00:00,2551.81000000,2643.56000000,2509.66000000,2637.48000000,285272.21373000
904,2021-05-31 16:00:00,2637.47000000,2677.70000000,2572.65000000,2627.20000000,192289.89830000
905,2021-05-31 20:00:00,2627.20000000,2720.00000000,2593.20000000,2706.15000000,142944.38327000
906,2021-06-01 00:00:00,2706.15000000,2740.00000000,2612.63000000,2630.79000000,190770.24350000
907,2021-06-01 04:00:00,2630.66000000,2716.33000000,2615.27000000,2652.53000000,166661.30183000
908,2021-06-01 08:00:00,2652.37000000,2672.60000000,2547.12000000,2624.09000000,263021.10974000
909,2021-06-01 12:00:00,2624.23000000,2666.00000000,2523.74000000,2568.49000000,294840.31972000
910,2021-06-01 16:00:00,2568.62000000,2588.00000000,2528.00000000,2542.67000000,139025.64246000
911,2021-06-01 20:00:00,2542.68000000,2650.00000000,2535.72000000,2634.57000000,125258.49081000
912,2021-06-02 00:00:00,2634.31000000,2650.00000000,2550.00000000,2615.40000000,136515.80375000
913,2021-06-02 04:00:00,2615.46000000,2708.00000000,2608.04000000,2692.60000000,164370.79365000
914,2021-06-02 08:00:00,2692.60000000,2720.93000000,2660.54000000,2694.35000000,178191.00393000
915,2021-06-02 12:00:00,2694.39000000,2798.98000000,2680.41000000,2791.24000000,245997.28928000
916,2021-06-02 16:00:00,2791.07000000,2802.99000000,2741.03000000,2758.19000000,121961.23912000
917,2021-06-02 20:00:00,2758.19000000,2763.59000000,2672.07000000,2706.22000000,123034.40590000
918,2021-06-03 00:00:00,2706.21000000,2730.13000000,2662.40000000,2725.80000000,106261.95999000
919,2021-06-03 04:00:00,2725.81000000,2849.00000000,2723.16000000,2820.32000000,197420.19133000
920,2021-06-03 08:00:00,2820.03000000,2891.95000000,2799.31000000,2806.63000000,260920.83204000
921,2021-06-03 12:00:00,2806.63000000,2845.00000000,2762.17000000,2788.11000000,245724.91264000
922,2021-06-03 16:00:00,2788.11000000,2850.00000000,2778.72000000,2793.29000000,111808.34118000
923,2021-06-03 20:00:00,2793.29000000,2875.00000000,2789.62000000,2857.25000000,102154.65705000
924,2021-06-04 00:00:00,2857.25000000,2860.00000000,2682.00000000,2753.27000000,250924.98276000
925,2021-06-04 04:00:00,2753.27000000,2764.86000000,2586.02000000,2619.69000000,266238.98751000
926,2021-06-04 08:00:00,2619.69000000,2665.79000000,2587.50000000,2624.53000000,183275.98119000
927,2021-06-04 12:00:00,2624.53000000,2674.86000000,2552.00000000,2658.01000000,253579.59324000
928,2021-06-04 16:00:00,2658.01000000,2712.75000000,2650.00000000,2681.08000000,129656.77074000
929,2021-06-04 20:00:00,2681.07000000,2739.00000000,2647.10000000,2689.51000000,104637.79647000
930,2021-06-05 00:00:00,2689.54000000,2781.70000000,2672.33000000,2762.33000000,116490.18573000
931,2021-06-05 04:00:00,2762.36000000,2812.95000000,2752.88000000,2781.06000000,106105.42043000
932,2021-06-05 08:00:00,2781.44000000,2816.87000000,2623.25000000,2639.90000000,245244.76224000
933,2021-06-05 12:00:00,2639.90000000,2663.96000000,2582.07000000,2654.99000000,258227.69787000
934,2021-06-05 16:00:00,2654.85000000,2655.31000000,2600.00000000,2602.77000000,90248.20275000
935,2021-06-05 20:00:00,2602.77000000,2646.89000000,2552.23000000,2627.73000000,145507.85511000
936,2021-06-06 00:00:00,2627.63000000,2694.74000000,2614.00000000,2674.19000000,121530.71672000
937,2021-06-06 04:00:00,2674.19000000,2709.84000000,2649.24000000,2689.43000000,96614.17808000
938,2021-06-06 08:00:00,2689.44000000,2745.00000000,2688.02000000,2690.75000000,147658.25844000
939,2021-06-06 12:00:00,2690.75000000,2733.75000000,2653.00000000,2721.00000000,129178.10878000
940,2021-06-06 16:00:00,2721.01000000,2737.49000000,2671.60000000,2673.87000000,87880.51153000
941,2021-06-06 20:00:00,2673.95000000,2719.62000000,2665.49000000,2711.92000000,90930.92014000
942,2021-06-07 00:00:00,2711.92000000,2800.00000000,2691.24000000,2767.38000000,162320.11284000
943,2021-06-07 04:00:00,2767.18000000,2797.69000000,2735.00000000,2764.42000000,110625.92926000
944,2021-06-07 08:00:00,2764.61000000,2838.00000000,2743.86000000,2812.65000000,182132.81984000
945,2021-06-07 12:00:00,2812.82000000,2847.55000000,2750.00000000,2783.00000000,192230.24518000
946,2021-06-07 16:00:00,2782.99000000,2790.00000000,2673.53000000,2730.30000000,206430.09995000
947,2021-06-07 20:00:00,2730.31000000,2741.83000000,2570.00000000,2592.05000000,298388.87149000
948,2021-06-08 00:00:00,2592.05000000,2620.99000000,2427.28000000,2490.96000000,359459.60793000
949,2021-06-08 04:00:00,2490.96000000,2532.00000000,2437.47000000,2516.15000000,301195.56380000
950,2021-06-08 08:00:00,2516.05000000,2559.89000000,2472.12000000,2533.03000000,253549.95575000
951,2021-06-08 12:00:00,2532.33000000,2539.96000000,2304.91000000,2375.36000000,371953.31604000
952,2021-06-08 16:00:00,2375.37000000,2513.00000000,2357.58000000,2501.15000000,245891.75634000
953,2021-06-08 20:00:00,2501.15000000,2550.00000000,2481.58000000,2507.23000000,161697.22773000
954,2021-06-09 00:00:00,2507.43000000,2524.05000000,2406.99000000,2454.86000000,164120.21021000
955,2021-06-09 04:00:00,2454.86000000,2548.84000000,2405.28000000,2503.09000000,226241.35194000
956,2021-06-09 08:00:00,2503.08000000,2546.47000000,2467.69000000,2535.48000000,218757.48546000
957,2021-06-09 12:00:00,2535.60000000,2581.49000000,2446.74000000,2566.92000000,342555.68582000
958,2021-06-09 16:00:00,2566.94000000,2626.00000000,2548.80000000,2562.73000000,219019.62221000
959,2021-06-09 20:00:00,2562.73000000,2626.63000000,2548.47000000,2610.18000000,106023.88447000
960,2021-06-10 00:00:00,2610.20000000,2624.46000000,2560.37000000,2563.15000000,100787.07056000
961,2021-06-10 04:00:00,2563.01000000,2575.88000000,2521.00000000,2548.12000000,100794.77666000
962,2021-06-10 08:00:00,2548.12000000,2605.00000000,2492.23000000,2566.31000000,182534.47025000
963,2021-06-10 12:00:00,2566.30000000,2570.72000000,2496.08000000,2512.02000000,147152.47227000
964,2021-06-10 16:00:00,2512.01000000,2524.40000000,2447.00000000,2458.69000000,134511.87035000
965,2021-06-10 20:00:00,2458.71000000,2495.75000000,2425.11000000,2471.09000000,75456.83917000
966,2021-06-11 00:00:00,2471.01000000,2497.99000000,2402.51000000,2465.10000000,107294.79986000
967,2021-06-11 04:00:00,2465.10000000,2490.00000000,2415.32000000,2446.08000000,88125.36808000
968,2021-06-11 08:00:00,2446.08000000,2485.83000000,2439.99000000,2470.73000000,91496.04897000
969,2021-06-11 12:00:00,2470.73000000,2480.00000000,2411.00000000,2416.04000000,88288.18002000
970,2021-06-11 16:00:00,2416.27000000,2429.52000000,2367.42000000,2398.12000000,108808.83196000
971,2021-06-11 20:00:00,2398.12000000,2411.68000000,2321.37000000,2354.01000000,103351.04469000
972,2021-06-12 00:00:00,2354.09000000,2365.44000000,2256.22000000,2300.18000000,173043.88331000
973,2021-06-12 04:00:00,2300.19000000,2325.44000000,2275.45000000,2322.12000000,123603.37461000
974,2021-06-12 08:00:00,2322.12000000,2397.62000000,2297.10000000,2388.70000000,162050.19817000
975,2021-06-12 12:00:00,2388.71000000,2454.53000000,2382.00000000,2393.08000000,165909.32740000
976,2021-06-12 16:00:00,2393.05000000,2426.78000000,2381.11000000,2409.71000000,75400.86372000
977,2021-06-12 20:00:00,2409.72000000,2422.78000000,2363.00000000,2370.74000000,67431.85119000
978,2021-06-13 00:00:00,2370.64000000,2419.00000000,2321.97000000,2333.41000000,109171.81034000
979,2021-06-13 04:00:00,2333.74000000,2347.88000000,2308.41000000,2324.25000000,85270.24733000
980,2021-06-13 08:00:00,2324.25000000,2379.45000000,2320.23000000,2363.04000000,90352.93472000
981,2021-06-13 12:00:00,2363.04000000,2383.00000000,2327.64000000,2351.60000000,77645.17801000
982,2021-06-13 16:00:00,2351.43000000,2445.78000000,2344.39000000,2430.27000000,156282.50838000
983,2021-06-13 20:00:00,2430.28000000,2548.41000000,2429.52000000,2509.33000000,197226.08108000
984,2021-06-14 00:00:00,2509.33000000,2543.36000000,2466.87000000,2478.34000000,113688.44883000
985,2021-06-14 04:00:00,2478.33000000,2510.00000000,2469.56000000,2499.73000000,88799.61459000
986,2021-06-14 08:00:00,2499.73000000,2501.60000000,2461.00000000,2479.54000000,78948.06329000
987,2021-06-14 12:00:00,2479.54000000,2580.28000000,2471.10000000,2577.17000000,179611.06692000
988,2021-06-14 16:00:00,2576.66000000,2609.17000000,2520.31000000,2539.57000000,158964.80950000
989,2021-06-14 20:00:00,2539.56000000,2585.00000000,2532.62000000,2580.77000000,64171.55309000
990,2021-06-15 00:00:00,2580.58000000,2624.00000000,2565.89000000,2586.82000000,102326.77070000
991,2021-06-15 04:00:00,2586.83000000,2640.00000000,2581.12000000,2622.58000000,118196.64645000
992,2021-06-15 08:00:00,2622.62000000,2624.99000000,2562.56000000,2577.46000000,94691.90484000
993,2021-06-15 12:00:00,2577.45000000,2607.95000000,2528.00000000,2551.31000000,96995.72697000
994,2021-06-15 16:00:00,2551.31000000,2614.00000000,2525.00000000,2531.59000000,111920.44971000
995,2021-06-15 20:00:00,2531.59000000,2566.66000000,2507.70000000,2543.54000000,75695.15066000
996,2021-06-16 00:00:00,2543.55000000,2543.57000000,2500.00000000,2521.89000000,69530.60274000
997,2021-06-16 04:00:00,2521.88000000,2556.19000000,2512.19000000,2528.10000000,70812.50105000
998,2021-06-16 08:00:00,2528.09000000,2542.29000000,2456.78000000,2460.06000000,109176.25114000
999,2021-06-16 12:00:00,2460.00000000,2468.27000000,2406.32000000,2415.95000000,126730.39497000
1000,2021-06-16 16:00:00,2416.44000000,2458.70000000,2377.77000000,2418.86000000,159151.27680000
1001,2021-06-16 20:00:00,2418.86000000,2424.62000000,2351.18000000,2367.89000000,89340.75688000
1002,2021-06-17 00:00:00,2368.02000000,2440.59000000,2359.17000000,2434.38000000,88067.51621000
1003,2021-06-17 04:00:00,2434.38000000,2460.50000000,2412.48000000,2441.01000000,72766.95309000
1004,2021-06-17 08:00:00,2441.01000000,2454.99000000,2421.87000000,2424.50000000,63351.03721000
1005,2021-06-17 12:00:00,2424.51000000,2426.54000000,2365.30000000,2417.24000000,112380.19715000
1006,2021-06-17 16:00:00,2417.29000000,2425.00000000,2306.00000000,2340.18000000,152794.80011000
1007,2021-06-17 20:00:00,2340.19000000,2380.00000000,2319.31000000,2373.28000000,71307.08189000
1008,2021-06-18 00:00:00,2373.28000000,2378.00000000,2312.00000000,2342.16000000,74346.50088000
1009,2021-06-18 04:00:00,2342.17000000,2369.43000000,2323.41000000,2341.62000000,65130.85262000
1010,2021-06-18 08:00:00,2341.62000000,2357.73000000,2280.00000000,2319.89000000,131815.81410000
1011,2021-06-18 12:00:00,2319.91000000,2325.99000000,2210.00000000,2215.00000000,209377.22186000
1012,2021-06-18 16:00:00,2214.99000000,2245.68000000,2139.00000000,2154.42000000,193639.48141000
1013,2021-06-18 20:00:00,2154.42000000,2236.11000000,2150.76000000,2234.09000000,104595.33110000
1014,2021-06-19 00:00:00,2234.09000000,2255.00000000,2168.08000000,2188.46000000,100561.96814000
1015,2021-06-19 04:00:00,2188.34000000,2248.84000000,2180.00000000,2245.51000000,81290.11872000
1016,2021-06-19 08:00:00,2245.49000000,2257.99000000,2218.48000000,2241.13000000,62749.06178000
1017,2021-06-19 12:00:00,2241.05000000,2278.82000000,2219.29000000,2246.66000000,104460.80473000
1018,2021-06-19 16:00:00,2246.66000000,2254.00000000,2187.93000000,2221.18000000,88550.32633000
1019,2021-06-19 20:00:00,2221.21000000,2229.44000000,2161.67000000,2164.67000000,59259.97027000
1020,2021-06-20 00:00:00,2165.34000000,2193.63000000,2143.00000000,2183.38000000,67873.65778000
1021,2021-06-20 04:00:00,2183.36000000,2222.22000000,2179.10000000,2203.97000000,66544.12608000
1022,2021-06-20 08:00:00,2203.92000000,2210.33000000,2060.17000000,2074.28000000,210074.23690000
1023,2021-06-20 12:00:00,2074.28000000,2126.66000000,2040.68000000,2111.21000000,175609.04867000
1024,2021-06-20 16:00:00,2111.20000000,2240.27000000,2102.69000000,2222.78000000,111415.01542000
1025,2021-06-20 20:00:00,2222.77000000,2280.01000000,2215.94000000,2243.47000000,112367.56256000
1026,2021-06-21 00:00:00,2243.49000000,2260.16000000,2155.22000000,2157.07000000,91853.47316000
1027,2021-06-21 04:00:00,2156.63000000,2162.47000000,1973.02000000,2012.43000000,398530.56527000
1028,2021-06-21 08:00:00,2012.53000000,2055.00000000,1891.24000000,1969.15000000,461090.24407000
1029,2021-06-21 12:00:00,1969.50000000,2023.28000000,1914.38000000,1983.84000000,285288.48407000
1030,2021-06-21 16:00:00,1983.89000000,2000.44000000,1910.02000000,1943.52000000,185709.68871000
1031,2021-06-21 20:00:00,1943.69000000,1956.73000000,1865.54000000,1885.49000000,207347.21048000
1032,2021-06-22 00:00:00,1885.27000000,1998.00000000,1857.94000000,1976.18000000,225526.29200000
1033,2021-06-22 04:00:00,1976.07000000,1982.15000000,1926.88000000,1944.71000000,108596.29275000
1034,2021-06-22 08:00:00,1944.71000000,1945.80000000,1855.00000000,1866.94000000,289920.63089000
1035,2021-06-22 12:00:00,1866.94000000,1891.95000000,1700.48000000,1861.01000000,668692.92049000
1036,2021-06-22 16:00:00,1861.23000000,1954.00000000,1852.70000000,1895.92000000,276744.63625000
1037,2021-06-22 20:00:00,1895.92000000,1935.61000000,1847.76000000,1879.28000000,125857.30814000
1038,2021-06-23 00:00:00,1879.29000000,2033.56000000,1821.95000000,2012.22000000,263379.66439000
1039,2021-06-23 04:00:00,2012.21000000,2045.00000000,1989.00000000,2005.36000000,142770.10445000
1040,2021-06-23 08:00:00,2005.57000000,2024.50000000,1966.45000000,1991.54000000,139941.73173000
1041,2021-06-23 12:00:00,1991.43000000,2040.66000000,1967.42000000,1974.67000000,158285.69994000
1042,2021-06-23 16:00:00,1974.72000000,2002.00000000,1916.00000000,1916.52000000,125931.06671000
1043,2021-06-23 20:00:00,1916.52000000,1974.51000000,1907.83000000,1968.14000000,88304.03772000
1044,2021-06-24 00:00:00,1967.95000000,1981.99000000,1884.79000000,1905.01000000,112795.60246000
1045,2021-06-24 04:00:00,1905.01000000,1943.00000000,1895.37000000,1919.49000000,100448.09896000
1046,2021-06-24 08:00:00,1919.54000000,1969.00000000,1915.21000000,1965.25000000,107448.33163000
1047,2021-06-24 12:00:00,1965.25000000,2019.89000000,1956.90000000,1985.77000000,160741.30740000
1048,2021-06-24 16:00:00,1985.76000000,2036.61000000,1974.00000000,2011.58000000,142035.77172000
1049,2021-06-24 20:00:00,2011.78000000,2019.98000000,1970.00000000,1989.52000000,77762.56261000
1050,2021-06-25 00:00:00,1989.53000000,2019.99000000,1961.56000000,1995.45000000,98881.52063000
1051,2021-06-25 04:00:00,1995.45000000,2000.64000000,1927.18000000,1944.06000000,90018.98860000
1052,2021-06-25 08:00:00,1944.02000000,1947.37000000,1850.00000000,1852.99000000,162475.88134000
1053,2021-06-25 12:00:00,1852.99000000,1880.00000000,1791.22000000,1827.07000000,219893.80449000
1054,2021-06-25 16:00:00,1827.45000000,1869.81000000,1791.79000000,1851.44000000,180529.19884000
1055,2021-06-25 20:00:00,1851.44000000,1869.03000000,1797.65000000,1808.82000000,107009.15377000
1056,2021-06-26 00:00:00,1808.97000000,1840.69000000,1795.00000000,1819.34000000,94800.73191000
1057,2021-06-26 04:00:00,1819.33000000,1852.80000000,1745.00000000,1752.00000000,139467.46594000
1058,2021-06-26 08:00:00,1751.96000000,1810.67000000,1717.32000000,1802.17000000,214976.11910000
1059,2021-06-26 12:00:00,1801.96000000,1814.39000000,1728.00000000,1779.00000000,182764.91941000
1060,2021-06-26 16:00:00,1779.00000000,1798.80000000,1728.99000000,1784.81000000,125227.40790000
1061,2021-06-26 20:00:00,1785.34000000,1835.00000000,1751.90000000,1829.64000000,75078.50478000
1062,2021-06-27 00:00:00,1829.84000000,1889.80000000,1811.73000000,1882.48000000,144006.41525000
1063,2021-06-27 04:00:00,1882.70000000,1894.82000000,1845.70000000,1867.33000000,93997.51529000
1064,2021-06-27 08:00:00,1867.33000000,1875.62000000,1811.60000000,1839.60000000,98758.07890000
1065,2021-06-27 12:00:00,1839.60000000,1866.20000000,1822.74000000,1844.05000000,91323.16319000
1066,2021-06-27 16:00:00,1844.11000000,1852.55000000,1804.26000000,1823.00000000,77304.64870000
1067,2021-06-27 20:00:00,1822.88000000,1984.50000000,1812.12000000,1982.28000000,190665.97174000
1068,2021-06-28 00:00:00,1982.27000000,1999.99000000,1960.52000000,1967.62000000,122062.33436000
1069,2021-06-28 04:00:00,1967.63000000,2055.00000000,1965.00000000,2048.99000000,158283.65983000
1070,2021-06-28 08:00:00,2048.99000000,2083.32000000,1976.02000000,1999.84000000,232595.08393000
1071,2021-06-28 12:00:00,1999.84000000,2119.61000000,1986.29000000,2117.39000000,213486.52338000
1072,2021-06-28 16:00:00,2116.98000000,2145.00000000,2071.10000000,2114.61000000,199021.06500000
1073,2021-06-28 20:00:00,2114.61000000,2144.00000000,2061.77000000,2084.41000000,118796.01658000
1074,2021-06-29 00:00:00,2084.42000000,2140.40000000,2073.57000000,2104.00000000,119497.05782000
1075,2021-06-29 04:00:00,2103.80000000,2171.35000000,2098.22000000,2130.86000000,141046.65459000
1076,2021-06-29 08:00:00,2130.86000000,2189.00000000,2113.98000000,2176.43000000,157948.43358000
1077,2021-06-29 12:00:00,2176.42000000,2235.00000000,2158.00000000,2218.29000000,197546.82853000
1078,2021-06-29 16:00:00,2218.28000000,2245.00000000,2202.25000000,2221.56000000,101638.12704000
1079,2021-06-29 20:00:00,2221.82000000,2230.00000000,2155.94000000,2165.33000000,113580.13121000
1080,2021-06-30 00:00:00,2165.46000000,2186.89000000,2119.39000000,2126.58000000,110021.55726000
1081,2021-06-30 04:00:00,2126.59000000,2168.00000000,2087.99000000,2161.76000000,168003.21913000
1082,2021-06-30 08:00:00,2161.88000000,2167.02000000,2106.20000000,2156.24000000,139011.71675000
1083,2021-06-30 12:00:00,2156.33000000,2163.75000000,2089.41000000,2103.00000000,127799.35377000
1084,2021-06-30 16:00:00,2103.00000000,2250.00000000,2094.21000000,2242.37000000,186416.55383000
1085,2021-06-30 20:00:00,2242.38000000,2287.78000000,2221.30000000,2275.68000000,179331.20246000
1086,2021-07-01 00:00:00,2275.68000000,2275.93000000,2183.00000000,2184.79000000,110445.08834000
1087,2021-07-01 04:00:00,2184.79000000,2234.81000000,2128.00000000,2129.01000000,150458.69267000
1088,2021-07-01 08:00:00,2129.01000000,2147.01000000,2090.00000000,2139.14000000,165602.41466000
1089,2021-07-01 12:00:00,2139.14000000,2146.38000000,2073.12000000,2118.23000000,161793.51816000
1090,2021-07-01 16:00:00,2118.50000000,2130.00000000,2075.51000000,2100.18000000,124619.90480000
1091,2021-07-01 20:00:00,2100.46000000,2140.00000000,2100.20000000,2106.41000000,74945.63274000
1092,2021-07-02 00:00:00,2106.41000000,2139.00000000,2033.96000000,2041.20000000,116968.24961000
1093,2021-07-02 04:00:00,2041.19000000,2070.00000000,2018.50000000,2061.49000000,108540.01877000
1094,2021-07-02 08:00:00,2061.49000000,2080.46000000,2018.52000000,2038.99000000,128603.09483000
1095,2021-07-02 12:00:00,2038.99000000,2129.00000000,2031.25000000,2124.15000000,150772.31554000
1096,2021-07-02 16:00:00,2124.14000000,2125.00000000,2083.45000000,2103.73000000,79184.90605000
1097,2021-07-02 20:00:00,2103.47000000,2160.00000000,2082.09000000,2154.13000000,88213.78996000
1098,2021-07-03 00:00:00,2153.95000000,2166.00000000,2112.01000000,2131.16000000,71111.63213000
1099,2021-07-03 04:00:00,2131.16000000,2207.41000000,2124.40000000,2195.95000000,118562.36925000
1100,2021-07-03 08:00:00,2195.62000000,2224.33000000,2187.14000000,2213.56000000,130899.41101000
1101,2021-07-03 12:00:00,2213.55000000,2240.00000000,2206.18000000,2224.75000000,97920.47760000
1102,2021-07-03 16:00:00,2224.89000000,2237.72000000,2209.13000000,2225.35000000,65783.84215000
1103,2021-07-03 20:00:00,2225.36000000,2233.29000000,2187.12000000,2226.99000000,84987.06886000
1104,2021-07-04 00:00:00,2226.99000000,2231.07000000,2189.58000000,2209.73000000,56266.80294000
1105,2021-07-04 04:00:00,2209.72000000,2347.75000000,2208.55000000,2334.96000000,163236.66545000
1106,2021-07-04 08:00:00,2334.47000000,2346.29000000,2309.54000000,2330.97000000,89919.66155000
1107,2021-07-04 12:00:00,2330.98000000,2333.31000000,2306.61000000,2330.77000000,66674.73957000
1108,2021-07-04 16:00:00,2330.85000000,2375.00000000,2327.44000000,2357.02000000,102842.64373000
1109,2021-07-04 20:00:00,2357.01000000,2389.93000000,2300.00000000,2322.69000000,111715.73745000
1110,2021-07-05 00:00:00,2322.69000000,2324.64000000,2243.00000000,2264.20000000,130676.14265000
1111,2021-07-05 04:00:00,2264.45000000,2293.49000000,2250.34000000,2273.77000000,106304.70429000
1112,2021-07-05 08:00:00,2273.77000000,2308.91000000,2175.00000000,2194.91000000,176654.91680000
1113,2021-07-05 12:00:00,2194.91000000,2234.96000000,2185.00000000,2206.24000000,115830.54662000
1114,2021-07-05 16:00:00,2206.25000000,2251.00000000,2157.32000000,2245.30000000,162073.15708000
1115,2021-07-05 20:00:00,2245.30000000,2255.00000000,2193.02000000,2196.53000000,90266.84861000
1116,2021-07-06 00:00:00,2196.85000000,2250.00000000,2193.00000000,2238.17000000,79253.82659000
1117,2021-07-06 04:00:00,2238.17000000,2343.71000000,2237.63000000,2336.72000000,146178.23915000
1118,2021-07-06 08:00:00,2336.77000000,2350.00000000,2253.82000000,2293.91000000,218453.28398000
1119,2021-07-06 12:00:00,2293.49000000,2339.91000000,2278.03000000,2305.73000000,163226.99067000
1120,2021-07-06 16:00:00,2305.91000000,2336.28000000,2284.68000000,2327.67000000,102547.54315000
1121,2021-07-06 20:00:00,2327.67000000,2332.00000000,2273.10000000,2322.50000000,75670.28798000
1122,2021-07-07 00:00:00,2322.51000000,2343.72000000,2291.90000000,2339.47000000,137112.72048000
1123,2021-07-07 04:00:00,2339.47000000,2409.00000000,2329.44000000,2376.82000000,167202.90880000
1124,2021-07-07 08:00:00,2377.06000000,2399.00000000,2363.01000000,2384.33000000,86004.53517000
1125,2021-07-07 12:00:00,2384.36000000,2398.00000000,2320.00000000,2341.97000000,128589.33153000
1126,2021-07-07 16:00:00,2341.96000000,2371.52000000,2327.59000000,2366.28000000,67115.91307000
1127,2021-07-07 20:00:00,2366.28000000,2367.83000000,2306.08000000,2316.57000000,80475.94667000
1128,2021-07-08 00:00:00,2316.25000000,2325.60000000,2235.07000000,2253.36000000,156198.27762000
1129,2021-07-08 04:00:00,2253.36000000,2253.37000000,2165.00000000,2182.08000000,182782.66739000
1130,2021-07-08 08:00:00,2182.08000000,2195.00000000,2124.21000000,2168.59000000,190207.92981000
1131,2021-07-08 12:00:00,2168.59000000,2180.06000000,2130.60000000,2174.38000000,137272.76930000
1132,2021-07-08 16:00:00,2174.38000000,2179.47000000,2135.29000000,2157.75000000,104867.75771000
1133,2021-07-08 20:00:00,2157.99000000,2161.66000000,2084.79000000,2116.33000000,108935.63941000
1134,2021-07-09 00:00:00,2116.32000000,2134.26000000,2046.51000000,2121.42000000,154614.59568000
1135,2021-07-09 04:00:00,2121.21000000,2160.00000000,2105.40000000,2126.22000000,121075.61003000
1136,2021-07-09 08:00:00,2126.14000000,2126.79000000,2071.88000000,2081.03000000,114893.99218000
1137,2021-07-09 12:00:00,2080.97000000,2189.40000000,2064.22000000,2171.63000000,198835.26695000
1138,2021-07-09 16:00:00,2171.86000000,2184.17000000,2121.16000000,2133.67000000,84464.66549000
1139,2021-07-09 20:00:00,2133.69000000,2168.53000000,2123.36000000,2146.99000000,64727.23271000
1140,2021-07-10 00:00:00,2146.99000000,2194.82000000,2123.46000000,2133.98000000,96358.88383000
1141,2021-07-10 04:00:00,2133.68000000,2142.84000000,2096.01000000,2121.91000000,83332.98275000
1142,2021-07-10 08:00:00,2122.16000000,2139.02000000,2085.66000000,2109.94000000,88017.77671000
1143,2021-07-10 12:00:00,2109.77000000,2127.00000000,2092.35000000,2118.80000000,61291.36995000
1144,2021-07-10 16:00:00,2118.80000000,2160.00000000,2074.16000000,2093.42000000,111804.37811000
1145,2021-07-10 20:00:00,2093.37000000,2129.00000000,2077.20000000,2110.69000000,58266.46769000
1146,2021-07-11 00:00:00,2110.68000000,2138.61000000,2084.47000000,2091.10000000,55654.30875000
1147,2021-07-11 04:00:00,2091.35000000,2108.15000000,2081.02000000,2099.84000000,43825.45911000
1148,2021-07-11 08:00:00,2099.74000000,2135.00000000,2090.28000000,2129.00000000,64282.77690000
1149,2021-07-11 12:00:00,2128.99000000,2150.50000000,2113.00000000,2145.01000000,64752.82166000
1150,2021-07-11 16:00:00,2145.01000000,2155.71000000,2128.02000000,2134.93000000,48672.31796000
1151,2021-07-11 20:00:00,2134.93000000,2174.00000000,2123.73000000,2140.45000000,65106.71864000
1152,2021-07-12 00:00:00,2140.54000000,2167.55000000,2125.82000000,2163.80000000,59562.76437000
1153,2021-07-12 04:00:00,2163.79000000,2167.83000000,2140.00000000,2146.17000000,52040.71925000
1154,2021-07-12 08:00:00,2146.17000000,2157.66000000,2100.62000000,2100.98000000,80767.20929000
1155,2021-07-12 12:00:00,2100.72000000,2111.18000000,2083.88000000,2087.50000000,82554.66709000
1156,2021-07-12 16:00:00,2087.51000000,2097.30000000,2006.68000000,2020.31000000,173674.74056000
1157,2021-07-12 20:00:00,2020.12000000,2043.21000000,2009.43000000,2031.58000000,92030.00686000
1158,2021-07-13 00:00:00,2031.57000000,2043.91000000,2013.72000000,2030.01000000,64084.11632000
1159,2021-07-13 04:00:00,2030.01000000,2034.45000000,1976.91000000,2027.72000000,138863.78365000
1160,2021-07-13 08:00:00,2027.73000000,2047.35000000,1993.01000000,1997.43000000,98797.52445000
1161,2021-07-13 12:00:00,1997.43000000,2007.63000000,1960.18000000,1998.94000000,147118.11920000
1162,2021-07-13 16:00:00,1998.93000000,2007.57000000,1918.00000000,1924.32000000,118708.52078000
1163,2021-07-13 20:00:00,1924.33000000,1956.88000000,1919.01000000,1940.15000000,79816.18529000
1164,2021-07-14 00:00:00,1940.44000000,1945.55000000,1865.00000000,1884.33000000,143230.85257000
1165,2021-07-14 04:00:00,1884.21000000,1906.88000000,1865.31000000,1899.70000000,97014.98822000
1166,2021-07-14 08:00:00,1899.70000000,1958.62000000,1871.44000000,1949.00000000,141611.54308000
1167,2021-07-14 12:00:00,1949.04000000,2019.18000000,1938.72000000,1995.82000000,169832.65641000
1168,2021-07-14 16:00:00,1995.40000000,2014.97000000,1971.58000000,1980.22000000,84429.13883000
1169,2021-07-14 20:00:00,1980.41000000,2010.46000000,1979.84000000,1994.58000000,54386.43026000
1170,2021-07-15 00:00:00,1994.41000000,2042.88000000,1972.43000000,1979.28000000,112931.80314000
1171,2021-07-15 04:00:00,1979.06000000,1985.46000000,1942.61000000,1954.02000000,84180.88820000
1172,2021-07-15 08:00:00,1954.01000000,1978.41000000,1905.00000000,1912.97000000,130058.97708000
1173,2021-07-15 12:00:00,1912.96000000,1940.88000000,1884.34000000,1913.79000000,152490.81805000
1174,2021-07-15 16:00:00,1913.86000000,1930.45000000,1881.00000000,1917.38000000,113519.72941000
1175,2021-07-15 20:00:00,1917.59000000,1935.81000000,1900.41000000,1919.51000000,52089.10975000
1176,2021-07-16 00:00:00,1919.54000000,1957.71000000,1895.86000000,1949.04000000,86074.39561000
1177,2021-07-16 04:00:00,1949.03000000,1965.00000000,1897.10000000,1912.47000000,70547.74995000
1178,2021-07-16 08:00:00,1912.47000000,1913.02000000,1850.00000000,1852.27000000,136016.30106000
1179,2021-07-16 12:00:00,1852.26000000,1935.00000000,1850.12000000,1934.47000000,142847.19770000
1180,2021-07-16 16:00:00,1934.47000000,1940.00000000,1903.58000000,1913.17000000,77846.86426000
1181,2021-07-16 20:00:00,1913.37000000,1920.94000000,1870.11000000,1876.26000000,63736.38866000
1182,2021-07-17 00:00:00,1876.47000000,1900.56000000,1857.57000000,1867.00000000,83172.48899000
1183,2021-07-17 04:00:00,1867.00000000,1895.00000000,1861.73000000,1877.98000000,54872.59286000
1184,2021-07-17 08:00:00,1877.94000000,1909.46000000,1844.45000000,1864.47000000,92320.92553000
1185,2021-07-17 12:00:00,1864.47000000,1894.64000000,1860.00000000,1886.86000000,75094.65333000
1186,2021-07-17 16:00:00,1886.86000000,1919.19000000,1880.43000000,1908.00000000,79348.32103000
1187,2021-07-17 20:00:00,1908.01000000,1915.82000000,1889.00000000,1899.59000000,45491.53404000
1188,2021-07-18 00:00:00,1899.50000000,1993.79000000,1896.55000000,1981.77000000,153948.90636000
1189,2021-07-18 04:00:00,1981.77000000,1989.50000000,1953.53000000,1959.00000000,77600.76172000
1190,2021-07-18 08:00:00,1959.00000000,1973.77000000,1949.46000000,1965.59000000,60350.11981000
1191,2021-07-18 12:00:00,1965.59000000,1973.24000000,1880.23000000,1890.86000000,108676.28570000
1192,2021-07-18 16:00:00,1891.00000000,1911.42000000,1877.10000000,1901.04000000,62395.46717000
1193,2021-07-18 20:00:00,1900.75000000,1928.57000000,1881.00000000,1891.64000000,71866.09578000
1194,2021-07-19 00:00:00,1891.65000000,1908.05000000,1865.47000000,1885.59000000,72589.78963000
1195,2021-07-19 04:00:00,1885.30000000,1919.00000000,1881.25000000,1891.56000000,64015.14601000
1196,2021-07-19 08:00:00,1891.56000000,1900.77000000,1855.16000000,1862.20000000,91952.22107000
1197,2021-07-19 12:00:00,1862.20000000,1868.30000000,1805.00000000,1820.25000000,209408.88411000
1198,2021-07-19 16:00:00,1820.25000000,1832.63000000,1808.00000000,1824.98000000,68962.44306000
1199,2021-07-19 20:00:00,1824.98000000,1829.37000000,1810.52000000,1818.73000000,40491.45383000
1200,2021-07-20 00:00:00,1818.73000000,1841.34000000,1706.00000000,1728.59000000,259552.63229000
1201,2021-07-20 04:00:00,1728.60000000,1769.39000000,1723.82000000,1762.07000000,128689.53799000
1202,2021-07-20 08:00:00,1762.06000000,1764.56000000,1718.64000000,1755.99000000,130488.70695000
1203,2021-07-20 12:00:00,1756.00000000,1812.00000000,1734.48000000,1805.29000000,136351.14686000
1204,2021-07-20 16:00:00,1805.16000000,1819.88000000,1776.50000000,1789.39000000,73605.76058000
1205,2021-07-20 20:00:00,1789.32000000,1804.99000000,1765.43000000,1786.03000000,57569.48733000
1206,2021-07-21 00:00:00,1786.03000000,1808.88000000,1747.55000000,1801.87000000,95711.88385000
1207,2021-07-21 04:00:00,1801.87000000,1881.23000000,1800.78000000,1875.25000000,194047.94738000
1208,2021-07-21 08:00:00,1875.25000000,1913.69000000,1860.01000000,1906.84000000,173702.25740000
1209,2021-07-21 12:00:00,1906.97000000,1958.91000000,1893.55000000,1954.50000000,174780.61511000
1210,2021-07-21 16:00:00,1954.83000000,2035.23000000,1936.16000000,1937.23000000,352954.55232000
1211,2021-07-21 20:00:00,1937.10000000,1995.50000000,1931.29000000,1995.50000000,124752.56427000
1212,2021-07-22 00:00:00,1995.50000000,2024.47000000,1959.88000000,1976.59000000,146140.02971000
1213,2021-07-22 04:00:00,1976.59000000,2013.44000000,1964.00000000,1991.88000000,113459.85425000
1214,2021-07-22 08:00:00,1991.88000000,2018.00000000,1968.00000000,1983.99000000,129500.33275000
1215,2021-07-22 12:00:00,1983.99000000,2043.45000000,1947.62000000,2033.56000000,216679.23271000
1216,2021-07-22 16:00:00,2033.57000000,2046.00000000,2013.84000000,2029.14000000,95263.50042000
1217,2021-07-22 20:00:00,2029.18000000,2029.99000000,1989.45000000,2024.56000000,67811.41606000
1218,2021-07-23 00:00:00,2024.27000000,2077.98000000,2014.45000000,2059.91000000,119585.73821000
1219,2021-07-23 04:00:00,2059.91000000,2094.28000000,2054.36000000,2064.95000000,111189.11273000
1220,2021-07-23 08:00:00,2064.95000000,2073.39000000,2039.22000000,2054.49000000,96431.06342000
1221,2021-07-23 12:00:00,2054.49000000,2078.00000000,2045.78000000,2047.75000000,87435.92005000
1222,2021-07-23 16:00:00,2047.75000000,2050.00000000,1993.22000000,2020.58000000,133747.17449000
1223,2021-07-23 20:00:00,2020.58000000,2130.90000000,2014.83000000,2124.25000000,159771.90432000
1224,2021-07-24 00:00:00,2124.26000000,2140.00000000,2105.58000000,2138.61000000,98721.33033000
1225,2021-07-24 04:00:00,2138.62000000,2146.01000000,2123.21000000,2132.30000000,82481.55738000
1226,2021-07-24 08:00:00,2132.30000000,2168.00000000,2115.60000000,2154.86000000,109274.01993000
1227,2021-07-24 12:00:00,2154.85000000,2180.00000000,2144.13000000,2150.59000000,120905.26702000
1228,2021-07-24 16:00:00,2150.56000000,2199.50000000,2140.18000000,2145.72000000,145338.68955000
1229,2021-07-24 20:00:00,2145.71000000,2188.93000000,2126.99000000,2184.75000000,76354.32171000
1230,2021-07-25 00:00:00,2184.90000000,2194.80000000,2136.50000000,2151.96000000,87382.51021000
1231,2021-07-25 04:00:00,2151.77000000,2186.00000000,2145.21000000,2175.30000000,78095.04032000
1232,2021-07-25 08:00:00,2175.47000000,2183.70000000,2152.00000000,2159.98000000,80617.26147000
1233,2021-07-25 12:00:00,2159.98000000,2159.98000000,2105.93000000,2138.18000000,127709.46245000
1234,2021-07-25 16:00:00,2138.19000000,2165.00000000,2121.54000000,2153.13000000,80267.98815000
1235,2021-07-25 20:00:00,2153.13000000,2197.41000000,2144.73000000,2189.79000000,81558.00740000
1236,2021-07-26 00:00:00,2189.82000000,2340.00000000,2171.57000000,2317.03000000,409170.64766000
1237,2021-07-26 04:00:00,2317.02000000,2390.00000000,2301.75000000,2325.59000000,229377.09196000
1238,2021-07-26 08:00:00,2325.60000000,2360.12000000,2296.58000000,2341.51000000,140309.07056000
1239,2021-07-26 12:00:00,2341.37000000,2358.58000000,2308.29000000,2341.58000000,121732.21747000
1240,2021-07-26 16:00:00,2341.66000000,2433.65000000,2335.11000000,2362.68000000,196156.63287000
1241,2021-07-26 20:00:00,2362.48000000,2367.91000000,2205.47000000,2228.08000000,296992.50248000
1242,2021-07-27 00:00:00,2227.81000000,2241.30000000,2150.50000000,2172.81000000,195179.65344000
1243,2021-07-27 04:00:00,2172.81000000,2212.00000000,2165.43000000,2202.02000000,131519.78252000
1244,2021-07-27 08:00:00,2201.87000000,2278.36000000,2193.02000000,2278.35000000,124652.16618000
1245,2021-07-27 12:00:00,2278.35000000,2319.26000000,2241.16000000,2277.35000000,216011.14621000
1246,2021-07-27 16:00:00,2277.35000000,2283.68000000,2201.66000000,2229.34000000,131120.12052000
1247,2021-07-27 20:00:00,2229.36000000,2311.72000000,2228.41000000,2299.49000000,107876.36591000
1248,2021-07-28 00:00:00,2299.47000000,2335.00000000,2265.36000000,2288.26000000,146180.97529000
1249,2021-07-28 04:00:00,2288.27000000,2304.21000000,2243.15000000,2296.14000000,113650.19293000
1250,2021-07-28 08:00:00,2296.00000000,2345.00000000,2276.01000000,2330.42000000,129517.78041000
1251,2021-07-28 12:00:00,2330.43000000,2333.21000000,2268.15000000,2292.30000000,119588.73987000
1252,2021-07-28 16:00:00,2292.31000000,2328.97000000,2251.02000000,2309.76000000,150905.80139000
1253,2021-07-28 20:00:00,2309.92000000,2313.88000000,2281.73000000,2300.90000000,58359.08738000
1254,2021-07-29 00:00:00,2300.90000000,2307.77000000,2266.12000000,2277.71000000,66017.33786000
1255,2021-07-29 04:00:00,2277.71000000,2306.00000000,2271.00000000,2295.13000000,54423.33649000
1256,2021-07-29 08:00:00,2295.13000000,2328.97000000,2283.23000000,2293.90000000,91817.83644000
1257,2021-07-29 12:00:00,2293.90000000,2335.00000000,2283.57000000,2323.91000000,90511.60409000
1258,2021-07-29 16:00:00,2323.92000000,2343.00000000,2302.00000000,2311.41000000,74448.47308000
1259,2021-07-29 20:00:00,2311.37000000,2400.00000000,2305.01000000,2382.92000000,122146.24700000
1260,2021-07-30 00:00:00,2382.93000000,2450.00000000,2366.14000000,2422.21000000,171443.04816000
1261,2021-07-30 04:00:00,2422.22000000,2429.37000000,2384.49000000,2404.31000000,97061.70815000
1262,2021-07-30 08:00:00,2404.49000000,2406.17000000,2315.92000000,2334.84000000,148580.57649000
1263,2021-07-30 12:00:00,2335.15000000,2357.99000000,2322.84000000,2346.66000000,83774.84715000
1264,2021-07-30 16:00:00,2346.64000000,2379.11000000,2334.00000000,2378.91000000,66598.18000000
1265,2021-07-30 20:00:00,2378.90000000,2471.70000000,2374.67000000,2461.81000000,195118.92802000
1266,2021-07-31 00:00:00,2461.77000000,2483.38000000,2438.70000000,2463.18000000,96627.47836000
1267,2021-07-31 04:00:00,2463.18000000,2467.57000000,2420.68000000,2442.16000000,68157.97233000
1268,2021-07-31 08:00:00,2442.03000000,2477.63000000,2439.00000000,2458.58000000,93356.57499000
1269,2021-07-31 12:00:00,2458.29000000,2467.66000000,2432.00000000,2458.01000000,59689.29223000
1270,2021-07-31 16:00:00,2458.01000000,2466.17000000,2434.50000000,2456.60000000,58139.89817000
1271,2021-07-31 20:00:00,2456.58000000,2553.86000000,2444.51000000,2531.05000000,131629.83418000
1272,2021-08-01 00:00:00,2531.10000000,2619.99000000,2511.24000000,2616.50000000,132279.95627000
1273,2021-08-01 04:00:00,2616.51000000,2636.91000000,2580.46000000,2586.18000000,140631.51625000
1274,2021-08-01 08:00:00,2586.42000000,2611.61000000,2561.64000000,2587.01000000,93109.85426000
1275,2021-08-01 12:00:00,2587.00000000,2607.92000000,2571.31000000,2583.21000000,89344.98586000
1276,2021-08-01 16:00:00,2583.21000000,2664.90000000,2530.00000000,2655.56000000,188893.55802000
1277,2021-08-01 20:00:00,2655.70000000,2697.61000000,2528.05000000,2555.69000000,209236.07012000
1278,2021-08-02 00:00:00,2555.50000000,2579.41000000,2507.00000000,2560.00000000,126076.72727000
1279,2021-08-02 04:00:00,2560.17000000,2639.47000000,2542.61000000,2617.74000000,109631.22528000
1280,2021-08-02 08:00:00,2617.75000000,2624.28000000,2557.49000000,2590.60000000,117159.91711000
1281,2021-08-02 12:00:00,2590.60000000,2658.80000000,2561.23000000,2633.26000000,153511.86954000
1282,2021-08-02 16:00:00,2633.40000000,2666.00000000,2595.62000000,2602.07000000,121127.78082000
1283,2021-08-02 20:00:00,2602.06000000,2637.98000000,2582.32000000,2606.93000000,99194.32950000
1284,2021-08-03 00:00:00,2606.92000000,2632.44000000,2517.22000000,2533.69000000,140408.34213000
1285,2021-08-03 04:00:00,2533.68000000,2545.03000000,2442.32000000,2493.22000000,179800.17548000
1286,2021-08-03 08:00:00,2493.10000000,2525.02000000,2459.64000000,2489.13000000,122330.12590000
1287,2021-08-03 12:00:00,2489.13000000,2540.55000000,2451.00000000,2496.57000000,162141.57076000
1288,2021-08-03 16:00:00,2496.62000000,2510.96000000,2451.14000000,2474.99000000,100306.20666000
1289,2021-08-03 20:00:00,2474.69000000,2530.19000000,2452.34000000,2509.04000000,87974.42282000
1290,2021-08-04 00:00:00,2508.51000000,2538.24000000,2482.66000000,2484.82000000,90177.34816000
1291,2021-08-04 04:00:00,2484.82000000,2518.00000000,2465.00000000,2478.71000000,84578.07066000
1292,2021-08-04 08:00:00,2478.82000000,2512.52000000,2457.68000000,2505.80000000,95347.57717000
1293,2021-08-04 12:00:00,2505.81000000,2697.12000000,2504.76000000,2672.58000000,322663.39208000
1294,2021-08-04 16:00:00,2672.57000000,2726.48000000,2665.00000000,2694.91000000,216134.20809000
1295,2021-08-04 20:00:00,2694.90000000,2772.71000000,2688.66000000,2724.78000000,145690.15744000
1296,2021-08-05 00:00:00,2724.55000000,2742.00000000,2660.84000000,2712.01000000,145832.39749000
1297,2021-08-05 04:00:00,2712.01000000,2721.34000000,2667.28000000,2681.70000000,96908.37310000
1298,2021-08-05 08:00:00,2681.81000000,2692.06000000,2574.57000000,2622.22000000,226379.19575000
1299,2021-08-05 12:00:00,2622.26000000,2820.00000000,2529.91000000,2755.08000000,492343.68631000
1300,2021-08-05 16:00:00,2755.19000000,2830.00000000,2746.55000000,2796.73000000,225265.65508000
1301,2021-08-05 20:00:00,2796.73000000,2843.98000000,2786.39000000,2826.99000000,120990.89881000
1302,2021-08-06 00:00:00,2827.01000000,2844.44000000,2751.42000000,2760.87000000,132956.11195000
1303,2021-08-06 04:00:00,2760.87000000,2813.50000000,2750.00000000,2767.67000000,95766.55677000
1304,2021-08-06 08:00:00,2767.65000000,2782.36000000,2733.33000000,2736.26000000,92147.68201000
1305,2021-08-06 12:00:00,2736.27000000,2848.00000000,2720.06000000,2838.27000000,154238.16492000
1306,2021-08-06 16:00:00,2838.27000000,2946.75000000,2836.99000000,2928.67000000,258623.65072000
1307,2021-08-06 20:00:00,2929.15000000,2939.43000000,2870.94000000,2891.58000000,91667.32000000
1308,2021-08-07 00:00:00,2891.54000000,2938.99000000,2865.50000000,2935.12000000,107849.55845000
1309,2021-08-07 04:00:00,2935.12000000,2982.95000000,2927.00000000,2955.76000000,140648.28575000
1310,2021-08-07 08:00:00,2955.76000000,3114.50000000,2942.52000000,3105.50000000,256761.00176000
1311,2021-08-07 12:00:00,3105.44000000,3171.00000000,3053.38000000,3082.97000000,316791.35237000
1312,2021-08-07 16:00:00,3082.97000000,3100.00000000,2993.27000000,3075.02000000,214238.28318000
1313,2021-08-07 20:00:00,3075.00000000,3170.00000000,3057.27000000,3160.31000000,168988.61944000
1314,2021-08-08 00:00:00,3160.48000000,3189.99000000,3072.55000000,3119.92000000,200516.69176000
1315,2021-08-08 04:00:00,3119.95000000,3187.00000000,3092.76000000,3137.84000000,161980.42995000
1316,2021-08-08 08:00:00,3137.85000000,3160.00000000,3081.34000000,3101.30000000,123790.36625000
1317,2021-08-08 12:00:00,3101.31000000,3149.92000000,3014.70000000,3030.77000000,169215.75253000
1318,2021-08-08 16:00:00,3030.77000000,3069.98000000,2949.03000000,2984.44000000,183497.44908000
1319,2021-08-08 20:00:00,2984.78000000,3065.00000000,2962.00000000,3011.85000000,127349.01622000
1320,2021-08-09 00:00:00,3011.84000000,3035.00000000,2900.00000000,2948.31000000,220148.04474000
1321,2021-08-09 04:00:00,2948.30000000,2964.90000000,2893.23000000,2944.11000000,114167.22456000
1322,2021-08-09 08:00:00,2944.11000000,3141.64000000,2932.11000000,3133.42000000,251395.97427000
1323,2021-08-09 12:00:00,3133.41000000,3172.00000000,3080.16000000,3166.61000000,225710.98615000
1324,2021-08-09 16:00:00,3166.62000000,3186.00000000,3128.08000000,3147.74000000,130113.84348000
1325,2021-08-09 20:00:00,3147.74000000,3178.97000000,3036.25000000,3160.52000000,188048.54294000
1326,2021-08-10 00:00:00,3160.51000000,3200.00000000,3092.37000000,3115.39000000,140435.82888000
1327,2021-08-10 04:00:00,3115.39000000,3147.78000000,3089.42000000,3141.21000000,99607.53424000
1328,2021-08-10 08:00:00,3141.20000000,3172.00000000,3111.78000000,3122.97000000,119081.26327000
1329,2021-08-10 12:00:00,3122.97000000,3233.00000000,3093.00000000,3121.05000000,255234.09517000
1330,2021-08-10 16:00:00,3121.04000000,3145.00000000,3051.22000000,3142.71000000,144171.38953000
1331,2021-08-10 20:00:00,3142.83000000,3190.00000000,3122.00000000,3141.66000000,122145.63334000
1332,2021-08-11 00:00:00,3141.14000000,3186.89000000,3120.27000000,3159.11000000,95533.17099000
1333,2021-08-11 04:00:00,3159.21000000,3248.78000000,3146.47000000,3231.74000000,177955.22679000
1334,2021-08-11 08:00:00,3231.75000000,3248.47000000,3204.05000000,3214.39000000,110121.54124000
1335,2021-08-11 12:00:00,3214.39000000,3274.00000000,3206.25000000,3245.22000000,132981.30073000
1336,2021-08-11 16:00:00,3245.23000000,3257.00000000,3220.00000000,3249.65000000,88080.30947000
1337,2021-08-11 20:00:00,3249.66000000,3264.80000000,3150.00000000,3160.50000000,127875.05511000
1338,2021-08-12 00:00:00,3160.40000000,3239.00000000,3147.11000000,3211.95000000,84094.42459000
1339,2021-08-12 04:00:00,3211.96000000,3219.87000000,3093.14000000,3141.63000000,149304.15987000
1340,2021-08-12 08:00:00,3141.64000000,3171.70000000,3085.93000000,3094.34000000,113665.78451000
1341,2021-08-12 12:00:00,3094.31000000,3118.40000000,3020.00000000,3029.76000000,166067.77650000
1342,2021-08-12 16:00:00,3029.83000000,3066.97000000,2979.29000000,3048.55000000,144958.63204000
1343,2021-08-12 20:00:00,3048.56000000,3073.95000000,2985.91000000,3045.96000000,79537.68057000
1344,2021-08-13 00:00:00,3046.11000000,3097.00000000,3033.80000000,3088.22000000,50008.14934000
1345,2021-08-13 04:00:00,3088.23000000,3231.83000000,3088.22000000,3222.99000000,86598.86132000
1346,2021-08-13 08:00:00,3222.99000000,3260.25000000,3212.55000000,3213.68000000,130979.74776000
1347,2021-08-13 12:00:00,3213.68000000,3245.00000000,3179.49000000,3214.04000000,100034.62658000
1348,2021-08-13 16:00:00,3214.04000000,3243.68000000,3197.82000000,3224.98000000,57106.86402000
1349,2021-08-13 20:00:00,3224.98000000,3327.83000000,3211.93000000,3322.32000000,154605.15421000
1350,2021-08-14 00:00:00,3322.33000000,3326.00000000,3283.30000000,3295.49000000,69793.88276000
1351,2021-08-14 04:00:00,3295.49000000,3323.86000000,3277.04000000,3307.39000000,60828.27660000
1352,2021-08-14 08:00:00,3307.82000000,3330.98000000,3200.00000000,3244.76000000,153000.37093000
1353,2021-08-14 12:00:00,3244.84000000,3276.70000000,3210.00000000,3270.71000000,88740.60802000
1354,2021-08-14 16:00:00,3270.41000000,3289.00000000,3231.00000000,3262.33000000,57691.58441000
1355,2021-08-14 20:00:00,3262.58000000,3277.48000000,3215.01000000,3263.16000000,56047.81515000
1356,2021-08-15 00:00:00,3263.16000000,3289.80000000,3245.66000000,3247.62000000,62541.63290000
1357,2021-08-15 04:00:00,3247.63000000,3257.75000000,3155.00000000,3161.50000000,88682.40586000
1358,2021-08-15 08:00:00,3161.50000000,3176.69000000,3132.69000000,3160.55000000,100606.38297000
1359,2021-08-15 12:00:00,3160.54000000,3197.63000000,3135.00000000,3156.70000000,96285.43564000
1360,2021-08-15 16:00:00,3156.98000000,3218.66000000,3111.13000000,3207.88000000,89998.66370000
1361,2021-08-15 20:00:00,3207.87000000,3320.00000000,3201.83000000,3307.09000000,127465.15658000
1362,2021-08-16 00:00:00,3307.35000000,3335.00000000,3258.68000000,3260.94000000,110385.25126000
1363,2021-08-16 04:00:00,3260.93000000,3311.84000000,3258.68000000,3276.16000000,91075.20320000
1364,2021-08-16 08:00:00,3276.16000000,3310.00000000,3248.31000000,3290.26000000,100559.23614000
1365,2021-08-16 12:00:00,3290.27000000,3298.35000000,3182.73000000,3223.84000000,143496.18683000
1366,2021-08-16 16:00:00,3223.84000000,3245.00000000,3162.50000000,3176.85000000,72744.09637000
1367,2021-08-16 20:00:00,3177.04000000,3201.52000000,3135.22000000,3146.53000000,117407.08042000
1368,2021-08-17 00:00:00,3147.18000000,3210.28000000,3115.63000000,3194.69000000,101267.75116000
1369,2021-08-17 04:00:00,3194.97000000,3215.65000000,3135.27000000,3171.00000000,88636.87538000
1370,2021-08-17 08:00:00,3170.81000000,3279.99000000,3168.39000000,3257.71000000,115730.41558000
1371,2021-08-17 12:00:00,3257.71000000,3290.00000000,3159.92000000,3165.82000000,148097.76295000
1372,2021-08-17 16:00:00,3165.83000000,3190.68000000,3102.08000000,3116.91000000,123216.93825000
1373,2021-08-17 20:00:00,3116.92000000,3126.56000000,2991.89000000,3011.72000000,228046.32639000
1374,2021-08-18 00:00:00,3011.73000000,3050.61000000,2950.00000000,3049.87000000,146895.23483000
1375,2021-08-18 04:00:00,3049.87000000,3085.21000000,3023.08000000,3030.37000000,76794.38938000
1376,2021-08-18 08:00:00,3030.37000000,3068.51000000,2989.60000000,2999.84000000,87972.97972000
1377,2021-08-18 12:00:00,2999.85000000,3114.83000000,2995.56000000,3111.23000000,120270.25711000
1378,2021-08-18 16:00:00,3111.24000000,3125.81000000,3022.00000000,3030.81000000,113738.94116000
1379,2021-08-18 20:00:00,3030.80000000,3060.41000000,2998.02000000,3014.55000000,79431.45348000
1380,2021-08-19 00:00:00,3014.18000000,3051.70000000,2966.00000000,2966.99000000,134716.81506000
1381,2021-08-19 04:00:00,2966.14000000,3018.00000000,2958.33000000,2995.37000000,109219.90414000
1382,2021-08-19 08:00:00,2995.36000000,3021.39000000,2972.89000000,2973.39000000,70262.34248000
1383,2021-08-19 12:00:00,2973.39000000,3077.88000000,2963.37000000,3067.67000000,116034.43538000
1384,2021-08-19 16:00:00,3067.66000000,3163.57000000,3023.59000000,3147.58000000,124473.67044000
1385,2021-08-19 20:00:00,3147.59000000,3188.00000000,3142.01000000,3184.12000000,80062.75424000
1386,2021-08-20 00:00:00,3184.11000000,3243.60000000,3177.16000000,3217.83000000,117637.47955000
1387,2021-08-20 04:00:00,3217.84000000,3235.00000000,3203.79000000,3216.59000000,71737.82164000
1388,2021-08-20 08:00:00,3216.59000000,3227.31000000,3188.06000000,3204.33000000,68252.06461000
1389,2021-08-20 12:00:00,3204.33000000,3300.00000000,3202.82000000,3283.38000000,147574.62709000
1390,2021-08-20 16:00:00,3283.37000000,3298.00000000,3218.30000000,3252.75000000,87207.29568000
1391,2021-08-20 20:00:00,3252.76000000,3295.00000000,3244.74000000,3284.82000000,65718.16683000
1392,2021-08-21 00:00:00,3284.81000000,3287.00000000,3233.92000000,3276.44000000,61894.42486000
1393,2021-08-21 04:00:00,3276.45000000,3304.83000000,3255.07000000,3293.56000000,72885.43136000
1394,2021-08-21 08:00:00,3293.56000000,3309.16000000,3238.11000000,3249.61000000,103844.95214000
1395,2021-08-21 12:00:00,3249.40000000,3296.76000000,3244.00000000,3271.22000000,67786.06083000
1396,2021-08-21 16:00:00,3271.22000000,3292.10000000,3207.00000000,3217.41000000,72491.43185000
1397,2021-08-21 20:00:00,3217.41000000,3261.54000000,3212.21000000,3223.43000000,42253.78980000
1398,2021-08-22 00:00:00,3223.36000000,3257.26000000,3217.00000000,3226.01000000,39563.55664000
1399,2021-08-22 04:00:00,3226.01000000,3271.00000000,3225.00000000,3261.83000000,44033.72243000
1400,2021-08-22 08:00:00,3261.69000000,3272.00000000,3240.42000000,3255.71000000,46464.65727000
1401,2021-08-22 12:00:00,3255.71000000,3263.98000000,3154.42000000,3181.54000000,123711.83709000
1402,2021-08-22 16:00:00,3181.54000000,3193.00000000,3126.42000000,3175.25000000,70372.54645000
1403,2021-08-22 20:00:00,3175.25000000,3253.45000000,3134.08000000,3238.00000000,82332.75666000
1404,2021-08-23 00:00:00,3238.00000000,3355.00000000,3230.02000000,3340.22000000,165473.54929000
1405,2021-08-23 04:00:00,3340.22000000,3354.44000000,3312.72000000,3323.86000000,108048.04303000
1406,2021-08-23 08:00:00,3323.86000000,3364.59000000,3316.21000000,3342.98000000,78004.21068000
1407,2021-08-23 12:00:00,3342.98000000,3377.89000000,3296.58000000,3325.98000000,118646.69119000
1408,2021-08-23 16:00:00,3325.97000000,3355.58000000,3304.29000000,3309.62000000,70703.07797000
1409,2021-08-23 20:00:00,3309.63000000,3344.85000000,3280.00000000,3321.28000000,61227.87398000
1410,2021-08-24 00:00:00,3321.28000000,3350.00000000,3281.96000000,3324.33000000,67679.37504000
1411,2021-08-24 04:00:00,3324.04000000,3357.85000000,3315.95000000,3346.60000000,57269.62526000
1412,2021-08-24 08:00:00,3346.61000000,3352.98000000,3298.00000000,3323.01000000,59875.59772000
1413,2021-08-24 12:00:00,3323.01000000,3324.83000000,3200.01000000,3211.54000000,156006.81718000
1414,2021-08-24 16:00:00,3211.54000000,3230.00000000,3147.31000000,3217.44000000,138238.63543000
1415,2021-08-24 20:00:00,3217.45000000,3225.00000000,3166.60000000,3170.62000000,61410.02790000
1416,2021-08-25 00:00:00,3170.63000000,3216.00000000,3168.32000000,3175.00000000,59090.83290000
1417,2021-08-25 04:00:00,3175.00000000,3222.26000000,3160.06000000,3183.60000000,61988.71372000
1418,2021-08-25 08:00:00,3183.38000000,3187.92000000,3080.00000000,3139.68000000,132193.64850000
1419,2021-08-25 12:00:00,3139.69000000,3224.00000000,3102.67000000,3217.17000000,118217.31369000
1420,2021-08-25 16:00:00,3217.17000000,3248.00000000,3201.00000000,3214.50000000,68133.66721000
1421,2021-08-25 20:00:00,3214.49000000,3239.93000000,3198.30000000,3226.87000000,44073.51842000
1422,2021-08-26 00:00:00,3226.88000000,3250.00000000,3140.73000000,3148.84000000,74431.58494000
1423,2021-08-26 04:00:00,3148.84000000,3167.08000000,3061.01000000,3105.16000000,100581.57721000
1424,2021-08-26 08:00:00,3105.16000000,3118.59000000,3072.89000000,3087.54000000,70851.69390000
1425,2021-08-26 12:00:00,3087.55000000,3148.20000000,3053.30000000,3104.77000000,97590.28847000
1426,2021-08-26 16:00:00,3104.76000000,3134.00000000,3075.09000000,3108.72000000,58306.06740000
1427,2021-08-26 20:00:00,3109.04000000,3147.00000000,3088.25000000,3093.20000000,40537.26180000
1428,2021-08-27 00:00:00,3093.06000000,3144.99000000,3060.18000000,3094.26000000,72552.84600000
1429,2021-08-27 04:00:00,3094.16000000,3131.42000000,3075.79000000,3127.11000000,55637.06640000
1430,2021-08-27 08:00:00,3126.17000000,3173.62000000,3102.50000000,3154.73000000,60235.81612000
1431,2021-08-27 12:00:00,3155.46000000,3250.81000000,3132.29000000,3238.97000000,131293.04351000
1432,2021-08-27 16:00:00,3238.96000000,3250.00000000,3220.16000000,3232.36000000,57945.34510000
1433,2021-08-27 20:00:00,3232.36000000,3280.00000000,3222.63000000,3273.45000000,73363.68998000
1434,2021-08-28 00:00:00,3273.89000000,3287.00000000,3239.23000000,3244.46000000,48552.27231000
1435,2021-08-28 04:00:00,3244.46000000,3258.64000000,3223.30000000,3230.16000000,41334.15350000
1436,2021-08-28 08:00:00,3230.28000000,3259.00000000,3210.31000000,3222.24000000,47163.70430000
1437,2021-08-28 12:00:00,3222.24000000,3247.93000000,3211.01000000,3246.15000000,53173.39350000
1438,2021-08-28 16:00:00,3246.38000000,3265.00000000,3220.00000000,3230.24000000,47637.29680000
1439,2021-08-28 20:00:00,3230.24000000,3254.65000000,3226.91000000,3244.48000000,24499.52880000
1440,2021-08-29 00:00:00,3244.75000000,3285.00000000,3160.00000000,3180.28000000,106167.77690000
1441,2021-08-29 04:00:00,3180.54000000,3209.18000000,3152.34000000,3206.30000000,59975.75080000
1442,2021-08-29 08:00:00,3206.30000000,3219.33000000,3181.35000000,3181.83000000,41172.21560000
1443,2021-08-29 12:00:00,3181.83000000,3206.83000000,3165.57000000,3186.99000000,41187.14760000
1444,2021-08-29 16:00:00,3186.99000000,3225.00000000,3180.83000000,3220.23000000,34989.76950000
1445,2021-08-29 20:00:00,3220.24000000,3258.37000000,3213.66000000,3223.47000000,52314.12230000
1446,2021-08-30 00:00:00,3223.47000000,3229.71000000,3143.00000000,3161.64000000,76271.23350000
1447,2021-08-30 04:00:00,3161.64000000,3186.15000000,3145.49000000,3180.11000000,61805.17930000
1448,2021-08-30 08:00:00,3180.12000000,3203.89000000,3166.14000000,3187.49000000,52785.14930000
1449,2021-08-30 12:00:00,3187.48000000,3224.56000000,3149.14000000,3217.64000000,88807.81000000
1450,2021-08-30 16:00:00,3217.86000000,3343.75000000,3213.70000000,3341.16000000,205477.31263000
1451,2021-08-30 20:00:00,3341.17000000,3347.95000000,3211.19000000,3229.64000000,140200.59068000
1452,2021-08-31 00:00:00,3229.14000000,3249.82000000,3188.77000000,3237.78000000,89258.30840000
1453,2021-08-31 04:00:00,3237.78000000,3368.58000000,3214.28000000,3358.12000000,157908.45797000
1454,2021-08-31 08:00:00,3358.11000000,3439.00000000,3310.26000000,3429.95000000,200479.66986000
1455,2021-08-31 12:00:00,3429.90000000,3476.00000000,3365.00000000,3386.63000000,198505.05509000
1456,2021-08-31 16:00:00,3386.84000000,3422.57000000,3339.01000000,3414.30000000,127067.48680000
1457,2021-08-31 20:00:00,3414.31000000,3445.00000000,3371.01000000,3429.20000000,89852.15280000
1458,2021-09-01 00:00:00,3429.19000000,3447.00000000,3382.22000000,3442.15000000,100404.97780000
1459,2021-09-01 04:00:00,3442.45000000,3545.05000000,3428.22000000,3516.86000000,153537.54267000
1460,2021-09-01 08:00:00,3516.85000000,3559.40000000,3512.35000000,3530.99000000,123944.08751000
1461,2021-09-01 12:00:00,3530.86000000,3585.00000000,3517.00000000,3580.56000000,113340.26039000
1462,2021-09-01 16:00:00,3580.56000000,3790.00000000,3575.87000000,3713.11000000,245123.01316000
1463,2021-09-01 20:00:00,3713.10000000,3842.00000000,3710.00000000,3826.82000000,109410.07715000
1464,2021-09-02 00:00:00,3826.82000000,3836.80000000,3733.00000000,3763.31000000,111122.26440000
1465,2021-09-02 04:00:00,3763.32000000,3770.73000000,3721.42000000,3733.41000000,87182.50290000
1466,2021-09-02 08:00:00,3733.42000000,3767.94000000,3717.04000000,3760.62000000,65338.44910000
1467,2021-09-02 12:00:00,3760.62000000,3833.96000000,3739.24000000,3756.31000000,132680.97670000
1468,2021-09-02 16:00:00,3756.31000000,3808.30000000,3755.00000000,3783.89000000,69091.65710000
1469,2021-09-02 20:00:00,3783.90000000,3830.74000000,3777.00000000,3785.82000000,59749.94940000
1470,2021-09-03 00:00:00,3785.82000000,3818.32000000,3705.05000000,3806.83000000,98307.88670000
1471,2021-09-03 04:00:00,3806.83000000,3826.67000000,3778.89000000,3797.92000000,69447.26270000
1472,2021-09-03 08:00:00,3797.93000000,3981.12000000,3788.98000000,3953.48000000,205980.23144000
1473,2021-09-03 12:00:00,3953.50000000,4027.88000000,3925.00000000,3968.80000000,152671.61215000
1474,2021-09-03 16:00:00,3968.67000000,3984.82000000,3925.00000000,3943.85000000,58389.27700000
1475,2021-09-03 20:00:00,3943.84000000,3944.43000000,3867.16000000,3938.11000000,71107.48740000
1476,2021-09-04 00:00:00,3938.11000000,3970.00000000,3903.12000000,3917.76000000,59456.25030000
1477,2021-09-04 04:00:00,3917.76000000,3937.40000000,3892.52000000,3916.75000000,40897.76670000
1478,2021-09-04 08:00:00,3916.75000000,3953.29000000,3885.00000000,3886.89000000,71773.11620000
1479,2021-09-04 12:00:00,3886.83000000,3927.30000000,3878.41000000,3917.72000000,61042.50050000
1480,2021-09-04 16:00:00,3917.72000000,3924.78000000,3832.50000000,3858.41000000,91323.79180000
1481,2021-09-04 20:00:00,3858.41000000,3900.29000000,3851.97000000,3885.52000000,39984.69380000
1482,2021-09-05 00:00:00,3885.61000000,3913.54000000,3844.25000000,3845.00000000,48924.60070000
1483,2021-09-05 04:00:00,3845.01000000,3888.92000000,3830.00000000,3870.71000000,41717.66160000
1484,2021-09-05 08:00:00,3870.63000000,3955.18000000,3860.83000000,3924.56000000,81508.49760000
1485,2021-09-05 12:00:00,3924.56000000,3953.18000000,3900.00000000,3907.68000000,65130.01710000
1486,2021-09-05 16:00:00,3907.69000000,3950.00000000,3900.00000000,3928.47000000,49129.08690000
1487,2021-09-05 20:00:00,3928.54000000,3980.00000000,3918.69000000,3950.29000000,79349.99580000
1488,2021-09-06 00:00:00,3950.28000000,3961.94000000,3900.00000000,3904.98000000,61119.18010000
1489,2021-09-06 04:00:00,3904.97000000,3953.29000000,3897.22000000,3943.76000000,67418.48740000
1490,2021-09-06 08:00:00,3943.77000000,3970.00000000,3900.00000000,3904.77000000,73912.59860000
1491,2021-09-06 12:00:00,3904.99000000,3945.00000000,3864.30000000,3924.98000000,93396.47440000
1492,2021-09-06 16:00:00,3924.98000000,3959.76000000,3912.04000000,3937.80000000,48403.60520000
1493,2021-09-06 20:00:00,3937.80000000,3969.00000000,3919.00000000,3926.77000000,53518.23260000
1494,2021-09-07 00:00:00,3926.67000000,3947.15000000,3888.41000000,3913.67000000,69522.17000000
1495,2021-09-07 04:00:00,3913.67000000,3936.00000000,3878.37000000,3883.85000000,70996.77650000
1496,2021-09-07 08:00:00,3883.85000000,3883.85000000,3666.00000000,3749.18000000,225796.47610000
1497,2021-09-07 12:00:00,3749.21000000,3774.98000000,3005.00000000,3452.70000000,467836.63349000
1498,2021-09-07 16:00:00,3453.89000000,3576.00000000,3340.01000000,3411.90000000,250466.65350000
1499,2021-09-07 20:00:00,3411.90000000,3460.00000000,3316.97000000,3434.57000000,118917.29250000
1500,2021-09-08 00:00:00,3434.84000000,3541.64000000,3377.08000000,3430.32000000,117513.75180000
1501,2021-09-08 04:00:00,3430.12000000,3482.27000000,3246.92000000,3258.22000000,175107.81190000
1502,2021-09-08 08:00:00,3258.65000000,3455.00000000,3215.16000000,3406.26000000,172295.00990000
1503,2021-09-08 12:00:00,3406.26000000,3453.28000000,3352.21000000,3419.35000000,117940.37210000
1504,2021-09-08 16:00:00,3419.44000000,3544.61000000,3400.00000000,3523.14000000,99462.68080000
1505,2021-09-08 20:00:00,3523.15000000,3560.00000000,3441.45000000,3499.00000000,98292.13920000
1506,2021-09-09 00:00:00,3499.01000000,3522.00000000,3426.99000000,3469.88000000,103393.65090000
1507,2021-09-09 04:00:00,3469.87000000,3515.04000000,3454.16000000,3499.42000000,69003.59640000
1508,2021-09-09 08:00:00,3499.64000000,3567.06000000,3449.75000000,3479.99000000,116165.43290000
1509,2021-09-09 12:00:00,3480.00000000,3555.00000000,3390.40000000,3523.75000000,184263.72620000
1510,2021-09-09 16:00:00,3523.76000000,3558.00000000,3450.64000000,3463.68000000,92385.34750000
1511,2021-09-09 20:00:00,3463.68000000,3479.99000000,3414.96000000,3424.93000000,63342.12920000
1512,2021-09-10 00:00:00,3424.94000000,3514.11000000,3409.38000000,3465.02000000,71295.52420000
1513,2021-09-10 04:00:00,3465.02000000,3481.79000000,3392.51000000,3403.12000000,69719.66930000
1514,2021-09-10 08:00:00,3402.61000000,3430.00000000,3350.50000000,3401.42000000,106686.99020000
1515,2021-09-10 12:00:00,3401.41000000,3419.10000000,3208.60000000,3298.99000000,183157.38780000
1516,2021-09-10 16:00:00,3299.00000000,3344.24000000,3280.63000000,3311.26000000,63246.46450000
1517,2021-09-10 20:00:00,3311.25000000,3330.34000000,3150.00000000,3208.86000000,138920.22990000
1518,2021-09-11 00:00:00,3208.85000000,3296.69000000,3200.00000000,3241.63000000,85094.04510000
1519,2021-09-11 04:00:00,3241.63000000,3285.22000000,3218.49000000,3248.03000000,63369.22720000
1520,2021-09-11 08:00:00,3248.07000000,3317.82000000,3218.60000000,3293.12000000,86022.10140000
1521,2021-09-11 12:00:00,3293.14000000,3348.37000000,3283.02000000,3311.00000000,71307.77240000
1522,2021-09-11 16:00:00,3311.00000000,3342.67000000,3283.00000000,3298.35000000,58157.42440000
1523,2021-09-11 20:00:00,3298.35000000,3308.87000000,3242.93000000,3267.21000000,49573.60560000
1524,2021-09-12 00:00:00,3267.10000000,3329.66000000,3231.10000000,3327.54000000,64335.60530000
1525,2021-09-12 04:00:00,3327.54000000,3339.95000000,3292.38000000,3320.98000000,46765.40950000
1526,2021-09-12 08:00:00,3320.99000000,3453.00000000,3315.36000000,3438.06000000,98020.28870000
1527,2021-09-12 12:00:00,3438.05000000,3474.16000000,3392.25000000,3416.55000000,71405.15950000
1528,2021-09-12 16:00:00,3416.55000000,3440.65000000,3377.37000000,3406.59000000,39754.28010000
1529,2021-09-12 20:00:00,3406.59000000,3448.00000000,3303.24000000,3404.21000000,88578.21640000
1530,2021-09-13 00:00:00,3404.30000000,3430.30000000,3252.45000000,3257.70000000,91075.76250000
1531,2021-09-13 04:00:00,3257.70000000,3296.82000000,3175.62000000,3203.57000000,108055.35390000
1532,2021-09-13 08:00:00,3203.56000000,3256.00000000,3166.86000000,3251.24000000,93753.15500000
1533,2021-09-13 12:00:00,3251.24000000,3388.22000000,3108.49000000,3202.62000000,231443.40050000
1534,2021-09-13 16:00:00,3202.63000000,3261.45000000,3184.26000000,3253.69000000,61092.14850000
1535,2021-09-13 20:00:00,3253.70000000,3310.14000000,3253.69000000,3285.35000000,62435.89950000
1536,2021-09-14 00:00:00,3285.09000000,3338.53000000,3269.95000000,3291.33000000,53076.83500000
1537,2021-09-14 04:00:00,3291.33000000,3336.17000000,3271.91000000,3311.86000000,46739.82880000
1538,2021-09-14 08:00:00,3312.16000000,3363.01000000,3310.26000000,3330.01000000,58713.93980000
1539,2021-09-14 12:00:00,3329.97000000,3407.99000000,3292.03000000,3388.34000000,101501.48550000
1540,2021-09-14 16:00:00,3388.55000000,3401.80000000,3340.47000000,3350.11000000,49414.32370000
1541,2021-09-14 20:00:00,3350.11000000,3437.05000000,3330.04000000,3434.37000000,64188.48980000
1542,2021-09-15 00:00:00,3434.37000000,3450.00000000,3386.00000000,3396.19000000,61674.49000000
1543,2021-09-15 04:00:00,3396.19000000,3410.10000000,3357.78000000,3404.19000000,50730.73000000
1544,2021-09-15 08:00:00,3404.00000000,3435.82000000,3379.56000000,3410.76000000,57235.16740000
1545,2021-09-15 12:00:00,3411.22000000,3510.00000000,3396.53000000,3498.14000000,106306.46430000
1546,2021-09-15 16:00:00,3498.07000000,3555.00000000,3495.45000000,3534.46000000,81688.35180000
1547,2021-09-15 20:00:00,3534.47000000,3616.16000000,3534.47000000,3613.55000000,70872.32430000
1548,2021-09-16 00:00:00,3613.55000000,3621.02000000,3524.76000000,3542.91000000,76280.94310000
1549,2021-09-16 04:00:00,3542.92000000,3676.28000000,3538.60000000,3634.08000000,90911.91140000
1550,2021-09-16 08:00:00,3634.09000000,3637.00000000,3568.00000000,3619.29000000,62143.33740000
1551,2021-09-16 12:00:00,3619.29000000,3644.48000000,3535.32000000,3618.20000000,105753.92540000
1552,2021-09-16 16:00:00,3618.09000000,3635.00000000,3540.00000000,3562.90000000,58854.43950000
1553,2021-09-16 20:00:00,3562.90000000,3581.77000000,3481.14000000,3567.98000000,74040.93510000
1554,2021-09-17 00:00:00,3567.97000000,3594.17000000,3527.26000000,3563.03000000,44799.19990000
1555,2021-09-17 04:00:00,3563.04000000,3585.00000000,3513.27000000,3520.13000000,56106.94290000
1556,2021-09-17 08:00:00,3520.35000000,3542.58000000,3424.76000000,3449.03000000,91694.07250000
1557,2021-09-17 12:00:00,3449.03000000,3479.87000000,3404.00000000,3450.78000000,71641.30370000
1558,2021-09-17 16:00:00,3451.00000000,3470.61000000,3360.06000000,3424.05000000,82331.40410000
1559,2021-09-17 20:00:00,3423.94000000,3427.23000000,3350.07000000,3399.81000000,52315.44740000
1560,2021-09-18 00:00:00,3399.89000000,3453.61000000,3368.88000000,3451.42000000,46883.95920000
1561,2021-09-18 04:00:00,3451.36000000,3524.00000000,3447.34000000,3503.01000000,65447.35490000
1562,2021-09-18 08:00:00,3503.22000000,3541.96000000,3489.71000000,3496.50000000,46214.78800000
1563,2021-09-18 12:00:00,3496.51000000,3518.23000000,3463.86000000,3474.61000000,49430.06090000
1564,2021-09-18 16:00:00,3474.62000000,3489.99000000,3420.06000000,3445.12000000,46824.24570000
1565,2021-09-18 20:00:00,3445.11000000,3448.50000000,3377.00000000,3435.64000000,60362.35400000
1566,2021-09-19 00:00:00,3435.64000000,3441.25000000,3373.72000000,3413.47000000,35347.88380000
1567,2021-09-19 04:00:00,3413.55000000,3456.53000000,3397.00000000,3440.72000000,33073.47180000
1568,2021-09-19 08:00:00,3440.82000000,3452.98000000,3302.00000000,3326.19000000,73615.50430000
1569,2021-09-19 12:00:00,3326.19000000,3380.49000000,3310.00000000,3363.34000000,63449.77860000
1570,2021-09-19 16:00:00,3363.34000000,3381.84000000,3325.82000000,3337.93000000,47771.08520000
1571,2021-09-19 20:00:00,3337.94000000,3365.00000000,3277.74000000,3328.62000000,59690.27760000
1572,2021-09-20 00:00:00,3328.57000000,3347.82000000,3152.21000000,3187.09000000,118845.10420000
1573,2021-09-20 04:00:00,3187.00000000,3219.00000000,3100.00000000,3127.15000000,109861.60150000
1574,2021-09-20 08:00:00,3126.83000000,3178.34000000,3011.00000000,3042.45000000,193641.82750000
1575,2021-09-20 12:00:00,3042.20000000,3098.00000000,2913.39000000,3087.55000000,252197.51609000
1576,2021-09-20 16:00:00,3087.55000000,3124.10000000,2975.20000000,3072.02000000,137322.73320000
1577,2021-09-20 20:00:00,3072.53000000,3082.73000000,2946.60000000,2977.28000000,106070.79600000
1578,2021-09-21 00:00:00,2977.32000000,3031.56000000,2807.18000000,2998.78000000,200281.25646000
1579,2021-09-21 04:00:00,2998.79000000,3074.45000000,2950.02000000,3073.95000000,84342.39430000
1580,2021-09-21 08:00:00,3073.95000000,3105.83000000,3040.00000000,3062.72000000,82870.65070000
1581,2021-09-21 12:00:00,3062.40000000,3085.00000000,2964.08000000,3035.24000000,127871.53290000
1582,2021-09-21 16:00:00,3035.26000000,3047.76000000,2863.80000000,2886.84000000,152541.17980000
1583,2021-09-21 20:00:00,2886.75000000,2920.00000000,2652.00000000,2765.90000000,323612.87525000
1584,2021-09-22 00:00:00,2766.72000000,2895.00000000,2737.54000000,2867.12000000,153611.27190000
1585,2021-09-22 04:00:00,2867.53000000,2960.87000000,2833.83000000,2942.07000000,99161.32635000
1586,2021-09-22 08:00:00,2942.31000000,2957.55000000,2883.17000000,2894.48000000,76613.44300000
1587,2021-09-22 12:00:00,2894.86000000,3017.13000000,2881.57000000,3007.22000000,124006.42310000
1588,2021-09-22 16:00:00,3006.85000000,3088.88000000,2990.85000000,3023.73000000,155806.22830000
1589,2021-09-22 20:00:00,3023.73000000,3078.82000000,3006.64000000,3076.92000000,68258.95560000
1590,2021-09-23 00:00:00,3076.92000000,3120.00000000,3033.85000000,3118.50000000,81700.20970000
1591,2021-09-23 04:00:00,3118.65000000,3148.03000000,3096.90000000,3145.95000000,72439.15970000
1592,2021-09-23 08:00:00,3145.80000000,3149.00000000,3041.87000000,3060.24000000,83451.62970000
1593,2021-09-23 12:00:00,3060.31000000,3142.24000000,3047.12000000,3092.37000000,80911.85810000
1594,2021-09-23 16:00:00,3092.38000000,3174.50000000,3085.06000000,3147.87000000,93247.95880000
1595,2021-09-23 20:00:00,3147.32000000,3162.82000000,3120.52000000,3152.50000000,47543.06980000
1596,2021-09-24 00:00:00,3152.41000000,3158.52000000,3070.18000000,3074.93000000,61115.85520000
1597,2021-09-24 04:00:00,3074.93000000,3116.76000000,3038.55000000,3087.82000000,74336.52300000
1598,2021-09-24 08:00:00,3087.68000000,3114.00000000,2733.00000000,2827.91000000,412183.17790000
1599,2021-09-24 12:00:00,2827.97000000,2942.85000000,2768.62000000,2877.13000000,232350.86800000
1600,2021-09-24 16:00:00,2877.08000000,2923.16000000,2862.08000000,2901.78000000,77738.21570000
1601,2021-09-24 20:00:00,2901.78000000,2979.99000000,2892.59000000,2928.53000000,74366.24580000
1602,2021-09-25 00:00:00,2928.22000000,2955.46000000,2873.33000000,2912.15000000,73355.28530000
1603,2021-09-25 04:00:00,2912.16000000,2944.16000000,2882.74000000,2887.38000000,51104.97110000
1604,2021-09-25 08:00:00,2887.39000000,2967.52000000,2801.57000000,2913.12000000,138723.47440000
1605,2021-09-25 12:00:00,2913.11000000,2945.00000000,2846.00000000,2922.23000000,107287.69890000
1606,2021-09-25 16:00:00,2921.98000000,2932.68000000,2852.00000000,2916.77000000,77270.99490000
1607,2021-09-25 20:00:00,2916.77000000,2946.14000000,2893.38000000,2921.73000000,44231.59800000
1608,2021-09-26 00:00:00,2921.84000000,2931.60000000,2842.21000000,2866.52000000,63817.11630000
1609,2021-09-26 04:00:00,2866.69000000,2866.69000000,2738.17000000,2772.77000000,132937.98140000
1610,2021-09-26 08:00:00,2773.06000000,3030.00000000,2738.45000000,2974.28000000,246074.02370000
1611,2021-09-26 12:00:00,2974.62000000,3056.76000000,2974.62000000,3053.17000000,110522.68140000
1612,2021-09-26 16:00:00,3053.36000000,3074.43000000,3028.87000000,3057.62000000,62575.86620000
1613,2021-09-26 20:00:00,3057.67000000,3115.51000000,3011.00000000,3059.37000000,87666.80900000
1614,2021-09-27 00:00:00,3059.36000000,3164.94000000,3027.30000000,3131.91000000,108147.55750000
1615,2021-09-27 04:00:00,3131.91000000,3149.45000000,3074.65000000,3091.29000000,69566.31270000
1616,2021-09-27 08:00:00,3091.10000000,3137.80000000,3076.35000000,3092.79000000,70898.38970000
1617,2021-09-27 12:00:00,3092.94000000,3126.52000000,3032.00000000,3059.13000000,97919.53900000
1618,2021-09-27 16:00:00,3059.49000000,3062.46000000,2982.83000000,2992.96000000,82931.32490000
1619,2021-09-27 20:00:00,2993.14000000,3028.17000000,2922.71000000,2925.59000000,80667.60810000
1620,2021-09-28 00:00:00,2924.76000000,2960.75000000,2896.21000000,2948.97000000,68298.69660000
1621,2021-09-28 04:00:00,2948.96000000,2970.82000000,2883.22000000,2894.34000000,77340.48870000
1622,2021-09-28 08:00:00,2894.18000000,2940.74000000,2876.12000000,2926.80000000,88470.14810000
1623,2021-09-28 12:00:00,2926.81000000,2959.69000000,2840.53000000,2844.40000000,130549.15380000
1624,2021-09-28 16:00:00,2844.40000000,2872.94000000,2803.60000000,2838.71000000,79175.92600000
1625,2021-09-28 20:00:00,2839.20000000,2889.20000000,2789.00000000,2804.91000000,67491.05110000
1626,2021-09-29 00:00:00,2805.15000000,2900.04000000,2791.08000000,2895.95000000,80471.17780000
1627,2021-09-29 04:00:00,2896.01000000,2931.82000000,2889.24000000,2928.33000000,55910.93030000
1628,2021-09-29 08:00:00,2927.06000000,2949.51000000,2894.84000000,2933.75000000,54004.36320000
1629,2021-09-29 12:00:00,2933.75000000,2950.00000000,2850.00000000,2861.19000000,84435.47920000
1630,2021-09-29 16:00:00,2861.20000000,2872.36000000,2803.12000000,2810.16000000,72982.11050000
1631,2021-09-29 20:00:00,2810.15000000,2854.00000000,2782.00000000,2850.45000000,63501.02830000
1632,2021-09-30 00:00:00,2850.45000000,3035.71000000,2837.19000000,3027.46000000,128442.08100000
1633,2021-09-30 04:00:00,3027.45000000,3048.42000000,2995.14000000,3001.59000000,82556.20080000
1634,2021-09-30 08:00:00,3001.60000000,3012.00000000,2941.93000000,2963.35000000,83284.45010000
1635,2021-09-30 12:00:00,2963.36000000,3031.10000000,2954.23000000,2985.67000000,86453.55110000
1636,2021-09-30 16:00:00,2985.67000000,3048.00000000,2964.47000000,2992.23000000,71382.56110000
1637,2021-09-30 20:00:00,2992.23000000,3021.46000000,2955.70000000,3000.61000000,54777.91710000
1638,2021-10-01 00:00:00,3000.62000000,3041.42000000,2969.07000000,3002.98000000,62010.63990000
1639,2021-10-01 04:00:00,3002.98000000,3097.00000000,2990.00000000,3091.46000000,78368.78230000
1640,2021-10-01 08:00:00,3091.46000000,3247.88000000,3091.45000000,3235.49000000,207614.29290000
1641,2021-10-01 12:00:00,3235.48000000,3278.40000000,3176.42000000,3235.70000000,137790.15040000
1642,2021-10-01 16:00:00,3235.70000000,3319.15000000,3223.99000000,3297.65000000,98603.13560000
1643,2021-10-01 20:00:00,3297.64000000,3330.00000000,3270.58000000,3309.91000000,64327.61400000
1644,2021-10-02 00:00:00,3309.91000000,3344.00000000,3261.89000000,3267.31000000,70492.19780000
1645,2021-10-02 04:00:00,3267.03000000,3300.01000000,3257.00000000,3279.90000000,43204.43570000
1646,2021-10-02 08:00:00,3279.90000000,3319.00000000,3265.00000000,3296.54000000,40764.89260000
1647,2021-10-02 12:00:00,3296.54000000,3398.59000000,3288.87000000,3386.54000000,106357.20400000
1648,2021-10-02 16:00:00,3386.55000000,3467.37000000,3370.65000000,3467.35000000,88856.26060000
1649,2021-10-02 20:00:00,3467.36000000,3469.00000000,3366.20000000,3387.76000000,72876.19040000
1650,2021-10-03 00:00:00,3387.77000000,3424.39000000,3342.51000000,3404.97000000,82837.88310000
1651,2021-10-03 04:00:00,3404.96000000,3425.62000000,3388.77000000,3393.07000000,35528.93650000
1652,2021-10-03 08:00:00,3393.08000000,3421.95000000,3369.60000000,3413.90000000,42532.20880000
1653,2021-10-03 12:00:00,3413.90000000,3446.95000000,3393.36000000,3404.75000000,53188.39090000
1654,2021-10-03 16:00:00,3404.75000000,3488.00000000,3400.00000000,3467.43000000,81091.34880000
1655,2021-10-03 20:00:00,3467.46000000,3473.44000000,3384.07000000,3417.73000000,65408.12240000
1656,2021-10-04 00:00:00,3417.73000000,3426.49000000,3322.95000000,3335.31000000,72796.12470000
1657,2021-10-04 04:00:00,3335.31000000,3381.81000000,3322.11000000,3378.24000000,48994.08440000
1658,2021-10-04 08:00:00,3378.24000000,3385.36000000,3294.38000000,3313.39000000,61590.94650000
1659,2021-10-04 12:00:00,3313.39000000,3425.00000000,3270.00000000,3322.51000000,130330.77630000
1660,2021-10-04 16:00:00,3322.46000000,3437.19000000,3310.00000000,3415.84000000,114076.04900000
1661,2021-10-04 20:00:00,3415.80000000,3422.67000000,3355.00000000,3386.31000000,57416.66110000
1662,2021-10-05 00:00:00,3386.31000000,3417.99000000,3363.78000000,3387.96000000,57513.65650000
1663,2021-10-05 04:00:00,3387.96000000,3404.55000000,3365.09000000,3389.00000000,36023.35930000
1664,2021-10-05 08:00:00,3389.00000000,3473.89000000,3381.36000000,3445.02000000,90951.77290000
1665,2021-10-05 12:00:00,3445.02000000,3468.89000000,3413.48000000,3418.35000000,72010.47600000
1666,2021-10-05 16:00:00,3418.67000000,3495.86000000,3407.14000000,3490.55000000,61708.95930000
1667,2021-10-05 20:00:00,3490.54000000,3545.00000000,3489.09000000,3515.27000000,75692.65780000
1668,2021-10-06 00:00:00,3515.48000000,3538.70000000,3472.72000000,3486.63000000,53829.42850000
1669,2021-10-06 04:00:00,3486.63000000,3501.09000000,3439.91000000,3456.12000000,61564.53930000
1670,2021-10-06 08:00:00,3456.13000000,3459.34000000,3342.00000000,3381.22000000,115651.13530000
1671,2021-10-06 12:00:00,3381.22000000,3632.11000000,3372.59000000,3613.01000000,239042.05630000
1672,2021-10-06 16:00:00,3613.01000000,3622.92000000,3560.00000000,3587.58000000,81448.77030000
1673,2021-10-06 20:00:00,3587.59000000,3609.25000000,3547.56000000,3574.89000000,66729.61050000
1674,2021-10-07 00:00:00,3574.88000000,3575.58000000,3470.80000000,3519.54000000,81798.42020000
1675,2021-10-07 04:00:00,3519.54000000,3613.77000000,3504.15000000,3611.40000000,74486.79810000
1676,2021-10-07 08:00:00,3611.40000000,3614.69000000,3534.19000000,3575.86000000,81526.71110000
1677,2021-10-07 12:00:00,3575.85000000,3642.29000000,3520.00000000,3584.99000000,122723.12880000
1678,2021-10-07 16:00:00,3584.80000000,3625.10000000,3555.78000000,3606.18000000,61663.30260000
1679,2021-10-07 20:00:00,3605.98000000,3653.98000000,3561.00000000,3587.47000000,63903.99830000
1680,2021-10-08 00:00:00,3587.47000000,3618.02000000,3551.51000000,3574.31000000,51897.01100000
1681,2021-10-08 04:00:00,3574.30000000,3613.39000000,3547.09000000,3602.70000000,51053.39790000
1682,2021-10-08 08:00:00,3602.45000000,3695.00000000,3598.00000000,3610.82000000,99275.25670000
1683,2021-10-08 12:00:00,3610.82000000,3659.77000000,3580.00000000,3620.96000000,90902.48420000
1684,2021-10-08 16:00:00,3620.95000000,3646.86000000,3605.06000000,3625.25000000,50228.08220000
1685,2021-10-08 20:00:00,3625.25000000,3629.35000000,3532.00000000,3563.13000000,60240.91170000
1686,2021-10-09 00:00:00,3563.13000000,3589.80000000,3538.07000000,3579.48000000,42006.67350000
1687,2021-10-09 04:00:00,3579.48000000,3624.25000000,3569.19000000,3606.30000000,40766.45270000
1688,2021-10-09 08:00:00,3606.31000000,3620.00000000,3568.93000000,3596.98000000,68868.74400000
1689,2021-10-09 12:00:00,3596.92000000,3635.00000000,3594.12000000,3600.76000000,78635.88600000
1690,2021-10-09 16:00:00,3600.75000000,3609.66000000,3575.17000000,3582.54000000,67476.60490000
1691,2021-10-09 20:00:00,3582.54000000,3593.06000000,3556.00000000,3574.82000000,64152.39030000
1692,2021-10-10 00:00:00,3574.83000000,3585.65000000,3480.00000000,3530.53000000,117667.83360000
1693,2021-10-10 04:00:00,3530.52000000,3604.00000000,3500.62000000,3582.18000000,96674.58430000
1694,2021-10-10 08:00:00,3582.18000000,3598.41000000,3550.00000000,3563.30000000,81823.36490000
1695,2021-10-10 12:00:00,3563.30000000,3579.76000000,3523.48000000,3557.65000000,82729.74300000
1696,2021-10-10 16:00:00,3557.66000000,3563.53000000,3503.05000000,3528.50000000,76100.30130000
1697,2021-10-10 20:00:00,3528.29000000,3572.17000000,3405.00000000,3414.22000000,125227.80310000
1698,2021-10-11 00:00:00,3414.22000000,3522.15000000,3371.00000000,3518.15000000,118392.22830000
1699,2021-10-11 04:00:00,3518.15000000,3585.00000000,3502.45000000,3577.07000000,60273.91900000
1700,2021-10-11 08:00:00,3577.07000000,3623.80000000,3532.69000000,3558.71000000,115031.30560000
1701,2021-10-11 12:00:00,3558.72000000,3607.93000000,3547.90000000,3593.57000000,74006.24070000
1702,2021-10-11 16:00:00,3593.58000000,3599.99000000,3514.45000000,3515.00000000,57345.80030000
1703,2021-10-11 20:00:00,3515.00000000,3545.84000000,3465.70000000,3542.12000000,68472.38810000
1704,2021-10-12 00:00:00,3542.12000000,3543.19000000,3447.32000000,3486.21000000,63354.31510000
1705,2021-10-12 04:00:00,3486.22000000,3520.00000000,3454.53000000,3481.59000000,54476.96940000
1706,2021-10-12 08:00:00,3481.59000000,3508.31000000,3415.00000000,3456.95000000,66200.92850000
1707,2021-10-12 12:00:00,3456.94000000,3547.11000000,3403.21000000,3505.02000000,123610.94810000
1708,2021-10-12 16:00:00,3505.02000000,3526.13000000,3460.98000000,3465.67000000,52207.10760000
1709,2021-10-12 20:00:00,3465.67000000,3511.96000000,3418.00000000,3491.46000000,49526.92310000
1710,2021-10-13 00:00:00,3491.43000000,3532.37000000,3482.69000000,3501.88000000,42270.12290000
1711,2021-10-13 04:00:00,3501.87000000,3525.00000000,3426.04000000,3427.76000000,80541.70610000
1712,2021-10-13 08:00:00,3428.07000000,3469.87000000,3412.70000000,3468.68000000,58490.20990000
1713,2021-10-13 12:00:00,3468.67000000,3513.48000000,3413.00000000,3485.52000000,69514.20630000
1714,2021-10-13 16:00:00,3485.53000000,3536.42000000,3480.00000000,3521.23000000,59757.07720000
1715,2021-10-13 20:00:00,3521.24000000,3613.00000000,3520.02000000,3607.42000000,82889.79980000
1716,2021-10-14 00:00:00,3607.41000000,3655.65000000,3586.04000000,3643.00000000,77998.61170000
1717,2021-10-14 04:00:00,3643.00000000,3662.80000000,3613.00000000,3630.01000000,50587.28820000
1718,2021-10-14 08:00:00,3630.00000000,3749.33000000,3620.00000000,3735.75000000,97945.58610000
1719,2021-10-14 12:00:00,3735.74000000,3819.00000000,3720.04000000,3808.42000000,136487.92030000
1720,2021-10-14 16:00:00,3808.41000000,3824.00000000,3752.40000000,3791.77000000,79940.37020000
1721,2021-10-14 20:00:00,3791.77000000,3795.00000000,3755.00000000,3790.82000000,38934.37080000
1722,2021-10-15 00:00:00,3790.82000000,3839.89000000,3734.10000000,3820.92000000,100002.13800000
1723,2021-10-15 04:00:00,3820.93000000,3859.60000000,3795.72000000,3805.05000000,83819.52480000
1724,2021-10-15 08:00:00,3805.05000000,3809.17000000,3744.01000000,3778.64000000,83155.89500000
1725,2021-10-15 12:00:00,3778.65000000,3833.45000000,3765.11000000,3791.09000000,76315.11570000
1726,2021-10-15 16:00:00,3791.09000000,3891.39000000,3788.88000000,3848.90000000,85849.12640000
1727,2021-10-15 20:00:00,3848.91000000,3907.77000000,3820.87000000,3868.99000000,75179.93210000
1728,2021-10-16 00:00:00,3868.38000000,3872.98000000,3823.04000000,3842.95000000,41231.43420000
1729,2021-10-16 04:00:00,3842.95000000,3867.82000000,3832.22000000,3853.72000000,40341.55570000
1730,2021-10-16 08:00:00,3853.71000000,3966.00000000,3850.15000000,3956.75000000,118050.64280000
1731,2021-10-16 12:00:00,3956.75000000,3971.00000000,3876.06000000,3907.64000000,82393.34580000
1732,2021-10-16 16:00:00,3907.64000000,3914.75000000,3832.07000000,3838.99000000,52655.94470000
1733,2021-10-16 20:00:00,3839.06000000,3853.32000000,3803.56000000,3829.96000000,39054.93170000
1734,2021-10-17 00:00:00,3829.96000000,3888.58000000,3805.12000000,3878.16000000,43736.98050000
1735,2021-10-17 04:00:00,3878.11000000,3919.19000000,3854.00000000,3877.48000000,46970.43410000
1736,2021-10-17 08:00:00,3877.47000000,3910.00000000,3856.88000000,3858.79000000,37674.64170000
1737,2021-10-17 12:00:00,3858.80000000,3875.00000000,3765.96000000,3788.21000000,69265.46970000
1738,2021-10-17 16:00:00,3788.21000000,3814.58000000,3755.51000000,3766.35000000,44625.44280000
1739,2021-10-17 20:00:00,3766.36000000,3862.92000000,3640.00000000,3846.85000000,126626.01430000
1740,2021-10-18 00:00:00,3847.00000000,3893.14000000,3832.00000000,3852.77000000,54779.09110000
1741,2021-10-18 04:00:00,3852.96000000,3886.56000000,3834.24000000,3837.52000000,39956.34040000
1742,2021-10-18 08:00:00,3837.81000000,3861.60000000,3704.52000000,3745.45000000,101616.69390000
1743,2021-10-18 12:00:00,3745.70000000,3821.74000000,3676.00000000,3761.00000000,111743.85640000
1744,2021-10-18 16:00:00,3761.00000000,3779.81000000,3695.17000000,3747.72000000,60108.71560000
1745,2021-10-18 20:00:00,3747.73000000,3766.78000000,3714.81000000,3744.96000000,33615.27600000
1746,2021-10-19 00:00:00,3744.96000000,3847.00000000,3732.00000000,3823.01000000,54200.41660000
1747,2021-10-19 04:00:00,3823.01000000,3845.00000000,3768.93000000,3809.51000000,42266.19830000
1748,2021-10-19 08:00:00,3809.57000000,3819.38000000,3771.62000000,3798.13000000,37970.22090000
1749,2021-10-19 12:00:00,3798.14000000,3860.00000000,3741.55000000,3774.98000000,92950.74460000
1750,2021-10-19 16:00:00,3774.99000000,3839.21000000,3774.49000000,3816.48000000,53455.73570000
1751,2021-10-19 20:00:00,3816.47000000,3886.89000000,3800.11000000,3877.03000000,60425.05620000
1752,2021-10-20 00:00:00,3876.98000000,3901.36000000,3842.00000000,3844.24000000,52922.93060000
1753,2021-10-20 04:00:00,3844.24000000,3861.61000000,3828.05000000,3858.27000000,34486.47650000
1754,2021-10-20 08:00:00,3858.27000000,3872.91000000,3845.00000000,3861.01000000,33835.87520000
1755,2021-10-20 12:00:00,3861.01000000,4081.00000000,3859.18000000,4080.99000000,238734.58261000
1756,2021-10-20 16:00:00,4081.00000000,4137.96000000,4053.62000000,4100.93000000,106943.19480000
1757,2021-10-20 20:00:00,4100.93000000,4169.00000000,4068.69000000,4161.15000000,70460.03761000
1758,2021-10-21 00:00:00,4161.37000000,4241.29000000,4136.13000000,4185.82000000,146688.65351000
1759,2021-10-21 04:00:00,4185.82000000,4196.88000000,4120.01000000,4162.55000000,70723.13620000
1760,2021-10-21 08:00:00,4162.54000000,4375.00000000,4158.71000000,4211.88000000,209870.41344000
1761,2021-10-21 12:00:00,4211.88000000,4276.08000000,4013.13000000,4090.00000000,219407.81550000
1762,2021-10-21 16:00:00,4090.00000000,4137.88000000,4043.36000000,4080.55000000,101738.30410000
1763,2021-10-21 20:00:00,4080.51000000,4119.49000000,4041.00000000,4052.99000000,50138.23530000
1764,2021-10-22 00:00:00,4053.00000000,4162.72000000,4051.31000000,4155.99000000,59824.87190000
1765,2021-10-22 04:00:00,4155.99000000,4167.41000000,4103.64000000,4142.15000000,53391.24050000
1766,2021-10-22 08:00:00,4142.15000000,4156.30000000,4086.30000000,4125.30000000,52076.93650000
1767,2021-10-22 12:00:00,4125.29000000,4144.97000000,3961.11000000,3966.52000000,140745.42010000
1768,2021-10-22 16:00:00,3966.53000000,3986.87000000,3888.00000000,3983.47000000,114407.82940000
1769,2021-10-22 20:00:00,3983.47000000,3998.18000000,3928.11000000,3972.20000000,42776.24440000
1770,2021-10-23 00:00:00,3972.19000000,4036.74000000,3945.04000000,4023.90000000,41895.81280000
1771,2021-10-23 04:00:00,4023.91000000,4052.89000000,4000.00000000,4012.84000000,40306.03520000
1772,2021-10-23 08:00:00,4012.84000000,4046.43000000,3937.51000000,4039.20000000,65143.98520000
1773,2021-10-23 12:00:00,4039.24000000,4097.50000000,4017.18000000,4086.60000000,67468.23930000
1774,2021-10-23 16:00:00,4086.61000000,4128.00000000,4065.00000000,4084.06000000,63849.21040000
1775,2021-10-23 20:00:00,4084.01000000,4172.00000000,4070.00000000,4167.12000000,47913.67720000
1776,2021-10-24 00:00:00,4167.13000000,4186.57000000,4115.19000000,4132.89000000,42961.85760000
1777,2021-10-24 04:00:00,4132.88000000,4136.06000000,4076.89000000,4094.13000000,36840.35000000
1778,2021-10-24 08:00:00,4094.13000000,4122.31000000,4024.01000000,4026.20000000,60931.44570000
1779,2021-10-24 12:00:00,4026.21000000,4074.07000000,3983.75000000,4000.11000000,86885.37830000
1780,2021-10-24 16:00:00,4000.11000000,4047.38000000,3961.50000000,4043.03000000,68640.05460000
1781,2021-10-24 20:00:00,4043.02000000,4099.98000000,4036.53000000,4082.33000000,53856.75240000
1782,2021-10-25 00:00:00,4082.33000000,4144.26000000,4067.71000000,4134.69000000,49238.85500000
1783,2021-10-25 04:00:00,4134.68000000,4177.62000000,4113.11000000,4149.33000000,56551.97010000
1784,2021-10-25 08:00:00,4149.33000000,4162.12000000,4105.41000000,4126.40000000,56380.56650000
1785,2021-10-25 12:00:00,4126.40000000,4213.00000000,4108.00000000,4210.11000000,67741.09040000
1786,2021-10-25 16:00:00,4210.11000000,4236.00000000,4170.44000000,4184.47000000,75728.74490000
1787,2021-10-25 20:00:00,4184.48000000,4224.80000000,4169.29000000,4220.37000000,41797.42650000
1788,2021-10-26 00:00:00,4220.36000000,4257.43000000,4204.03000000,4224.89000000,46422.42590000
1789,2021-10-26 04:00:00,4224.89000000,4230.97000000,4175.67000000,4198.76000000,44327.81870000
1790,2021-10-26 08:00:00,4198.77000000,4234.11000000,4196.30000000,4213.92000000,41748.28710000
1791,2021-10-26 12:00:00,4213.93000000,4222.13000000,4133.35000000,4187.64000000,81133.58190000
1792,2021-10-26 16:00:00,4187.64000000,4229.59000000,4138.68000000,4211.68000000,60025.31610000
1793,2021-10-26 20:00:00,4211.67000000,4297.00000000,4090.21000000,4131.52000000,140840.73020000
1794,2021-10-27 00:00:00,4131.52000000,4225.98000000,4117.48000000,4209.72000000,60249.38510000
1795,2021-10-27 04:00:00,4209.72000000,4307.00000000,4134.10000000,4136.34000000,175653.22290000
1796,2021-10-27 08:00:00,4136.34000000,4136.66000000,3931.59000000,3992.09000000,222175.11070000
1797,2021-10-27 12:00:00,3992.09000000,4039.98000000,3960.31000000,3993.47000000,101349.02190000
1798,2021-10-27 16:00:00,3993.65000000,4010.71000000,3938.39000000,3998.46000000,76907.05160000
1799,2021-10-27 20:00:00,3998.46000000,4024.42000000,3909.00000000,3922.00000000,68270.45780000
1800,2021-10-28 00:00:00,3921.99000000,4022.44000000,3890.17000000,3995.64000000,85976.34100000
1801,2021-10-28 04:00:00,3995.65000000,4040.70000000,3981.23000000,4009.86000000,82247.38230000
1802,2021-10-28 08:00:00,4009.85000000,4174.34000000,4009.00000000,4151.95000000,125153.82020000
1803,2021-10-28 12:00:00,4151.95000000,4205.00000000,4136.06000000,4151.21000000,80731.51680000
1804,2021-10-28 16:00:00,4151.21000000,4269.54000000,4115.95000000,4259.04000000,159772.91580000
1805,2021-10-28 20:00:00,4259.04000000,4295.00000000,4208.39000000,4286.02000000,92496.52940000
1806,2021-10-29 00:00:00,4286.01000000,4405.50000000,4265.97000000,4379.83000000,141304.45476000
1807,2021-10-29 04:00:00,4379.84000000,4388.99000000,4289.08000000,4307.56000000,79837.32890000
1808,2021-10-29 08:00:00,4308.00000000,4366.34000000,4278.70000000,4320.53000000,81395.73060000
1809,2021-10-29 12:00:00,4320.53000000,4449.47000000,4296.64000000,4440.30000000,128112.10738000
1810,2021-10-29 16:00:00,4440.77000000,4460.47000000,4344.55000000,4403.97000000,87676.74857000
1811,2021-10-29 20:00:00,4403.96000000,4429.61000000,4388.01000000,4418.89000000,40904.70670000
1812,2021-10-30 00:00:00,4418.89000000,4434.06000000,4331.00000000,4342.72000000,50679.21330000
1813,2021-10-30 04:00:00,4342.73000000,4382.79000000,4328.00000000,4349.72000000,34491.32730000
1814,2021-10-30 08:00:00,4349.72000000,4357.85000000,4288.69000000,4333.35000000,55800.77790000
1815,2021-10-30 12:00:00,4333.35000000,4349.17000000,4232.20000000,4282.45000000,96799.00480000
1816,2021-10-30 16:00:00,4282.44000000,4339.58000000,4266.34000000,4336.63000000,47518.38090000
1817,2021-10-30 20:00:00,4336.63000000,4344.29000000,4241.00000000,4322.68000000,54934.36480000
1818,2021-10-31 00:00:00,4322.68000000,4399.14000000,4316.09000000,4370.49000000,74351.03430000
1819,2021-10-31 04:00:00,4370.49000000,4384.00000000,4299.23000000,4318.16000000,55603.59780000
1820,2021-10-31 08:00:00,4317.61000000,4320.00000000,4191.05000000,4207.48000000,97602.10190000
1821,2021-10-31 12:00:00,4207.71000000,4233.57000000,4164.35000000,4214.36000000,94539.91850000
1822,2021-10-31 16:00:00,4214.35000000,4259.04000000,4191.68000000,4247.82000000,45597.64910000
1823,2021-10-31 20:00:00,4247.81000000,4329.46000000,4230.00000000,4287.21000000,45161.98770000
1824,2021-11-01 00:00:00,4287.48000000,4325.00000000,4175.00000000,4190.66000000,75921.49350000
1825,2021-11-01 04:00:00,4191.50000000,4320.00000000,4146.30000000,4302.93000000,88831.99690000
1826,2021-11-01 08:00:00,4302.94000000,4354.33000000,4294.52000000,4315.00000000,74210.59030000
1827,2021-11-01 12:00:00,4315.00000000,4386.58000000,4308.25000000,4349.98000000,74035.47200000
1828,2021-11-01 16:00:00,4349.97000000,4366.00000000,4264.63000000,4364.28000000,60730.02210000
1829,2021-11-01 20:00:00,4364.28000000,4365.78000000,4278.07000000,4319.43000000,43891.13250000
1830,2021-11-02 00:00:00,4319.43000000,4349.89000000,4284.43000000,4318.83000000,42735.69390000
1831,2021-11-02 04:00:00,4318.82000000,4387.81000000,4315.37000000,4340.81000000,55205.15590000
1832,2021-11-02 08:00:00,4340.82000000,4477.46000000,4330.02000000,4413.09000000,112240.86275000
1833,2021-11-02 12:00:00,4412.86000000,4519.69000000,4408.92000000,4511.42000000,104213.70904000
1834,2021-11-02 16:00:00,4511.43000000,4519.64000000,4473.45000000,4509.00000000,65714.77960000
1835,2021-11-02 20:00:00,4508.99000000,4599.60000000,4479.46000000,4589.89000000,88074.59182000
1836,2021-11-03 00:00:00,4589.68000000,4639.98000000,4553.30000000,4588.75000000,84358.23167000
1837,2021-11-03 04:00:00,4588.75000000,4615.84000000,4508.16000000,4610.62000000,60748.64420000
1838,2021-11-03 08:00:00,4610.62000000,4620.45000000,4550.49000000,4577.27000000,53044.43790000
1839,2021-11-03 12:00:00,4577.22000000,4579.70000000,4455.00000000,4545.68000000,94956.44250000
1840,2021-11-03 16:00:00,4545.67000000,4665.87000000,4500.00000000,4623.46000000,105549.63228000
1841,2021-11-03 20:00:00,4623.47000000,4635.00000000,4575.24000000,4603.35000000,50000.96270000
1842,2021-11-04 00:00:00,4603.35000000,4606.65000000,4540.00000000,4556.41000000,58458.95680000
1843,2021-11-04 04:00:00,4556.41000000,4592.83000000,4513.73000000,4516.16000000,42370.98170000
1844,2021-11-04 08:00:00,4516.16000000,4555.75000000,4478.00000000,4509.29000000,74786.72780000
1845,2021-11-04 12:00:00,4509.29000000,4580.82000000,4459.21000000,4480.33000000,86241.35620000
1846,2021-11-04 16:00:00,4480.33000000,4501.00000000,4420.08000000,4489.83000000,69410.81065000
1847,2021-11-04 20:00:00,4489.83000000,4537.00000000,4480.00000000,4532.32000000,36949.42380000
1848,2021-11-05 00:00:00,4532.31000000,4555.00000000,4468.23000000,4542.40000000,46362.30110000
1849,2021-11-05 04:00:00,4542.39000000,4570.05000000,4516.20000000,4529.35000000,44646.07650000
1850,2021-11-05 08:00:00,4529.35000000,4544.71000000,4462.00000000,4473.58000000,65363.54630000
1851,2021-11-05 12:00:00,4473.58000000,4534.99000000,4450.72000000,4462.04000000,58930.57260000
1852,2021-11-05 16:00:00,4462.04000000,4510.12000000,4457.68000000,4495.00000000,39818.02780000
1853,2021-11-05 20:00:00,4495.00000000,4496.58000000,4438.80000000,4474.24000000,50531.20010000
1854,2021-11-06 00:00:00,4474.24000000,4511.70000000,4455.88000000,4491.01000000,37661.22600000
1855,2021-11-06 04:00:00,4491.01000000,4515.00000000,4457.05000000,4471.72000000,34245.21730000
1856,2021-11-06 08:00:00,4471.72000000,4495.67000000,4338.97000000,4369.52000000,85353.77400000
1857,2021-11-06 12:00:00,4369.53000000,4409.98000000,4326.17000000,4398.57000000,58965.47790000
1858,2021-11-06 16:00:00,4398.57000000,4494.55000000,4382.53000000,4493.73000000,64068.26930000
1859,2021-11-06 20:00:00,4493.74000000,4530.00000000,4480.03000000,4518.00000000,41860.13280000
1860,2021-11-07 00:00:00,4518.00000000,4571.83000000,4502.37000000,4549.99000000,53745.24770000
1861,2021-11-07 04:00:00,4549.99000000,4569.62000000,4537.42000000,4541.50000000,28432.31510000
1862,2021-11-07 08:00:00,4541.50000000,4616.44000000,4518.61000000,4592.95000000,57295.84190000
1863,2021-11-07 12:00:00,4592.95000000,4626.02000000,4574.04000000,4604.05000000,42115.63650000
1864,2021-11-07 16:00:00,4604.04000000,4619.03000000,4587.77000000,4603.36000000,31364.15610000
1865,2021-11-07 20:00:00,4603.36000000,4637.98000000,4587.13000000,4612.59000000,30643.39790000
1866,2021-11-08 00:00:00,4612.59000000,4737.26000000,4612.00000000,4720.51000000,101597.06238000
1867,2021-11-08 04:00:00,4720.51000000,4764.64000000,4708.58000000,4723.29000000,58286.84426000
1868,2021-11-08 08:00:00,4723.30000000,4740.83000000,4708.42000000,4730.02000000,52665.70920000
1869,2021-11-08 12:00:00,4730.03000000,4777.22000000,4703.83000000,4763.77000000,62167.31995000
1870,2021-11-08 16:00:00,4763.78000000,4793.98000000,4748.68000000,4752.00000000,57619.27046000
1871,2021-11-08 20:00:00,4752.00000000,4822.97000000,4732.01000000,4807.98000000,58766.11181000
1872,2021-11-09 00:00:00,4807.98000000,4815.00000000,4776.37000000,4814.00000000,55905.38150000
1873,2021-11-09 04:00:00,4814.00000000,4838.28000000,4775.77000000,4783.96000000,47165.42768000
1874,2021-11-09 08:00:00,4783.96000000,4822.97000000,4753.46000000,4774.61000000,48515.81030000
1875,2021-11-09 12:00:00,4774.61000000,4833.29000000,4756.84000000,4790.99000000,65573.98750000
1876,2021-11-09 16:00:00,4790.98000000,4798.03000000,4713.89000000,4750.62000000,55243.51650000
1877,2021-11-09 20:00:00,4750.62000000,4801.67000000,4717.07000000,4732.33000000,38863.45650000
1878,2021-11-10 00:00:00,4732.33000000,4758.60000000,4679.98000000,4691.48000000,48787.84110000
1879,2021-11-10 04:00:00,4691.48000000,4743.92000000,4677.91000000,4714.60000000,41475.32840000
1880,2021-11-10 08:00:00,4714.60000000,4755.00000000,4700.11000000,4729.67000000,41710.63730000
1881,2021-11-10 12:00:00,4729.67000000,4868.00000000,4693.62000000,4846.71000000,97372.43773000
1882,2021-11-10 16:00:00,4846.94000000,4864.84000000,4695.55000000,4705.37000000,85796.60950000
1883,2021-11-10 20:00:00,4705.65000000,4722.00000000,4461.93000000,4628.78000000,238454.13760000
1884,2021-11-11 00:00:00,4628.68000000,4651.56000000,4576.47000000,4636.68000000,57621.75140000
1885,2021-11-11 04:00:00,4636.69000000,4697.66000000,4621.00000000,4691.34000000,42818.77620000
1886,2021-11-11 08:00:00,4691.35000000,4743.09000000,4653.86000000,4721.95000000,56906.23660000
1887,2021-11-11 12:00:00,4721.95000000,4760.56000000,4673.84000000,4719.81000000,67893.61690000
1888,2021-11-11 16:00:00,4719.82000000,4779.00000000,4714.49000000,4758.98000000,48625.82690000
1889,2021-11-11 20:00:00,4758.98000000,4775.64000000,4713.00000000,4719.00000000,29822.76850000
1890,2021-11-12 00:00:00,4719.00000000,4809.71000000,4691.00000000,4774.35000000,78634.63470000
1891,2021-11-12 04:00:00,4774.36000000,4785.00000000,4692.76000000,4711.39000000,41607.99930000
1892,2021-11-12 08:00:00,4711.40000000,4739.28000000,4573.61000000,4600.85000000,112153.15820000
1893,2021-11-12 12:00:00,4600.85000000,4633.39000000,4540.00000000,4571.06000000,97498.47770000
1894,2021-11-12 16:00:00,4571.07000000,4669.56000000,4507.85000000,4654.21000000,95563.40790000
1895,2021-11-12 20:00:00,4654.21000000,4693.05000000,4630.50000000,4665.46000000,36122.36370000
1896,2021-11-13 00:00:00,4665.47000000,4707.60000000,4622.14000000,4639.50000000,41826.89480000
1897,2021-11-13 04:00:00,4639.50000000,4653.24000000,4611.30000000,4645.55000000,23925.65390000
1898,2021-11-13 08:00:00,4645.78000000,4648.83000000,4584.08000000,4609.31000000,29394.96160000
1899,2021-11-13 12:00:00,4609.30000000,4698.00000000,4596.89000000,4680.23000000,57483.22620000
1900,2021-11-13 16:00:00,4680.24000000,4701.97000000,4620.00000000,4643.80000000,45557.97180000
1901,2021-11-13 20:00:00,4643.96000000,4665.39000000,4632.79000000,4644.28000000,22531.95280000
1902,2021-11-14 00:00:00,4644.27000000,4696.05000000,4621.81000000,4628.63000000,35263.88220000
1903,2021-11-14 04:00:00,4628.63000000,4656.30000000,4593.84000000,4598.40000000,33962.37980000
1904,2021-11-14 08:00:00,4598.77000000,4615.74000000,4567.02000000,4612.45000000,35013.63920000
1905,2021-11-14 12:00:00,4612.44000000,4634.64000000,4574.97000000,4583.91000000,31681.39830000
1906,2021-11-14 16:00:00,4583.91000000,4590.11000000,4514.12000000,4545.01000000,67357.50720000
1907,2021-11-14 20:00:00,4545.00000000,4631.75000000,4533.72000000,4626.50000000,42030.26070000
1908,2021-11-15 00:00:00,4626.50000000,4735.16000000,4625.99000000,4702.07000000,71822.71250000
1909,2021-11-15 04:00:00,4702.07000000,4722.41000000,4677.04000000,4680.25000000,31386.48810000
1910,2021-11-15 08:00:00,4680.24000000,4746.10000000,4659.29000000,4723.00000000,55374.94000000
1911,2021-11-15 12:00:00,4723.00000000,4772.01000000,4628.82000000,4648.08000000,112030.36600000
1912,2021-11-15 16:00:00,4648.08000000,4659.90000000,4566.60000000,4600.54000000,59763.39760000
1913,2021-11-15 20:00:00,4600.04000000,4600.04000000,4540.00000000,4563.78000000,45043.75590000
1914,2021-11-16 00:00:00,4563.77000000,4563.77000000,4252.78000000,4309.58000000,213867.80150000
1915,2021-11-16 04:00:00,4309.59000000,4367.27000000,4265.59000000,4312.11000000,100872.84030000
1916,2021-11-16 08:00:00,4312.42000000,4341.53000000,4103.00000000,4292.43000000,191117.98580000
1917,2021-11-16 12:00:00,4292.44000000,4345.78000000,4222.40000000,4285.82000000,103157.86170000
1918,2021-11-16 16:00:00,4285.82000000,4330.00000000,4230.00000000,4265.03000000,58169.80630000
1919,2021-11-16 20:00:00,4265.02000000,4297.51000000,4162.67000000,4209.76000000,68670.76740000
1920,2021-11-17 00:00:00,4209.59000000,4242.76000000,4063.48000000,4122.11000000,121662.94740000
1921,2021-11-17 04:00:00,4122.18000000,4218.00000000,4077.94000000,4183.67000000,71712.97090000
1922,2021-11-17 08:00:00,4183.62000000,4257.68000000,4101.73000000,4252.40000000,103880.81050000
1923,2021-11-17 12:00:00,4252.40000000,4262.00000000,4142.66000000,4174.76000000,62614.34730000
1924,2021-11-17 16:00:00,4174.77000000,4268.93000000,4147.03000000,4242.52000000,62616.78130000
1925,2021-11-17 20:00:00,4242.53000000,4299.91000000,4200.00000000,4287.80000000,50364.32680000
1926,2021-11-18 00:00:00,4288.07000000,4344.81000000,4270.27000000,4279.50000000,77895.68970000
1927,2021-11-18 04:00:00,4279.49000000,4299.51000000,4225.10000000,4247.99000000,60606.45250000
1928,2021-11-18 08:00:00,4248.00000000,4260.82000000,4181.94000000,4189.65000000,62475.32530000
1929,2021-11-18 12:00:00,4189.65000000,4235.52000000,4050.01000000,4071.77000000,138383.64930000
1930,2021-11-18 16:00:00,4071.76000000,4091.00000000,3960.00000000,4065.41000000,158749.12910000
1931,2021-11-18 20:00:00,4065.41000000,4092.60000000,3956.44000000,3996.90000000,78834.93780000
1932,2021-11-19 00:00:00,3996.90000000,4104.61000000,3973.01000000,4010.67000000,102007.68500000
1933,2021-11-19 04:00:00,4010.63000000,4086.79000000,4006.00000000,4062.04000000,52136.78300000
1934,2021-11-19 08:00:00,4062.04000000,4175.00000000,4061.41000000,4141.20000000,80638.23620000
1935,2021-11-19 12:00:00,4141.21000000,4238.50000000,4130.39000000,4216.17000000,83532.68890000
1936,2021-11-19 16:00:00,4216.72000000,4298.44000000,4207.27000000,4290.07000000,59145.22790000
1937,2021-11-19 20:00:00,4290.62000000,4308.97000000,4248.53000000,4294.76000000,42584.46870000
1938,2021-11-20 00:00:00,4294.75000000,4332.95000000,4274.49000000,4280.55000000,59445.63790000
1939,2021-11-20 04:00:00,4280.54000000,4318.97000000,4262.06000000,4279.99000000,38277.25200000
1940,2021-11-20 08:00:00,4279.98000000,4324.70000000,4270.13000000,4317.83000000,35601.60390000
1941,2021-11-20 12:00:00,4317.83000000,4334.12000000,4211.38000000,4213.06000000,65274.77260000
1942,2021-11-20 16:00:00,4213.05000000,4399.00000000,4199.86000000,4398.39000000,115519.34860000
1943,2021-11-20 20:00:00,4398.38000000,4435.88000000,4388.43000000,4412.17000000,51465.96300000
1944,2021-11-21 00:00:00,4412.17000000,4415.64000000,4333.85000000,4343.29000000,45959.45510000
1945,2021-11-21 04:00:00,4343.29000000,4381.63000000,4326.19000000,4348.13000000,35201.91020000
1946,2021-11-21 08:00:00,4348.13000000,4368.60000000,4303.07000000,4319.53000000,50059.90120000
1947,2021-11-21 12:00:00,4319.52000000,4385.00000000,4303.69000000,4366.21000000,56785.86420000
1948,2021-11-21 16:00:00,4366.41000000,4451.00000000,4334.00000000,4345.99000000,75936.34880000
1949,2021-11-21 20:00:00,4345.99000000,4389.00000000,4242.41000000,4258.31000000,76262.84080000
1950,2021-11-22 00:00:00,4259.70000000,4266.62000000,4094.73000000,4164.99000000,115844.21880000
1951,2021-11-22 04:00:00,4164.99000000,4216.79000000,4124.40000000,4188.17000000,55717.79030000
1952,2021-11-22 08:00:00,4188.17000000,4236.01000000,4165.07000000,4171.92000000,45430.20110000
1953,2021-11-22 12:00:00,4171.92000000,4320.00000000,4126.91000000,4236.60000000,131686.43120000
1954,2021-11-22 16:00:00,4236.59000000,4246.69000000,4051.00000000,4066.39000000,89533.64190000
1955,2021-11-22 20:00:00,4066.23000000,4114.96000000,4022.74000000,4085.97000000,80289.05050000
1956,2021-11-23 00:00:00,4086.28000000,4192.86000000,4062.61000000,4178.58000000,60105.98820000
1957,2021-11-23 04:00:00,4178.68000000,4190.22000000,4088.00000000,4107.09000000,51895.01770000
1958,2021-11-23 08:00:00,4107.10000000,4305.00000000,4059.62000000,4135.28000000,118096.33050000
1959,2021-11-23 12:00:00,4135.27000000,4329.37000000,4129.64000000,4269.55000000,117882.44770000
1960,2021-11-23 16:00:00,4270.20000000,4359.41000000,4269.86000000,4355.86000000,102664.74130000
1961,2021-11-23 20:00:00,4355.85000000,4385.59000000,4322.33000000,4339.44000000,52167.26480000
1962,2021-11-24 00:00:00,4339.45000000,4373.94000000,4231.28000000,4246.71000000,90956.56100000
1963,2021-11-24 04:00:00,4246.72000000,4291.93000000,4216.75000000,4269.37000000,63881.37460000
1964,2021-11-24 08:00:00,4269.37000000,4342.27000000,4254.00000000,4292.28000000,68774.07790000
1965,2021-11-24 12:00:00,4292.28000000,4310.58000000,4167.65000000,4252.35000000,113517.63200000
1966,2021-11-24 16:00:00,4252.35000000,4267.12000000,4198.84000000,4211.88000000,65344.95160000
1967,2021-11-24 20:00:00,4212.00000000,4282.19000000,4200.09000000,4269.36000000,46252.43350000
1968,2021-11-25 00:00:00,4270.10000000,4336.00000000,4248.27000000,4317.20000000,74096.82270000
1969,2021-11-25 04:00:00,4317.21000000,4323.97000000,4263.34000000,4295.39000000,49142.10930000
1970,2021-11-25 08:00:00,4295.40000000,4391.98000000,4270.65000000,4386.96000000,83307.66840000
1971,2021-11-25 12:00:00,4387.37000000,4500.00000000,4382.39000000,4475.65000000,111758.38910000
1972,2021-11-25 16:00:00,4475.65000000,4530.00000000,4459.79000000,4502.04000000,81404.14750000
1973,2021-11-25 20:00:00,4502.05000000,4550.00000000,4468.35000000,4524.85000000,46159.10640000
1974,2021-11-26 00:00:00,4524.48000000,4551.00000000,4425.27000000,4426.63000000,75548.73530000
1975,2021-11-26 04:00:00,4426.62000000,4447.87000000,4313.00000000,4343.45000000,80850.07440000
1976,2021-11-26 08:00:00,4343.45000000,4343.45000000,3980.00000000,3985.44000000,310703.41570000
1977,2021-11-26 12:00:00,3984.92000000,4126.69000000,3913.00000000,4063.94000000,139072.22320000
1978,2021-11-26 16:00:00,4063.95000000,4114.53000000,4023.00000000,4082.94000000,61768.05870000
1979,2021-11-26 20:00:00,4082.94000000,4127.78000000,4027.08000000,4041.20000000,52302.65390000
1980,2021-11-27 00:00:00,4041.20000000,4149.00000000,4028.34000000,4115.01000000,51616.65790000
1981,2021-11-27 04:00:00,4115.01000000,4147.73000000,4087.94000000,4123.82000000,36659.44510000
1982,2021-11-27 08:00:00,4123.81000000,4183.66000000,4104.94000000,4111.82000000,59057.07980000
1983,2021-11-27 12:00:00,4112.10000000,4160.95000000,4105.48000000,4132.82000000,37498.05950000
1984,2021-11-27 16:00:00,4133.08000000,4159.31000000,4112.57000000,4115.25000000,35752.79210000
1985,2021-11-27 20:00:00,4115.25000000,4128.88000000,4031.91000000,4095.29000000,54742.48580000
1986,2021-11-28 00:00:00,4095.29000000,4096.18000000,3976.75000000,4026.03000000,60550.93900000
1987,2021-11-28 04:00:00,4026.04000000,4080.01000000,4005.44000000,4069.31000000,33546.31350000
1988,2021-11-28 08:00:00,4069.32000000,4130.78000000,4033.33000000,4096.60000000,36923.53820000
1989,2021-11-28 12:00:00,4096.28000000,4116.09000000,4045.53000000,4077.74000000,36011.61410000
1990,2021-11-28 16:00:00,4077.74000000,4127.00000000,3964.00000000,4098.90000000,79956.11530000
1991,2021-11-28 20:00:00,4099.01000000,4298.51000000,4098.91000000,4294.78000000,99482.83500000
1992,2021-11-29 00:00:00,4294.77000000,4375.00000000,4282.07000000,4306.75000000,104398.36380000
1993,2021-11-29 04:00:00,4306.76000000,4366.28000000,4305.22000000,4350.74000000,59890.10780000
1994,2021-11-29 08:00:00,4350.66000000,4359.51000000,4276.89000000,4296.64000000,52716.13690000
1995,2021-11-29 12:00:00,4296.64000000,4390.00000000,4295.00000000,4336.08000000,59450.12670000
1996,2021-11-29 16:00:00,4336.07000000,4458.92000000,4328.32000000,4387.04000000,86104.63090000
1997,2021-11-29 20:00:00,4386.99000000,4457.27000000,4383.09000000,4444.53000000,44321.86230000
1998,2021-11-30 00:00:00,4444.54000000,4502.60000000,4401.01000000,4435.24000000,95429.21510000
1999,2021-11-30 04:00:00,4434.97000000,4458.74000000,4346.36000000,4412.82000000,76720.12390000
2000,2021-11-30 08:00:00,4412.81000000,4600.55000000,4390.94000000,4590.47000000,123842.15660000
2001,2021-11-30 12:00:00,4590.47000000,4753.00000000,4568.06000000,4613.85000000,213070.22250000
2002,2021-11-30 16:00:00,4613.85000000,4694.46000000,4520.01000000,4663.23000000,181140.01780000
2003,2021-11-30 20:00:00,4663.23000000,4675.00000000,4598.30000000,4630.26000000,52822.73030000
2004,2021-12-01 00:00:00,4630.25000000,4769.07000000,4598.77000000,4759.37000000,110086.86660000
2005,2021-12-01 04:00:00,4759.37000000,4778.75000000,4683.85000000,4766.69000000,75598.88030000
2006,2021-12-01 08:00:00,4766.69000000,4769.51000000,4651.46000000,4672.86000000,92695.88920000
2007,2021-12-01 12:00:00,4672.85000000,4761.41000000,4654.39000000,4725.57000000,80999.57340000
2008,2021-12-01 16:00:00,4725.58000000,4758.00000000,4596.42000000,4660.58000000,67546.84530000
2009,2021-12-01 20:00:00,4659.78000000,4661.99000000,4523.99000000,4582.95000000,81270.25570000
2010,2021-12-02 00:00:00,4582.95000000,4621.35000000,4451.00000000,4490.98000000,107995.05250000
2011,2021-12-02 04:00:00,4491.02000000,4584.88000000,4484.44000000,4560.11000000,51505.72440000
2012,2021-12-02 08:00:00,4560.11000000,4599.42000000,4495.37000000,4531.25000000,65102.80560000
2013,2021-12-02 12:00:00,4531.25000000,4634.83000000,4480.00000000,4543.06000000,104548.52810000
2014,2021-12-02 16:00:00,4543.05000000,4556.01000000,4433.00000000,4489.24000000,76894.45230000
2015,2021-12-02 20:00:00,4488.92000000,4558.11000000,4470.50000000,4511.21000000,45815.39160000
2016,2021-12-03 00:00:00,4511.35000000,4547.56000000,4470.00000000,4493.15000000,46448.79150000
2017,2021-12-03 04:00:00,4493.00000000,4592.82000000,4490.14000000,4568.57000000,74205.94240000
2018,2021-12-03 08:00:00,4568.56000000,4617.67000000,4545.00000000,4612.08000000,48573.67430000
2019,2021-12-03 12:00:00,4612.07000000,4654.88000000,4456.41000000,4468.15000000,105691.73770000
2020,2021-12-03 16:00:00,4468.14000000,4468.74000000,4182.78000000,4228.81000000,227135.20440000
2021,2021-12-03 20:00:00,4228.82000000,4288.11000000,4032.50000000,4215.73000000,175919.51560000
2022,2021-12-04 00:00:00,4215.01000000,4238.59000000,4055.00000000,4058.12000000,106713.69240000
2023,2021-12-04 04:00:00,4058.12000000,4118.35000000,3503.68000000,3893.51000000,549695.27560000
2024,2021-12-04 08:00:00,3893.51000000,3982.13000000,3823.98000000,3866.36000000,150103.29870000
2025,2021-12-04 12:00:00,3866.35000000,4070.00000000,3866.35000000,4036.54000000,150084.17830000
2026,2021-12-04 16:00:00,4036.55000000,4135.56000000,3975.46000000,4117.36000000,91941.82680000
2027,2021-12-04 20:00:00,4117.37000000,4128.56000000,4033.00000000,4117.25000000,63234.87330000
2028,2021-12-05 00:00:00,4117.25000000,4179.56000000,4064.20000000,4162.80000000,101434.52960000
2029,2021-12-05 04:00:00,4162.81000000,4229.63000000,4139.81000000,4199.52000000,85324.56490000
2030,2021-12-05 08:00:00,4199.52000000,4221.70000000,4161.00000000,4194.11000000,67144.84240000
2031,2021-12-05 12:00:00,4194.11000000,4248.19000000,4031.39000000,4070.07000000,136119.56010000
2032,2021-12-05 16:00:00,4070.07000000,4178.00000000,4063.36000000,4138.41000000,92350.13620000
2033,2021-12-05 20:00:00,4138.42000000,4204.27000000,4098.00000000,4196.44000000,53951.80810000
2034,2021-12-06 00:00:00,4196.44000000,4202.16000000,4101.00000000,4168.09000000,74989.36870000
2035,2021-12-06 04:00:00,4168.09000000,4195.78000000,4014.50000000,4071.98000000,76877.95170000
2036,2021-12-06 08:00:00,4071.99000000,4149.20000000,3921.00000000,4044.41000000,213165.44000000
2037,2021-12-06 12:00:00,4044.42000000,4128.55000000,3983.18000000,4125.41000000,126542.99040000
2038,2021-12-06 16:00:00,4125.41000000,4219.01000000,4096.38000000,4194.29000000,102750.62540000
2039,2021-12-06 20:00:00,4194.29000000,4376.15000000,4183.74000000,4347.59000000,132416.58760000
2040,2021-12-07 00:00:00,4347.57000000,4386.91000000,4298.59000000,4341.57000000,82969.64300000
2041,2021-12-07 04:00:00,4341.56000000,4385.22000000,4330.00000000,4352.90000000,59460.89610000
2042,2021-12-07 08:00:00,4352.91000000,4425.00000000,4346.24000000,4408.33000000,79190.42760000
2043,2021-12-07 12:00:00,4408.42000000,4417.87000000,4330.59000000,4386.59000000,84010.91490000
2044,2021-12-07 16:00:00,4386.59000000,4405.00000000,4280.00000000,4313.19000000,62627.20200000
2045,2021-12-07 20:00:00,4313.19000000,4329.80000000,4255.92000000,4306.40000000,52490.66740000
2046,2021-12-08 00:00:00,4306.40000000,4347.64000000,4275.06000000,4293.57000000,64830.38050000
2047,2021-12-08 04:00:00,4293.57000000,4379.03000000,4293.08000000,4367.31000000,55724.44210000
2048,2021-12-08 08:00:00,4367.32000000,4390.00000000,4228.03000000,4267.27000000,86298.49120000
2049,2021-12-08 12:00:00,4267.27000000,4450.49000000,4222.95000000,4403.22000000,119098.93410000
2050,2021-12-08 16:00:00,4403.22000000,4422.00000000,4360.00000000,4381.37000000,56750.28260000
2051,2021-12-08 20:00:00,4381.37000000,4442.00000000,4371.56000000,4436.91000000,46701.40460000
2052,2021-12-09 00:00:00,4436.91000000,4488.00000000,4350.80000000,4359.41000000,76434.04200000
2053,2021-12-09 04:00:00,4358.85000000,4410.00000000,4339.45000000,4379.22000000,46141.99210000
2054,2021-12-09 08:00:00,4379.22000000,4379.22000000,4271.00000000,4304.04000000,71078.47000000
2055,2021-12-09 12:00:00,4304.03000000,4323.60000000,4137.91000000,4201.35000000,104557.48670000
2056,2021-12-09 16:00:00,4201.36000000,4234.63000000,4100.00000000,4122.46000000,96146.06870000
2057,2021-12-09 20:00:00,4122.46000000,4202.76000000,4076.16000000,4105.64000000,67815.65150000
2058,2021-12-10 00:00:00,4105.64000000,4199.87000000,4098.00000000,4140.86000000,64424.70690000
2059,2021-12-10 04:00:00,4140.78000000,4164.33000000,4021.49000000,4031.01000000,68043.55330000
2060,2021-12-10 08:00:00,4031.35000000,4170.53000000,4021.49000000,4156.82000000,60271.93640000
2061,2021-12-10 12:00:00,4156.67000000,4231.08000000,3985.00000000,4022.90000000,167491.30370000
2062,2021-12-10 16:00:00,4022.91000000,4032.88000000,3929.67000000,4016.56000000,114982.47050000
2063,2021-12-10 20:00:00,4016.07000000,4057.75000000,3887.37000000,3897.94000000,88022.59630000
2064,2021-12-11 00:00:00,3898.31000000,4041.00000000,3828.22000000,4008.53000000,116167.09980000
2065,2021-12-11 04:00:00,4008.53000000,4071.57000000,3929.58000000,3977.79000000,81967.14280000
2066,2021-12-11 08:00:00,3978.11000000,4086.90000000,3964.61000000,4013.99000000,97033.51640000
2067,2021-12-11 12:00:00,4014.00000000,4063.65000000,3990.04000000,4058.08000000,45200.21190000
2068,2021-12-11 16:00:00,4058.01000000,4097.08000000,4000.00000000,4004.01000000,45499.27990000
2069,2021-12-11 20:00:00,4002.29000000,4093.00000000,3977.74000000,4089.37000000,41986.18350000
2070,2021-12-12 00:00:00,4089.68000000,4097.27000000,4026.95000000,4042.76000000,39407.24250000
2071,2021-12-12 04:00:00,4042.76000000,4063.47000000,4006.02000000,4055.90000000,30661.59240000
2072,2021-12-12 08:00:00,4055.90000000,4059.95000000,3986.25000000,4036.09000000,37841.82820000
2073,2021-12-12 12:00:00,4036.09000000,4060.00000000,4015.58000000,4024.68000000,42569.20990000
2074,2021-12-12 16:00:00,4024.67000000,4169.95000000,4015.85000000,4139.31000000,73185.88110000
2075,2021-12-12 20:00:00,4139.58000000,4173.63000000,4114.23000000,4130.00000000,36869.76160000
2076,2021-12-13 00:00:00,4130.00000000,4142.75000000,3953.89000000,3996.32000000,83850.81350000
2077,2021-12-13 04:00:00,3996.32000000,4046.99000000,3972.36000000,3987.07000000,50155.24660000
2078,2021-12-13 08:00:00,3987.08000000,4032.00000000,3950.27000000,4011.25000000,39724.29300000
2079,2021-12-13 12:00:00,4011.26000000,4021.59000000,3764.12000000,3810.99000000,128122.05990000
2080,2021-12-13 16:00:00,3810.99000000,3875.12000000,3671.45000000,3765.80000000,147658.63570000
2081,2021-12-13 20:00:00,3765.80000000,3813.26000000,3713.06000000,3781.93000000,83956.18200000
2082,2021-12-14 00:00:00,3781.92000000,3833.00000000,3750.00000000,3775.14000000,56218.96170000
2083,2021-12-14 04:00:00,3775.13000000,3795.75000000,3685.00000000,3783.29000000,69789.44890000
2084,2021-12-14 08:00:00,3783.28000000,3844.70000000,3762.41000000,3839.20000000,70052.09720000
2085,2021-12-14 12:00:00,3839.20000000,3865.09000000,3763.01000000,3785.95000000,84528.70600000
2086,2021-12-14 16:00:00,3785.95000000,3802.62000000,3723.54000000,3768.74000000,50358.26200000
2087,2021-12-14 20:00:00,3768.74000000,3882.74000000,3768.06000000,3858.99000000,64198.27040000
2088,2021-12-15 00:00:00,3858.99000000,3896.00000000,3803.20000000,3847.45000000,48281.07240000
2089,2021-12-15 04:00:00,3847.45000000,3895.92000000,3824.25000000,3863.68000000,49903.99500000
2090,2021-12-15 08:00:00,3863.67000000,3900.00000000,3843.00000000,3851.12000000,47105.37170000
2091,2021-12-15 12:00:00,3851.12000000,3871.91000000,3653.41000000,3659.38000000,86428.48640000
2092,2021-12-15 16:00:00,3659.38000000,3986.80000000,3643.73000000,3969.54000000,192637.33700000
2093,2021-12-15 20:00:00,3969.37000000,4092.22000000,3966.01000000,4019.08000000,117711.79480000
2094,2021-12-16 00:00:00,4019.54000000,4058.47000000,4005.89000000,4018.08000000,54921.30360000
2095,2021-12-16 04:00:00,4018.09000000,4047.96000000,3978.46000000,4021.68000000,42478.54660000
2096,2021-12-16 08:00:00,4021.69000000,4083.26000000,4013.49000000,4069.63000000,49052.21610000
2097,2021-12-16 12:00:00,4069.99000000,4113.43000000,4005.95000000,4082.00000000,84094.50740000
2098,2021-12-16 16:00:00,4081.30000000,4110.53000000,3980.00000000,3996.82000000,86858.74820000
2099,2021-12-16 20:00:00,3996.81000000,4047.90000000,3942.11000000,3958.11000000,51374.70910000
2100,2021-12-17 00:00:00,3959.11000000,3994.10000000,3930.00000000,3968.03000000,39856.60150000
2101,2021-12-17 04:00:00,3967.73000000,3988.69000000,3852.00000000,3881.54000000,82642.75030000
2102,2021-12-17 08:00:00,3881.55000000,3896.10000000,3806.00000000,3834.36000000,62266.30890000
2103,2021-12-17 12:00:00,3834.36000000,3850.70000000,3700.00000000,3834.55000000,134409.48300000
2104,2021-12-17 16:00:00,3834.55000000,3945.00000000,3827.17000000,3881.30000000,85799.68750000
2105,2021-12-17 20:00:00,3881.31000000,3941.37000000,3822.66000000,3875.42000000,58396.09130000
2106,2021-12-18 00:00:00,3875.43000000,3906.15000000,3767.01000000,3877.23000000,103734.65020000
2107,2021-12-18 04:00:00,3877.24000000,3937.00000000,3840.00000000,3890.43000000,55434.93340000
2108,2021-12-18 08:00:00,3890.43000000,3994.68000000,3875.74000000,3958.13000000,73391.44440000
2109,2021-12-18 12:00:00,3958.60000000,3983.39000000,3925.70000000,3945.41000000,41803.00280000
2110,2021-12-18 16:00:00,3945.41000000,3967.86000000,3907.45000000,3943.20000000,33886.05850000
2111,2021-12-18 20:00:00,3943.20000000,3996.93000000,3926.50000000,3959.93000000,31343.16500000
2112,2021-12-19 00:00:00,3959.93000000,4032.43000000,3884.89000000,3988.58000000,63366.28300000
2113,2021-12-19 04:00:00,3988.58000000,4026.99000000,3965.33000000,3977.00000000,41476.45710000
2114,2021-12-19 08:00:00,3976.99000000,3988.50000000,3897.60000000,3925.36000000,62224.63900000
2115,2021-12-19 12:00:00,3925.36000000,3998.00000000,3898.21000000,3927.26000000,65097.57720000
2116,2021-12-19 16:00:00,3927.25000000,3951.89000000,3884.00000000,3914.06000000,35579.94680000
2117,2021-12-19 20:00:00,3914.05000000,3991.00000000,3896.51000000,3924.14000000,38261.41990000
2118,2021-12-20 00:00:00,3924.14000000,3983.37000000,3890.00000000,3906.62000000,49525.31460000
2119,2021-12-20 04:00:00,3906.62000000,3933.76000000,3807.56000000,3823.97000000,57436.04310000
2120,2021-12-20 08:00:00,3823.97000000,3835.00000000,3759.74000000,3813.02000000,52501.42870000
2121,2021-12-20 12:00:00,3813.02000000,3848.21000000,3753.00000000,3800.77000000,75513.18260000
2122,2021-12-20 16:00:00,3800.77000000,3883.63000000,3792.08000000,3872.19000000,47719.50180000
2123,2021-12-20 20:00:00,3872.18000000,3968.23000000,3872.03000000,3944.73000000,84221.00630000
2124,2021-12-21 00:00:00,3944.72000000,4024.11000000,3913.21000000,4007.46000000,77046.80770000
2125,2021-12-21 04:00:00,4007.48000000,4055.00000000,3989.32000000,4003.21000000,76917.17970000
2126,2021-12-21 08:00:00,4003.37000000,4037.73000000,3992.90000000,4025.32000000,48692.75290000
2127,2021-12-21 12:00:00,4025.32000000,4063.00000000,3959.66000000,3978.21000000,68264.24340000
2128,2021-12-21 16:00:00,3978.60000000,4013.11000000,3972.01000000,4007.87000000,31897.96210000
2129,2021-12-21 20:00:00,4007.87000000,4042.77000000,3995.53000000,4014.15000000,38007.40950000
2130,2021-12-22 00:00:00,4014.41000000,4074.87000000,3992.03000000,4048.60000000,54029.51730000
2131,2021-12-22 04:00:00,4048.60000000,4060.00000000,4030.01000000,4047.24000000,39224.46210000
2132,2021-12-22 08:00:00,4047.25000000,4063.07000000,4003.25000000,4022.51000000,41991.51070000
2133,2021-12-22 12:00:00,4022.51000000,4031.07000000,3933.40000000,4007.24000000,90475.98650000
2134,2021-12-22 16:00:00,4007.18000000,4033.32000000,3955.51000000,3997.50000000,45328.30450000
2135,2021-12-22 20:00:00,3997.50000000,4019.70000000,3973.35000000,3979.51000000,32142.02650000
2136,2021-12-23 00:00:00,3979.51000000,4005.00000000,3910.10000000,3960.59000000,65308.15260000
2137,2021-12-23 04:00:00,3960.60000000,3972.00000000,3901.00000000,3911.60000000,35726.42190000
2138,2021-12-23 08:00:00,3911.60000000,3958.81000000,3893.23000000,3934.32000000,46645.45310000
2139,2021-12-23 12:00:00,3934.31000000,3965.50000000,3925.01000000,3950.65000000,42037.38630000
2140,2021-12-23 16:00:00,3950.64000000,4150.00000000,3945.58000000,4133.64000000,137226.71220000
2141,2021-12-23 20:00:00,4133.64000000,4142.75000000,4085.22000000,4111.41000000,53263.69050000
2142,2021-12-24 00:00:00,4111.41000000,4129.00000000,4074.00000000,4092.03000000,46427.56230000
2143,2021-12-24 04:00:00,4092.02000000,4098.93000000,4060.94000000,4088.67000000,24655.36080000
2144,2021-12-24 08:00:00,4088.35000000,4118.05000000,4070.40000000,4079.00000000,33024.34360000
2145,2021-12-24 12:00:00,4079.00000000,4113.50000000,4048.22000000,4094.23000000,41144.58070000
2146,2021-12-24 16:00:00,4094.23000000,4134.84000000,4071.00000000,4078.29000000,39549.72620000
2147,2021-12-24 20:00:00,4078.28000000,4080.21000000,4017.17000000,4046.36000000,46031.59250000
2148,2021-12-25 00:00:00,4046.35000000,4075.86000000,4018.62000000,4038.69000000,32360.47930000
2149,2021-12-25 04:00:00,4038.70000000,4062.93000000,4019.02000000,4052.91000000,28103.51980000
2150,2021-12-25 08:00:00,4052.91000000,4062.78000000,4021.94000000,4051.59000000,24362.65740000
2151,2021-12-25 12:00:00,4051.74000000,4104.08000000,4049.84000000,4079.04000000,37555.59510000
2152,2021-12-25 16:00:00,4079.04000000,4100.00000000,4037.00000000,4076.89000000,43967.37900000
2153,2021-12-25 20:00:00,4076.91000000,4137.91000000,4073.73000000,4094.83000000,41777.24990000
2154,2021-12-26 00:00:00,4094.36000000,4102.44000000,4005.78000000,4013.21000000,46470.28580000
2155,2021-12-26 04:00:00,4013.39000000,4040.02000000,4000.00000000,4037.27000000,27073.20550000
2156,2021-12-26 08:00:00,4037.28000000,4060.01000000,4012.00000000,4033.01000000,31658.67080000
2157,2021-12-26 12:00:00,4033.20000000,4068.00000000,4021.39000000,4053.85000000,29686.22930000
2158,2021-12-26 16:00:00,4053.84000000,4081.00000000,4048.23000000,4076.10000000,20674.56870000
2159,2021-12-26 20:00:00,4076.11000000,4105.00000000,4042.69000000,4063.56000000,33746.29490000
2160,2021-12-27 00:00:00,4063.57000000,4087.56000000,4047.37000000,4080.09000000,31512.07330000
2161,2021-12-27 04:00:00,4080.10000000,4080.45000000,4048.00000000,4051.01000000,29178.26670000
2162,2021-12-27 08:00:00,4051.02000000,4065.97000000,4031.80000000,4060.22000000,29702.27500000
2163,2021-12-27 12:00:00,4060.23000000,4115.00000000,4043.42000000,4092.73000000,52697.92120000
2164,2021-12-27 16:00:00,4092.74000000,4127.46000000,4074.96000000,4077.78000000,41908.78470000
2165,2021-12-27 20:00:00,4077.78000000,4092.96000000,4031.00000000,4037.23000000,37226.05520000
2166,2021-12-28 00:00:00,4037.22000000,4037.23000000,3931.17000000,3960.70000000,73627.79410000
2167,2021-12-28 04:00:00,3960.71000000,3960.71000000,3877.00000000,3917.00000000,56536.59690000
2168,2021-12-28 08:00:00,3917.01000000,3933.98000000,3883.00000000,3920.90000000,48033.46000000
2169,2021-12-28 12:00:00,3920.89000000,3932.28000000,3850.14000000,3897.90000000,53723.45940000
2170,2021-12-28 16:00:00,3897.91000000,3902.17000000,3759.36000000,3807.96000000,90483.44190000
2171,2021-12-28 20:00:00,3807.96000000,3844.44000000,3790.00000000,3792.75000000,35659.96400000
2172,2021-12-29 00:00:00,3792.75000000,3827.78000000,3785.00000000,3816.15000000,35564.33320000
2173,2021-12-29 04:00:00,3816.15000000,3821.77000000,3786.52000000,3796.39000000,30144.60250000
2174,2021-12-29 08:00:00,3796.39000000,3825.50000000,3767.00000000,3790.96000000,39606.39020000
2175,2021-12-29 12:00:00,3790.90000000,3802.70000000,3696.65000000,3795.05000000,92290.01260000
2176,2021-12-29 16:00:00,3795.05000000,3799.32000000,3712.84000000,3725.68000000,34451.68240000
2177,2021-12-29 20:00:00,3725.69000000,3768.51000000,3604.20000000,3630.19000000,70696.61660000
2178,2021-12-30 00:00:00,3630.18000000,3670.67000000,3585.00000000,3649.41000000,61510.69650000
2179,2021-12-30 04:00:00,3649.40000000,3719.71000000,3646.30000000,3709.01000000,40305.81330000
2180,2021-12-30 08:00:00,3709.00000000,3747.57000000,3678.79000000,3737.68000000,40056.74940000
2181,2021-12-30 12:00:00,3737.68000000,3750.00000000,3701.03000000,3708.74000000,42020.15460000
2182,2021-12-30 16:00:00,3709.13000000,3769.10000000,3705.39000000,3751.06000000,34958.37620000
2183,2021-12-30 20:00:00,3751.06000000,3760.00000000,3681.33000000,3709.27000000,30411.94050000
2184,2021-12-31 00:00:00,3709.27000000,3747.44000000,3684.04000000,3742.78000000,35551.20600000
2185,2021-12-31 04:00:00,3742.77000000,3761.50000000,3687.00000000,3721.88000000,31759.07670000
2186,2021-12-31 08:00:00,3721.88000000,3815.00000000,3714.00000000,3780.92000000,69256.28900000
2187,2021-12-31 12:00:00,3780.92000000,3813.14000000,3773.44000000,3784.64000000,37346.22050000
2188,2021-12-31 16:00:00,3784.64000000,3788.45000000,3623.00000000,3626.27000000,54604.90270000
2189,2021-12-31 20:00:00,3626.21000000,3712.50000000,3622.29000000,3676.23000000,39496.59930000
2190,2022-01-01 00:00:00,3676.22000000,3748.45000000,3676.22000000,3723.96000000,26592.76930000
2191,2022-01-01 04:00:00,3723.96000000,3765.27000000,3701.00000000,3715.31000000,27251.14010000
2192,2022-01-01 08:00:00,3715.32000000,3733.84000000,3673.46000000,3693.37000000,23727.99490000
2193,2022-01-01 12:00:00,3693.38000000,3745.36000000,3691.88000000,3725.30000000,27056.80640000
2194,2022-01-01 16:00:00,3725.29000000,3766.00000000,3718.71000000,3747.61000000,27250.41990000
2195,2022-01-01 20:00:00,3747.60000000,3776.45000000,3740.00000000,3765.54000000,22264.76620000
2196,2022-01-02 00:00:00,3765.54000000,3771.00000000,3741.80000000,3758.55000000,18383.53110000
2197,2022-01-02 04:00:00,3758.13000000,3761.92000000,3717.30000000,3747.22000000,19265.86800000
2198,2022-01-02 08:00:00,3747.22000000,3770.00000000,3732.39000000,3744.01000000,16876.84200000
2199,2022-01-02 12:00:00,3744.06000000,3790.38000000,3730.33000000,3778.17000000,24828.14980000
2200,2022-01-02 16:00:00,3778.17000000,3857.44000000,3771.91000000,3798.72000000,54477.91690000
2201,2022-01-02 20:00:00,3799.00000000,3840.02000000,3794.24000000,3828.27000000,20959.11850000
2202,2022-01-03 00:00:00,3828.11000000,3828.79000000,3775.70000000,3785.00000000,31303.86310000
2203,2022-01-03 04:00:00,3785.24000000,3822.99000000,3780.30000000,3808.88000000,25284.96700000
2204,2022-01-03 08:00:00,3808.88000000,3845.00000000,3789.66000000,3834.61000000,33876.14950000
2205,2022-01-03 12:00:00,3834.61000000,3853.09000000,3777.00000000,3784.04000000,45884.80920000
2206,2022-01-03 16:00:00,3784.04000000,3795.00000000,3735.20000000,3738.40000000,41527.36820000
2207,2022-01-03 20:00:00,3738.39000000,3778.67000000,3680.00000000,3765.89000000,58368.70160000
2208,2022-01-04 00:00:00,3765.89000000,3774.36000000,3713.11000000,3744.23000000,31746.50420000
2209,2022-01-04 04:00:00,3744.04000000,3764.53000000,3726.60000000,3763.87000000,23326.70650000
2210,2022-01-04 08:00:00,3763.88000000,3840.00000000,3757.58000000,3836.19000000,56266.28920000
2211,2022-01-04 12:00:00,3836.19000000,3900.73000000,3815.06000000,3849.52000000,70762.94940000
2212,2022-01-04 16:00:00,3849.51000000,3865.64000000,3758.40000000,3812.31000000,72941.02700000
2213,2022-01-04 20:00:00,3812.05000000,3832.51000000,3783.89000000,3785.11000000,33215.07860000
2214,2022-01-05 00:00:00,3785.10000000,3826.05000000,3766.00000000,3809.45000000,28599.39670000
2215,2022-01-05 04:00:00,3809.44000000,3822.89000000,3797.49000000,3815.74000000,20741.08300000
2216,2022-01-05 08:00:00,3815.73000000,3848.00000000,3781.42000000,3791.69000000,36435.10130000
2217,2022-01-05 12:00:00,3791.69000000,3833.00000000,3761.44000000,3820.97000000,46181.36800000
2218,2022-01-05 16:00:00,3820.97000000,3823.33000000,3645.60000000,3655.30000000,91109.24900000
2219,2022-01-05 20:00:00,3655.29000000,3666.14000000,3415.00000000,3540.63000000,174875.83830000
2220,2022-01-06 00:00:00,3539.82000000,3550.43000000,3445.75000000,3448.83000000,84114.40640000
2221,2022-01-06 04:00:00,3448.83000000,3480.42000000,3406.24000000,3453.12000000,95682.85490000
2222,2022-01-06 08:00:00,3453.04000000,3456.05000000,3300.00000000,3349.49000000,134482.58450000
2223,2022-01-06 12:00:00,3349.49000000,3426.00000000,3318.00000000,3397.01000000,88961.66320000
2224,2022-01-06 16:00:00,3397.01000000,3461.33000000,3382.11000000,3447.29000000,61229.44410000
2225,2022-01-06 20:00:00,3447.28000000,3458.73000000,3405.74000000,3406.81000000,32274.78820000
2226,2022-01-07 00:00:00,3406.81000000,3416.76000000,3227.82000000,3238.74000000,98869.04970000
2227,2022-01-07 04:00:00,3238.74000000,3251.42000000,3113.25000000,3202.25000000,182082.16870000
2228,2022-01-07 08:00:00,3201.75000000,3289.00000000,3188.01000000,3225.68000000,90340.77230000
2229,2022-01-07 12:00:00,3225.86000000,3268.79000000,3064.42000000,3131.69000000,163786.62340000
2230,2022-01-07 16:00:00,3131.69000000,3222.69000000,3091.00000000,3197.32000000,93458.94220000
2231,2022-01-07 20:00:00,3197.33000000,3225.24000000,3165.17000000,3199.24000000,41094.16990000
2232,2022-01-08 00:00:00,3198.68000000,3246.70000000,3181.00000000,3203.50000000,41016.56300000
2233,2022-01-08 04:00:00,3203.77000000,3230.01000000,3191.50000000,3216.13000000,35052.48630000
2234,2022-01-08 08:00:00,3216.14000000,3250.00000000,3198.64000000,3219.95000000,47637.13420000
2235,2022-01-08 12:00:00,3219.96000000,3230.33000000,3147.09000000,3160.72000000,51005.60130000
2236,2022-01-08 16:00:00,3160.33000000,3180.00000000,3000.00000000,3028.75000000,151772.32310000
2237,2022-01-08 20:00:00,3028.75000000,3133.56000000,3003.30000000,3080.95000000,74207.99820000
2238,2022-01-09 00:00:00,3080.98000000,3146.25000000,3057.35000000,3120.57000000,57736.12820000
2239,2022-01-09 04:00:00,3120.56000000,3147.53000000,3116.38000000,3127.51000000,29104.94680000
2240,2022-01-09 08:00:00,3127.51000000,3140.00000000,3084.81000000,3128.42000000,45132.74570000
2241,2022-01-09 12:00:00,3128.42000000,3135.00000000,3072.71000000,3098.05000000,41899.31280000
2242,2022-01-09 16:00:00,3098.06000000,3209.64000000,3092.34000000,3203.91000000,67564.00800000
2243,2022-01-09 20:00:00,3204.11000000,3211.72000000,3143.84000000,3151.97000000,34437.02280000
2244,2022-01-10 00:00:00,3151.97000000,3171.25000000,3128.11000000,3155.04000000,34457.66780000
2245,2022-01-10 04:00:00,3155.04000000,3185.00000000,3152.00000000,3163.24000000,37150.89920000
2246,2022-01-10 08:00:00,3163.24000000,3169.91000000,3094.39000000,3104.50000000,53386.36690000
2247,2022-01-10 12:00:00,3104.42000000,3110.94000000,2928.83000000,3006.26000000,229791.23700000
2248,2022-01-10 16:00:00,3006.27000000,3095.00000000,2970.68000000,3029.75000000,130708.94060000
2249,2022-01-10 20:00:00,3029.75000000,3096.15000000,3019.17000000,3082.68000000,44323.27510000
2250,2022-01-11 00:00:00,3082.87000000,3128.50000000,3051.80000000,3120.20000000,45638.91110000
2251,2022-01-11 04:00:00,3119.79000000,3137.01000000,3097.57000000,3129.59000000,31768.86370000
2252,2022-01-11 08:00:00,3129.59000000,3146.98000000,3088.00000000,3110.93000000,53502.80760000
2253,2022-01-11 12:00:00,3110.92000000,3158.56000000,3075.48000000,3133.56000000,65918.73390000
2254,2022-01-11 16:00:00,3133.55000000,3263.54000000,3130.00000000,3237.18000000,137059.46950000
2255,2022-01-11 20:00:00,3237.17000000,3249.06000000,3223.22000000,3239.72000000,28557.92290000
2256,2022-01-12 00:00:00,3239.73000000,3259.99000000,3217.52000000,3234.52000000,37172.05490000
2257,2022-01-12 04:00:00,3234.51000000,3260.89000000,3206.20000000,3217.52000000,45127.45290000
2258,2022-01-12 08:00:00,3217.53000000,3295.96000000,3215.78000000,3272.51000000,64712.11080000
2259,2022-01-12 12:00:00,3272.50000000,3388.02000000,3268.25000000,3361.76000000,134728.01770000
2260,2022-01-12 16:00:00,3361.75000000,3392.94000000,3336.34000000,3382.02000000,50746.51630000
2261,2022-01-12 20:00:00,3382.01000000,3411.43000000,3355.51000000,3371.26000000,37979.64890000
2262,2022-01-13 00:00:00,3371.60000000,3384.56000000,3310.00000000,3338.04000000,43018.48990000
2263,2022-01-13 04:00:00,3338.03000000,3352.67000000,3324.10000000,3339.99000000,31671.68370000
2264,2022-01-13 08:00:00,3339.99000000,3379.00000000,3328.86000000,3333.99000000,42080.28600000
2265,2022-01-13 12:00:00,3334.00000000,3410.00000000,3272.59000000,3301.43000000,106627.91280000
2266,2022-01-13 16:00:00,3301.42000000,3318.97000000,3247.52000000,3271.50000000,69821.56550000
2267,2022-01-13 20:00:00,3271.49000000,3278.73000000,3233.43000000,3240.61000000,43014.94200000
2268,2022-01-14 00:00:00,3240.61000000,3275.48000000,3222.22000000,3266.43000000,35148.57650000
2269,2022-01-14 04:00:00,3266.43000000,3312.39000000,3263.93000000,3268.97000000,41453.73170000
2270,2022-01-14 08:00:00,3268.96000000,3274.38000000,3193.34000000,3202.51000000,58649.33170000
2271,2022-01-14 12:00:00,3202.51000000,3299.69000000,3188.00000000,3278.00000000,74726.23820000
2272,2022-01-14 16:00:00,3278.16000000,3327.00000000,3258.18000000,3307.55000000,42306.39700000
2273,2022-01-14 20:00:00,3308.01000000,3342.79000000,3293.13000000,3307.42000000,33042.07540000
2274,2022-01-15 00:00:00,3307.42000000,3325.68000000,3295.14000000,3307.49000000,27181.99530000
2275,2022-01-15 04:00:00,3307.48000000,3320.50000000,3293.31000000,3313.52000000,22470.41850000
2276,2022-01-15 08:00:00,3313.53000000,3338.93000000,3310.00000000,3318.54000000,24284.79360000
2277,2022-01-15 12:00:00,3318.54000000,3369.94000000,3261.00000000,3361.97000000,75631.83120000
2278,2022-01-15 16:00:00,3361.97000000,3371.64000000,3339.32000000,3349.35000000,28685.31050000
2279,2022-01-15 20:00:00,3349.35000000,3370.24000000,3323.85000000,3326.04000000,24846.02870000
2280,2022-01-16 00:00:00,3326.51000000,3337.13000000,3295.14000000,3313.61000000,25452.52240000
2281,2022-01-16 04:00:00,3313.61000000,3340.04000000,3303.66000000,3331.75000000,24632.32740000
2282,2022-01-16 08:00:00,3332.00000000,3337.74000000,3285.49000000,3312.01000000,36056.92780000
2283,2022-01-16 12:00:00,3312.14000000,3362.58000000,3269.62000000,3353.50000000,63071.90940000
2284,2022-01-16 16:00:00,3353.49000000,3393.60000000,3312.79000000,3320.97000000,41561.46630000
2285,2022-01-16 20:00:00,3320.97000000,3362.26000000,3310.42000000,3346.88000000,20007.07440000
2286,2022-01-17 00:00:00,3346.89000000,3357.57000000,3256.01000000,3258.22000000,53176.16990000
2287,2022-01-17 04:00:00,3258.22000000,3299.95000000,3237.16000000,3270.70000000,48883.37460000
2288,2022-01-17 08:00:00,3270.71000000,3281.70000000,3251.00000000,3255.94000000,33598.82010000
2289,2022-01-17 12:00:00,3255.94000000,3280.60000000,3221.00000000,3236.65000000,45912.29200000
2290,2022-01-17 16:00:00,3236.65000000,3246.76000000,3180.13000000,3218.96000000,55796.83010000
2291,2022-01-17 20:00:00,3218.79000000,3224.24000000,3141.10000000,3209.67000000,46696.16810000
2292,2022-01-18 00:00:00,3209.68000000,3243.87000000,3175.03000000,3182.33000000,39948.27530000
2293,2022-01-18 04:00:00,3182.32000000,3208.00000000,3163.17000000,3187.81000000,32002.76490000
2294,2022-01-18 08:00:00,3187.80000000,3191.61000000,3128.39000000,3171.21000000,55344.69920000
2295,2022-01-18 12:00:00,3171.22000000,3181.17000000,3100.18000000,3116.54000000,74339.43090000
2296,2022-01-18 16:00:00,3116.54000000,3140.25000000,3082.00000000,3127.67000000,53498.86100000
2297,2022-01-18 20:00:00,3127.68000000,3193.00000000,3100.28000000,3159.85000000,44000.24150000
2298,2022-01-19 00:00:00,3159.85000000,3174.87000000,3088.00000000,3099.38000000,51315.94310000
2299,2022-01-19 04:00:00,3099.39000000,3114.49000000,3046.82000000,3062.00000000,53071.23680000
2300,2022-01-19 08:00:00,3062.00000000,3130.33000000,3000.00000000,3117.28000000,78622.61280000
2301,2022-01-19 12:00:00,3117.15000000,3161.85000000,3110.57000000,3122.68000000,60961.63230000
2302,2022-01-19 16:00:00,3122.69000000,3158.78000000,3082.81000000,3128.17000000,54605.48420000
2303,2022-01-19 20:00:00,3128.18000000,3138.64000000,3081.86000000,3084.02000000,34419.66110000
2304,2022-01-20 00:00:00,3084.02000000,3131.17000000,3083.00000000,3125.14000000,28682.91410000
2305,2022-01-20 04:00:00,3125.13000000,3153.80000000,3112.90000000,3138.91000000,29171.01710000
2306,2022-01-20 08:00:00,3138.79000000,3155.00000000,3116.68000000,3151.86000000,31046.54460000
2307,2022-01-20 12:00:00,3151.86000000,3270.52000000,3127.59000000,3261.42000000,90694.43310000
2308,2022-01-20 16:00:00,3261.41000000,3273.37000000,3203.77000000,3215.28000000,47401.17940000
2309,2022-01-20 20:00:00,3215.28000000,3219.29000000,2987.15000000,3001.48000000,130600.61790000
2310,2022-01-21 00:00:00,3001.48000000,3034.12000000,2810.02000000,2837.22000000,203402.81890000
2311,2022-01-21 04:00:00,2837.21000000,2897.07000000,2833.19000000,2882.65000000,100123.39400000
2312,2022-01-21 08:00:00,2882.66000000,2900.00000000,2834.44000000,2848.17000000,80615.37260000
2313,2022-01-21 12:00:00,2848.18000000,2854.68000000,2730.39000000,2830.90000000,188947.25610000
2314,2022-01-21 16:00:00,2830.46000000,2861.58000000,2738.17000000,2741.92000000,99726.46790000
2315,2022-01-21 20:00:00,2741.91000000,2764.82000000,2403.00000000,2568.15000000,349206.39074000
2316,2022-01-22 00:00:00,2567.47000000,2626.00000000,2540.00000000,2567.26000000,138044.18030000
2317,2022-01-22 04:00:00,2567.69000000,2577.01000000,2423.66000000,2464.10000000,184518.73640000
2318,2022-01-22 08:00:00,2464.03000000,2504.84000000,2300.00000000,2431.07000000,311631.47123000
2319,2022-01-22 12:00:00,2431.07000000,2521.84000000,2381.00000000,2387.00000000,168409.14910000
2320,2022-01-22 16:00:00,2387.00000000,2464.84000000,2320.00000000,2337.35000000,169723.71880000
2321,2022-01-22 20:00:00,2337.65000000,2472.01000000,2320.00000000,2412.18000000,109030.29310000
2322,2022-01-23 00:00:00,2412.18000000,2463.87000000,2385.90000000,2416.68000000,69943.33310000
2323,2022-01-23 04:00:00,2416.68000000,2502.32000000,2407.08000000,2487.83000000,106708.73010000
2324,2022-01-23 08:00:00,2487.84000000,2556.78000000,2477.00000000,2498.26000000,118975.24310000
2325,2022-01-23 12:00:00,2498.26000000,2518.27000000,2405.01000000,2432.49000000,95571.95060000
2326,2022-01-23 16:00:00,2432.49000000,2454.44000000,2375.82000000,2384.01000000,68448.17660000
2327,2022-01-23 20:00:00,2384.01000000,2547.65000000,2370.80000000,2539.01000000,120850.32780000
2328,2022-01-24 00:00:00,2539.00000000,2539.75000000,2431.80000000,2459.69000000,82992.10450000
2329,2022-01-24 04:00:00,2459.69000000,2471.38000000,2380.48000000,2386.65000000,58766.07060000
2330,2022-01-24 08:00:00,2386.65000000,2446.20000000,2200.90000000,2238.36000000,288094.33409000
2331,2022-01-24 12:00:00,2238.36000000,2286.24000000,2159.00000000,2274.99000000,341314.49910000
2332,2022-01-24 16:00:00,2274.55000000,2406.73000000,2212.30000000,2378.92000000,251502.37270000
2333,2022-01-24 20:00:00,2378.92000000,2480.58000000,2368.28000000,2439.29000000,100465.32290000
2334,2022-01-25 00:00:00,2439.56000000,2442.90000000,2377.60000000,2415.76000000,63630.79960000
2335,2022-01-25 04:00:00,2415.76000000,2421.96000000,2348.96000000,2383.35000000,54009.28460000
2336,2022-01-25 08:00:00,2383.35000000,2453.06000000,2373.56000000,2424.33000000,88550.99810000
2337,2022-01-25 12:00:00,2424.32000000,2469.12000000,2365.23000000,2419.34000000,147064.49640000
2338,2022-01-25 16:00:00,2419.03000000,2506.55000000,2412.51000000,2466.28000000,94992.90600000
2339,2022-01-25 20:00:00,2466.28000000,2471.46000000,2404.51000000,2458.83000000,61904.46930000
2340,2022-01-26 00:00:00,2459.04000000,2484.76000000,2414.71000000,2476.26000000,56940.21810000
2341,2022-01-26 04:00:00,2476.26000000,2500.00000000,2444.49000000,2461.46000000,55882.22390000
2342,2022-01-26 08:00:00,2461.17000000,2548.20000000,2460.37000000,2546.58000000,87523.28370000
2343,2022-01-26 12:00:00,2546.58000000,2668.58000000,2524.40000000,2605.44000000,192482.63529000
2344,2022-01-26 16:00:00,2605.44000000,2722.00000000,2560.00000000,2573.83000000,232020.71380000
2345,2022-01-26 20:00:00,2573.84000000,2573.84000000,2402.03000000,2462.99000000,181592.54810000
2346,2022-01-27 00:00:00,2463.00000000,2495.25000000,2354.02000000,2364.87000000,135651.74750000
2347,2022-01-27 04:00:00,2364.87000000,2419.63000000,2360.75000000,2403.78000000,64172.81880000
2348,2022-01-27 08:00:00,2403.78000000,2459.01000000,2385.19000000,2456.66000000,69239.53830000
2349,2022-01-27 12:00:00,2456.67000000,2521.00000000,2442.42000000,2479.84000000,100104.52770000
2350,2022-01-27 16:00:00,2479.60000000,2496.25000000,2390.50000000,2394.90000000,87427.10950000
2351,2022-01-27 20:00:00,2394.90000000,2431.23000000,2316.43000000,2424.25000000,142885.97410000
2352,2022-01-28 00:00:00,2424.02000000,2455.00000000,2360.00000000,2446.92000000,81391.24000000
2353,2022-01-28 04:00:00,2446.91000000,2474.09000000,2390.00000000,2390.30000000,69083.78540000
2354,2022-01-28 08:00:00,2390.31000000,2420.99000000,2371.87000000,2396.84000000,65439.24710000
2355,2022-01-28 12:00:00,2396.84000000,2448.60000000,2357.88000000,2442.94000000,111047.40770000
2356,2022-01-28 16:00:00,2442.94000000,2492.26000000,2425.51000000,2461.74000000,76347.33620000
2357,2022-01-28 20:00:00,2461.74000000,2558.98000000,2459.44000000,2544.99000000,81840.79010000
2358,2022-01-29 00:00:00,2544.99000000,2585.89000000,2520.01000000,2541.48000000,59693.88660000
2359,2022-01-29 04:00:00,2541.48000000,2570.00000000,2522.65000000,2567.94000000,62503.01360000
2360,2022-01-29 08:00:00,2567.94000000,2578.62000000,2535.00000000,2554.84000000,38563.48480000
2361,2022-01-29 12:00:00,2554.83000000,2607.69000000,2523.65000000,2543.36000000,104068.69850000
2362,2022-01-29 16:00:00,2543.68000000,2605.55000000,2527.01000000,2589.99000000,47441.48760000
2363,2022-01-29 20:00:00,2589.99000000,2636.66000000,2580.25000000,2601.43000000,64396.25350000
2364,2022-01-30 00:00:00,2601.43000000,2614.97000000,2563.49000000,2570.48000000,44801.72250000
2365,2022-01-30 04:00:00,2570.48000000,2632.40000000,2568.00000000,2618.89000000,52402.51980000
2366,2022-01-30 08:00:00,2618.89000000,2640.00000000,2597.30000000,2626.24000000,35595.54590000
2367,2022-01-30 12:00:00,2626.24000000,2639.00000000,2585.58000000,2617.20000000,44431.92670000
2368,2022-01-30 16:00:00,2617.19000000,2624.66000000,2552.95000000,2560.25000000,42945.55360000
2369,2022-01-30 20:00:00,2560.25000000,2632.60000000,2542.50000000,2601.68000000,70592.81740000
2370,2022-01-31 00:00:00,2601.67000000,2608.48000000,2490.75000000,2512.07000000,100103.86060000
2371,2022-01-31 04:00:00,2512.07000000,2529.54000000,2476.07000000,2529.07000000,38461.91550000
2372,2022-01-31 08:00:00,2529.07000000,2569.75000000,2518.45000000,2558.01000000,43930.58620000
2373,2022-01-31 12:00:00,2558.00000000,2635.00000000,2520.00000000,2620.66000000,88049.15610000
2374,2022-01-31 16:00:00,2620.66000000,2706.77000000,2613.35000000,2672.72000000,120641.95050000
2375,2022-01-31 20:00:00,2672.50000000,2705.84000000,2662.51000000,2686.94000000,53397.38210000
2376,2022-02-01 00:00:00,2686.94000000,2757.90000000,2673.52000000,2751.62000000,68492.66632000
2377,2022-02-01 04:00:00,2751.63000000,2767.31000000,2718.22000000,2736.69000000,45243.85150000
2378,2022-02-01 08:00:00,2736.69000000,2796.79000000,2719.00000000,2761.32000000,82354.48390000
2379,2022-02-01 12:00:00,2761.31000000,2811.26000000,2732.05000000,2768.54000000,99189.54140000
2380,2022-02-01 16:00:00,2768.14000000,2813.00000000,2750.44000000,2751.02000000,60826.61300000
2381,2022-02-01 20:00:00,2751.03000000,2804.02000000,2750.42000000,2787.23000000,33927.11750000
2382,2022-02-02 00:00:00,2787.48000000,2803.53000000,2741.67000000,2781.05000000,46737.21050000
2383,2022-02-02 04:00:00,2781.05000000,2781.43000000,2741.05000000,2749.36000000,40480.24190000
2384,2022-02-02 08:00:00,2749.35000000,2777.71000000,2740.00000000,2766.89000000,31003.41060000
2385,2022-02-02 12:00:00,2766.90000000,2810.88000000,2652.92000000,2663.90000000,133187.31620000
2386,2022-02-02 16:00:00,2663.90000000,2719.92000000,2638.00000000,2707.21000000,82544.59820000
2387,2022-02-02 20:00:00,2707.26000000,2735.00000000,2612.72000000,2680.67000000,113899.34540000
2388,2022-02-03 00:00:00,2680.25000000,2726.64000000,2651.56000000,2657.65000000,65217.38930000
2389,2022-02-03 04:00:00,2657.65000000,2677.58000000,2638.00000000,2671.40000000,53763.76970000
2390,2022-02-03 08:00:00,2671.35000000,2685.00000000,2582.75000000,2621.91000000,76771.15450000
2391,2022-02-03 12:00:00,2622.00000000,2648.40000000,2576.05000000,2640.01000000,91852.47600000
2392,2022-02-03 16:00:00,2640.00000000,2659.87000000,2590.66000000,2598.11000000,52352.31000000
2393,2022-02-03 20:00:00,2598.11000000,2699.00000000,2576.31000000,2695.46000000,65086.29360000
2394,2022-02-04 00:00:00,2695.21000000,2698.43000000,2671.40000000,2682.99000000,41240.36560000
2395,2022-02-04 04:00:00,2682.99000000,2808.54000000,2675.48000000,2804.55000000,127324.07000000
2396,2022-02-04 08:00:00,2804.52000000,2870.00000000,2803.94000000,2828.17000000,108845.68600000
2397,2022-02-04 12:00:00,2828.33000000,2928.00000000,2762.45000000,2871.78000000,194620.54550000
2398,2022-02-04 16:00:00,2871.79000000,2968.86000000,2867.84000000,2958.75000000,126983.32160000
2399,2022-02-04 20:00:00,2958.75000000,2995.00000000,2930.17000000,2994.99000000,64988.94410000
2400,2022-02-05 00:00:00,2994.99000000,3017.02000000,2958.01000000,2997.74000000,74486.02620000
2401,2022-02-05 04:00:00,2997.75000000,3037.90000000,2987.69000000,3001.43000000,63785.42430000
2402,2022-02-05 08:00:00,3001.43000000,3035.69000000,2988.07000000,3011.72000000,47467.10580000
2403,2022-02-05 12:00:00,3011.72000000,3060.47000000,2998.05000000,3051.33000000,70988.49590000
2404,2022-02-05 16:00:00,3051.33000000,3055.85000000,2961.00000000,3011.00000000,73311.16260000
2405,2022-02-05 20:00:00,3011.00000000,3036.78000000,2993.36000000,3012.65000000,26765.09230000
2406,2022-02-06 00:00:00,3012.64000000,3033.84000000,3008.58000000,3008.60000000,23732.32460000
2407,2022-02-06 04:00:00,3008.59000000,3022.07000000,2988.70000000,3010.56000000,29287.15990000
2408,2022-02-06 08:00:00,3010.56000000,3022.52000000,2998.05000000,3006.40000000,25619.56290000
2409,2022-02-06 12:00:00,3006.39000000,3047.00000000,2950.21000000,2991.65000000,87507.13170000
2410,2022-02-06 16:00:00,2991.66000000,3009.98000000,2978.23000000,3001.39000000,31010.37230000
2411,2022-02-06 20:00:00,3001.40000000,3074.56000000,2975.39000000,3054.99000000,52238.04520000
2412,2022-02-07 00:00:00,3055.00000000,3075.00000000,2991.80000000,3068.82000000,74840.22700000
2413,2022-02-07 04:00:00,3068.82000000,3110.44000000,3055.34000000,3079.48000000,77490.90950000
2414,2022-02-07 08:00:00,3079.48000000,3085.82000000,3049.01000000,3067.24000000,53503.53560000
2415,2022-02-07 12:00:00,3067.24000000,3127.85000000,3054.09000000,3123.15000000,90836.76020000
2416,2022-02-07 16:00:00,3123.16000000,3186.00000000,3107.00000000,3166.64000000,101547.12100000
2417,2022-02-07 20:00:00,3166.65000000,3184.64000000,3129.53000000,3139.77000000,56851.69960000
2418,2022-02-08 00:00:00,3139.77000000,3157.40000000,3112.00000000,3146.45000000,57427.30720000
2419,2022-02-08 04:00:00,3146.46000000,3232.87000000,3142.35000000,3174.11000000,110663.59020000
2420,2022-02-08 08:00:00,3174.11000000,3178.66000000,3073.57000000,3105.20000000,113464.80900000
2421,2022-02-08 12:00:00,3105.19000000,3105.20000000,3029.20000000,3076.19000000,97760.20900000
2422,2022-02-08 16:00:00,3076.18000000,3084.98000000,3025.21000000,3051.60000000,69953.60500000
2423,2022-02-08 20:00:00,3051.61000000,3138.00000000,3046.31000000,3116.69000000,65504.06330000
2424,2022-02-09 00:00:00,3116.69000000,3132.00000000,3060.41000000,3076.52000000,50251.70890000
2425,2022-02-09 04:00:00,3076.52000000,3112.61000000,3055.00000000,3105.93000000,41328.14800000
2426,2022-02-09 08:00:00,3105.93000000,3158.37000000,3069.00000000,3152.89000000,63183.93530000
2427,2022-02-09 12:00:00,3152.89000000,3216.99000000,3140.00000000,3178.45000000,90666.56180000
2428,2022-02-09 16:00:00,3178.44000000,3258.00000000,3163.02000000,3246.94000000,74860.45290000
2429,2022-02-09 20:00:00,3246.94000000,3269.70000000,3230.83000000,3243.94000000,49977.08440000
2430,2022-02-10 00:00:00,3243.60000000,3248.98000000,3170.87000000,3179.60000000,49659.47310000
2431,2022-02-10 04:00:00,3179.59000000,3197.12000000,3156.45000000,3189.90000000,47518.88830000
2432,2022-02-10 08:00:00,3189.90000000,3283.66000000,3183.62000000,3248.05000000,84462.28000000
2433,2022-02-10 12:00:00,3248.05000000,3264.85000000,3085.50000000,3209.91000000,217178.41930000
2434,2022-02-10 16:00:00,3209.90000000,3247.90000000,3112.42000000,3121.07000000,106648.30620000
2435,2022-02-10 20:00:00,3121.08000000,3140.82000000,3056.74000000,3072.49000000,72745.47140000
2436,2022-02-11 00:00:00,3072.36000000,3096.80000000,3001.00000000,3081.08000000,82881.75760000
2437,2022-02-11 04:00:00,3080.97000000,3105.39000000,3040.34000000,3098.34000000,51334.45060000
2438,2022-02-11 08:00:00,3098.25000000,3115.98000000,3062.56000000,3088.30000000,53992.99530000
2439,2022-02-11 12:00:00,3088.30000000,3138.62000000,3079.16000000,3102.93000000,71406.72730000
2440,2022-02-11 16:00:00,3102.92000000,3113.33000000,2967.00000000,2992.89000000,103499.54380000
2441,2022-02-11 20:00:00,2992.90000000,3001.65000000,2879.00000000,2927.54000000,98910.40050000
2442,2022-02-12 00:00:00,2927.54000000,2959.65000000,2910.33000000,2934.20000000,45748.44730000
2443,2022-02-12 04:00:00,2934.20000000,2948.89000000,2880.01000000,2918.93000000,46437.50430000
2444,2022-02-12 08:00:00,2918.92000000,2943.01000000,2871.61000000,2931.09000000,49167.72980000
2445,2022-02-12 12:00:00,2931.08000000,2937.79000000,2858.30000000,2880.40000000,64466.55290000
2446,2022-02-12 16:00:00,2880.09000000,2978.32000000,2864.57000000,2952.51000000,66300.79200000
2447,2022-02-12 20:00:00,2952.50000000,2985.98000000,2866.06000000,2918.88000000,64129.28680000
2448,2022-02-13 00:00:00,2918.58000000,2946.66000000,2897.69000000,2918.72000000,27612.64070000
2449,2022-02-13 04:00:00,2918.72000000,2929.61000000,2899.71000000,2923.09000000,30362.49970000
2450,2022-02-13 08:00:00,2923.07000000,2946.00000000,2908.08000000,2931.38000000,31021.22650000
2451,2022-02-13 12:00:00,2931.38000000,2954.40000000,2909.73000000,2919.75000000,48708.28810000
2452,2022-02-13 16:00:00,2919.75000000,2922.29000000,2836.70000000,2856.97000000,67446.39970000
2453,2022-02-13 20:00:00,2856.96000000,2908.82000000,2847.58000000,2871.13000000,37600.30000000
2454,2022-02-14 00:00:00,2871.14000000,2893.70000000,2829.01000000,2865.64000000,46159.16280000
2455,2022-02-14 04:00:00,2865.65000000,2884.55000000,2844.29000000,2883.06000000,36251.12310000
2456,2022-02-14 08:00:00,2883.06000000,2890.06000000,2846.03000000,2874.39000000,46725.10990000
2457,2022-02-14 12:00:00,2874.39000000,2964.87000000,2856.85000000,2936.51000000,114086.27290000
2458,2022-02-14 16:00:00,2936.50000000,2964.97000000,2857.28000000,2879.64000000,94374.88900000
2459,2022-02-14 20:00:00,2879.63000000,2948.74000000,2866.43000000,2929.75000000,44181.68030000
2460,2022-02-15 00:00:00,2929.75000000,3037.82000000,2912.06000000,3025.12000000,96597.47180000
2461,2022-02-15 04:00:00,3025.12000000,3061.76000000,3007.40000000,3049.45000000,48882.11910000
2462,2022-02-15 08:00:00,3049.44000000,3117.36000000,3040.90000000,3094.84000000,97137.82990000
2463,2022-02-15 12:00:00,3094.82000000,3149.00000000,3088.08000000,3122.60000000,87606.28470000
2464,2022-02-15 16:00:00,3122.61000000,3141.37000000,3085.57000000,3109.34000000,60411.10300000
2465,2022-02-15 20:00:00,3109.33000000,3196.19000000,3092.05000000,3183.52000000,58336.94550000
2466,2022-02-16 00:00:00,3183.53000000,3184.55000000,3132.95000000,3141.00000000,43926.83260000
2467,2022-02-16 04:00:00,3141.00000000,3152.82000000,3105.00000000,3149.50000000,37041.27710000
2468,2022-02-16 08:00:00,3149.49000000,3162.86000000,3112.77000000,3135.64000000,36436.99010000
2469,2022-02-16 12:00:00,3135.64000000,3144.38000000,3051.28000000,3066.27000000,78718.05530000
2470,2022-02-16 16:00:00,3066.28000000,3186.77000000,3044.03000000,3169.28000000,85026.80210000
2471,2022-02-16 20:00:00,3169.28000000,3179.10000000,3116.96000000,3122.30000000,38847.66720000
2472,2022-02-17 00:00:00,3122.31000000,3160.00000000,3083.23000000,3083.85000000,42797.65790000
2473,2022-02-17 04:00:00,3083.85000000,3112.00000000,3050.00000000,3109.28000000,58975.86860000
2474,2022-02-17 08:00:00,3109.27000000,3137.32000000,3029.44000000,3065.52000000,78237.86120000
2475,2022-02-17 12:00:00,3065.53000000,3086.76000000,2961.31000000,2989.26000000,111588.69070000
2476,2022-02-17 16:00:00,2989.26000000,3005.75000000,2882.43000000,2910.36000000,120566.51940000
2477,2022-02-17 20:00:00,2910.37000000,2914.80000000,2851.55000000,2891.87000000,76526.66460000
2478,2022-02-18 00:00:00,2891.88000000,2920.20000000,2861.00000000,2907.36000000,61134.10090000
2479,2022-02-18 04:00:00,2907.31000000,2916.99000000,2876.89000000,2905.25000000,41193.57370000
2480,2022-02-18 08:00:00,2905.25000000,2943.97000000,2872.01000000,2878.66000000,54175.03020000
2481,2022-02-18 12:00:00,2878.66000000,2907.36000000,2789.00000000,2800.47000000,140043.29020000
2482,2022-02-18 16:00:00,2800.46000000,2825.72000000,2750.00000000,2797.87000000,153999.86590000
2483,2022-02-18 20:00:00,2797.87000000,2807.32000000,2753.72000000,2779.48000000,52431.54600000
2484,2022-02-19 00:00:00,2779.30000000,2830.96000000,2766.37000000,2805.38000000,40409.64740000
2485,2022-02-19 04:00:00,2805.38000000,2825.98000000,2793.72000000,2812.05000000,31824.62050000
2486,2022-02-19 08:00:00,2812.05000000,2819.33000000,2707.37000000,2722.69000000,69006.28680000
2487,2022-02-19 12:00:00,2722.68000000,2752.39000000,2694.45000000,2746.06000000,67471.70610000
2488,2022-02-19 16:00:00,2746.06000000,2796.00000000,2740.00000000,2744.67000000,56228.64170000
2489,2022-02-19 20:00:00,2744.68000000,2767.84000000,2727.39000000,2763.63000000,28897.10000000
2490,2022-02-20 00:00:00,2763.63000000,2764.64000000,2698.00000000,2713.12000000,39672.45290000
2491,2022-02-20 04:00:00,2713.12000000,2718.00000000,2620.00000000,2654.17000000,102126.17790000
2492,2022-02-20 08:00:00,2654.18000000,2654.75000000,2600.00000000,2643.00000000,67041.88720000
2493,2022-02-20 12:00:00,2642.99000000,2665.13000000,2600.83000000,2652.36000000,61844.44710000
2494,2022-02-20 16:00:00,2652.37000000,2675.18000000,2631.36000000,2649.67000000,42675.82120000
2495,2022-02-20 20:00:00,2649.67000000,2666.23000000,2576.00000000,2621.99000000,73024.11770000
2496,2022-02-21 00:00:00,2621.99000000,2739.64000000,2605.11000000,2710.89000000,95468.63090000
2497,2022-02-21 04:00:00,2710.90000000,2756.60000000,2710.15000000,2747.44000000,55048.66280000
2498,2022-02-21 08:00:00,2747.45000000,2759.51000000,2605.27000000,2626.78000000,104434.36520000
2499,2022-02-21 12:00:00,2626.78000000,2750.88000000,2580.30000000,2723.40000000,212572.48830000
2500,2022-02-21 16:00:00,2723.41000000,2745.00000000,2606.34000000,2652.76000000,141165.19350000
2501,2022-02-21 20:00:00,2652.76000000,2675.52000000,2558.00000000,2568.02000000,153149.64510000
2502,2022-02-22 00:00:00,2568.03000000,2621.70000000,2506.20000000,2519.26000000,140862.28940000
2503,2022-02-22 04:00:00,2519.25000000,2548.23000000,2500.00000000,2515.81000000,109551.27190000
2504,2022-02-22 08:00:00,2515.81000000,2608.87000000,2514.40000000,2589.35000000,111472.51820000
2505,2022-02-22 12:00:00,2589.34000000,2665.74000000,2566.49000000,2623.82000000,160909.51640000
2506,2022-02-22 16:00:00,2623.83000000,2640.00000000,2580.00000000,2632.74000000,106749.15660000
2507,2022-02-22 20:00:00,2632.74000000,2655.40000000,2590.85000000,2636.29000000,63094.74170000
2508,2022-02-23 00:00:00,2636.28000000,2654.53000000,2597.38000000,2625.07000000,65548.25090000
2509,2022-02-23 04:00:00,2625.06000000,2699.33000000,2620.37000000,2695.63000000,73776.33280000
2510,2022-02-23 08:00:00,2695.62000000,2738.83000000,2682.37000000,2719.62000000,93942.17040000
2511,2022-02-23 12:00:00,2719.61000000,2753.55000000,2683.27000000,2688.35000000,95166.42950000
2512,2022-02-23 16:00:00,2688.35000000,2729.99000000,2619.48000000,2633.14000000,100800.77570000
2513,2022-02-23 20:00:00,2633.14000000,2641.41000000,2575.83000000,2579.71000000,75236.18190000
2514,2022-02-24 00:00:00,2579.70000000,2593.24000000,2388.00000000,2397.41000000,204521.91330000
2515,2022-02-24 04:00:00,2397.41000000,2410.09000000,2300.00000000,2370.45000000,337011.02750000
2516,2022-02-24 08:00:00,2370.45000000,2431.91000000,2332.11000000,2394.51000000,212746.89570000
2517,2022-02-24 12:00:00,2394.52000000,2476.86000000,2349.57000000,2455.09000000,244075.70540000
2518,2022-02-24 16:00:00,2455.32000000,2599.99000000,2429.57000000,2596.31000000,200567.93310000
2519,2022-02-24 20:00:00,2596.32000000,2740.00000000,2544.44000000,2596.20000000,196809.30030000
2520,2022-02-25 00:00:00,2596.26000000,2649.96000000,2582.37000000,2636.92000000,96575.53370000
2521,2022-02-25 04:00:00,2636.92000000,2646.00000000,2585.25000000,2612.96000000,91256.02820000
2522,2022-02-25 08:00:00,2612.96000000,2640.84000000,2571.72000000,2632.90000000,91156.33720000
2523,2022-02-25 12:00:00,2632.89000000,2743.00000000,2632.65000000,2732.79000000,181779.57250000
2524,2022-02-25 16:00:00,2732.79000000,2745.94000000,2666.03000000,2678.81000000,84127.01360000
2525,2022-02-25 20:00:00,2678.81000000,2834.97000000,2668.74000000,2768.49000000,134499.69100000
2526,2022-02-26 00:00:00,2768.05000000,2878.00000000,2761.31000000,2793.59000000,107214.93040000
2527,2022-02-26 04:00:00,2793.59000000,2821.86000000,2757.52000000,2792.94000000,56680.02860000
2528,2022-02-26 08:00:00,2792.89000000,2816.76000000,2727.50000000,2751.48000000,80919.06590000
2529,2022-02-26 12:00:00,2751.48000000,2809.51000000,2742.16000000,2785.08000000,61675.30160000
2530,2022-02-26 16:00:00,2785.15000000,2834.36000000,2764.44000000,2809.01000000,54956.29580000
2531,2022-02-26 20:00:00,2809.02000000,2855.01000000,2764.43000000,2779.47000000,57039.63060000
2532,2022-02-27 00:00:00,2779.47000000,2790.76000000,2678.21000000,2715.97000000,84989.98430000
2533,2022-02-27 04:00:00,2715.97000000,2745.01000000,2696.90000000,2736.62000000,39005.80220000
2534,2022-02-27 08:00:00,2736.62000000,2832.31000000,2722.37000000,2820.97000000,69750.94930000
2535,2022-02-27 12:00:00,2820.97000000,2836.33000000,2713.23000000,2808.77000000,138792.28680000
2536,2022-02-27 16:00:00,2809.14000000,2810.00000000,2600.00000000,2608.23000000,129687.30960000
2537,2022-02-27 20:00:00,2608.23000000,2659.97000000,2557.98000000,2616.79000000,187972.44630000
2538,2022-02-28 00:00:00,2616.79000000,2680.00000000,2590.00000000,2608.05000000,103665.07780000
2539,2022-02-28 04:00:00,2608.05000000,2653.75000000,2568.62000000,2635.32000000,92456.91810000
2540,2022-02-28 08:00:00,2635.32000000,2658.00000000,2611.48000000,2640.54000000,57568.63100000
2541,2022-02-28 12:00:00,2640.55000000,2829.99000000,2607.38000000,2815.44000000,216167.65080000
2542,2022-02-28 16:00:00,2815.44000000,2830.77000000,2789.00000000,2808.25000000,128454.89090000
2543,2022-02-28 20:00:00,2808.24000000,2951.60000000,2796.08000000,2920.95000000,135481.28020000
2544,2022-03-01 00:00:00,2920.83000000,2974.30000000,2889.50000000,2911.83000000,113187.02440000
2545,2022-03-01 04:00:00,2911.83000000,2934.20000000,2882.33000000,2922.03000000,74606.12620000
2546,2022-03-01 08:00:00,2921.94000000,2932.67000000,2854.09000000,2903.08000000,100678.43450000
2547,2022-03-01 12:00:00,2903.08000000,3037.94000000,2899.39000000,2949.00000000,237840.31260000
2548,2022-03-01 16:00:00,2948.99000000,2976.48000000,2897.16000000,2945.96000000,97377.98560000
2549,2022-03-01 20:00:00,2945.95000000,2979.99000000,2938.42000000,2976.33000000,50211.81430000
2550,2022-03-02 00:00:00,2976.33000000,3028.00000000,2914.21000000,3016.64000000,109358.66150000
2551,2022-03-02 04:00:00,3016.65000000,3043.91000000,2955.00000000,2968.84000000,93800.10430000
2552,2022-03-02 08:00:00,2968.81000000,3029.00000000,2950.64000000,3004.33000000,96164.98840000
2553,2022-03-02 12:00:00,3004.32000000,3035.00000000,2925.64000000,2952.71000000,202150.33900000
2554,2022-03-02 16:00:00,2952.70000000,2982.42000000,2914.31000000,2933.32000000,69202.70240000
2555,2022-03-02 20:00:00,2933.32000000,2987.62000000,2929.19000000,2947.30000000,43946.95050000
2556,2022-03-03 00:00:00,2947.31000000,2970.97000000,2886.77000000,2895.01000000,73220.58080000
2557,2022-03-03 04:00:00,2895.01000000,2920.81000000,2871.74000000,2908.03000000,56158.35530000
2558,2022-03-03 08:00:00,2908.02000000,2934.02000000,2878.00000000,2912.43000000,60529.63730000
2559,2022-03-03 12:00:00,2912.43000000,2934.98000000,2816.35000000,2828.00000000,109441.36520000
2560,2022-03-03 16:00:00,2827.99000000,2839.62000000,2785.00000000,2817.20000000,91567.87850000
2561,2022-03-03 20:00:00,2817.21000000,2849.55000000,2790.60000000,2833.99000000,55274.41820000
2562,2022-03-04 00:00:00,2834.00000000,2836.17000000,2687.47000000,2725.33000000,135667.23590000
2563,2022-03-04 04:00:00,2725.33000000,2734.00000000,2710.00000000,2733.07000000,42310.37250000
2564,2022-03-04 08:00:00,2733.08000000,2759.24000000,2704.50000000,2744.39000000,74345.08420000
2565,2022-03-04 12:00:00,2744.39000000,2755.56000000,2660.00000000,2671.72000000,126197.40680000
2566,2022-03-04 16:00:00,2671.73000000,2697.50000000,2610.27000000,2617.20000000,95899.16140000
2567,2022-03-04 20:00:00,2617.20000000,2629.99000000,2573.00000000,2622.10000000,81759.49800000
2568,2022-03-05 00:00:00,2622.11000000,2630.23000000,2589.38000000,2625.44000000,57884.87390000
2569,2022-03-05 04:00:00,2625.43000000,2643.50000000,2609.62000000,2638.15000000,42874.04380000
2570,2022-03-05 08:00:00,2638.14000000,2657.79000000,2631.00000000,2648.19000000,48403.76640000
2571,2022-03-05 12:00:00,2648.18000000,2672.23000000,2627.34000000,2642.81000000,52112.00310000
2572,2022-03-05 16:00:00,2642.81000000,2685.12000000,2640.00000000,2670.71000000,40771.75490000
2573,2022-03-05 20:00:00,2670.72000000,2681.16000000,2650.69000000,2665.15000000,26683.86150000
2574,2022-03-06 00:00:00,2665.16000000,2676.29000000,2635.00000000,2639.26000000,26540.39810000
2575,2022-03-06 04:00:00,2639.25000000,2659.98000000,2616.14000000,2644.93000000,38548.00270000
2576,2022-03-06 08:00:00,2644.93000000,2647.87000000,2590.00000000,2608.26000000,76370.33120000
2577,2022-03-06 12:00:00,2608.25000000,2648.78000000,2605.24000000,2626.84000000,56816.09420000
2578,2022-03-06 16:00:00,2626.83000000,2654.79000000,2604.00000000,2607.03000000,50896.19290000
2579,2022-03-06 20:00:00,2607.03000000,2644.45000000,2535.00000000,2551.29000000,87316.89080000
2580,2022-03-07 00:00:00,2551.30000000,2558.28000000,2506.99000000,2525.51000000,104069.97780000
2581,2022-03-07 04:00:00,2525.52000000,2542.68000000,2513.53000000,2520.88000000,51326.19300000
2582,2022-03-07 08:00:00,2520.88000000,2547.00000000,2491.00000000,2538.24000000,68614.07550000
2583,2022-03-07 12:00:00,2538.25000000,2649.00000000,2538.15000000,2617.00000000,142321.03270000
2584,2022-03-07 16:00:00,2617.01000000,2639.87000000,2448.52000000,2460.67000000,147214.72390000
2585,2022-03-07 20:00:00,2460.66000000,2528.16000000,2445.00000000,2491.12000000,106625.67580000
2586,2022-03-08 00:00:00,2491.12000000,2572.29000000,2480.15000000,2549.27000000,86862.63980000
2587,2022-03-08 04:00:00,2549.27000000,2564.58000000,2495.58000000,2535.86000000,78584.81520000
2588,2022-03-08 08:00:00,2535.86000000,2609.04000000,2527.29000000,2587.96000000,91001.46560000
2589,2022-03-08 12:00:00,2587.97000000,2608.29000000,2531.43000000,2559.46000000,126368.69140000
2590,2022-03-08 16:00:00,2559.45000000,2624.00000000,2525.26000000,2580.20000000,139074.08820000
2591,2022-03-08 20:00:00,2580.20000000,2589.66000000,2548.58000000,2575.97000000,39768.04190000
2592,2022-03-09 00:00:00,2575.98000000,2717.62000000,2567.70000000,2698.56000000,139921.72900000
2593,2022-03-09 04:00:00,2698.57000000,2746.66000000,2697.96000000,2745.00000000,104749.74640000
2594,2022-03-09 08:00:00,2744.99000000,2775.85000000,2722.95000000,2745.27000000,95578.05460000
2595,2022-03-09 12:00:00,2745.26000000,2769.07000000,2711.39000000,2757.47000000,103492.77570000
2596,2022-03-09 16:00:00,2757.47000000,2759.41000000,2679.72000000,2714.50000000,69742.05230000
2597,2022-03-09 20:00:00,2714.49000000,2735.52000000,2679.79000000,2726.98000000,49287.38230000
2598,2022-03-10 00:00:00,2726.98000000,2733.25000000,2652.64000000,2658.38000000,92174.97700000
2599,2022-03-10 04:00:00,2658.39000000,2664.72000000,2572.00000000,2593.26000000,138589.16300000
2600,2022-03-10 08:00:00,2593.25000000,2610.31000000,2575.00000000,2593.90000000,71409.89390000
2601,2022-03-10 12:00:00,2593.91000000,2648.00000000,2550.27000000,2597.49000000,156554.87550000
2602,2022-03-10 16:00:00,2597.49000000,2618.10000000,2583.59000000,2613.32000000,68946.49830000
2603,2022-03-10 20:00:00,2613.32000000,2621.24000000,2591.41000000,2606.70000000,31354.53000000
2604,2022-03-11 00:00:00,2606.69000000,2610.61000000,2522.57000000,2551.95000000,84826.40120000
2605,2022-03-11 04:00:00,2551.95000000,2617.53000000,2533.69000000,2608.67000000,70510.28410000
2606,2022-03-11 08:00:00,2608.67000000,2669.91000000,2580.00000000,2652.63000000,100824.46820000
2607,2022-03-11 12:00:00,2652.63000000,2676.78000000,2568.16000000,2581.11000000,118631.13020000
2608,2022-03-11 16:00:00,2581.11000000,2581.49000000,2545.30000000,2557.30000000,64489.48360000
2609,2022-03-11 20:00:00,2557.30000000,2588.12000000,2526.76000000,2556.86000000,55301.88950000
2610,2022-03-12 00:00:00,2556.86000000,2597.18000000,2553.39000000,2583.86000000,36373.87910000
2611,2022-03-12 04:00:00,2583.85000000,2600.32000000,2568.75000000,2589.25000000,27336.28270000
2612,2022-03-12 08:00:00,2589.25000000,2593.00000000,2573.22000000,2578.83000000,26345.39480000
2613,2022-03-12 12:00:00,2578.82000000,2596.35000000,2562.00000000,2584.67000000,40653.37790000
2614,2022-03-12 16:00:00,2584.67000000,2616.79000000,2575.48000000,2578.19000000,69454.79040000
2615,2022-03-12 20:00:00,2578.19000000,2592.77000000,2563.00000000,2568.80000000,19072.84620000
2616,2022-03-13 00:00:00,2568.80000000,2603.32000000,2558.69000000,2591.92000000,37538.10570000
2617,2022-03-13 04:00:00,2591.91000000,2596.75000000,2580.59000000,2580.91000000,16232.81870000
2618,2022-03-13 08:00:00,2580.92000000,2595.78000000,2564.39000000,2574.23000000,59590.17660000
2619,2022-03-13 12:00:00,2574.23000000,2591.00000000,2533.54000000,2579.71000000,87292.83350000
2620,2022-03-13 16:00:00,2579.71000000,2586.39000000,2562.09000000,2563.28000000,27454.49430000
2621,2022-03-13 20:00:00,2563.29000000,2573.89000000,2493.00000000,2515.65000000,88833.73130000
2622,2022-03-14 00:00:00,2515.66000000,2546.23000000,2498.67000000,2534.07000000,51172.08850000
2623,2022-03-14 04:00:00,2534.07000000,2605.20000000,2532.18000000,2586.58000000,80558.47090000
2624,2022-03-14 08:00:00,2586.58000000,2609.60000000,2576.28000000,2579.81000000,61393.95660000
2625,2022-03-14 12:00:00,2579.81000000,2592.68000000,2555.54000000,2573.00000000,67398.30590000
2626,2022-03-14 16:00:00,2573.00000000,2581.82000000,2515.00000000,2536.43000000,67281.71030000
2627,2022-03-14 20:00:00,2536.43000000,2596.14000000,2522.87000000,2589.41000000,58825.65900000
2628,2022-03-15 00:00:00,2589.42000000,2602.72000000,2537.10000000,2544.17000000,77668.88050000
2629,2022-03-15 04:00:00,2544.16000000,2563.29000000,2507.00000000,2532.27000000,49968.48990000
2630,2022-03-15 08:00:00,2532.27000000,2544.33000000,2510.37000000,2534.80000000,61592.34540000
2631,2022-03-15 12:00:00,2534.80000000,2592.66000000,2520.66000000,2571.63000000,78897.90130000
2632,2022-03-15 16:00:00,2571.63000000,2660.96000000,2567.45000000,2659.44000000,134630.82290000
2633,2022-03-15 20:00:00,2659.43000000,2669.00000000,2606.10000000,2617.73000000,58443.86140000
2634,2022-03-16 00:00:00,2617.74000000,2735.00000000,2603.38000000,2620.40000000,153063.98270000
2635,2022-03-16 04:00:00,2620.41000000,2648.85000000,2606.46000000,2646.49000000,45083.89560000
2636,2022-03-16 08:00:00,2646.49000000,2703.66000000,2644.63000000,2688.12000000,83550.91710000
2637,2022-03-16 12:00:00,2688.11000000,2724.07000000,2662.05000000,2704.47000000,99922.42660000
2638,2022-03-16 16:00:00,2704.48000000,2756.03000000,2632.91000000,2753.17000000,205435.42360000
2639,2022-03-16 20:00:00,2753.16000000,2788.00000000,2740.81000000,2773.81000000,79168.07610000
2640,2022-03-17 00:00:00,2773.80000000,2787.40000000,2752.64000000,2766.51000000,53228.28070000
2641,2022-03-17 04:00:00,2766.51000000,2775.34000000,2746.42000000,2755.36000000,53945.10180000
2642,2022-03-17 08:00:00,2755.35000000,2778.83000000,2751.29000000,2775.26000000,50884.90650000
2643,2022-03-17 12:00:00,2775.27000000,2836.00000000,2771.43000000,2801.35000000,122952.14380000
2644,2022-03-17 16:00:00,2801.36000000,2834.35000000,2774.17000000,2828.77000000,63709.43220000
2645,2022-03-17 20:00:00,2828.78000000,2829.00000000,2799.17000000,2811.92000000,34592.67600000
2646,2022-03-18 00:00:00,2811.91000000,2813.54000000,2765.59000000,2777.15000000,74547.82510000
2647,2022-03-18 04:00:00,2777.15000000,2810.11000000,2770.26000000,2794.15000000,58110.13020000
2648,2022-03-18 08:00:00,2794.15000000,2814.99000000,2779.75000000,2796.52000000,72615.54720000
2649,2022-03-18 12:00:00,2796.51000000,2901.73000000,2788.73000000,2896.67000000,146170.10250000
2650,2022-03-18 16:00:00,2896.66000000,2968.33000000,2882.00000000,2966.00000000,129042.44650000
2651,2022-03-18 20:00:00,2966.01000000,2984.00000000,2930.63000000,2938.92000000,76049.74510000
2652,2022-03-19 00:00:00,2938.84000000,2980.00000000,2928.55000000,2947.85000000,55586.90410000
2653,2022-03-19 04:00:00,2947.85000000,2955.06000000,2920.44000000,2924.40000000,43684.43850000
2654,2022-03-19 08:00:00,2924.41000000,2955.19000000,2922.40000000,2946.41000000,48304.21890000
2655,2022-03-19 12:00:00,2946.42000000,2977.86000000,2939.22000000,2967.68000000,62941.45430000
2656,2022-03-19 16:00:00,2967.69000000,2987.70000000,2945.00000000,2950.00000000,54490.20660000
2657,2022-03-19 20:00:00,2950.00000000,2966.60000000,2890.86000000,2950.84000000,60964.31740000
2658,2022-03-20 00:00:00,2950.85000000,2964.17000000,2907.24000000,2933.39000000,49483.72540000
2659,2022-03-20 04:00:00,2933.40000000,2935.68000000,2915.50000000,2925.47000000,28225.64070000
2660,2022-03-20 08:00:00,2925.48000000,2931.08000000,2874.61000000,2886.49000000,49698.89390000
2661,2022-03-20 12:00:00,2886.49000000,2899.18000000,2846.80000000,2853.93000000,110004.44880000
2662,2022-03-20 16:00:00,2853.94000000,2879.90000000,2817.21000000,2875.70000000,80453.29210000
2663,2022-03-20 20:00:00,2875.70000000,2911.48000000,2849.66000000,2861.38000000,59742.82050000
2664,2022-03-21 00:00:00,2861.39000000,2876.94000000,2829.81000000,2843.77000000,67594.83430000
2665,2022-03-21 04:00:00,2843.77000000,2895.37000000,2834.36000000,2889.68000000,55860.41860000
2666,2022-03-21 08:00:00,2889.38000000,2924.17000000,2873.34000000,2906.02000000,62349.03050000
2667,2022-03-21 12:00:00,2906.01000000,2956.67000000,2887.00000000,2955.00000000,135801.27830000
2668,2022-03-21 16:00:00,2955.00000000,2960.57000000,2895.00000000,2917.96000000,85986.09350000
2669,2022-03-21 20:00:00,2917.96000000,2923.79000000,2882.63000000,2890.03000000,42632.25210000
2670,2022-03-22 00:00:00,2890.03000000,3030.00000000,2886.43000000,3006.83000000,154586.24920000
2671,2022-03-22 04:00:00,3006.91000000,3052.85000000,2965.24000000,2993.00000000,129020.44760000
2672,2022-03-22 08:00:00,2993.00000000,3027.27000000,2985.00000000,3020.74000000,78938.67390000
2673,2022-03-22 12:00:00,3020.74000000,3030.15000000,2988.28000000,3002.76000000,83678.34360000
2674,2022-03-22 16:00:00,3002.75000000,3013.87000000,2981.00000000,2984.52000000,65150.37740000
2675,2022-03-22 20:00:00,2984.52000000,3016.39000000,2960.00000000,2969.64000000,53494.89220000
2676,2022-03-23 00:00:00,2969.64000000,2992.66000000,2925.30000000,2947.00000000,81312.76040000
2677,2022-03-23 04:00:00,2947.01000000,2962.73000000,2920.65000000,2948.94000000,58284.18710000
2678,2022-03-23 08:00:00,2948.95000000,2972.46000000,2933.65000000,2949.33000000,55447.96780000
2679,2022-03-23 12:00:00,2949.32000000,3039.38000000,2938.00000000,3031.59000000,106842.30000000
2680,2022-03-23 16:00:00,3031.59000000,3045.20000000,2952.55000000,2962.96000000,90337.78840000
2681,2022-03-23 20:00:00,2962.97000000,3038.41000000,2960.39000000,3036.00000000,61737.72610000
2682,2022-03-24 00:00:00,3035.99000000,3081.07000000,2999.11000000,3016.63000000,125334.21170000
2683,2022-03-24 04:00:00,3016.64000000,3071.49000000,3014.27000000,3037.47000000,71066.88390000
2684,2022-03-24 08:00:00,3037.47000000,3067.79000000,3030.94000000,3048.58000000,73155.66140000
2685,2022-03-24 12:00:00,3048.57000000,3129.11000000,3002.34000000,3114.67000000,176801.96020000
2686,2022-03-24 16:00:00,3114.68000000,3123.45000000,3085.15000000,3108.75000000,91361.76700000
2687,2022-03-24 20:00:00,3108.74000000,3119.19000000,3088.01000000,3110.76000000,39451.03970000
2688,2022-03-25 00:00:00,3110.75000000,3143.79000000,3093.70000000,3135.78000000,64652.71980000
2689,2022-03-25 04:00:00,3135.78000000,3146.80000000,3125.62000000,3128.69000000,58030.16330000
2690,2022-03-25 08:00:00,3128.68000000,3179.37000000,3096.69000000,3167.48000000,88388.33700000
2691,2022-03-25 12:00:00,3167.49000000,3193.28000000,3108.03000000,3120.56000000,138441.00000000
2692,2022-03-25 16:00:00,3120.55000000,3139.06000000,3076.00000000,3114.99000000,105359.89840000
2693,2022-03-25 20:00:00,3115.00000000,3129.39000000,3093.87000000,3102.14000000,34227.43870000
2694,2022-03-26 00:00:00,3102.13000000,3116.94000000,3084.90000000,3108.44000000,37427.55980000
2695,2022-03-26 04:00:00,3108.44000000,3139.00000000,3100.18000000,3134.46000000,31695.88570000
2696,2022-03-26 08:00:00,3134.46000000,3138.84000000,3115.87000000,3122.70000000,26216.84730000
2697,2022-03-26 12:00:00,3122.70000000,3128.84000000,3107.41000000,3116.37000000,38337.99350000
2698,2022-03-26 16:00:00,3116.38000000,3129.51000000,3109.00000000,3123.52000000,27814.45570000
2699,2022-03-26 20:00:00,3123.53000000,3153.20000000,3121.45000000,3145.00000000,45642.10500000
2700,2022-03-27 00:00:00,3145.01000000,3170.00000000,3137.29000000,3143.76000000,43878.92040000
2701,2022-03-27 04:00:00,3143.77000000,3158.40000000,3133.82000000,3155.29000000,26135.68890000
2702,2022-03-27 08:00:00,3155.30000000,3158.93000000,3140.02000000,3146.57000000,29877.73200000
2703,2022-03-27 12:00:00,3146.58000000,3176.84000000,3126.02000000,3170.51000000,52262.37750000
2704,2022-03-27 16:00:00,3170.50000000,3190.00000000,3165.12000000,3175.82000000,42989.71420000
2705,2022-03-27 20:00:00,3175.81000000,3299.37000000,3165.00000000,3295.65000000,140322.98150000
2706,2022-03-28 00:00:00,3295.65000000,3324.00000000,3275.01000000,3311.94000000,92617.16230000
2707,2022-03-28 04:00:00,3311.94000000,3339.39000000,3300.33000000,3319.25000000,69502.09900000
2708,2022-03-28 08:00:00,3319.25000000,3357.99000000,3305.75000000,3346.68000000,73338.09210000
2709,2022-03-28 12:00:00,3346.68000000,3400.00000000,3331.10000000,3357.59000000,116888.50350000
2710,2022-03-28 16:00:00,3357.60000000,3431.15000000,3333.27000000,3409.82000000,102341.28260000
2711,2022-03-28 20:00:00,3409.83000000,3425.29000000,3315.54000000,3332.92000000,72549.97380000
2712,2022-03-29 00:00:00,3332.91000000,3401.85000000,3329.68000000,3369.98000000,57753.66180000
2713,2022-03-29 04:00:00,3369.99000000,3423.90000000,3369.98000000,3386.77000000,53906.51870000
2714,2022-03-29 08:00:00,3386.76000000,3471.89000000,3385.00000000,3464.92000000,75700.04540000
2715,2022-03-29 12:00:00,3464.92000000,3481.87000000,3393.00000000,3403.05000000,122001.43690000
2716,2022-03-29 16:00:00,3403.06000000,3443.00000000,3368.00000000,3429.65000000,98312.14930000
2717,2022-03-29 20:00:00,3429.65000000,3429.66000000,3342.03000000,3400.51000000,58226.01050000
2718,2022-03-30 00:00:00,3400.51000000,3400.51000000,3331.84000000,3384.11000000,65287.77770000
2719,2022-03-30 04:00:00,3384.11000000,3418.43000000,3361.70000000,3408.56000000,55658.63470000
2720,2022-03-30 08:00:00,3408.57000000,3419.00000000,3380.40000000,3408.07000000,51361.68800000
2721,2022-03-30 12:00:00,3408.06000000,3410.26000000,3347.67000000,3382.63000000,74209.61130000
2722,2022-03-30 16:00:00,3382.62000000,3446.90000000,3372.51000000,3395.10000000,71882.90850000
2723,2022-03-30 20:00:00,3395.10000000,3414.99000000,3371.12000000,3385.79000000,37681.90290000
2724,2022-03-31 00:00:00,3385.80000000,3424.83000000,3378.00000000,3397.49000000,46562.63810000
2725,2022-03-31 04:00:00,3397.42000000,3408.85000000,3385.11000000,3403.13000000,36905.44130000
2726,2022-03-31 08:00:00,3403.14000000,3428.00000000,3396.10000000,3409.19000000,48879.99730000
2727,2022-03-31 12:00:00,3409.19000000,3444.83000000,3335.60000000,3350.72000000,139122.29270000
2728,2022-03-31 16:00:00,3350.72000000,3354.56000000,3261.35000000,3283.54000000,133465.29300000
2729,2022-03-31 20:00:00,3283.55000000,3305.55000000,3262.89000000,3281.51000000,50155.57710000
2730,2022-04-01 00:00:00,3281.51000000,3308.67000000,3210.68000000,3250.29000000,101613.93690000
2731,2022-04-01 04:00:00,3250.29000000,3282.13000000,3242.95000000,3279.41000000,57171.32910000
2732,2022-04-01 08:00:00,3279.41000000,3303.69000000,3268.00000000,3284.96000000,57860.99280000
2733,2022-04-01 12:00:00,3284.96000000,3454.36000000,3262.22000000,3432.40000000,185713.86870000
2734,2022-04-01 16:00:00,3432.39000000,3481.29000000,3404.51000000,3469.66000000,91809.00440000
2735,2022-04-01 20:00:00,3469.66000000,3472.52000000,3426.41000000,3455.21000000,38000.10730000
2736,2022-04-02 00:00:00,3455.20000000,3525.13000000,3438.78000000,3474.98000000,115552.73160000
2737,2022-04-02 04:00:00,3474.97000000,3496.17000000,3462.41000000,3484.64000000,54658.52080000
2738,2022-04-02 08:00:00,3484.65000000,3500.00000000,3470.25000000,3488.01000000,54274.54810000
2739,2022-04-02 12:00:00,3488.01000000,3532.20000000,3445.00000000,3461.65000000,139179.69390000
2740,2022-04-02 16:00:00,3461.65000000,3488.41000000,3433.14000000,3470.65000000,86680.92950000
2741,2022-04-02 20:00:00,3470.66000000,3487.11000000,3434.11000000,3443.77000000,49546.86610000
2742,2022-04-03 00:00:00,3443.77000000,3466.95000000,3412.11000000,3456.26000000,55937.06310000
2743,2022-04-03 04:00:00,3456.27000000,3508.37000000,3451.49000000,3490.10000000,54464.18980000
2744,2022-04-03 08:00:00,3490.11000000,3510.02000000,3470.20000000,3484.97000000,52859.89540000
2745,2022-04-03 12:00:00,3484.96000000,3519.99000000,3477.84000000,3500.36000000,58017.67150000
2746,2022-04-03 16:00:00,3500.36000000,3520.78000000,3479.38000000,3487.28000000,57428.10170000
2747,2022-04-03 20:00:00,3487.28000000,3580.34000000,3487.00000000,3521.91000000,102874.84680000
2748,2022-04-04 00:00:00,3521.90000000,3523.33000000,3468.19000000,3490.09000000,66349.52240000
2749,2022-04-04 04:00:00,3490.09000000,3511.93000000,3479.80000000,3502.33000000,40847.02400000
2750,2022-04-04 08:00:00,3502.32000000,3505.87000000,3447.64000000,3479.08000000,89167.56870000
2751,2022-04-04 12:00:00,3479.08000000,3494.06000000,3421.27000000,3424.73000000,81012.85830000
2752,2022-04-04 16:00:00,3424.74000000,3500.05000000,3405.97000000,3491.83000000,99638.27190000
2753,2022-04-04 20:00:00,3491.84000000,3547.00000000,3474.19000000,3519.50000000,72968.91330000
2754,2022-04-05 00:00:00,3519.50000000,3535.61000000,3500.36000000,3523.92000000,36687.32500000
2755,2022-04-05 04:00:00,3523.91000000,3536.00000000,3508.60000000,3526.93000000,34239.86900000
2756,2022-04-05 08:00:00,3526.93000000,3532.20000000,3504.48000000,3522.99000000,30027.17530000
2757,2022-04-05 12:00:00,3523.00000000,3555.00000000,3439.95000000,3452.49000000,153523.42580000
2758,2022-04-05 16:00:00,3452.50000000,3478.00000000,3418.11000000,3464.96000000,77072.01830000
2759,2022-04-05 20:00:00,3464.97000000,3472.58000000,3400.00000000,3406.99000000,66232.93030000
2760,2022-04-06 00:00:00,3407.00000000,3407.50000000,3268.00000000,3342.85000000,144012.76560000
2761,2022-04-06 04:00:00,3342.84000000,3373.64000000,3324.11000000,3345.65000000,62595.68990000
2762,2022-04-06 08:00:00,3345.66000000,3360.00000000,3280.56000000,3304.70000000,89016.62820000
2763,2022-04-06 12:00:00,3304.69000000,3326.19000000,3217.33000000,3257.15000000,170320.85170000
2764,2022-04-06 16:00:00,3257.16000000,3270.28000000,3171.26000000,3225.33000000,209741.19130000
2765,2022-04-06 20:00:00,3225.33000000,3240.69000000,3162.39000000,3168.51000000,60585.97800000
2766,2022-04-07 00:00:00,3168.52000000,3206.59000000,3143.15000000,3185.57000000,95585.25660000
2767,2022-04-07 04:00:00,3185.56000000,3234.94000000,3183.13000000,3225.12000000,54601.51980000
2768,2022-04-07 08:00:00,3225.11000000,3262.03000000,3203.25000000,3251.67000000,69852.51060000
2769,2022-04-07 12:00:00,3251.66000000,3268.98000000,3159.60000000,3199.30000000,128329.13170000
2770,2022-04-07 16:00:00,3199.29000000,3247.52000000,3195.00000000,3217.96000000,70799.16590000
2771,2022-04-07 20:00:00,3217.95000000,3260.01000000,3197.60000000,3227.19000000,39011.74260000
2772,2022-04-08 00:00:00,3227.20000000,3276.00000000,3216.43000000,3267.66000000,52641.41430000
2773,2022-04-08 04:00:00,3267.65000000,3287.50000000,3244.75000000,3286.22000000,68474.09050000
2774,2022-04-08 08:00:00,3286.23000000,3314.02000000,3254.51000000,3258.46000000,90937.50590000
2775,2022-04-08 12:00:00,3258.47000000,3306.87000000,3209.99000000,3281.24000000,125827.76990000
2776,2022-04-08 16:00:00,3281.24000000,3291.70000000,3215.00000000,3238.55000000,96411.66670000
2777,2022-04-08 20:00:00,3238.55000000,3257.76000000,3173.52000000,3192.39000000,68130.05750000
2778,2022-04-09 00:00:00,3192.39000000,3223.01000000,3181.28000000,3209.88000000,49471.32040000
2779,2022-04-09 04:00:00,3209.87000000,3228.23000000,3195.69000000,3209.80000000,24539.74340000
2780,2022-04-09 08:00:00,3209.81000000,3217.29000000,3193.00000000,3209.59000000,30840.24830000
2781,2022-04-09 12:00:00,3209.58000000,3234.39000000,3199.63000000,3209.40000000,46827.05770000
2782,2022-04-09 16:00:00,3208.45000000,3249.08000000,3201.93000000,3233.35000000,32469.54280000
2783,2022-04-09 20:00:00,3233.35000000,3268.40000000,3222.01000000,3258.57000000,28296.34400000
2784,2022-04-10 00:00:00,3258.57000000,3268.00000000,3246.09000000,3257.32000000,23281.32440000
2785,2022-04-10 04:00:00,3257.33000000,3262.83000000,3234.13000000,3243.23000000,18903.62870000
2786,2022-04-10 08:00:00,3243.24000000,3256.38000000,3233.16000000,3251.78000000,23044.79220000
2787,2022-04-10 12:00:00,3251.77000000,3262.04000000,3232.73000000,3256.04000000,29553.46380000
2788,2022-04-10 16:00:00,3256.04000000,3307.22000000,3251.53000000,3291.70000000,54128.70800000
2789,2022-04-10 20:00:00,3291.69000000,3297.50000000,3193.00000000,3203.04000000,83391.31550000
2790,2022-04-11 00:00:00,3203.04000000,3213.63000000,3151.84000000,3175.31000000,88548.28320000
2791,2022-04-11 04:00:00,3175.31000000,3189.98000000,3165.43000000,3178.61000000,46868.32480000
2792,2022-04-11 08:00:00,3178.61000000,3180.68000000,3030.00000000,3051.57000000,202953.42210000
2793,2022-04-11 12:00:00,3051.57000000,3065.78000000,3002.36000000,3003.39000000,116365.84820000
2794,2022-04-11 16:00:00,3003.39000000,3040.59000000,2977.54000000,3004.60000000,134268.90680000
2795,2022-04-11 20:00:00,3004.60000000,3019.71000000,2950.00000000,2979.74000000,104389.50610000
2796,2022-04-12 00:00:00,2979.75000000,2996.93000000,2950.00000000,2983.04000000,69104.88510000
2797,2022-04-12 04:00:00,2983.04000000,3027.72000000,2971.38000000,3025.23000000,85782.69670000
2798,2022-04-12 08:00:00,3025.23000000,3047.05000000,3005.84000000,3040.97000000,78926.75860000
2799,2022-04-12 12:00:00,3040.96000000,3085.00000000,3014.97000000,3044.98000000,185765.20560000
2800,2022-04-12 16:00:00,3044.98000000,3064.00000000,2968.09000000,2972.80000000,103124.61460000
2801,2022-04-12 20:00:00,2972.80000000,3036.55000000,2967.02000000,3027.66000000,56818.78990000
2802,2022-04-13 00:00:00,3027.65000000,3068.00000000,3005.50000000,3049.09000000,57882.68400000
2803,2022-04-13 04:00:00,3049.10000000,3070.00000000,3038.65000000,3051.36000000,44629.04540000
2804,2022-04-13 08:00:00,3051.35000000,3060.00000000,3012.00000000,3014.09000000,54085.46000000
2805,2022-04-13 12:00:00,3014.09000000,3116.44000000,2996.86000000,3093.42000000,139607.76810000
2806,2022-04-13 16:00:00,3093.43000000,3120.48000000,3069.06000000,3086.03000000,73377.15570000
2807,2022-04-13 20:00:00,3086.03000000,3128.97000000,3082.44000000,3118.28000000,49519.38080000
2808,2022-04-14 00:00:00,3118.28000000,3145.00000000,3110.54000000,3117.90000000,53530.98280000
2809,2022-04-14 04:00:00,3117.90000000,3126.82000000,3099.16000000,3113.50000000,41108.77460000
2810,2022-04-14 08:00:00,3113.50000000,3122.16000000,3068.63000000,3072.78000000,64155.75740000
2811,2022-04-14 12:00:00,3072.78000000,3099.56000000,3011.97000000,3015.90000000,122344.44030000
2812,2022-04-14 16:00:00,3015.90000000,3025.96000000,2976.30000000,2995.75000000,91047.35740000
2813,2022-04-14 20:00:00,2995.75000000,3026.51000000,2983.61000000,3021.98000000,36195.24470000
2814,2022-04-15 00:00:00,3021.98000000,3043.29000000,3013.22000000,3042.00000000,42899.45160000
2815,2022-04-15 04:00:00,3042.00000000,3046.90000000,3010.85000000,3034.62000000,42157.29430000
2816,2022-04-15 08:00:00,3034.62000000,3040.63000000,3017.08000000,3027.28000000,39662.53910000
2817,2022-04-15 12:00:00,3027.28000000,3060.92000000,2993.13000000,3028.88000000,71388.84600000
2818,2022-04-15 16:00:00,3028.88000000,3040.00000000,3009.23000000,3022.81000000,32432.64970000
2819,2022-04-15 20:00:00,3022.82000000,3044.82000000,3018.50000000,3040.56000000,21085.51740000
2820,2022-04-16 00:00:00,3040.57000000,3050.12000000,3034.98000000,3038.29000000,23727.28840000
2821,2022-04-16 04:00:00,3038.29000000,3048.52000000,3033.27000000,3034.64000000,17191.41870000
2822,2022-04-16 08:00:00,3034.64000000,3047.11000000,3027.71000000,3039.48000000,25401.08110000
2823,2022-04-16 12:00:00,3039.48000000,3058.90000000,3010.03000000,3017.50000000,50194.87500000
2824,2022-04-16 16:00:00,3017.51000000,3029.04000000,3013.79000000,3024.39000000,20182.83180000
2825,2022-04-16 20:00:00,3024.40000000,3086.10000000,3022.71000000,3059.30000000,39654.92150000
2826,2022-04-17 00:00:00,3059.30000000,3064.50000000,3022.00000000,3029.38000000,26055.27170000
2827,2022-04-17 04:00:00,3029.37000000,3046.21000000,3028.80000000,3037.97000000,17110.97560000
2828,2022-04-17 08:00:00,3037.96000000,3054.83000000,3037.48000000,3048.05000000,20603.60900000
2829,2022-04-17 12:00:00,3048.05000000,3083.00000000,3042.80000000,3073.00000000,63761.95720000
2830,2022-04-17 16:00:00,3073.01000000,3078.48000000,3022.96000000,3052.08000000,45113.17370000
2831,2022-04-17 20:00:00,3052.08000000,3077.46000000,2981.70000000,2988.06000000,71127.08680000
2832,2022-04-18 00:00:00,2988.07000000,3002.39000000,2977.00000000,2995.18000000,44570.04680000
2833,2022-04-18 04:00:00,2995.17000000,2995.75000000,2883.22000000,2892.12000000,131039.51060000
2834,2022-04-18 08:00:00,2892.13000000,2923.69000000,2888.15000000,2911.85000000,47494.37850000
2835,2022-04-18 12:00:00,2911.86000000,2952.79000000,2905.00000000,2914.25000000,92221.85870000
2836,2022-04-18 16:00:00,2914.25000000,3024.78000000,2895.00000000,3005.72000000,133399.62640000
2837,2022-04-18 20:00:00,3005.72000000,3069.60000000,3004.58000000,3055.56000000,61526.23260000
2838,2022-04-19 00:00:00,3055.56000000,3095.18000000,3035.79000000,3037.58000000,62432.34040000
2839,2022-04-19 04:00:00,3037.59000000,3051.97000000,3030.34000000,3039.01000000,34093.62950000
2840,2022-04-19 08:00:00,3039.01000000,3069.03000000,3032.64000000,3041.51000000,46278.90950000
2841,2022-04-19 12:00:00,3041.51000000,3131.00000000,3040.88000000,3110.52000000,118280.11120000
2842,2022-04-19 16:00:00,3110.53000000,3125.87000000,3079.28000000,3110.65000000,65289.15420000
2843,2022-04-19 20:00:00,3110.66000000,3111.43000000,3085.50000000,3101.77000000,33000.85900000
2844,2022-04-20 00:00:00,3101.74000000,3106.54000000,3066.71000000,3091.62000000,44680.60680000
2845,2022-04-20 04:00:00,3091.63000000,3115.00000000,3078.31000000,3089.75000000,44739.16280000
2846,2022-04-20 08:00:00,3089.74000000,3166.50000000,3086.66000000,3152.78000000,81011.13730000
2847,2022-04-20 12:00:00,3152.78000000,3162.00000000,3051.16000000,3068.30000000,131827.25040000
2848,2022-04-20 16:00:00,3068.30000000,3088.00000000,3036.45000000,3070.00000000,67233.55760000
2849,2022-04-20 20:00:00,3070.00000000,3096.20000000,3058.38000000,3076.04000000,45508.35360000
2850,2022-04-21 00:00:00,3076.03000000,3105.00000000,3071.25000000,3096.80000000,36304.85820000
2851,2022-04-21 04:00:00,3096.80000000,3105.17000000,3066.66000000,3100.56000000,46968.40870000
2852,2022-04-21 08:00:00,3100.55000000,3159.99000000,3082.77000000,3151.15000000,104818.88740000
2853,2022-04-21 12:00:00,3151.15000000,3180.00000000,3101.55000000,3104.81000000,140959.69310000
2854,2022-04-21 16:00:00,3104.81000000,3107.43000000,3021.74000000,3026.23000000,108167.79730000
2855,2022-04-21 20:00:00,3026.23000000,3034.23000000,2942.31000000,2983.58000000,125480.05230000
2856,2022-04-22 00:00:00,2983.57000000,3009.95000000,2968.83000000,2995.41000000,65396.04020000
2857,2022-04-22 04:00:00,2995.41000000,3034.32000000,2986.04000000,3019.91000000,65018.48000000
2858,2022-04-22 08:00:00,3019.90000000,3029.22000000,2976.72000000,3014.36000000,64631.32050000
2859,2022-04-22 12:00:00,3014.36000000,3022.10000000,2944.01000000,2949.53000000,131198.79280000
2860,2022-04-22 16:00:00,2949.53000000,2982.91000000,2930.35000000,2956.71000000,91166.73120000
2861,2022-04-22 20:00:00,2956.70000000,2972.36000000,2936.50000000,2962.39000000,35021.71730000
2862,2022-04-23 00:00:00,2962.39000000,2975.39000000,2938.02000000,2946.32000000,33256.19620000
2863,2022-04-23 04:00:00,2946.31000000,2964.59000000,2913.89000000,2959.80000000,39223.02970000
2864,2022-04-23 08:00:00,2959.80000000,2969.99000000,2952.25000000,2958.73000000,28006.35880000
2865,2022-04-23 12:00:00,2958.73000000,2971.76000000,2946.62000000,2966.04000000,32646.29350000
2866,2022-04-23 16:00:00,2966.18000000,2978.03000000,2947.36000000,2953.27000000,29279.56920000
2867,2022-04-23 20:00:00,2953.28000000,2969.36000000,2921.62000000,2933.03000000,25165.28500000
2868,2022-04-24 00:00:00,2933.04000000,2960.00000000,2922.77000000,2955.92000000,36094.42130000
2869,2022-04-24 04:00:00,2955.93000000,2958.85000000,2944.00000000,2949.49000000,16790.46390000
2870,2022-04-24 08:00:00,2949.49000000,2955.63000000,2934.83000000,2938.86000000,18582.58310000
2871,2022-04-24 12:00:00,2938.86000000,2957.00000000,2912.09000000,2943.82000000,47051.26870000
2872,2022-04-24 16:00:00,2943.83000000,2967.06000000,2916.17000000,2959.58000000,65740.96080000
2873,2022-04-24 20:00:00,2959.57000000,2962.46000000,2917.82000000,2921.00000000,34697.32440000
2874,2022-04-25 00:00:00,2920.99000000,2925.75000000,2841.60000000,2875.59000000,105881.27060000
2875,2022-04-25 04:00:00,2875.58000000,2876.00000000,2797.10000000,2811.41000000,97301.28330000
2876,2022-04-25 08:00:00,2811.41000000,2863.94000000,2797.01000000,2861.74000000,80592.74340000
2877,2022-04-25 12:00:00,2861.73000000,2895.64000000,2842.00000000,2869.57000000,134790.42950000
2878,2022-04-25 16:00:00,2869.58000000,3015.00000000,2865.72000000,3012.41000000,147697.31490000
2879,2022-04-25 20:00:00,3012.41000000,3025.65000000,2989.99000000,3006.62000000,52935.31990000
2880,2022-04-26 00:00:00,3006.63000000,3039.54000000,2986.56000000,3001.00000000,48930.78580000
2881,2022-04-26 04:00:00,3001.00000000,3013.71000000,2977.93000000,3003.24000000,45911.57110000
2882,2022-04-26 08:00:00,3003.23000000,3020.83000000,2984.88000000,3003.04000000,47400.61880000
2883,2022-04-26 12:00:00,3003.04000000,3012.32000000,2853.76000000,2859.76000000,148105.06410000
2884,2022-04-26 16:00:00,2859.76000000,2885.86000000,2809.36000000,2838.93000000,144353.46860000
2885,2022-04-26 20:00:00,2838.92000000,2855.00000000,2767.00000000,2809.67000000,96482.84200000
2886,2022-04-27 00:00:00,2809.68000000,2844.69000000,2794.46000000,2836.28000000,61139.78420000
2887,2022-04-27 04:00:00,2836.29000000,2893.00000000,2831.35000000,2892.23000000,57370.01500000
2888,2022-04-27 08:00:00,2892.23000000,2914.34000000,2860.02000000,2884.79000000,91136.44910000
2889,2022-04-27 12:00:00,2884.80000000,2919.87000000,2820.93000000,2865.23000000,155104.34140000
2890,2022-04-27 16:00:00,2865.24000000,2895.00000000,2838.93000000,2852.68000000,78583.07510000
2891,2022-04-27 20:00:00,2852.67000000,2899.40000000,2851.00000000,2888.96000000,45617.57680000
2892,2022-04-28 00:00:00,2888.95000000,2915.45000000,2869.47000000,2883.85000000,50628.47540000
2893,2022-04-28 04:00:00,2883.85000000,2938.04000000,2875.01000000,2900.27000000,49455.21640000
2894,2022-04-28 08:00:00,2900.27000000,2947.47000000,2899.73000000,2928.26000000,74088.69700000
2895,2022-04-28 12:00:00,2928.27000000,2946.50000000,2853.83000000,2889.53000000,176592.76610000
2896,2022-04-28 16:00:00,2889.53000000,2980.00000000,2875.63000000,2947.83000000,118841.81260000
2897,2022-04-28 20:00:00,2947.84000000,2969.69000000,2911.71000000,2936.93000000,67786.03030000
2898,2022-04-29 00:00:00,2936.92000000,2946.46000000,2904.14000000,2926.21000000,66122.60650000
2899,2022-04-29 04:00:00,2926.21000000,2935.90000000,2908.74000000,2925.85000000,55565.07700000
2900,2022-04-29 08:00:00,2925.84000000,2927.79000000,2834.28000000,2843.11000000,83541.11430000
2901,2022-04-29 12:00:00,2843.11000000,2886.23000000,2832.07000000,2856.51000000,117031.42800000
2902,2022-04-29 16:00:00,2856.51000000,2857.53000000,2776.63000000,2792.96000000,149203.89780000
2903,2022-04-29 20:00:00,2792.95000000,2823.17000000,2789.07000000,2817.13000000,54514.02340000
2904,2022-04-30 00:00:00,2817.13000000,2837.82000000,2810.45000000,2818.26000000,48071.03180000
2905,2022-04-30 04:00:00,2818.26000000,2841.63000000,2809.16000000,2829.79000000,35793.39070000
2906,2022-04-30 08:00:00,2829.79000000,2840.00000000,2817.69000000,2830.76000000,40477.30570000
2907,2022-04-30 12:00:00,2830.76000000,2836.66000000,2771.01000000,2816.08000000,75434.06230000
2908,2022-04-30 16:00:00,2816.07000000,2822.16000000,2775.03000000,2806.73000000,54863.27540000
2909,2022-04-30 20:00:00,2806.74000000,2807.86000000,2709.26000000,2726.66000000,113118.18100000
2910,2022-05-01 00:00:00,2726.67000000,2780.62000000,2716.13000000,2777.15000000,90414.11420000
2911,2022-05-01 04:00:00,2777.15000000,2795.15000000,2764.18000000,2766.39000000,69045.71740000
2912,2022-05-01 08:00:00,2766.40000000,2782.00000000,2751.74000000,2756.80000000,40768.93470000
2913,2022-05-01 12:00:00,2756.79000000,2819.31000000,2753.50000000,2805.75000000,69441.65490000
2914,2022-05-01 16:00:00,2805.76000000,2828.93000000,2755.10000000,2765.39000000,77532.77020000
2915,2022-05-01 20:00:00,2765.40000000,2849.90000000,2757.81000000,2824.81000000,95341.68780000
2916,2022-05-02 00:00:00,2824.81000000,2849.68000000,2822.59000000,2840.72000000,61400.42760000
2917,2022-05-02 04:00:00,2840.72000000,2874.59000000,2832.10000000,2845.26000000,58251.01250000
2918,2022-05-02 08:00:00,2845.26000000,2855.86000000,2789.63000000,2795.05000000,65701.49990000
2919,2022-05-02 12:00:00,2795.05000000,2852.53000000,2778.78000000,2827.68000000,152893.15090000
2920,2022-05-02 16:00:00,2827.68000000,2850.00000000,2780.00000000,2841.71000000,117919.38690000
2921,2022-05-02 20:00:00,2841.72000000,2894.22000000,2824.08000000,2856.54000000,65541.37890000
2922,2022-05-03 00:00:00,2856.54000000,2861.47000000,2828.65000000,2851.00000000,54433.61910000
2923,2022-05-03 04:00:00,2851.00000000,2855.07000000,2829.90000000,2844.98000000,50785.34100000
2924,2022-05-03 08:00:00,2844.98000000,2854.12000000,2824.00000000,2849.01000000,37135.72520000
2925,2022-05-03 12:00:00,2849.01000000,2850.81000000,2815.31000000,2822.21000000,76202.55920000
2926,2022-05-03 16:00:00,2822.21000000,2827.51000000,2761.03000000,2773.43000000,102207.25010000
2927,2022-05-03 20:00:00,2773.43000000,2800.44000000,2755.19000000,2781.70000000,50566.68500000
2928,2022-05-04 00:00:00,2781.70000000,2810.58000000,2771.74000000,2798.04000000,38176.27140000
2929,2022-05-04 04:00:00,2798.04000000,2833.70000000,2789.04000000,2829.42000000,50987.34850000
2930,2022-05-04 08:00:00,2829.42000000,2888.75000000,2827.15000000,2870.54000000,106183.60980000
2931,2022-05-04 12:00:00,2870.53000000,2883.72000000,2826.13000000,2844.26000000,85012.80830000
2932,2022-05-04 16:00:00,2844.27000000,2965.85000000,2826.67000000,2955.71000000,203433.79700000
2933,2022-05-04 20:00:00,2955.70000000,2958.61000000,2921.20000000,2940.64000000,64944.23180000
2934,2022-05-05 00:00:00,2940.65000000,2954.65000000,2937.21000000,2941.60000000,43482.27880000
2935,2022-05-05 04:00:00,2941.59000000,2951.63000000,2925.00000000,2934.06000000,34388.82110000
2936,2022-05-05 08:00:00,2934.06000000,2938.78000000,2916.48000000,2925.67000000,44779.52940000
2937,2022-05-05 12:00:00,2925.67000000,2935.00000000,2728.41000000,2742.85000000,260272.12470000
2938,2022-05-05 16:00:00,2742.85000000,2771.96000000,2683.00000000,2729.12000000,258349.45240000
2939,2022-05-05 20:00:00,2729.12000000,2756.51000000,2714.08000000,2747.97000000,93573.11300000
2940,2022-05-06 00:00:00,2747.96000000,2758.18000000,2724.00000000,2746.39000000,61491.54570000
2941,2022-05-06 04:00:00,2746.38000000,2755.91000000,2694.09000000,2730.20000000,66119.58660000
2942,2022-05-06 08:00:00,2730.21000000,2744.88000000,2660.20000000,2676.04000000,111286.42500000
2943,2022-05-06 12:00:00,2676.04000000,2727.47000000,2632.95000000,2688.25000000,299718.03450000
2944,2022-05-06 16:00:00,2688.15000000,2713.54000000,2669.58000000,2689.31000000,134052.76740000
2945,2022-05-06 20:00:00,2689.30000000,2708.00000000,2674.33000000,2692.85000000,38780.96420000
2946,2022-05-07 00:00:00,2692.86000000,2698.27000000,2665.05000000,2669.42000000,34369.48030000
2947,2022-05-07 04:00:00,2669.43000000,2678.59000000,2653.33000000,2672.45000000,48414.71060000
2948,2022-05-07 08:00:00,2672.45000000,2698.55000000,2667.58000000,2688.90000000,46341.02940000
2949,2022-05-07 12:00:00,2688.89000000,2704.36000000,2671.80000000,2692.67000000,58478.56470000
2950,2022-05-07 16:00:00,2692.67000000,2700.80000000,2680.65000000,2682.94000000,31774.23100000
2951,2022-05-07 20:00:00,2682.95000000,2683.12000000,2584.75000000,2635.34000000,151893.43720000
2952,2022-05-08 00:00:00,2635.35000000,2642.00000000,2517.00000000,2545.08000000,236271.81510000
2953,2022-05-08 04:00:00,2545.08000000,2569.21000000,2530.00000000,2556.60000000,90464.14590000
2954,2022-05-08 08:00:00,2556.60000000,2577.08000000,2546.08000000,2568.09000000,66590.21510000
2955,2022-05-08 12:00:00,2567.97000000,2579.03000000,2512.85000000,2517.00000000,119107.39180000
2956,2022-05-08 16:00:00,2516.99000000,2571.78000000,2484.00000000,2562.01000000,177908.35640000
2957,2022-05-08 20:00:00,2562.00000000,2564.69000000,2508.80000000,2519.71000000,67273.41720000
2958,2022-05-09 00:00:00,2519.71000000,2530.78000000,2423.84000000,2457.56000000,187870.67470000
2959,2022-05-09 04:00:00,2457.56000000,2480.00000000,2423.85000000,2447.86000000,100724.45750000
2960,2022-05-09 08:00:00,2447.86000000,2469.72000000,2362.41000000,2406.03000000,248399.40310000
2961,2022-05-09 12:00:00,2406.04000000,2447.94000000,2345.00000000,2381.87000000,296405.22160000
2962,2022-05-09 16:00:00,2381.87000000,2404.69000000,2225.00000000,2270.68000000,491747.81000000
2963,2022-05-09 20:00:00,2270.68000000,2335.23000000,2225.16000000,2228.55000000,249777.41240000
2964,2022-05-10 00:00:00,2229.00000000,2350.00000000,2200.00000000,2300.79000000,387958.25600000
2965,2022-05-10 04:00:00,2300.78000000,2439.99000000,2297.89000000,2373.68000000,338845.29590000
2966,2022-05-10 08:00:00,2373.62000000,2411.63000000,2365.45000000,2402.00000000,187728.67330000
2967,2022-05-10 12:00:00,2402.00000000,2457.34000000,2321.11000000,2361.99000000,317622.06140000
2968,2022-05-10 16:00:00,2361.99000000,2410.21000000,2329.51000000,2354.28000000,165442.84730000
2969,2022-05-10 20:00:00,2354.55000000,2367.76000000,2260.67000000,2342.05000000,153029.00480000
2970,2022-05-11 00:00:00,2342.04000000,2392.99000000,2320.00000000,2360.53000000,162981.47630000
2971,2022-05-11 04:00:00,2360.54000000,2406.64000000,2267.69000000,2315.13000000,306640.56160000
2972,2022-05-11 08:00:00,2315.13000000,2451.37000000,2291.04000000,2410.22000000,309462.50030000
2973,2022-05-11 12:00:00,2410.22000000,2429.87000000,2129.00000000,2264.53000000,692783.83083000
2974,2022-05-11 16:00:00,2264.53000000,2283.14000000,2100.00000000,2117.42000000,293005.37600000
2975,2022-05-11 20:00:00,2117.52000000,2151.72000000,2005.00000000,2084.99000000,257991.09303000
2976,2022-05-12 00:00:00,2084.99000000,2195.00000000,1971.55000000,1971.56000000,388066.28175000
2977,2022-05-12 04:00:00,1971.56000000,1986.12000000,1800.00000000,1916.30000000,850470.97901000
2978,2022-05-12 08:00:00,1916.30000000,2020.00000000,1870.31000000,1952.76000000,378746.02770000
2979,2022-05-12 12:00:00,1952.76000000,2056.33000000,1883.25000000,1968.23000000,325046.76640000
2980,2022-05-12 16:00:00,1968.23000000,2044.18000000,1900.10000000,1945.28000000,216424.09210000
2981,2022-05-12 20:00:00,1945.85000000,1984.12000000,1870.00000000,1960.22000000,146438.76140000
2982,2022-05-13 00:00:00,1960.22000000,2115.00000000,1940.23000000,2096.46000000,270038.59610000
2983,2022-05-13 04:00:00,2096.46000000,2145.00000000,2043.90000000,2048.16000000,211459.68060000
2984,2022-05-13 08:00:00,2048.17000000,2125.00000000,2048.07000000,2114.99000000,163840.88310000
2985,2022-05-13 12:00:00,2114.99000000,2147.54000000,2076.22000000,2093.61000000,235693.10650000
2986,2022-05-13 16:00:00,2093.62000000,2112.91000000,2030.00000000,2064.79000000,169413.06830000
2987,2022-05-13 20:00:00,2064.80000000,2085.00000000,2001.01000000,2009.69000000,83597.00410000
2988,2022-05-14 00:00:00,2009.69000000,2070.06000000,2001.45000000,2054.40000000,101652.33420000
2989,2022-05-14 04:00:00,2054.40000000,2054.90000000,2014.67000000,2031.94000000,66634.05530000
2990,2022-05-14 08:00:00,2031.94000000,2053.98000000,1970.75000000,1985.62000000,128678.38000000
2991,2022-05-14 12:00:00,1985.62000000,2000.44000000,1951.21000000,1963.68000000,98414.78170000
2992,2022-05-14 16:00:00,1963.68000000,2034.99000000,1955.00000000,1996.06000000,96867.81520000
2993,2022-05-14 20:00:00,1996.05000000,2066.66000000,1992.16000000,2056.48000000,71540.94140000
2994,2022-05-15 00:00:00,2056.47000000,2079.40000000,2000.68000000,2014.20000000,71458.58450000
2995,2022-05-15 04:00:00,2014.20000000,2049.30000000,2002.02000000,2037.55000000,57959.02190000
2996,2022-05-15 08:00:00,2037.55000000,2086.65000000,2018.52000000,2080.49000000,84714.77430000
2997,2022-05-15 12:00:00,2080.48000000,2100.00000000,2048.11000000,2062.57000000,99816.89020000
2998,2022-05-15 16:00:00,2062.57000000,2105.77000000,2057.12000000,2104.05000000,71054.78600000
2999,2022-05-15 20:00:00,2104.04000000,2167.00000000,2096.53000000,2145.29000000,129394.20180000
3000,2022-05-16 00:00:00,2145.29000000,2145.29000000,2066.71000000,2076.19000000,114247.91930000
3001,2022-05-16 04:00:00,2076.19000000,2082.89000000,1991.73000000,2011.92000000,157338.39670000
3002,2022-05-16 08:00:00,2011.92000000,2052.02000000,1980.10000000,2031.17000000,130201.77380000
3003,2022-05-16 12:00:00,2031.16000000,2060.09000000,1985.00000000,2014.29000000,203020.59910000
3004,2022-05-16 16:00:00,2014.29000000,2046.36000000,1979.12000000,2007.15000000,134453.78700000
3005,2022-05-16 20:00:00,2007.14000000,2056.13000000,2005.47000000,2023.66000000,82808.37720000
3006,2022-05-17 00:00:00,2023.66000000,2080.00000000,2018.80000000,2073.49000000,84137.38760000
3007,2022-05-17 04:00:00,2073.48000000,2094.18000000,2064.57000000,2070.64000000,66859.75450000
3008,2022-05-17 08:00:00,2070.64000000,2099.99000000,2069.13000000,2080.72000000,63203.65400000
3009,2022-05-17 12:00:00,2080.71000000,2122.42000000,2043.57000000,2061.08000000,159481.56170000
3010,2022-05-17 16:00:00,2061.07000000,2069.98000000,2008.00000000,2046.66000000,127456.57860000
3011,2022-05-17 20:00:00,2046.65000000,2102.30000000,2041.81000000,2090.72000000,67110.10840000
3012,2022-05-18 00:00:00,2090.72000000,2110.72000000,2033.28000000,2039.00000000,91879.30540000
3013,2022-05-18 04:00:00,2039.00000000,2052.76000000,2017.84000000,2038.70000000,83763.47340000
3014,2022-05-18 08:00:00,2038.69000000,2049.61000000,2022.24000000,2031.32000000,67741.37200000
3015,2022-05-18 12:00:00,2031.32000000,2035.50000000,1943.56000000,1956.07000000,156604.42290000
3016,2022-05-18 16:00:00,1956.07000000,1993.90000000,1931.49000000,1981.59000000,122065.71620000
3017,2022-05-18 20:00:00,1981.59000000,1982.15000000,1908.00000000,1915.11000000,109522.94420000
3018,2022-05-19 00:00:00,1915.11000000,1969.30000000,1903.18000000,1953.70000000,132901.64480000
3019,2022-05-19 04:00:00,1953.71000000,1973.60000000,1940.73000000,1952.07000000,78854.37280000
3020,2022-05-19 08:00:00,1952.07000000,1969.04000000,1912.17000000,1965.54000000,123907.03090000
3021,2022-05-19 12:00:00,1965.53000000,2040.39000000,1943.14000000,2023.83000000,216153.76490000
3022,2022-05-19 16:00:00,2023.82000000,2028.90000000,1990.56000000,1993.56000000,125237.03050000
3023,2022-05-19 20:00:00,1993.55000000,2027.74000000,1991.79000000,2019.55000000,64423.13550000
3024,2022-05-20 00:00:00,2019.55000000,2052.94000000,2004.12000000,2023.03000000,74590.77290000
3025,2022-05-20 04:00:00,2023.03000000,2034.27000000,2001.10000000,2025.55000000,66981.45640000
3026,2022-05-20 08:00:00,2025.59000000,2064.00000000,2022.18000000,2054.51000000,69703.22050000
3027,2022-05-20 12:00:00,2054.50000000,2058.04000000,1952.35000000,1960.99000000,180476.18040000
3028,2022-05-20 16:00:00,1961.00000000,1972.82000000,1923.00000000,1968.27000000,134350.50160000
3029,2022-05-20 20:00:00,1968.26000000,1978.68000000,1952.83000000,1959.08000000,50879.40530000
3030,2022-05-21 00:00:00,1959.08000000,1973.95000000,1937.36000000,1967.75000000,51450.02880000
3031,2022-05-21 04:00:00,1967.74000000,1986.57000000,1961.23000000,1978.63000000,39338.33370000
3032,2022-05-21 08:00:00,1978.63000000,1988.48000000,1956.58000000,1970.46000000,33761.75690000
3033,2022-05-21 12:00:00,1970.47000000,1985.46000000,1959.18000000,1980.38000000,48002.90630000
3034,2022-05-21 16:00:00,1980.39000000,1990.86000000,1973.00000000,1981.40000000,41628.78930000
3035,2022-05-21 20:00:00,1981.40000000,1985.00000000,1965.82000000,1975.07000000,24687.94820000
3036,2022-05-22 00:00:00,1975.06000000,1983.98000000,1971.82000000,1974.14000000,29549.72850000
3037,2022-05-22 04:00:00,1974.14000000,1977.55000000,1966.33000000,1975.86000000,27158.80530000
3038,2022-05-22 08:00:00,1975.86000000,2037.80000000,1973.45000000,2017.36000000,111779.45130000
3039,2022-05-22 12:00:00,2017.36000000,2032.71000000,1991.00000000,2004.58000000,70483.13140000
3040,2022-05-22 16:00:00,2004.58000000,2022.80000000,1992.57000000,2007.41000000,49315.23380000
3041,2022-05-22 20:00:00,2007.41000000,2056.41000000,2006.26000000,2043.19000000,67448.84240000
3042,2022-05-23 00:00:00,2043.19000000,2057.87000000,2019.50000000,2030.84000000,58854.65530000
3043,2022-05-23 04:00:00,2030.85000000,2081.74000000,2025.62000000,2066.77000000,90912.76390000
3044,2022-05-23 08:00:00,2066.76000000,2085.00000000,2051.67000000,2068.96000000,78980.05320000
3045,2022-05-23 12:00:00,2068.96000000,2088.50000000,2035.71000000,2065.00000000,154097.36460000
3046,2022-05-23 16:00:00,2065.01000000,2078.83000000,1978.59000000,1981.00000000,145992.50360000
3047,2022-05-23 20:00:00,1980.99000000,2004.86000000,1957.12000000,1973.32000000,107247.68180000
3048,2022-05-24 00:00:00,1973.33000000,1990.75000000,1969.05000000,1987.90000000,47433.58200000
3049,2022-05-24 04:00:00,1987.90000000,1993.83000000,1974.26000000,1985.22000000,41160.62180000
3050,2022-05-24 08:00:00,1985.22000000,1985.59000000,1952.35000000,1966.36000000,80768.06060000
3051,2022-05-24 12:00:00,1966.37000000,1975.55000000,1913.02000000,1962.72000000,178331.61370000
3052,2022-05-24 16:00:00,1962.71000000,1976.99000000,1934.90000000,1962.85000000,116591.02200000
3053,2022-05-24 20:00:00,1962.85000000,1990.00000000,1951.53000000,1979.41000000,69812.07190000
3054,2022-05-25 00:00:00,1979.40000000,2022.34000000,1970.23000000,2014.20000000,83323.35600000
3055,2022-05-25 04:00:00,2014.20000000,2015.30000000,1973.33000000,1977.04000000,56852.13730000
3056,2022-05-25 08:00:00,1977.04000000,1981.98000000,1942.30000000,1944.07000000,77060.59400000
3057,2022-05-25 12:00:00,1944.08000000,1985.75000000,1934.61000000,1964.53000000,135701.24340000
3058,2022-05-25 16:00:00,1964.54000000,1982.84000000,1944.09000000,1951.59000000,115872.89690000
3059,2022-05-25 20:00:00,1951.59000000,1972.02000000,1940.74000000,1942.63000000,55976.08150000
3060,2022-05-26 00:00:00,1942.64000000,1966.01000000,1933.66000000,1948.46000000,59555.84220000
3061,2022-05-26 04:00:00,1948.47000000,1950.85000000,1910.00000000,1926.36000000,107439.52210000
3062,2022-05-26 08:00:00,1926.35000000,1927.42000000,1800.00000000,1816.57000000,279122.91550000
3063,2022-05-26 12:00:00,1816.56000000,1876.40000000,1735.00000000,1862.02000000,400292.75604000
3064,2022-05-26 16:00:00,1862.03000000,1907.58000000,1826.13000000,1826.56000000,180070.26460000
3065,2022-05-26 20:00:00,1826.55000000,1850.01000000,1789.38000000,1792.23000000,142259.27470000
3066,2022-05-27 00:00:00,1792.24000000,1808.60000000,1728.99000000,1768.00000000,293711.98478000
3067,2022-05-27 04:00:00,1768.01000000,1799.13000000,1712.67000000,1764.60000000,245238.14993000
3068,2022-05-27 08:00:00,1764.60000000,1789.47000000,1750.19000000,1771.25000000,176925.16480000
3069,2022-05-27 12:00:00,1771.26000000,1822.26000000,1755.75000000,1764.33000000,238136.34690000
3070,2022-05-27 16:00:00,1764.34000000,1774.56000000,1715.00000000,1754.32000000,213661.56740000
3071,2022-05-27 20:00:00,1754.33000000,1772.50000000,1703.00000000,1727.27000000,129020.07156000
3072,2022-05-28 00:00:00,1727.26000000,1768.01000000,1722.26000000,1765.08000000,138332.95680000
3073,2022-05-28 04:00:00,1765.08000000,1783.12000000,1754.68000000,1765.46000000,84534.19310000
3074,2022-05-28 08:00:00,1765.46000000,1788.00000000,1748.94000000,1772.97000000,71658.24130000
3075,2022-05-28 12:00:00,1772.97000000,1808.98000000,1769.51000000,1795.11000000,108666.64960000
3076,2022-05-28 16:00:00,1795.12000000,1800.00000000,1760.00000000,1793.56000000,111021.21540000
3077,2022-05-28 20:00:00,1793.57000000,1805.44000000,1778.68000000,1792.22000000,44057.92560000
3078,2022-05-29 00:00:00,1792.21000000,1795.89000000,1759.96000000,1776.46000000,89239.58720000
3079,2022-05-29 04:00:00,1776.46000000,1789.82000000,1769.38000000,1783.80000000,45645.92470000
3080,2022-05-29 08:00:00,1783.80000000,1805.00000000,1774.42000000,1802.00000000,73163.15790000
3081,2022-05-29 12:00:00,1801.99000000,1827.40000000,1792.80000000,1797.23000000,94978.33120000
3082,2022-05-29 16:00:00,1797.22000000,1810.64000000,1785.29000000,1788.53000000,50747.54470000
3083,2022-05-29 20:00:00,1788.53000000,1826.24000000,1787.09000000,1813.64000000,78656.06530000
3084,2022-05-30 00:00:00,1813.64000000,1890.00000000,1803.18000000,1880.07000000,167439.72940000
3085,2022-05-30 04:00:00,1880.07000000,1917.68000000,1869.81000000,1907.84000000,137058.16100000
3086,2022-05-30 08:00:00,1907.83000000,1910.86000000,1891.26000000,1902.64000000,81132.11860000
3087,2022-05-30 12:00:00,1902.65000000,1924.00000000,1872.71000000,1912.44000000,146928.08490000
3088,2022-05-30 16:00:00,1912.43000000,1935.44000000,1906.00000000,1917.33000000,76673.27370000
3089,2022-05-30 20:00:00,1917.32000000,2013.00000000,1912.87000000,1998.78000000,205691.46830000
3090,2022-05-31 00:00:00,1998.78000000,2016.45000000,1976.55000000,1994.51000000,111932.31450000
3091,2022-05-31 04:00:00,1994.51000000,1996.24000000,1960.20000000,1970.35000000,105387.25340000
3092,2022-05-31 08:00:00,1970.36000000,1985.08000000,1957.82000000,1978.59000000,100652.11890000
3093,2022-05-31 12:00:00,1978.58000000,1995.51000000,1930.09000000,1988.62000000,196335.52680000
3094,2022-05-31 16:00:00,1988.62000000,1999.87000000,1925.00000000,1934.21000000,164613.24440000
3095,2022-05-31 20:00:00,1934.22000000,1959.69000000,1934.21000000,1941.90000000,72182.96460000
3096,2022-06-01 00:00:00,1941.90000000,1958.55000000,1927.60000000,1929.97000000,104283.36880000
3097,2022-06-01 04:00:00,1929.98000000,1945.59000000,1913.76000000,1930.71000000,98847.99580000
3098,2022-06-01 08:00:00,1930.72000000,1944.79000000,1924.10000000,1938.94000000,87653.67590000
3099,2022-06-01 12:00:00,1938.95000000,1972.58000000,1879.00000000,1880.59000000,259179.88650000
3100,2022-06-01 16:00:00,1880.59000000,1880.74000000,1807.83000000,1821.82000000,283820.77540000
3101,2022-06-01 20:00:00,1821.83000000,1843.88000000,1763.75000000,1817.95000000,204055.56820000
3102,2022-06-02 00:00:00,1817.96000000,1835.86000000,1805.62000000,1814.54000000,132317.80220000
3103,2022-06-02 04:00:00,1814.54000000,1837.35000000,1802.00000000,1826.57000000,103280.43190000
3104,2022-06-02 08:00:00,1826.58000000,1844.13000000,1812.64000000,1839.50000000,98559.58510000
3105,2022-06-02 12:00:00,1839.49000000,1841.23000000,1782.42000000,1816.52000000,242346.26730000
3106,2022-06-02 16:00:00,1816.53000000,1833.78000000,1800.71000000,1822.08000000,119260.41190000
3107,2022-06-02 20:00:00,1822.08000000,1853.05000000,1818.83000000,1834.08000000,93019.90330000
3108,2022-06-03 00:00:00,1834.09000000,1843.91000000,1822.30000000,1827.52000000,80096.78690000
3109,2022-06-03 04:00:00,1827.51000000,1829.10000000,1806.70000000,1813.92000000,73074.84190000
3110,2022-06-03 08:00:00,1813.91000000,1821.45000000,1753.00000000,1762.35000000,167585.08400000
3111,2022-06-03 12:00:00,1762.36000000,1779.95000000,1737.00000000,1763.32000000,238129.98650000
3112,2022-06-03 16:00:00,1763.32000000,1767.58000000,1743.00000000,1751.18000000,102830.46950000
3113,2022-06-03 20:00:00,1751.18000000,1795.00000000,1749.42000000,1775.12000000,79565.36580000
3114,2022-06-04 00:00:00,1775.13000000,1779.66000000,1748.43000000,1752.96000000,73259.69790000
3115,2022-06-04 04:00:00,1752.96000000,1775.52000000,1751.73000000,1769.11000000,49823.54560000
3116,2022-06-04 08:00:00,1769.10000000,1780.00000000,1763.32000000,1768.24000000,49887.38750000
3117,2022-06-04 12:00:00,1768.23000000,1789.26000000,1757.23000000,1778.85000000,88113.98590000
3118,2022-06-04 16:00:00,1778.85000000,1782.86000000,1767.30000000,1772.47000000,55320.81420000
3119,2022-06-04 20:00:00,1772.48000000,1816.00000000,1770.50000000,1804.58000000,71874.02680000
3120,2022-06-05 00:00:00,1804.58000000,1810.97000000,1784.46000000,1793.85000000,51536.88200000
3121,2022-06-05 04:00:00,1793.84000000,1800.00000000,1785.78000000,1785.82000000,33107.82600000
3122,2022-06-05 08:00:00,1785.82000000,1795.57000000,1773.05000000,1788.20000000,47391.00770000
3123,2022-06-05 12:00:00,1788.20000000,1812.84000000,1780.00000000,1811.41000000,66690.40890000
3124,2022-06-05 16:00:00,1811.42000000,1830.17000000,1795.51000000,1821.21000000,99137.94530000
3125,2022-06-05 20:00:00,1821.21000000,1827.68000000,1802.55000000,1806.23000000,74110.43620000
3126,2022-06-06 00:00:00,1806.22000000,1884.44000000,1804.35000000,1878.29000000,177430.42930000
3127,2022-06-06 04:00:00,1878.30000000,1896.68000000,1867.47000000,1893.77000000,123332.93680000
3128,2022-06-06 08:00:00,1893.76000000,1915.47000000,1890.19000000,1909.55000000,121162.82750000
3129,2022-06-06 12:00:00,1909.54000000,1920.00000000,1866.00000000,1886.79000000,181046.54390000
3130,2022-06-06 16:00:00,1886.79000000,1888.82000000,1843.72000000,1863.83000000,137168.78520000
3131,2022-06-06 20:00:00,1863.83000000,1876.82000000,1846.96000000,1859.84000000,64108.83400000
3132,2022-06-07 00:00:00,1859.84000000,1862.81000000,1725.13000000,1756.75000000,459637.41260000
3133,2022-06-07 04:00:00,1756.76000000,1764.76000000,1747.61000000,1763.03000000,126438.04690000
3134,2022-06-07 08:00:00,1763.04000000,1777.25000000,1747.42000000,1753.69000000,124844.66970000
3135,2022-06-07 12:00:00,1753.70000000,1794.26000000,1736.17000000,1781.55000000,192374.46400000
3136,2022-06-07 16:00:00,1781.54000000,1874.98000000,1768.70000000,1846.97000000,212538.10040000
3137,2022-06-07 20:00:00,1846.97000000,1870.00000000,1753.03000000,1813.33000000,281765.53520000
3138,2022-06-08 00:00:00,1813.33000000,1836.07000000,1765.28000000,1779.50000000,213870.78310000
3139,2022-06-08 04:00:00,1779.49000000,1818.31000000,1772.27000000,1806.40000000,197629.39150000
3140,2022-06-08 08:00:00,1806.40000000,1817.00000000,1795.90000000,1808.61000000,96783.80520000
3141,2022-06-08 12:00:00,1808.62000000,1838.77000000,1783.22000000,1815.27000000,212793.08710000
3142,2022-06-08 16:00:00,1815.28000000,1822.00000000,1771.53000000,1790.64000000,149480.63650000
3143,2022-06-08 20:00:00,1790.63000000,1813.40000000,1788.27000000,1791.88000000,70952.43390000
3144,2022-06-09 00:00:00,1791.88000000,1801.73000000,1777.33000000,1799.31000000,85330.50930000
3145,2022-06-09 04:00:00,1799.31000000,1812.00000000,1794.11000000,1811.99000000,56009.21150000
3146,2022-06-09 08:00:00,1812.00000000,1833.00000000,1802.67000000,1805.15000000,99947.99600000
3147,2022-06-09 12:00:00,1805.15000000,1811.11000000,1779.01000000,1799.35000000,139212.56160000
3148,2022-06-09 16:00:00,1799.35000000,1818.42000000,1782.19000000,1783.74000000,97563.78180000
3149,2022-06-09 20:00:00,1783.75000000,1799.50000000,1781.04000000,1788.81000000,57246.90160000
3150,2022-06-10 00:00:00,1788.80000000,1804.32000000,1745.01000000,1792.49000000,131683.04070000
3151,2022-06-10 04:00:00,1792.42000000,1800.52000000,1786.77000000,1788.63000000,39348.31190000
3152,2022-06-10 08:00:00,1788.63000000,1795.25000000,1763.51000000,1771.91000000,80271.83420000
3153,2022-06-10 12:00:00,1771.90000000,1782.00000000,1708.01000000,1727.10000000,335083.58950000
3154,2022-06-10 16:00:00,1727.09000000,1730.80000000,1661.00000000,1669.00000000,272249.49563000
3155,2022-06-10 20:00:00,1669.01000000,1685.60000000,1655.93000000,1662.91000000,96399.52046000
3156,2022-06-11 00:00:00,1662.91000000,1682.21000000,1658.50000000,1669.63000000,63536.46680000
3157,2022-06-11 04:00:00,1669.63000000,1680.07000000,1663.10000000,1667.46000000,64746.63660000
3158,2022-06-11 08:00:00,1667.46000000,1670.06000000,1545.00000000,1575.96000000,318704.63204000
3159,2022-06-11 12:00:00,1575.97000000,1591.42000000,1501.00000000,1517.60000000,395456.75065000
3160,2022-06-11 16:00:00,1517.61000000,1578.00000000,1496.74000000,1546.48000000,249389.12611000
3161,2022-06-11 20:00:00,1546.48000000,1553.19000000,1518.00000000,1532.89000000,128491.64200000
3162,2022-06-12 00:00:00,1532.89000000,1542.24000000,1446.60000000,1466.97000000,309301.15830000
3163,2022-06-12 04:00:00,1466.97000000,1480.00000000,1423.00000000,1471.26000000,266659.45498000
3164,2022-06-12 08:00:00,1471.26000000,1486.90000000,1452.83000000,1468.98000000,184732.58480000
3165,2022-06-12 12:00:00,1468.98000000,1547.00000000,1429.00000000,1525.92000000,383107.75110000
3166,2022-06-12 16:00:00,1525.91000000,1532.48000000,1477.38000000,1479.59000000,213731.30780000
3167,2022-06-12 20:00:00,1479.58000000,1488.71000000,1433.00000000,1434.84000000,205693.11320000
3168,2022-06-13 00:00:00,1434.84000000,1455.00000000,1304.39000000,1350.83000000,687754.88231000
3169,2022-06-13 04:00:00,1350.96000000,1387.32000000,1262.76000000,1283.46000000,627659.39471000
3170,2022-06-13 08:00:00,1283.07000000,1288.95000000,1180.00000000,1209.23000000,1004306.07661000
3171,2022-06-13 12:00:00,1209.14000000,1258.69000000,1165.45000000,1229.97000000,721528.32913000
3172,2022-06-13 16:00:00,1229.75000000,1279.74000000,1209.02000000,1228.69000000,322992.64830000
3173,2022-06-13 20:00:00,1228.69000000,1284.33000000,1168.50000000,1209.82000000,262110.33430000
3174,2022-06-14 00:00:00,1209.35000000,1225.00000000,1075.80000000,1174.10000000,857560.32051000
3175,2022-06-14 04:00:00,1174.09000000,1254.00000000,1136.00000000,1241.16000000,635032.95160000
3176,2022-06-14 08:00:00,1241.15000000,1244.48000000,1154.37000000,1175.23000000,376837.54460000
3177,2022-06-14 12:00:00,1175.22000000,1259.99000000,1158.00000000,1250.67000000,471630.88840000
3178,2022-06-14 16:00:00,1250.66000000,1268.45000000,1195.17000000,1206.15000000,190445.54590000
3179,2022-06-14 20:00:00,1206.15000000,1221.29000000,1159.12000000,1208.90000000,184986.55030000
3180,2022-06-15 00:00:00,1208.90000000,1231.67000000,1169.00000000,1173.09000000,215289.04600000
3181,2022-06-15 04:00:00,1173.09000000,1175.73000000,1082.37000000,1094.38000000,503061.03320000
3182,2022-06-15 08:00:00,1094.38000000,1136.96000000,1014.40000000,1120.05000000,831597.49541000
3183,2022-06-15 12:00:00,1120.05000000,1164.00000000,1093.66000000,1120.15000000,463215.78300000
3184,2022-06-15 16:00:00,1120.17000000,1227.29000000,1045.00000000,1171.03000000,839493.39010000
3185,2022-06-15 20:00:00,1171.02000000,1250.00000000,1153.12000000,1237.52000000,262166.38850000
3186,2022-06-16 00:00:00,1237.53000000,1257.85000000,1202.43000000,1210.10000000,223535.29250000
3187,2022-06-16 04:00:00,1210.10000000,1218.62000000,1155.26000000,1165.41000000,189838.84690000
3188,2022-06-16 08:00:00,1165.41000000,1180.40000000,1093.71000000,1111.11000000,279869.55640000
3189,2022-06-16 12:00:00,1111.11000000,1153.00000000,1082.00000000,1114.41000000,333512.70960000
3190,2022-06-16 16:00:00,1114.41000000,1134.09000000,1092.28000000,1096.05000000,204956.81660000
3191,2022-06-16 20:00:00,1096.06000000,1119.50000000,1051.55000000,1068.50000000,215673.60840000
3192,2022-06-17 00:00:00,1068.50000000,1117.10000000,1051.11000000,1071.51000000,272670.58360000
3193,2022-06-17 04:00:00,1071.51000000,1118.00000000,1068.07000000,1099.31000000,243193.33270000
3194,2022-06-17 08:00:00,1099.31000000,1113.00000000,1086.64000000,1092.61000000,204816.89110000
3195,2022-06-17 12:00:00,1092.61000000,1101.49000000,1064.14000000,1084.99000000,247409.62990000
3196,2022-06-17 16:00:00,1084.98000000,1093.52000000,1070.93000000,1080.00000000,158402.58250000
3197,2022-06-17 20:00:00,1079.99000000,1099.98000000,1075.12000000,1086.94000000,94184.92930000
3198,2022-06-18 00:00:00,1086.93000000,1097.58000000,1071.57000000,1079.47000000,114361.67750000
3199,2022-06-18 04:00:00,1079.46000000,1084.81000000,988.95000000,1003.78000000,424908.18592000
3200,2022-06-18 08:00:00,1003.78000000,1017.48000000,975.21000000,1005.06000000,431997.79430000
3201,2022-06-18 12:00:00,1005.06000000,1008.87000000,988.02000000,989.48000000,176735.21170000
3202,2022-06-18 16:00:00,989.49000000,999.83000000,912.53000000,915.15000000,412588.74498000
3203,2022-06-18 20:00:00,915.16000000,1015.00000000,881.56000000,995.13000000,748391.90430000
3204,2022-06-19 00:00:00,995.12000000,1009.54000000,940.95000000,953.20000000,338605.48020000
3205,2022-06-19 04:00:00,953.21000000,973.56000000,936.15000000,955.72000000,239993.73580000
3206,2022-06-19 08:00:00,955.73000000,1078.40000000,953.30000000,1055.12000000,493913.02860000
3207,2022-06-19 12:00:00,1055.12000000,1077.13000000,1018.64000000,1071.68000000,326461.93200000
3208,2022-06-19 16:00:00,1071.68000000,1128.67000000,1043.00000000,1100.77000000,307524.61560000
3209,2022-06-19 20:00:00,1100.77000000,1158.62000000,1098.08000000,1128.53000000,312100.65770000
3210,2022-06-20 00:00:00,1128.53000000,1132.75000000,1053.00000000,1080.01000000,303319.82870000
3211,2022-06-20 04:00:00,1080.00000000,1092.26000000,1060.22000000,1079.64000000,233412.25030000
3212,2022-06-20 08:00:00,1079.64000000,1170.00000000,1076.79000000,1153.05000000,420166.94190000
3213,2022-06-20 12:00:00,1153.04000000,1154.26000000,1107.36000000,1134.55000000,319954.33320000
3214,2022-06-20 16:00:00,1134.55000000,1137.00000000,1083.10000000,1106.46000000,270514.43890000
3215,2022-06-20 20:00:00,1106.46000000,1138.69000000,1090.74000000,1128.24000000,174405.12020000
3216,2022-06-21 00:00:00,1128.24000000,1143.79000000,1109.23000000,1130.89000000,216042.67460000
3217,2022-06-21 04:00:00,1130.89000000,1164.78000000,1118.29000000,1148.56000000,244115.13550000
3218,2022-06-21 08:00:00,1148.55000000,1177.77000000,1137.14000000,1141.39000000,255397.28500000
3219,2022-06-21 12:00:00,1141.39000000,1194.00000000,1135.24000000,1168.13000000,291666.28820000
3220,2022-06-21 16:00:00,1168.14000000,1175.06000000,1121.57000000,1124.43000000,160137.79630000
3221,2022-06-21 20:00:00,1124.42000000,1140.87000000,1113.49000000,1125.85000000,138736.19610000
3222,2022-06-22 00:00:00,1125.86000000,1127.33000000,1086.50000000,1089.30000000,193333.20550000
3223,2022-06-22 04:00:00,1089.30000000,1106.89000000,1066.60000000,1075.24000000,201837.34550000
3224,2022-06-22 08:00:00,1075.25000000,1106.01000000,1069.24000000,1097.33000000,185146.41750000
3225,2022-06-22 12:00:00,1097.33000000,1125.00000000,1070.83000000,1075.02000000,336981.88610000
3226,2022-06-22 16:00:00,1075.02000000,1088.89000000,1054.06000000,1070.72000000,232959.75990000
3227,2022-06-22 20:00:00,1070.72000000,1074.52000000,1043.65000000,1050.19000000,156701.24480000
3228,2022-06-23 00:00:00,1050.19000000,1097.98000000,1045.30000000,1076.40000000,201110.66530000
3229,2022-06-23 04:00:00,1076.40000000,1110.00000000,1072.15000000,1091.70000000,186061.72210000
3230,2022-06-23 08:00:00,1091.70000000,1116.59000000,1091.17000000,1106.59000000,216374.97240000
3231,2022-06-23 12:00:00,1106.59000000,1131.55000000,1086.95000000,1094.22000000,250593.64870000
3232,2022-06-23 16:00:00,1094.21000000,1128.21000000,1082.78000000,1126.65000000,163504.08940000
3233,2022-06-23 20:00:00,1126.64000000,1155.00000000,1120.00000000,1144.72000000,260611.99200000
3234,2022-06-24 00:00:00,1144.71000000,1168.40000000,1141.01000000,1150.39000000,182069.45010000
3235,2022-06-24 04:00:00,1150.39000000,1161.14000000,1132.00000000,1148.70000000,180338.60060000
3236,2022-06-24 08:00:00,1148.71000000,1205.52000000,1142.97000000,1195.91000000,290962.91830000
3237,2022-06-24 12:00:00,1195.90000000,1226.45000000,1189.57000000,1197.98000000,311401.81070000
3238,2022-06-24 16:00:00,1197.98000000,1232.00000000,1183.96000000,1228.04000000,192357.21980000
3239,2022-06-24 20:00:00,1228.05000000,1245.43000000,1215.04000000,1225.02000000,180007.48350000
3240,2022-06-25 00:00:00,1225.02000000,1227.30000000,1204.02000000,1223.76000000,126771.10300000
3241,2022-06-25 04:00:00,1223.76000000,1239.63000000,1210.68000000,1234.40000000,133910.45800000
3242,2022-06-25 08:00:00,1234.41000000,1242.30000000,1213.00000000,1217.16000000,108027.81910000
3243,2022-06-25 12:00:00,1217.16000000,1219.60000000,1181.83000000,1183.94000000,196706.69690000
3244,2022-06-25 16:00:00,1183.94000000,1214.57000000,1180.00000000,1205.57000000,119985.90920000
3245,2022-06-25 20:00:00,1205.57000000,1256.77000000,1201.45000000,1242.36000000,176584.63150000
3246,2022-06-26 00:00:00,1242.31000000,1245.90000000,1227.43000000,1233.28000000,82557.97620000
3247,2022-06-26 04:00:00,1233.28000000,1252.00000000,1232.42000000,1238.07000000,99453.33900000
3248,2022-06-26 08:00:00,1238.06000000,1277.00000000,1235.60000000,1269.72000000,168322.98610000
3249,2022-06-26 12:00:00,1269.72000000,1280.00000000,1211.86000000,1223.39000000,248261.95840000
3250,2022-06-26 16:00:00,1223.39000000,1233.42000000,1210.12000000,1226.11000000,101232.22400000
3251,2022-06-26 20:00:00,1226.11000000,1249.93000000,1194.60000000,1197.79000000,184355.78930000
3252,2022-06-27 00:00:00,1197.79000000,1226.70000000,1195.82000000,1219.91000000,154834.43990000
3253,2022-06-27 04:00:00,1219.92000000,1237.00000000,1212.71000000,1227.66000000,106477.97430000
3254,2022-06-27 08:00:00,1227.66000000,1238.93000000,1217.32000000,1220.01000000,96090.41650000
3255,2022-06-27 12:00:00,1220.01000000,1223.91000000,1175.00000000,1187.48000000,264741.88190000
3256,2022-06-27 16:00:00,1187.49000000,1211.32000000,1172.49000000,1196.69000000,139693.15380000
3257,2022-06-27 20:00:00,1196.70000000,1219.00000000,1189.24000000,1192.51000000,106896.33970000
3258,2022-06-28 00:00:00,1192.51000000,1199.64000000,1162.16000000,1181.94000000,179342.62950000
3259,2022-06-28 04:00:00,1181.94000000,1214.63000000,1179.14000000,1207.65000000,126416.80180000
3260,2022-06-28 08:00:00,1207.66000000,1233.82000000,1203.92000000,1223.48000000,178396.80910000
3261,2022-06-28 12:00:00,1223.48000000,1237.99000000,1182.00000000,1183.69000000,248894.21510000
3262,2022-06-28 16:00:00,1183.70000000,1193.73000000,1151.22000000,1156.23000000,233015.06770000
3263,2022-06-28 20:00:00,1156.22000000,1168.41000000,1136.32000000,1144.05000000,137999.69790000
3264,2022-06-29 00:00:00,1144.05000000,1156.80000000,1133.03000000,1144.89000000,147631.67310000
3265,2022-06-29 04:00:00,1144.90000000,1155.33000000,1114.50000000,1130.59000000,189568.74860000
3266,2022-06-29 08:00:00,1130.59000000,1142.44000000,1102.40000000,1117.95000000,211259.94820000
3267,2022-06-29 12:00:00,1117.94000000,1123.99000000,1090.20000000,1114.26000000,316233.42720000
3268,2022-06-29 16:00:00,1114.27000000,1119.00000000,1087.42000000,1117.95000000,189240.97530000
3269,2022-06-29 20:00:00,1117.95000000,1122.69000000,1092.73000000,1100.21000000,241583.02360000
3270,2022-06-30 00:00:00,1100.21000000,1106.62000000,1077.00000000,1093.93000000,154989.30190000
3271,2022-06-30 04:00:00,1093.92000000,1097.20000000,1052.50000000,1057.42000000,205579.35530000
3272,2022-06-30 08:00:00,1057.42000000,1057.57000000,1011.87000000,1018.49000000,296660.84800000
3273,2022-06-30 12:00:00,1018.48000000,1041.67000000,998.00000000,1032.22000000,311524.06540000
3274,2022-06-30 16:00:00,1032.22000000,1046.00000000,1012.21000000,1020.86000000,201617.80430000
3275,2022-06-30 20:00:00,1020.90000000,1082.30000000,1005.24000000,1071.01000000,250298.99070000
3276,2022-07-01 00:00:00,1071.02000000,1117.00000000,1050.46000000,1054.52000000,430646.87200000
3277,2022-07-01 04:00:00,1054.52000000,1076.43000000,1045.41000000,1066.81000000,275557.93280000
3278,2022-07-01 08:00:00,1066.81000000,1086.44000000,1033.44000000,1050.22000000,252105.56650000
3279,2022-07-01 12:00:00,1050.21000000,1074.23000000,1043.00000000,1056.86000000,298465.06950000
3280,2022-07-01 16:00:00,1056.86000000,1083.10000000,1054.82000000,1067.91000000,158796.22480000
3281,2022-07-01 20:00:00,1067.90000000,1092.00000000,1054.70000000,1059.73000000,146683.47830000
3282,2022-07-02 00:00:00,1059.73000000,1069.49000000,1033.77000000,1038.00000000,154333.57900000
3283,2022-07-02 04:00:00,1037.99000000,1053.27000000,1036.25000000,1042.08000000,78332.30740000
3284,2022-07-02 08:00:00,1042.08000000,1049.05000000,1028.29000000,1043.78000000,134546.68410000
3285,2022-07-02 12:00:00,1043.78000000,1064.79000000,1039.76000000,1052.89000000,156797.67710000
3286,2022-07-02 16:00:00,1052.89000000,1078.88000000,1049.49000000,1066.04000000,131905.11810000
3287,2022-07-02 20:00:00,1066.05000000,1075.38000000,1060.28000000,1067.01000000,58896.71470000
3288,2022-07-03 00:00:00,1067.01000000,1071.48000000,1054.06000000,1062.45000000,78757.92870000
3289,2022-07-03 04:00:00,1062.44000000,1088.34000000,1040.78000000,1063.88000000,174617.80570000
3290,2022-07-03 08:00:00,1063.88000000,1065.34000000,1050.00000000,1061.08000000,78500.19820000
3291,2022-07-03 12:00:00,1061.08000000,1063.25000000,1040.97000000,1050.61000000,92715.04860000
3292,2022-07-03 16:00:00,1050.61000000,1083.33000000,1049.62000000,1077.64000000,102756.53220000
3293,2022-07-03 20:00:00,1077.63000000,1087.33000000,1069.47000000,1074.26000000,117398.82030000
3294,2022-07-04 00:00:00,1074.26000000,1076.89000000,1047.42000000,1051.72000000,132592.82160000
3295,2022-07-04 04:00:00,1051.72000000,1057.76000000,1045.37000000,1050.83000000,62556.99640000
3296,2022-07-04 08:00:00,1050.84000000,1106.14000000,1050.04000000,1101.00000000,205609.10310000
3297,2022-07-04 12:00:00,1101.00000000,1135.36000000,1084.35000000,1112.21000000,367821.23860000
3298,2022-07-04 16:00:00,1112.20000000,1135.30000000,1103.38000000,1123.47000000,174525.47780000
3299,2022-07-04 20:00:00,1123.46000000,1160.90000000,1117.54000000,1151.00000000,207003.34860000
3300,2022-07-05 00:00:00,1151.01000000,1163.31000000,1142.18000000,1153.13000000,152798.32360000
3301,2022-07-05 04:00:00,1153.14000000,1174.90000000,1142.17000000,1158.26000000,182227.79800000
3302,2022-07-05 08:00:00,1158.26000000,1158.50000000,1107.79000000,1112.21000000,220896.70160000
3303,2022-07-05 12:00:00,1112.21000000,1113.00000000,1076.34000000,1092.95000000,363509.10480000
3304,2022-07-05 16:00:00,1092.95000000,1152.75000000,1088.28000000,1146.53000000,277114.46150000
3305,2022-07-05 20:00:00,1146.53000000,1170.00000000,1128.40000000,1132.50000000,202415.06000000
3306,2022-07-06 00:00:00,1132.51000000,1155.50000000,1111.44000000,1130.88000000,215956.94390000
3307,2022-07-06 04:00:00,1130.87000000,1150.67000000,1120.81000000,1139.36000000,202347.22940000
3308,2022-07-06 08:00:00,1139.36000000,1155.70000000,1128.54000000,1134.11000000,154818.61050000
3309,2022-07-06 12:00:00,1134.12000000,1151.27000000,1123.00000000,1133.59000000,225465.45470000
3310,2022-07-06 16:00:00,1133.60000000,1168.24000000,1132.39000000,1153.46000000,211698.94510000
3311,2022-07-06 20:00:00,1153.46000000,1205.00000000,1151.04000000,1186.57000000,201480.89210000
3312,2022-07-07 00:00:00,1186.57000000,1189.81000000,1166.59000000,1176.17000000,130002.00880000
3313,2022-07-07 04:00:00,1176.16000000,1177.90000000,1163.18000000,1176.59000000,98466.95240000
3314,2022-07-07 08:00:00,1176.58000000,1194.00000000,1173.06000000,1186.07000000,140480.54820000
3315,2022-07-07 12:00:00,1186.08000000,1229.26000000,1179.26000000,1220.37000000,271468.89770000
3316,2022-07-07 16:00:00,1220.37000000,1254.29000000,1214.76000000,1247.79000000,230536.57550000
3317,2022-07-07 20:00:00,1247.80000000,1250.34000000,1225.11000000,1237.49000000,130361.09640000
3318,2022-07-08 00:00:00,1237.49000000,1276.46000000,1231.15000000,1259.10000000,201059.97420000
3319,2022-07-08 04:00:00,1259.10000000,1267.86000000,1234.48000000,1241.28000000,134491.44120000
3320,2022-07-08 08:00:00,1241.29000000,1244.78000000,1204.15000000,1221.33000000,193942.85060000
3321,2022-07-08 12:00:00,1221.34000000,1241.46000000,1193.15000000,1235.96000000,327882.52500000
3322,2022-07-08 16:00:00,1235.96000000,1247.94000000,1214.00000000,1240.03000000,168610.09210000
3323,2022-07-08 20:00:00,1240.03000000,1254.69000000,1209.82000000,1214.04000000,163531.48000000
3324,2022-07-09 00:00:00,1214.03000000,1221.79000000,1204.67000000,1217.01000000,147773.17350000
3325,2022-07-09 04:00:00,1217.01000000,1227.40000000,1210.69000000,1225.02000000,79680.30950000
3326,2022-07-09 08:00:00,1225.01000000,1228.25000000,1205.27000000,1210.28000000,80972.91230000
3327,2022-07-09 12:00:00,1210.28000000,1222.61000000,1206.52000000,1215.24000000,83406.71320000
3328,2022-07-09 16:00:00,1215.23000000,1235.40000000,1209.33000000,1218.61000000,89320.97600000
3329,2022-07-09 20:00:00,1218.62000000,1226.74000000,1212.94000000,1217.02000000,95183.09640000
3330,2022-07-10 00:00:00,1217.02000000,1219.95000000,1182.00000000,1188.12000000,175942.19760000
3331,2022-07-10 04:00:00,1188.11000000,1195.46000000,1184.30000000,1189.54000000,110486.30430000
3332,2022-07-10 08:00:00,1189.54000000,1194.13000000,1174.00000000,1183.47000000,180767.52750000
3333,2022-07-10 12:00:00,1183.48000000,1187.75000000,1156.44000000,1163.58000000,190340.16980000
3334,2022-07-10 16:00:00,1163.59000000,1176.38000000,1153.00000000,1174.32000000,135346.61210000
3335,2022-07-10 20:00:00,1174.32000000,1185.01000000,1160.66000000,1168.36000000,225155.83930000
3336,2022-07-11 00:00:00,1168.37000000,1171.29000000,1143.77000000,1154.58000000,210572.84580000
3337,2022-07-11 04:00:00,1154.57000000,1155.20000000,1137.57000000,1143.37000000,188855.86270000
3338,2022-07-11 08:00:00,1143.37000000,1150.00000000,1141.55000000,1143.57000000,152559.44090000
3339,2022-07-11 12:00:00,1143.56000000,1161.75000000,1128.56000000,1143.68000000,246102.97940000
3340,2022-07-11 16:00:00,1143.67000000,1156.77000000,1136.34000000,1141.80000000,133509.04010000
3341,2022-07-11 20:00:00,1141.80000000,1145.28000000,1091.71000000,1096.40000000,270052.13590000
3342,2022-07-12 00:00:00,1096.37000000,1098.26000000,1081.55000000,1086.15000000,175703.33600000
3343,2022-07-12 04:00:00,1086.15000000,1093.38000000,1062.71000000,1069.07000000,162877.95050000
3344,2022-07-12 08:00:00,1069.07000000,1072.77000000,1053.76000000,1065.83000000,213463.75290000
3345,2022-07-12 12:00:00,1065.83000000,1083.49000000,1061.78000000,1075.89000000,255722.38740000
3346,2022-07-12 16:00:00,1075.89000000,1088.83000000,1033.46000000,1041.40000000,268903.40860000
3347,2022-07-12 20:00:00,1041.41000000,1051.67000000,1035.30000000,1038.58000000,184678.79670000
3348,2022-07-13 00:00:00,1038.58000000,1059.62000000,1035.58000000,1052.34000000,247067.10700000
3349,2022-07-13 04:00:00,1052.34000000,1072.48000000,1049.11000000,1069.57000000,190455.31230000
3350,2022-07-13 08:00:00,1069.57000000,1084.46000000,1065.70000000,1082.03000000,222293.43480000
3351,2022-07-13 12:00:00,1082.02000000,1103.78000000,1006.32000000,1060.21000000,872747.36880000
3352,2022-07-13 16:00:00,1060.20000000,1098.96000000,1049.21000000,1076.61000000,310114.90840000
3353,2022-07-13 20:00:00,1076.61000000,1119.18000000,1074.39000000,1115.00000000,192927.69860000
3354,2022-07-14 00:00:00,1115.01000000,1127.19000000,1109.00000000,1112.71000000,200647.51340000
3355,2022-07-14 04:00:00,1112.72000000,1114.90000000,1093.30000000,1097.58000000,161471.22020000
3356,2022-07-14 08:00:00,1097.57000000,1100.71000000,1072.11000000,1081.27000000,196371.83550000
3357,2022-07-14 12:00:00,1081.26000000,1147.97000000,1072.80000000,1140.95000000,403737.32390000
3358,2022-07-14 16:00:00,1140.96000000,1214.65000000,1133.14000000,1194.04000000,490261.66740000
3359,2022-07-14 20:00:00,1194.05000000,1201.35000000,1180.60000000,1193.42000000,152612.36580000
3360,2022-07-15 00:00:00,1193.42000000,1222.92000000,1181.05000000,1199.92000000,236252.94330000
3361,2022-07-15 04:00:00,1199.93000000,1217.96000000,1189.79000000,1211.85000000,202707.51010000
3362,2022-07-15 08:00:00,1211.86000000,1230.00000000,1203.28000000,1211.10000000,230969.57120000
3363,2022-07-15 12:00:00,1211.10000000,1237.58000000,1207.50000000,1222.13000000,312727.50600000
3364,2022-07-15 16:00:00,1222.13000000,1270.42000000,1203.72000000,1266.33000000,291811.38130000
3365,2022-07-15 20:00:00,1266.33000000,1287.82000000,1227.42000000,1231.25000000,191568.34650000
3366,2022-07-16 00:00:00,1231.25000000,1235.24000000,1209.42000000,1222.16000000,112152.43350000
3367,2022-07-16 04:00:00,1222.16000000,1223.15000000,1191.23000000,1197.30000000,151642.57700000
3368,2022-07-16 08:00:00,1197.30000000,1206.55000000,1193.22000000,1197.92000000,74663.29040000
3369,2022-07-16 12:00:00,1197.91000000,1277.02000000,1196.00000000,1274.33000000,271259.14230000
3370,2022-07-16 16:00:00,1274.34000000,1422.91000000,1272.21000000,1336.23000000,692339.37130000
3371,2022-07-16 20:00:00,1336.23000000,1363.10000000,1314.60000000,1355.85000000,191753.10810000
3372,2022-07-17 00:00:00,1355.84000000,1387.00000000,1328.17000000,1353.60000000,195063.93830000
3373,2022-07-17 04:00:00,1353.61000000,1377.56000000,1347.14000000,1361.67000000,163572.96120000
3374,2022-07-17 08:00:00,1361.66000000,1376.54000000,1337.32000000,1363.48000000,198461.57730000
3375,2022-07-17 12:00:00,1363.47000000,1367.00000000,1330.83000000,1351.95000000,222592.72780000
3376,2022-07-17 16:00:00,1351.96000000,1382.29000000,1319.04000000,1347.90000000,319640.17140000
3377,2022-07-17 20:00:00,1347.89000000,1376.00000000,1335.27000000,1338.65000000,146871.50350000
3378,2022-07-18 00:00:00,1338.65000000,1421.43000000,1336.07000000,1406.51000000,290421.82540000
3379,2022-07-18 04:00:00,1406.50000000,1475.66000000,1393.84000000,1467.13000000,406303.73270000
3380,2022-07-18 08:00:00,1467.14000000,1509.91000000,1462.57000000,1479.08000000,393186.20041000
3381,2022-07-18 12:00:00,1479.08000000,1529.72000000,1452.52000000,1521.35000000,287476.08130000
3382,2022-07-18 16:00:00,1521.34000000,1530.00000000,1450.00000000,1472.30000000,328581.36430000
3383,2022-07-18 20:00:00,1472.30000000,1597.47000000,1461.43000000,1581.04000000,323949.56110000
3384,2022-07-19 00:00:00,1581.03000000,1631.00000000,1510.94000000,1516.24000000,539046.03270000
3385,2022-07-19 04:00:00,1516.24000000,1542.68000000,1493.11000000,1510.58000000,276184.72800000
3386,2022-07-19 08:00:00,1510.59000000,1561.45000000,1505.75000000,1541.82000000,226801.22910000
3387,2022-07-19 12:00:00,1541.82000000,1577.28000000,1506.41000000,1540.44000000,386838.58440000
3388,2022-07-19 16:00:00,1540.52000000,1589.76000000,1534.79000000,1560.79000000,272483.80040000
3389,2022-07-19 20:00:00,1560.78000000,1588.10000000,1526.01000000,1542.32000000,144694.30700000
3390,2022-07-20 00:00:00,1542.33000000,1568.42000000,1510.47000000,1561.72000000,166067.99200000
3391,2022-07-20 04:00:00,1561.72000000,1579.80000000,1528.76000000,1531.06000000,172354.43030000
3392,2022-07-20 08:00:00,1531.05000000,1614.00000000,1526.67000000,1602.91000000,280370.94740000
3393,2022-07-20 12:00:00,1602.90000000,1620.40000000,1583.00000000,1596.53000000,258643.11990000
3394,2022-07-20 16:00:00,1596.52000000,1597.58000000,1538.00000000,1551.79000000,201299.32740000
3395,2022-07-20 20:00:00,1551.79000000,1567.09000000,1484.23000000,1521.58000000,272441.60770000
3396,2022-07-21 00:00:00,1521.63000000,1554.70000000,1482.23000000,1487.96000000,198535.81040000
3397,2022-07-21 04:00:00,1487.96000000,1497.74000000,1463.56000000,1488.01000000,188299.69050000
3398,2022-07-21 08:00:00,1488.01000000,1520.95000000,1477.01000000,1489.19000000,225384.25610000
3399,2022-07-21 12:00:00,1489.19000000,1515.66000000,1481.11000000,1511.01000000,206855.85990000
3400,2022-07-21 16:00:00,1511.01000000,1580.00000000,1508.99000000,1578.85000000,259205.74570000
3401,2022-07-21 20:00:00,1578.84000000,1605.98000000,1565.09000000,1575.45000000,169046.13370000
3402,2022-07-22 00:00:00,1575.45000000,1595.92000000,1553.10000000,1561.45000000,113192.84830000
3403,2022-07-22 04:00:00,1561.45000000,1614.02000000,1555.87000000,1601.69000000,167980.85940000
3404,2022-07-22 08:00:00,1601.69000000,1650.05000000,1595.12000000,1639.08000000,306124.88980000
3405,2022-07-22 12:00:00,1639.08000000,1644.50000000,1569.05000000,1574.91000000,286637.95760000
3406,2022-07-22 16:00:00,1574.90000000,1591.99000000,1519.65000000,1526.20000000,199606.11000000
3407,2022-07-22 20:00:00,1526.21000000,1544.54000000,1516.11000000,1535.27000000,97180.42220000
3408,2022-07-23 00:00:00,1535.27000000,1580.00000000,1523.45000000,1571.00000000,112331.34690000
3409,2022-07-23 04:00:00,1571.01000000,1596.51000000,1564.28000000,1578.35000000,124844.71310000
3410,2022-07-23 08:00:00,1578.35000000,1588.35000000,1519.00000000,1522.19000000,184858.73870000
3411,2022-07-23 12:00:00,1522.19000000,1537.30000000,1501.65000000,1523.67000000,142349.88440000
3412,2022-07-23 16:00:00,1523.67000000,1532.99000000,1488.00000000,1513.33000000,186605.52310000
3413,2022-07-23 20:00:00,1513.25000000,1555.26000000,1511.56000000,1548.67000000,100294.52770000
3414,2022-07-24 00:00:00,1548.66000000,1577.24000000,1545.67000000,1551.51000000,108044.06860000
3415,2022-07-24 04:00:00,1551.51000000,1619.99000000,1546.90000000,1604.44000000,209318.75100000
3416,2022-07-24 08:00:00,1604.44000000,1628.86000000,1580.00000000,1615.85000000,165371.26890000
3417,2022-07-24 12:00:00,1615.84000000,1621.42000000,1573.00000000,1612.61000000,188316.02090000
3418,2022-07-24 16:00:00,1612.61000000,1615.38000000,1583.51000000,1602.76000000,116376.05630000
3419,2022-07-24 20:00:00,1602.75000000,1664.34000000,1589.01000000,1597.70000000,222509.73400000
3420,2022-07-25 00:00:00,1597.70000000,1609.55000000,1498.95000000,1511.51000000,321802.86220000
3421,2022-07-25 04:00:00,1511.51000000,1529.84000000,1499.45000000,1522.12000000,151357.45750000
3422,2022-07-25 08:00:00,1522.12000000,1553.79000000,1510.70000000,1537.50000000,151747.87450000
3423,2022-07-25 12:00:00,1537.49000000,1538.65000000,1502.21000000,1526.03000000,238151.55040000
3424,2022-07-25 16:00:00,1526.02000000,1534.94000000,1455.17000000,1495.00000000,228960.89920000
3425,2022-07-25 20:00:00,1495.00000000,1538.51000000,1435.58000000,1440.79000000,326370.33710000
3426,2022-07-26 00:00:00,1440.79000000,1450.00000000,1400.46000000,1433.05000000,290515.83950000
3427,2022-07-26 04:00:00,1433.04000000,1438.30000000,1406.68000000,1409.46000000,164620.37350000
3428,2022-07-26 08:00:00,1409.46000000,1423.97000000,1385.08000000,1406.33000000,119648.96080000
3429,2022-07-26 12:00:00,1406.33000000,1420.39000000,1363.87000000,1368.68000000,254885.88940000
3430,2022-07-26 16:00:00,1368.67000000,1396.00000000,1356.86000000,1366.02000000,152127.90140000
3431,2022-07-26 20:00:00,1366.09000000,1454.11000000,1356.17000000,1449.12000000,217844.77620000
3432,2022-07-27 00:00:00,1449.12000000,1458.88000000,1420.83000000,1424.76000000,151529.55230000
3433,2022-07-27 04:00:00,1424.75000000,1472.00000000,1422.53000000,1464.47000000,154535.78590000
3434,2022-07-27 08:00:00,1464.47000000,1474.96000000,1446.93000000,1452.68000000,132656.95850000
3435,2022-07-27 12:00:00,1452.68000000,1496.99000000,1444.91000000,1489.20000000,191261.28240000
3436,2022-07-27 16:00:00,1489.20000000,1615.00000000,1477.40000000,1587.96000000,640486.45840000
3437,2022-07-27 20:00:00,1587.96000000,1644.44000000,1585.00000000,1635.74000000,242956.00380000
3438,2022-07-28 00:00:00,1635.74000000,1677.00000000,1605.29000000,1648.64000000,254233.38100000
3439,2022-07-28 04:00:00,1648.64000000,1654.47000000,1614.00000000,1618.44000000,161111.98540000
3440,2022-07-28 08:00:00,1618.44000000,1645.04000000,1601.23000000,1641.52000000,158773.54590000
3441,2022-07-28 12:00:00,1641.52000000,1755.00000000,1593.27000000,1728.31000000,535052.55925000
3442,2022-07-28 16:00:00,1728.32000000,1750.00000000,1713.35000000,1725.98000000,244552.98650000
3443,2022-07-28 20:00:00,1725.98000000,1784.79000000,1712.61000000,1724.52000000,224420.61750000
3444,2022-07-29 00:00:00,1724.52000000,1733.98000000,1696.00000000,1727.02000000,144740.16560000
3445,2022-07-29 04:00:00,1727.02000000,1752.03000000,1706.14000000,1715.36000000,146530.84200000
3446,2022-07-29 08:00:00,1715.35000000,1733.11000000,1664.27000000,1681.39000000,189275.72950000
3447,2022-07-29 12:00:00,1681.40000000,1744.00000000,1655.02000000,1721.66000000,315424.73640000
3448,2022-07-29 16:00:00,1721.66000000,1736.23000000,1663.44000000,1723.84000000,246227.38580000
3449,2022-07-29 20:00:00,1723.83000000,1765.99000000,1703.01000000,1721.68000000,163067.71100000
3450,2022-07-30 00:00:00,1721.68000000,1735.31000000,1686.84000000,1707.14000000,145133.62240000
3451,2022-07-30 04:00:00,1707.15000000,1720.00000000,1688.69000000,1715.50000000,68455.14860000
3452,2022-07-30 08:00:00,1715.50000000,1723.54000000,1678.25000000,1704.77000000,108839.85890000
3453,2022-07-30 12:00:00,1704.77000000,1744.85000000,1696.01000000,1736.84000000,183779.02050000
3454,2022-07-30 16:00:00,1736.84000000,1737.49000000,1689.07000000,1691.93000000,103836.75880000
3455,2022-07-30 20:00:00,1691.92000000,1710.02000000,1673.01000000,1697.00000000,125088.11940000
3456,2022-07-31 00:00:00,1697.00000000,1712.77000000,1686.40000000,1693.74000000,83340.89940000
3457,2022-07-31 04:00:00,1693.75000000,1708.29000000,1689.36000000,1697.93000000,53767.39410000
3458,2022-07-31 08:00:00,1697.93000000,1724.19000000,1686.06000000,1718.57000000,95325.07820000
3459,2022-07-31 12:00:00,1718.56000000,1722.32000000,1692.42000000,1712.04000000,81433.33900000
3460,2022-07-31 16:00:00,1712.05000000,1754.69000000,1687.01000000,1717.37000000,210334.38350000
3461,2022-07-31 20:00:00,1717.37000000,1724.93000000,1666.00000000,1678.12000000,172125.71370000
3462,2022-08-01 00:00:00,1678.12000000,1704.68000000,1672.63000000,1691.77000000,80181.80360000
3463,2022-08-01 04:00:00,1691.78000000,1697.22000000,1672.79000000,1692.87000000,74921.72130000
3464,2022-08-01 08:00:00,1692.88000000,1695.36000000,1641.09000000,1668.21000000,112901.85040000
3465,2022-08-01 12:00:00,1668.21000000,1690.59000000,1636.47000000,1672.60000000,192661.15540000
3466,2022-08-01 16:00:00,1672.59000000,1673.59000000,1615.99000000,1622.27000000,219598.89470000
3467,2022-08-01 20:00:00,1622.28000000,1644.14000000,1606.12000000,1630.28000000,121301.13940000
3468,2022-08-02 00:00:00,1630.28000000,1657.11000000,1568.35000000,1577.35000000,200194.57930000
3469,2022-08-02 04:00:00,1577.30000000,1599.99000000,1566.17000000,1593.52000000,121271.66830000
3470,2022-08-02 08:00:00,1593.52000000,1598.99000000,1559.28000000,1587.36000000,137174.38350000
3471,2022-08-02 12:00:00,1587.36000000,1637.99000000,1564.17000000,1629.93000000,283969.12750000
3472,2022-08-02 16:00:00,1629.92000000,1678.00000000,1622.02000000,1637.14000000,243088.00960000
3473,2022-08-02 20:00:00,1637.14000000,1661.04000000,1628.20000000,1630.91000000,96266.74220000
3474,2022-08-03 00:00:00,1630.91000000,1639.25000000,1589.71000000,1619.95000000,149046.20770000
3475,2022-08-03 04:00:00,1619.95000000,1643.99000000,1613.20000000,1629.09000000,111273.68630000
3476,2022-08-03 08:00:00,1629.08000000,1672.99000000,1628.66000000,1665.54000000,132080.61790000
3477,2022-08-03 12:00:00,1665.55000000,1685.03000000,1645.30000000,1655.86000000,164441.71620000
3478,2022-08-03 16:00:00,1655.87000000,1671.74000000,1647.24000000,1654.38000000,110664.23360000
3479,2022-08-03 20:00:00,1654.38000000,1657.34000000,1607.42000000,1618.16000000,110218.27960000
3480,2022-08-04 00:00:00,1618.16000000,1659.28000000,1615.57000000,1651.14000000,111612.71100000
3481,2022-08-04 04:00:00,1651.15000000,1662.79000000,1615.15000000,1625.93000000,116602.90230000
3482,2022-08-04 08:00:00,1625.92000000,1630.99000000,1606.27000000,1615.71000000,107309.77910000
3483,2022-08-04 12:00:00,1615.72000000,1644.00000000,1596.84000000,1615.59000000,177224.30380000
3484,2022-08-04 16:00:00,1615.60000000,1624.44000000,1580.39000000,1590.96000000,147951.92750000
3485,2022-08-04 20:00:00,1590.97000000,1613.29000000,1581.09000000,1607.96000000,74850.55730000
3486,2022-08-05 00:00:00,1607.97000000,1669.83000000,1605.64000000,1659.65000000,181922.17030000
3487,2022-08-05 04:00:00,1659.66000000,1679.60000000,1646.63000000,1662.87000000,105665.78580000
3488,2022-08-05 08:00:00,1662.87000000,1717.87000000,1652.13000000,1713.43000000,152209.40000000
3489,2022-08-05 12:00:00,1713.43000000,1725.00000000,1660.01000000,1670.05000000,315073.26730000
3490,2022-08-05 16:00:00,1670.06000000,1684.45000000,1656.77000000,1681.36000000,116571.92680000
3491,2022-08-05 20:00:00,1681.35000000,1742.07000000,1666.34000000,1736.81000000,134403.92100000
3492,2022-08-06 00:00:00,1736.81000000,1749.93000000,1725.87000000,1734.47000000,124612.87860000
3493,2022-08-06 04:00:00,1734.47000000,1737.98000000,1713.99000000,1720.73000000,67956.01820000
3494,2022-08-06 08:00:00,1720.73000000,1724.41000000,1702.62000000,1712.11000000,93621.38980000
3495,2022-08-06 12:00:00,1712.10000000,1720.97000000,1706.60000000,1715.53000000,74418.26480000
3496,2022-08-06 16:00:00,1715.53000000,1720.92000000,1685.26000000,1714.73000000,104881.35810000
3497,2022-08-06 20:00:00,1714.73000000,1724.27000000,1687.29000000,1690.60000000,57824.73490000
3498,2022-08-07 00:00:00,1690.60000000,1698.49000000,1668.00000000,1684.07000000,101183.71460000
3499,2022-08-07 04:00:00,1684.07000000,1689.35000000,1672.71000000,1686.24000000,53709.29510000
3500,2022-08-07 08:00:00,1686.23000000,1694.13000000,1673.02000000,1692.60000000,50276.85500000
3501,2022-08-07 12:00:00,1692.59000000,1715.18000000,1691.16000000,1698.89000000,87108.27850000
3502,2022-08-07 16:00:00,1698.89000000,1717.00000000,1695.18000000,1708.45000000,69471.21470000
3503,2022-08-07 20:00:00,1708.44000000,1729.79000000,1690.00000000,1700.19000000,78155.40610000
3504,2022-08-08 00:00:00,1700.20000000,1720.00000000,1693.87000000,1709.77000000,76003.82810000
3505,2022-08-08 04:00:00,1709.76000000,1740.00000000,1708.30000000,1732.79000000,102742.99220000
3506,2022-08-08 08:00:00,1732.78000000,1792.65000000,1728.28000000,1789.37000000,176964.23840000
3507,2022-08-08 12:00:00,1789.37000000,1818.00000000,1767.00000000,1775.31000000,201012.26510000
3508,2022-08-08 16:00:00,1775.31000000,1787.00000000,1755.60000000,1783.13000000,114974.77040000
3509,2022-08-08 20:00:00,1783.12000000,1799.32000000,1757.99000000,1777.05000000,109922.45010000
3510,2022-08-09 00:00:00,1777.05000000,1786.81000000,1761.44000000,1778.53000000,65393.31330000
3511,2022-08-09 04:00:00,1778.53000000,1790.83000000,1766.71000000,1782.02000000,71572.38830000
3512,2022-08-09 08:00:00,1782.01000000,1783.00000000,1692.20000000,1704.04000000,227871.34860000
3513,2022-08-09 12:00:00,1704.04000000,1718.00000000,1667.93000000,1684.63000000,231200.18210000
3514,2022-08-09 16:00:00,1684.64000000,1698.52000000,1674.58000000,1688.00000000,122767.63640000
3515,2022-08-09 20:00:00,1688.01000000,1716.74000000,1687.40000000,1702.76000000,99366.23320000
3516,2022-08-10 00:00:00,1702.76000000,1702.76000000,1656.78000000,1669.49000000,170656.00310000
3517,2022-08-10 04:00:00,1669.50000000,1691.49000000,1667.33000000,1686.00000000,90997.64470000
3518,2022-08-10 08:00:00,1686.01000000,1713.53000000,1684.22000000,1707.20000000,116768.61200000
3519,2022-08-10 12:00:00,1707.20000000,1853.55000000,1703.60000000,1837.50000000,618189.33070000
3520,2022-08-10 16:00:00,1837.49000000,1849.66000000,1804.08000000,1818.24000000,179365.12690000
3521,2022-08-10 20:00:00,1818.24000000,1885.00000000,1817.72000000,1853.57000000,141790.79530000
3522,2022-08-11 00:00:00,1853.58000000,1918.19000000,1850.32000000,1880.37000000,277052.59890000
3523,2022-08-11 04:00:00,1880.38000000,1906.00000000,1870.00000000,1878.88000000,174689.21120000
3524,2022-08-11 08:00:00,1878.87000000,1913.49000000,1873.72000000,1903.58000000,123834.95380000
3525,2022-08-11 12:00:00,1903.58000000,1942.00000000,1883.78000000,1890.48000000,309919.66030000
3526,2022-08-11 16:00:00,1890.48000000,1908.39000000,1875.56000000,1899.16000000,120832.75410000
3527,2022-08-11 20:00:00,1899.16000000,1905.38000000,1867.27000000,1880.19000000,98932.72260000
3528,2022-08-12 00:00:00,1880.19000000,1913.90000000,1857.67000000,1903.98000000,118378.54320000
3529,2022-08-12 04:00:00,1903.99000000,1909.49000000,1882.56000000,1888.44000000,71772.01440000
3530,2022-08-12 08:00:00,1888.44000000,1904.54000000,1853.06000000,1868.61000000,130058.09410000
3531,2022-08-12 12:00:00,1868.61000000,1903.79000000,1867.40000000,1897.69000000,123167.16370000
3532,2022-08-12 16:00:00,1897.68000000,1931.19000000,1891.00000000,1926.21000000,123240.11950000
3533,2022-08-12 20:00:00,1926.21000000,1964.71000000,1916.67000000,1958.28000000,151012.16660000
3534,2022-08-13 00:00:00,1958.28000000,1998.88000000,1946.50000000,1996.57000000,151731.25920000
3535,2022-08-13 04:00:00,1996.57000000,2020.00000000,1986.05000000,1995.78000000,164250.89390000
3536,2022-08-13 08:00:00,1995.78000000,2007.64000000,1973.21000000,1985.99000000,119010.73340000
3537,2022-08-13 12:00:00,1986.00000000,1995.00000000,1961.99000000,1988.51000000,103793.42290000
3538,2022-08-13 16:00:00,1988.51000000,2004.27000000,1972.24000000,1975.62000000,100294.67550000
3539,2022-08-13 20:00:00,1975.63000000,1994.80000000,1967.61000000,1983.55000000,56795.04440000
3540,2022-08-14 00:00:00,1983.55000000,1996.00000000,1970.96000000,1985.82000000,57239.79780000
3541,2022-08-14 04:00:00,1985.83000000,2030.00000000,1981.00000000,2016.75000000,98390.76140000
3542,2022-08-14 08:00:00,2016.75000000,2017.41000000,1981.00000000,1990.15000000,86341.61610000
3543,2022-08-14 12:00:00,1990.16000000,1991.64000000,1970.13000000,1984.17000000,82431.17260000
3544,2022-08-14 16:00:00,1984.18000000,1984.81000000,1906.00000000,1931.42000000,161727.90010000
3545,2022-08-14 20:00:00,1931.42000000,1960.23000000,1917.00000000,1935.31000000,83452.23720000
3546,2022-08-15 00:00:00,1935.32000000,2012.47000000,1923.00000000,1986.33000000,171447.80160000
3547,2022-08-15 04:00:00,1986.33000000,1992.81000000,1884.46000000,1899.87000000,243908.15670000
3548,2022-08-15 08:00:00,1899.88000000,1913.10000000,1875.01000000,1891.23000000,150439.59420000
3549,2022-08-15 12:00:00,1891.23000000,1922.00000000,1872.31000000,1917.70000000,173982.07570000
3550,2022-08-15 16:00:00,1917.71000000,1933.42000000,1885.01000000,1889.57000000,109153.80760000
3551,2022-08-15 20:00:00,1889.57000000,1917.70000000,1875.50000000,1899.06000000,100230.89470000
3552,2022-08-16 00:00:00,1899.05000000,1914.95000000,1861.15000000,1887.71000000,129310.25910000
3553,2022-08-16 04:00:00,1887.71000000,1893.38000000,1856.98000000,1886.59000000,92398.82480000
3554,2022-08-16 08:00:00,1886.58000000,1915.00000000,1874.45000000,1906.64000000,95754.20490000
3555,2022-08-16 12:00:00,1906.64000000,1914.97000000,1863.34000000,1887.38000000,136207.75960000
3556,2022-08-16 16:00:00,1887.38000000,1897.96000000,1853.00000000,1879.34000000,117478.52690000
3557,2022-08-16 20:00:00,1879.33000000,1886.89000000,1866.60000000,1876.67000000,51579.57460000
3558,2022-08-17 00:00:00,1876.67000000,1904.71000000,1874.85000000,1896.00000000,104577.35650000
3559,2022-08-17 04:00:00,1895.99000000,1959.43000000,1888.37000000,1890.39000000,217566.71390000
3560,2022-08-17 08:00:00,1890.38000000,1902.60000000,1869.06000000,1876.85000000,102346.23680000
3561,2022-08-17 12:00:00,1876.85000000,1886.46000000,1818.74000000,1830.92000000,265662.29070000
3562,2022-08-17 16:00:00,1830.92000000,1870.69000000,1824.00000000,1838.51000000,183420.86570000
3563,2022-08-17 20:00:00,1838.51000000,1853.98000000,1824.15000000,1834.25000000,78251.43390000
3564,2022-08-18 00:00:00,1834.24000000,1865.63000000,1821.25000000,1848.65000000,95663.63770000
3565,2022-08-18 04:00:00,1848.65000000,1853.00000000,1836.22000000,1845.01000000,54457.98930000
3566,2022-08-18 08:00:00,1845.01000000,1866.54000000,1834.62000000,1859.49000000,80317.20650000
3567,2022-08-18 12:00:00,1859.49000000,1882.37000000,1848.99000000,1873.11000000,167584.02680000
3568,2022-08-18 16:00:00,1873.12000000,1879.00000000,1856.01000000,1870.43000000,112438.28990000
3569,2022-08-18 20:00:00,1870.42000000,1879.73000000,1838.00000000,1846.39000000,95792.87380000
3570,2022-08-19 00:00:00,1846.39000000,1848.00000000,1806.16000000,1818.02000000,195637.32770000
3571,2022-08-19 04:00:00,1818.02000000,1825.26000000,1723.00000000,1744.63000000,277278.69780000
3572,2022-08-19 08:00:00,1744.63000000,1745.00000000,1683.00000000,1707.73000000,284130.44400000
3573,2022-08-19 12:00:00,1707.72000000,1707.91000000,1675.30000000,1698.17000000,205240.47480000
3574,2022-08-19 16:00:00,1698.17000000,1726.49000000,1680.80000000,1701.18000000,190329.10140000
3575,2022-08-19 20:00:00,1701.18000000,1706.39000000,1602.37000000,1609.01000000,267210.90580000
3576,2022-08-20 00:00:00,1609.00000000,1640.00000000,1607.89000000,1627.65000000,177688.43410000
3577,2022-08-20 04:00:00,1627.65000000,1657.08000000,1625.34000000,1647.76000000,125601.13000000
3578,2022-08-20 08:00:00,1647.75000000,1649.82000000,1617.99000000,1631.00000000,84159.53260000
3579,2022-08-20 12:00:00,1631.01000000,1644.04000000,1624.19000000,1634.69000000,82096.45530000
3580,2022-08-20 16:00:00,1634.70000000,1639.43000000,1555.00000000,1564.23000000,235287.60840000
3581,2022-08-20 20:00:00,1564.23000000,1588.80000000,1523.67000000,1576.04000000,209782.76220000
3582,2022-08-21 00:00:00,1576.03000000,1604.23000000,1573.19000000,1585.57000000,124705.31360000
3583,2022-08-21 04:00:00,1585.56000000,1595.41000000,1562.34000000,1585.45000000,95989.25950000
3584,2022-08-21 08:00:00,1585.45000000,1629.99000000,1584.87000000,1626.75000000,190990.95900000
3585,2022-08-21 12:00:00,1626.76000000,1640.80000000,1600.40000000,1621.12000000,112920.90340000
3586,2022-08-21 16:00:00,1621.11000000,1635.00000000,1609.90000000,1624.18000000,80709.64720000
3587,2022-08-21 20:00:00,1624.17000000,1646.52000000,1580.60000000,1618.13000000,175346.52350000
3588,2022-08-22 00:00:00,1618.13000000,1621.97000000,1593.77000000,1594.95000000,109489.01610000
3589,2022-08-22 04:00:00,1594.95000000,1610.50000000,1551.59000000,1556.62000000,147768.98630000
3590,2022-08-22 08:00:00,1556.62000000,1580.82000000,1529.92000000,1567.78000000,216485.33320000
3591,2022-08-22 12:00:00,1567.77000000,1595.00000000,1547.99000000,1589.78000000,215845.99220000
3592,2022-08-22 16:00:00,1589.77000000,1601.28000000,1549.25000000,1567.72000000,123092.22400000
3593,2022-08-22 20:00:00,1567.72000000,1629.72000000,1564.55000000,1624.66000000,128511.34360000
3594,2022-08-23 00:00:00,1624.65000000,1638.87000000,1607.73000000,1609.26000000,121805.83330000
3595,2022-08-23 04:00:00,1609.26000000,1617.70000000,1563.76000000,1602.24000000,138381.99660000
3596,2022-08-23 08:00:00,1602.24000000,1625.10000000,1588.08000000,1620.49000000,185869.97810000
3597,2022-08-23 12:00:00,1620.48000000,1655.44000000,1606.68000000,1640.50000000,241992.13650000
3598,2022-08-23 16:00:00,1640.50000000,1676.07000000,1623.81000000,1650.62000000,154965.00400000
3599,2022-08-23 20:00:00,1650.63000000,1673.00000000,1641.42000000,1665.41000000,97231.98350000
3600,2022-08-24 00:00:00,1665.40000000,1666.47000000,1604.92000000,1614.44000000,174982.82460000
3601,2022-08-24 04:00:00,1614.44000000,1649.63000000,1610.53000000,1627.06000000,108838.85770000
3602,2022-08-24 08:00:00,1627.06000000,1654.11000000,1626.14000000,1650.92000000,90082.17900000
3603,2022-08-24 12:00:00,1650.91000000,1688.00000000,1642.44000000,1683.50000000,168398.54540000
3604,2022-08-24 16:00:00,1683.49000000,1694.13000000,1664.00000000,1678.59000000,112378.98260000
3605,2022-08-24 20:00:00,1678.59000000,1686.41000000,1651.82000000,1656.56000000,89986.21850000
3606,2022-08-25 00:00:00,1656.56000000,1684.99000000,1653.68000000,1669.73000000,87774.77370000
3607,2022-08-25 04:00:00,1669.73000000,1712.74000000,1669.28000000,1708.92000000,133966.23650000
3608,2022-08-25 08:00:00,1708.92000000,1716.56000000,1693.71000000,1710.11000000,93234.82050000
3609,2022-08-25 12:00:00,1710.11000000,1722.00000000,1688.44000000,1701.19000000,143810.62800000
3610,2022-08-25 16:00:00,1701.20000000,1713.16000000,1689.53000000,1707.10000000,80521.73190000
3611,2022-08-25 20:00:00,1707.10000000,1712.85000000,1682.13000000,1695.11000000,63782.52240000
3612,2022-08-26 00:00:00,1695.11000000,1695.23000000,1671.70000000,1687.15000000,78668.81950000
3613,2022-08-26 04:00:00,1687.16000000,1687.69000000,1641.67000000,1660.56000000,116688.65670000
3614,2022-08-26 08:00:00,1660.56000000,1667.42000000,1620.50000000,1629.13000000,110359.32040000
3615,2022-08-26 12:00:00,1629.13000000,1706.45000000,1585.21000000,1593.53000000,467259.60920000
3616,2022-08-26 16:00:00,1593.53000000,1599.56000000,1538.23000000,1559.78000000,208407.69050000
3617,2022-08-26 20:00:00,1559.78000000,1568.72000000,1486.85000000,1508.18000000,168528.73290000
3618,2022-08-27 00:00:00,1508.18000000,1518.42000000,1483.20000000,1501.86000000,134000.37070000
3619,2022-08-27 04:00:00,1501.85000000,1509.74000000,1469.19000000,1508.02000000,145279.59770000
3620,2022-08-27 08:00:00,1508.02000000,1511.82000000,1494.81000000,1505.32000000,106527.43250000
3621,2022-08-27 12:00:00,1505.32000000,1509.15000000,1453.85000000,1469.93000000,150170.00880000
3622,2022-08-27 16:00:00,1469.92000000,1484.32000000,1447.52000000,1479.63000000,131885.37400000
3623,2022-08-27 20:00:00,1479.62000000,1498.75000000,1457.66000000,1491.06000000,88273.89310000
3624,2022-08-28 00:00:00,1491.06000000,1511.00000000,1475.27000000,1491.48000000,70105.82370000
3625,2022-08-28 04:00:00,1491.48000000,1502.72000000,1481.59000000,1496.99000000,55840.63080000
3626,2022-08-28 08:00:00,1496.99000000,1504.07000000,1475.21000000,1485.72000000,69037.43180000
3627,2022-08-28 12:00:00,1485.72000000,1488.98000000,1458.99000000,1486.84000000,108692.57890000
3628,2022-08-28 16:00:00,1486.84000000,1498.00000000,1478.41000000,1483.27000000,84903.03190000
3629,2022-08-28 20:00:00,1483.28000000,1492.57000000,1424.00000000,1426.76000000,156266.95150000
3630,2022-08-29 00:00:00,1426.76000000,1463.03000000,1422.08000000,1456.88000000,156710.19320000
3631,2022-08-29 04:00:00,1456.88000000,1462.21000000,1439.35000000,1454.74000000,90376.47670000
3632,2022-08-29 08:00:00,1454.74000000,1456.39000000,1442.00000000,1449.04000000,75623.00130000
3633,2022-08-29 12:00:00,1449.05000000,1531.37000000,1447.01000000,1521.89000000,272964.97760000
3634,2022-08-29 16:00:00,1521.88000000,1545.00000000,1519.97000000,1531.36000000,133687.84840000
3635,2022-08-29 20:00:00,1531.36000000,1559.99000000,1529.21000000,1551.80000000,96889.58590000
3636,2022-08-30 00:00:00,1551.79000000,1552.66000000,1523.56000000,1544.20000000,92145.75710000
3637,2022-08-30 04:00:00,1544.19000000,1600.84000000,1542.73000000,1586.98000000,171149.38660000
3638,2022-08-30 08:00:00,1586.98000000,1606.13000000,1576.50000000,1584.88000000,98855.43530000
3639,2022-08-30 12:00:00,1584.89000000,1594.77000000,1509.61000000,1524.69000000,271442.96500000
3640,2022-08-30 16:00:00,1524.68000000,1569.41000000,1473.61000000,1543.30000000,241181.30740000
3641,2022-08-30 20:00:00,1543.31000000,1565.63000000,1516.93000000,1524.59000000,128300.16580000
3642,2022-08-31 00:00:00,1524.59000000,1618.00000000,1524.59000000,1606.54000000,183899.86280000
3643,2022-08-31 04:00:00,1606.55000000,1619.78000000,1576.92000000,1584.83000000,149194.75510000
3644,2022-08-31 08:00:00,1584.82000000,1608.08000000,1560.00000000,1594.89000000,170367.52020000
3645,2022-08-31 12:00:00,1594.90000000,1610.00000000,1535.38000000,1560.68000000,208901.80010000
3646,2022-08-31 16:00:00,1560.68000000,1588.78000000,1528.00000000,1575.33000000,156700.75530000
3647,2022-08-31 20:00:00,1575.33000000,1584.66000000,1542.23000000,1554.10000000,80162.98400000
3648,2022-09-01 00:00:00,1554.11000000,1573.98000000,1533.92000000,1549.91000000,134790.18970000
3649,2022-09-01 04:00:00,1549.92000000,1562.88000000,1531.08000000,1544.60000000,84155.56390000
3650,2022-09-01 08:00:00,1544.59000000,1586.34000000,1533.04000000,1577.99000000,110436.20390000
3651,2022-09-01 12:00:00,1577.99000000,1581.37000000,1512.77000000,1536.03000000,200258.92940000
3652,2022-09-01 16:00:00,1536.02000000,1572.76000000,1523.60000000,1564.64000000,105436.99430000
3653,2022-09-01 20:00:00,1564.65000000,1599.00000000,1561.70000000,1586.16000000,93632.60080000
3654,2022-09-02 00:00:00,1586.17000000,1606.19000000,1567.15000000,1595.82000000,108764.54610000
3655,2022-09-02 04:00:00,1595.82000000,1611.90000000,1577.94000000,1594.29000000,85051.23410000
3656,2022-09-02 08:00:00,1594.28000000,1603.00000000,1582.15000000,1593.63000000,75269.38090000
3657,2022-09-02 12:00:00,1593.62000000,1650.00000000,1580.00000000,1636.32000000,356701.27150000
3658,2022-09-02 16:00:00,1636.33000000,1639.42000000,1546.41000000,1561.47000000,214995.48220000
3659,2022-09-02 20:00:00,1561.47000000,1586.60000000,1551.00000000,1575.35000000,78227.74500000
3660,2022-09-03 00:00:00,1575.35000000,1582.71000000,1554.65000000,1561.54000000,65693.03260000
3661,2022-09-03 04:00:00,1561.53000000,1573.12000000,1534.28000000,1544.07000000,61892.19530000
3662,2022-09-03 08:00:00,1544.07000000,1559.74000000,1540.00000000,1548.66000000,61461.66510000
3663,2022-09-03 12:00:00,1548.66000000,1565.89000000,1543.58000000,1548.24000000,52055.43480000
3664,2022-09-03 16:00:00,1548.24000000,1564.00000000,1535.63000000,1549.31000000,47958.87140000
3665,2022-09-03 20:00:00,1549.31000000,1561.91000000,1546.70000000,1557.46000000,32336.01970000
3666,2022-09-04 00:00:00,1557.45000000,1561.55000000,1547.45000000,1552.16000000,29994.82220000
3667,2022-09-04 04:00:00,1552.16000000,1556.91000000,1543.56000000,1545.44000000,35430.88830000
3668,2022-09-04 08:00:00,1545.44000000,1564.83000000,1540.66000000,1564.55000000,44261.31000000
3669,2022-09-04 12:00:00,1564.54000000,1583.66000000,1544.82000000,1560.55000000,85584.78370000
3670,2022-09-04 16:00:00,1560.55000000,1576.49000000,1555.67000000,1567.10000000,46862.99990000
3671,2022-09-04 20:00:00,1567.10000000,1582.87000000,1563.27000000,1579.28000000,54456.31250000
3672,2022-09-05 00:00:00,1579.29000000,1592.87000000,1568.68000000,1575.48000000,72959.34990000
3673,2022-09-05 04:00:00,1575.47000000,1580.20000000,1556.56000000,1562.49000000,68182.59220000
3674,2022-09-05 08:00:00,1562.50000000,1569.34000000,1557.93000000,1566.86000000,59749.27370000
3675,2022-09-05 12:00:00,1566.85000000,1606.43000000,1562.41000000,1600.82000000,119103.80150000
3676,2022-09-05 16:00:00,1600.82000000,1610.00000000,1576.37000000,1586.01000000,100183.03650000
3677,2022-09-05 20:00:00,1586.02000000,1631.99000000,1585.51000000,1617.80000000,83314.88320000
3678,2022-09-06 00:00:00,1617.80000000,1676.00000000,1615.27000000,1640.38000000,203634.81990000
3679,2022-09-06 04:00:00,1640.37000000,1678.70000000,1637.00000000,1658.77000000,141769.04030000
3680,2022-09-06 08:00:00,1658.76000000,1678.58000000,1646.91000000,1668.49000000,91409.86460000
3681,2022-09-06 12:00:00,1668.48000000,1687.40000000,1633.31000000,1669.85000000,194320.14290000
3682,2022-09-06 16:00:00,1669.85000000,1674.71000000,1562.50000000,1576.67000000,276264.88540000
3683,2022-09-06 20:00:00,1576.67000000,1588.91000000,1555.00000000,1559.01000000,103324.10470000
3684,2022-09-07 00:00:00,1559.01000000,1568.32000000,1490.66000000,1510.37000000,175691.37510000
3685,2022-09-07 04:00:00,1510.37000000,1527.89000000,1499.29000000,1518.32000000,103464.03260000
3686,2022-09-07 08:00:00,1518.31000000,1525.26000000,1503.82000000,1513.79000000,75728.69390000
3687,2022-09-07 12:00:00,1513.79000000,1551.00000000,1500.00000000,1544.17000000,155947.70130000
3688,2022-09-07 16:00:00,1544.18000000,1581.36000000,1536.43000000,1570.15000000,111872.31250000
3689,2022-09-07 20:00:00,1570.14000000,1657.50000000,1568.80000000,1630.00000000,228287.30890000
3690,2022-09-08 00:00:00,1630.00000000,1637.23000000,1613.13000000,1629.79000000,75487.57160000
3691,2022-09-08 04:00:00,1629.78000000,1647.66000000,1595.06000000,1613.55000000,113479.95740000
3692,2022-09-08 08:00:00,1613.54000000,1645.00000000,1606.19000000,1635.99000000,91880.76760000
3693,2022-09-08 12:00:00,1635.99000000,1654.99000000,1597.88000000,1629.56000000,212200.34830000
3694,2022-09-08 16:00:00,1629.57000000,1650.00000000,1609.00000000,1649.60000000,90735.25500000
3695,2022-09-08 20:00:00,1649.60000000,1663.56000000,1626.31000000,1635.37000000,61340.10860000
3696,2022-09-09 00:00:00,1635.37000000,1676.96000000,1630.51000000,1672.96000000,95528.08340000
3697,2022-09-09 04:00:00,1672.97000000,1717.98000000,1669.75000000,1704.93000000,238877.78410000
3698,2022-09-09 08:00:00,1704.93000000,1715.78000000,1684.40000000,1700.08000000,160082.16180000
3699,2022-09-09 12:00:00,1700.07000000,1746.13000000,1698.61000000,1719.34000000,168007.02760000
3700,2022-09-09 16:00:00,1719.34000000,1726.59000000,1696.00000000,1720.08000000,93990.93450000
3701,2022-09-09 20:00:00,1720.07000000,1731.94000000,1706.82000000,1718.23000000,80972.22120000
3702,2022-09-10 00:00:00,1718.24000000,1743.56000000,1706.03000000,1733.50000000,73670.46250000
3703,2022-09-10 04:00:00,1733.50000000,1745.46000000,1708.00000000,1711.00000000,68418.35680000
3704,2022-09-10 08:00:00,1711.00000000,1728.49000000,1709.50000000,1723.96000000,40265.48160000
3705,2022-09-10 12:00:00,1723.97000000,1734.00000000,1712.53000000,1715.77000000,50515.27440000
3706,2022-09-10 16:00:00,1715.76000000,1744.20000000,1709.49000000,1741.05000000,59895.82930000
3707,2022-09-10 20:00:00,1741.04000000,1789.00000000,1729.19000000,1774.12000000,118280.84200000
3708,2022-09-11 00:00:00,1774.12000000,1779.46000000,1757.00000000,1760.87000000,61890.76160000
3709,2022-09-11 04:00:00,1760.87000000,1768.68000000,1743.67000000,1761.61000000,54649.88250000
3710,2022-09-11 08:00:00,1761.60000000,1780.00000000,1757.27000000,1770.14000000,60537.99290000
3711,2022-09-11 12:00:00,1770.13000000,1779.00000000,1753.37000000,1768.80000000,65047.96260000
3712,2022-09-11 16:00:00,1768.80000000,1789.00000000,1756.29000000,1763.55000000,57236.42830000
3713,2022-09-11 20:00:00,1763.55000000,1768.30000000,1720.10000000,1766.11000000,109924.69840000
3714,2022-09-12 00:00:00,1766.12000000,1783.00000000,1711.75000000,1726.80000000,127950.47150000
3715,2022-09-12 04:00:00,1726.81000000,1761.45000000,1717.45000000,1758.60000000,73889.14800000
3716,2022-09-12 08:00:00,1758.61000000,1765.97000000,1729.46000000,1748.92000000,105690.92870000
3717,2022-09-12 12:00:00,1748.92000000,1754.99000000,1695.37000000,1706.40000000,136176.19870000
3718,2022-09-12 16:00:00,1706.38000000,1733.76000000,1693.00000000,1726.28000000,116216.98880000
3719,2022-09-12 20:00:00,1726.27000000,1731.15000000,1701.59000000,1716.37000000,70850.86750000
3720,2022-09-13 00:00:00,1716.37000000,1718.31000000,1675.10000000,1716.12000000,111213.56130000
3721,2022-09-13 04:00:00,1716.12000000,1731.66000000,1699.32000000,1715.99000000,109863.00170000
3722,2022-09-13 08:00:00,1715.99000000,1746.72000000,1708.30000000,1737.63000000,104066.51220000
3723,2022-09-13 12:00:00,1737.64000000,1760.51000000,1572.91000000,1594.45000000,506486.30200000
3724,2022-09-13 16:00:00,1594.44000000,1632.11000000,1569.94000000,1605.25000000,180483.67210000
3725,2022-09-13 20:00:00,1605.25000000,1624.40000000,1560.54000000,1574.40000000,122436.67630000
3726,2022-09-14 00:00:00,1574.40000000,1611.65000000,1552.38000000,1602.92000000,119213.93090000
3727,2022-09-14 04:00:00,1602.91000000,1623.84000000,1596.47000000,1612.14000000,92924.77500000
3728,2022-09-14 08:00:00,1612.15000000,1612.48000000,1583.20000000,1595.28000000,99930.67620000
3729,2022-09-14 12:00:00,1595.27000000,1613.41000000,1586.13000000,1594.94000000,191016.69620000
3730,2022-09-14 16:00:00,1594.94000000,1602.93000000,1560.00000000,1599.81000000,152034.11200000
3731,2022-09-14 20:00:00,1599.82000000,1647.01000000,1592.63000000,1638.39000000,109442.34900000
3732,2022-09-15 00:00:00,1638.40000000,1655.20000000,1583.50000000,1605.53000000,218112.97370000
3733,2022-09-15 04:00:00,1605.53000000,1655.00000000,1571.50000000,1636.65000000,374405.76640000
3734,2022-09-15 08:00:00,1636.65000000,1636.66000000,1574.46000000,1591.53000000,191046.16980000
3735,2022-09-15 12:00:00,1591.54000000,1600.00000000,1458.00000000,1492.94000000,313880.85830000
3736,2022-09-15 16:00:00,1492.95000000,1519.11000000,1483.46000000,1497.63000000,122117.74580000
3737,2022-09-15 20:00:00,1497.64000000,1509.62000000,1459.14000000,1472.75000000,115936.29070000
3738,2022-09-16 00:00:00,1472.76000000,1483.35000000,1446.70000000,1473.56000000,112039.69870000
3739,2022-09-16 04:00:00,1473.56000000,1480.44000000,1467.19000000,1471.70000000,61596.19400000
3740,2022-09-16 08:00:00,1471.70000000,1482.18000000,1442.20000000,1478.64000000,123337.89080000
3741,2022-09-16 12:00:00,1478.64000000,1478.98000000,1424.28000000,1452.31000000,191434.90590000
3742,2022-09-16 16:00:00,1452.31000000,1452.31000000,1405.52000000,1427.60000000,142195.07760000
3743,2022-09-16 20:00:00,1427.60000000,1448.41000000,1423.04000000,1433.90000000,62993.47550000
3744,2022-09-17 00:00:00,1433.90000000,1456.60000000,1430.81000000,1440.57000000,75904.10480000
3745,2022-09-17 04:00:00,1440.57000000,1447.92000000,1425.00000000,1432.37000000,70809.74740000
3746,2022-09-17 08:00:00,1432.37000000,1435.32000000,1416.00000000,1419.64000000,50768.70070000
3747,2022-09-17 12:00:00,1419.64000000,1450.64000000,1409.12000000,1444.34000000,73941.60760000
3748,2022-09-17 16:00:00,1444.34000000,1476.13000000,1442.34000000,1464.66000000,87199.89160000
3749,2022-09-17 20:00:00,1464.67000000,1473.29000000,1446.52000000,1468.83000000,62767.32220000
3750,2022-09-18 00:00:00,1468.82000000,1469.63000000,1446.66000000,1451.81000000,52416.52020000
3751,2022-09-18 04:00:00,1451.80000000,1460.51000000,1448.89000000,1453.45000000,38849.73660000
3752,2022-09-18 08:00:00,1453.45000000,1459.55000000,1417.38000000,1434.01000000,90550.84170000
3753,2022-09-18 12:00:00,1434.02000000,1439.84000000,1410.10000000,1417.43000000,100673.14300000
3754,2022-09-18 16:00:00,1417.44000000,1424.68000000,1367.00000000,1380.78000000,244528.03610000
3755,2022-09-18 20:00:00,1380.78000000,1381.62000000,1325.55000000,1334.51000000,277095.19040000
3756,2022-09-19 00:00:00,1334.51000000,1354.00000000,1287.71000000,1294.55000000,207107.93150000
3757,2022-09-19 04:00:00,1294.55000000,1313.43000000,1280.00000000,1302.21000000,176077.68790000
3758,2022-09-19 08:00:00,1302.22000000,1320.04000000,1289.41000000,1307.90000000,137034.21640000
3759,2022-09-19 12:00:00,1307.91000000,1372.33000000,1306.75000000,1341.53000000,221348.11720000
3760,2022-09-19 16:00:00,1341.52000000,1367.46000000,1321.84000000,1362.37000000,135309.84740000
3761,2022-09-19 20:00:00,1362.38000000,1393.35000000,1356.62000000,1375.98000000,97977.39760000
3762,2022-09-20 00:00:00,1375.98000000,1384.78000000,1342.24000000,1355.00000000,91667.98570000
3763,2022-09-20 04:00:00,1355.01000000,1378.51000000,1351.07000000,1358.54000000,87957.62670000
3764,2022-09-20 08:00:00,1358.55000000,1366.74000000,1345.14000000,1356.26000000,82740.40240000
3765,2022-09-20 12:00:00,1356.25000000,1381.56000000,1329.01000000,1377.18000000,170818.11220000
3766,2022-09-20 16:00:00,1377.17000000,1384.10000000,1331.92000000,1352.10000000,138132.38420000
3767,2022-09-20 20:00:00,1352.09000000,1356.36000000,1312.71000000,1322.93000000,86710.63530000
3768,2022-09-21 00:00:00,1322.94000000,1345.96000000,1317.52000000,1337.21000000,64352.51680000
3769,2022-09-21 04:00:00,1337.21000000,1344.80000000,1316.12000000,1331.97000000,84256.54070000
3770,2022-09-21 08:00:00,1331.98000000,1353.80000000,1323.14000000,1350.92000000,75857.85170000
3771,2022-09-21 12:00:00,1350.93000000,1360.76000000,1334.01000000,1343.05000000,112605.70230000
3772,2022-09-21 16:00:00,1343.06000000,1408.90000000,1302.95000000,1323.47000000,585257.34320000
3773,2022-09-21 20:00:00,1323.47000000,1327.35000000,1220.00000000,1245.78000000,269936.78320000
3774,2022-09-22 00:00:00,1245.79000000,1271.58000000,1237.32000000,1262.91000000,122189.61240000
3775,2022-09-22 04:00:00,1262.92000000,1280.73000000,1254.61000000,1278.59000000,103144.12110000
3776,2022-09-22 08:00:00,1278.59000000,1313.02000000,1276.50000000,1308.50000000,136852.10190000
3777,2022-09-22 12:00:00,1308.51000000,1313.70000000,1256.69000000,1271.25000000,208151.17000000
3778,2022-09-22 16:00:00,1271.24000000,1337.40000000,1252.12000000,1323.87000000,188001.11190000
3779,2022-09-22 20:00:00,1323.88000000,1350.08000000,1307.07000000,1326.46000000,145944.15520000
3780,2022-09-23 00:00:00,1326.47000000,1345.40000000,1314.42000000,1340.77000000,106234.53770000
3781,2022-09-23 04:00:00,1340.77000000,1360.00000000,1328.58000000,1331.82000000,113842.79410000
3782,2022-09-23 08:00:00,1331.82000000,1335.57000000,1282.14000000,1287.74000000,155927.45990000
3783,2022-09-23 12:00:00,1287.75000000,1319.13000000,1262.15000000,1293.94000000,279148.20590000
3784,2022-09-23 16:00:00,1293.95000000,1307.42000000,1274.32000000,1292.26000000,197550.38160000
3785,2022-09-23 20:00:00,1292.26000000,1339.93000000,1292.24000000,1327.25000000,121348.98520000
3786,2022-09-24 00:00:00,1327.24000000,1330.41000000,1311.36000000,1321.65000000,99590.00680000
3787,2022-09-24 04:00:00,1321.66000000,1337.80000000,1316.90000000,1322.41000000,63956.63440000
3788,2022-09-24 08:00:00,1322.40000000,1332.74000000,1317.03000000,1326.99000000,89795.95890000
3789,2022-09-24 12:00:00,1326.99000000,1349.33000000,1326.15000000,1339.78000000,105334.17940000
3790,2022-09-24 16:00:00,1339.77000000,1348.35000000,1333.69000000,1342.31000000,72169.08310000
3791,2022-09-24 20:00:00,1342.30000000,1344.07000000,1306.52000000,1317.13000000,86711.48710000
3792,2022-09-25 00:00:00,1317.13000000,1329.44000000,1314.40000000,1329.38000000,69878.43020000
3793,2022-09-25 04:00:00,1329.37000000,1337.00000000,1319.58000000,1332.84000000,46647.20270000
3794,2022-09-25 08:00:00,1332.83000000,1334.45000000,1316.74000000,1329.33000000,63701.49400000
3795,2022-09-25 12:00:00,1329.33000000,1331.49000000,1298.15000000,1310.79000000,112537.61460000
3796,2022-09-25 16:00:00,1310.78000000,1321.03000000,1281.91000000,1299.82000000,110731.04560000
3797,2022-09-25 20:00:00,1299.81000000,1303.10000000,1269.27000000,1294.63000000,112038.05380000
3798,2022-09-26 00:00:00,1294.62000000,1314.55000000,1286.88000000,1303.23000000,132985.75600000
3799,2022-09-26 04:00:00,1303.24000000,1306.35000000,1277.85000000,1295.44000000,124992.13130000
3800,2022-09-26 08:00:00,1295.43000000,1325.06000000,1289.32000000,1297.22000000,133683.35310000
3801,2022-09-26 12:00:00,1297.22000000,1338.51000000,1293.70000000,1325.17000000,183403.39670000
3802,2022-09-26 16:00:00,1325.18000000,1340.42000000,1311.27000000,1330.38000000,142096.60410000
3803,2022-09-26 20:00:00,1330.37000000,1337.73000000,1315.29000000,1336.17000000,82005.19210000
3804,2022-09-27 00:00:00,1336.17000000,1389.77000000,1332.28000000,1385.66000000,179832.54470000
3805,2022-09-27 04:00:00,1385.66000000,1394.56000000,1375.04000000,1382.33000000,113119.91020000
3806,2022-09-27 08:00:00,1382.34000000,1399.06000000,1375.60000000,1388.81000000,94526.21430000
3807,2022-09-27 12:00:00,1388.82000000,1400.00000000,1364.62000000,1365.18000000,166230.46440000
3808,2022-09-27 16:00:00,1365.19000000,1367.68000000,1303.75000000,1324.60000000,228566.62080000
3809,2022-09-27 20:00:00,1324.60000000,1335.16000000,1316.69000000,1328.02000000,78309.14000000
3810,2022-09-28 00:00:00,1328.01000000,1340.44000000,1267.13000000,1287.23000000,192168.25590000
3811,2022-09-28 04:00:00,1287.24000000,1293.45000000,1266.52000000,1285.53000000,123414.97430000
3812,2022-09-28 08:00:00,1285.52000000,1311.74000000,1253.20000000,1295.31000000,207216.56560000
3813,2022-09-28 12:00:00,1295.31000000,1332.90000000,1293.69000000,1331.78000000,173133.50850000
3814,2022-09-28 16:00:00,1331.78000000,1343.75000000,1310.54000000,1334.12000000,131414.68320000
3815,2022-09-28 20:00:00,1334.13000000,1355.70000000,1333.10000000,1337.20000000,91966.92560000
3816,2022-09-29 00:00:00,1337.20000000,1352.02000000,1327.37000000,1342.00000000,97858.08420000
3817,2022-09-29 04:00:00,1342.01000000,1345.92000000,1313.55000000,1322.00000000,113167.15260000
3818,2022-09-29 08:00:00,1321.99000000,1345.24000000,1314.00000000,1336.56000000,114222.92680000
3819,2022-09-29 12:00:00,1336.57000000,1337.73000000,1288.52000000,1326.80000000,256324.72540000
3820,2022-09-29 16:00:00,1326.81000000,1348.25000000,1314.64000000,1333.31000000,129587.07560000
3821,2022-09-29 20:00:00,1333.30000000,1340.95000000,1324.07000000,1335.70000000,59431.72490000
3822,2022-09-30 00:00:00,1335.69000000,1352.30000000,1320.12000000,1327.49000000,108948.48690000
3823,2022-09-30 04:00:00,1327.50000000,1346.10000000,1325.80000000,1339.88000000,69816.32100000
3824,2022-09-30 08:00:00,1339.89000000,1349.36000000,1326.01000000,1330.80000000,88900.83880000
3825,2022-09-30 12:00:00,1330.79000000,1373.19000000,1313.35000000,1351.09000000,279683.77550000
3826,2022-09-30 16:00:00,1351.09000000,1361.72000000,1333.00000000,1337.56000000,111409.00510000
3827,2022-09-30 20:00:00,1337.54000000,1344.98000000,1316.41000000,1328.72000000,81995.18370000
3828,2022-10-01 00:00:00,1328.71000000,1333.69000000,1324.36000000,1329.61000000,36114.45470000
3829,2022-10-01 04:00:00,1329.61000000,1331.31000000,1323.28000000,1328.81000000,37537.33080000
3830,2022-10-01 08:00:00,1328.81000000,1333.00000000,1317.24000000,1325.42000000,37237.55630000
3831,2022-10-01 12:00:00,1325.41000000,1330.00000000,1319.20000000,1322.63000000,39268.94790000
3832,2022-10-01 16:00:00,1322.62000000,1324.22000000,1305.53000000,1311.96000000,64389.91940000
3833,2022-10-01 20:00:00,1311.95000000,1316.27000000,1302.68000000,1311.79000000,37533.69650000
3834,2022-10-02 00:00:00,1311.79000000,1315.94000000,1305.23000000,1309.55000000,32336.56300000
3835,2022-10-02 04:00:00,1309.56000000,1317.93000000,1307.72000000,1311.14000000,51497.90070000
3836,2022-10-02 08:00:00,1311.14000000,1312.99000000,1280.63000000,1297.87000000,87055.10710000
3837,2022-10-02 12:00:00,1297.87000000,1301.24000000,1286.52000000,1293.32000000,51766.08370000
3838,2022-10-02 16:00:00,1293.33000000,1313.87000000,1291.41000000,1304.83000000,56073.67010000
3839,2022-10-02 20:00:00,1304.82000000,1307.50000000,1270.00000000,1276.72000000,93010.71610000
3840,2022-10-03 00:00:00,1276.72000000,1300.75000000,1263.04000000,1291.80000000,89902.64740000
3841,2022-10-03 04:00:00,1291.80000000,1301.94000000,1284.11000000,1291.96000000,64526.09550000
3842,2022-10-03 08:00:00,1291.96000000,1299.38000000,1286.25000000,1299.01000000,49358.28610000
3843,2022-10-03 12:00:00,1299.02000000,1327.57000000,1294.44000000,1318.77000000,142799.58480000
3844,2022-10-03 16:00:00,1318.76000000,1329.90000000,1309.38000000,1317.90000000,86344.86390000
3845,2022-10-03 20:00:00,1317.89000000,1328.00000000,1314.75000000,1323.09000000,50843.76580000
3846,2022-10-04 00:00:00,1323.10000000,1330.38000000,1318.66000000,1329.00000000,41626.85850000
3847,2022-10-04 04:00:00,1329.01000000,1350.20000000,1324.35000000,1350.00000000,97949.10180000
3848,2022-10-04 08:00:00,1349.99000000,1359.67000000,1342.01000000,1349.74000000,95089.60050000
3849,2022-10-04 12:00:00,1349.74000000,1364.31000000,1345.64000000,1353.93000000,108059.17080000
3850,2022-10-04 16:00:00,1353.93000000,1357.38000000,1338.12000000,1354.72000000,69184.50490000
3851,2022-10-04 20:00:00,1354.72000000,1369.55000000,1351.09000000,1361.49000000,64298.43370000
3852,2022-10-05 00:00:00,1361.50000000,1363.53000000,1352.17000000,1353.95000000,42848.84210000
3853,2022-10-05 04:00:00,1353.95000000,1358.86000000,1348.37000000,1353.19000000,50495.80150000
3854,2022-10-05 08:00:00,1353.18000000,1353.75000000,1331.41000000,1335.05000000,75946.98890000
3855,2022-10-05 12:00:00,1335.05000000,1336.72000000,1316.29000000,1330.35000000,119076.89970000
3856,2022-10-05 16:00:00,1330.35000000,1364.77000000,1327.26000000,1350.63000000,136896.54080000
3857,2022-10-05 20:00:00,1350.63000000,1357.96000000,1345.01000000,1352.20000000,58243.70520000
3858,2022-10-06 00:00:00,1352.20000000,1383.99000000,1351.50000000,1372.56000000,116891.50450000
3859,2022-10-06 04:00:00,1372.55000000,1381.69000000,1362.00000000,1368.36000000,88184.05730000
3860,2022-10-06 08:00:00,1368.37000000,1370.50000000,1354.84000000,1368.75000000,68751.44080000
3861,2022-10-06 12:00:00,1368.75000000,1380.30000000,1348.69000000,1361.38000000,156151.32860000
3862,2022-10-06 16:00:00,1361.37000000,1372.92000000,1353.92000000,1358.91000000,90179.61400000
3863,2022-10-06 20:00:00,1358.91000000,1364.00000000,1345.01000000,1352.06000000,53817.37880000
3864,2022-10-07 00:00:00,1352.07000000,1361.75000000,1350.23000000,1355.19000000,45337.11930000
3865,2022-10-07 04:00:00,1355.19000000,1359.21000000,1346.01000000,1356.05000000,59215.43360000
3866,2022-10-07 08:00:00,1356.04000000,1360.80000000,1352.00000000,1354.76000000,54102.13430000
3867,2022-10-07 12:00:00,1354.76000000,1358.73000000,1324.50000000,1334.11000000,195168.01000000
3868,2022-10-07 16:00:00,1334.12000000,1337.02000000,1317.26000000,1327.49000000,105002.19070000
3869,2022-10-07 20:00:00,1327.48000000,1336.34000000,1325.00000000,1331.10000000,33174.98970000
3870,2022-10-08 00:00:00,1331.10000000,1337.35000000,1330.01000000,1331.05000000,27826.11500000
3871,2022-10-08 04:00:00,1331.06000000,1333.25000000,1326.05000000,1330.47000000,32594.91700000
3872,2022-10-08 08:00:00,1330.48000000,1330.72000000,1323.44000000,1329.80000000,27543.25680000
3873,2022-10-08 12:00:00,1329.80000000,1330.18000000,1318.00000000,1324.31000000,42404.57260000
3874,2022-10-08 16:00:00,1324.30000000,1329.99000000,1322.25000000,1324.54000000,26641.64260000
3875,2022-10-08 20:00:00,1324.54000000,1326.50000000,1303.51000000,1315.48000000,46381.15720000
3876,2022-10-09 00:00:00,1315.48000000,1316.48000000,1307.26000000,1310.69000000,27203.01720000
3877,2022-10-09 04:00:00,1310.68000000,1317.89000000,1308.62000000,1314.88000000,21725.90870000
3878,2022-10-09 08:00:00,1314.89000000,1327.99000000,1313.44000000,1323.09000000,34938.07430000
3879,2022-10-09 12:00:00,1323.10000000,1329.00000000,1320.97000000,1326.52000000,26383.98140000
3880,2022-10-09 16:00:00,1326.52000000,1327.68000000,1310.00000000,1319.82000000,41428.92090000
3881,2022-10-09 20:00:00,1319.81000000,1323.50000000,1314.35000000,1323.13000000,34522.01600000
3882,2022-10-10 00:00:00,1323.13000000,1338.00000000,1320.29000000,1323.18000000,44860.14530000
3883,2022-10-10 04:00:00,1323.18000000,1325.39000000,1312.16000000,1316.70000000,41018.09600000
3884,2022-10-10 08:00:00,1316.70000000,1317.64000000,1296.36000000,1315.00000000,91265.60830000
3885,2022-10-10 12:00:00,1315.01000000,1319.68000000,1303.39000000,1308.27000000,84173.70240000
3886,2022-10-10 16:00:00,1308.26000000,1315.00000000,1298.99000000,1307.59000000,66859.64310000
3887,2022-10-10 20:00:00,1307.60000000,1309.97000000,1288.00000000,1290.03000000,65485.81630000
3888,2022-10-11 00:00:00,1290.03000000,1290.03000000,1267.01000000,1278.37000000,108773.42900000
3889,2022-10-11 04:00:00,1278.36000000,1284.51000000,1272.05000000,1284.19000000,57589.78090000
3890,2022-10-11 08:00:00,1284.19000000,1288.93000000,1277.82000000,1286.72000000,49216.84150000
3891,2022-10-11 12:00:00,1286.72000000,1297.68000000,1268.85000000,1293.56000000,107886.19580000
3892,2022-10-11 16:00:00,1293.56000000,1298.00000000,1275.64000000,1282.51000000,73980.03600000
3893,2022-10-11 20:00:00,1282.50000000,1287.22000000,1273.80000000,1280.11000000,31984.11090000
3894,2022-10-12 00:00:00,1280.11000000,1288.93000000,1275.25000000,1283.71000000,43775.67050000
3895,2022-10-12 04:00:00,1283.71000000,1301.74000000,1283.25000000,1293.88000000,54801.29580000
3896,2022-10-12 08:00:00,1293.88000000,1306.87000000,1292.73000000,1297.68000000,63049.01010000
3897,2022-10-12 12:00:00,1297.67000000,1305.59000000,1285.51000000,1299.24000000,99642.14070000
3898,2022-10-12 16:00:00,1299.23000000,1301.00000000,1287.53000000,1297.05000000,71058.82010000
3899,2022-10-12 20:00:00,1297.05000000,1302.97000000,1292.68000000,1294.44000000,37385.63870000
3900,2022-10-13 00:00:00,1294.44000000,1299.15000000,1282.05000000,1286.47000000,52819.03700000
3901,2022-10-13 04:00:00,1286.48000000,1289.25000000,1271.64000000,1277.43000000,69667.49170000
3902,2022-10-13 08:00:00,1277.44000000,1280.49000000,1220.41000000,1243.09000000,211033.63050000
3903,2022-10-13 12:00:00,1243.09000000,1275.06000000,1190.00000000,1256.90000000,380859.71500000
3904,2022-10-13 16:00:00,1256.90000000,1294.89000000,1251.23000000,1287.03000000,164955.78240000
3905,2022-10-13 20:00:00,1287.04000000,1301.58000000,1285.59000000,1287.08000000,66282.65970000
3906,2022-10-14 00:00:00,1287.08000000,1342.00000000,1283.39000000,1329.76000000,155601.46110000
3907,2022-10-14 04:00:00,1329.75000000,1332.20000000,1316.36000000,1321.74000000,82842.63520000
3908,2022-10-14 08:00:00,1321.75000000,1336.50000000,1316.55000000,1325.87000000,82926.19200000
3909,2022-10-14 12:00:00,1325.87000000,1343.12000000,1305.89000000,1310.04000000,194553.25380000
3910,2022-10-14 16:00:00,1310.04000000,1313.22000000,1294.00000000,1298.72000000,106953.55460000
3911,2022-10-14 20:00:00,1298.71000000,1304.07000000,1290.00000000,1296.27000000,46865.71260000
3912,2022-10-15 00:00:00,1296.26000000,1301.69000000,1293.52000000,1300.26000000,33463.74310000
3913,2022-10-15 04:00:00,1300.27000000,1301.15000000,1290.54000000,1294.99000000,36400.05880000
3914,2022-10-15 08:00:00,1294.99000000,1295.24000000,1277.01000000,1287.42000000,68014.94550000
3915,2022-10-15 12:00:00,1287.41000000,1291.80000000,1279.10000000,1286.08000000,44231.77160000
3916,2022-10-15 16:00:00,1286.09000000,1289.92000000,1278.31000000,1282.47000000,40397.55020000
3917,2022-10-15 20:00:00,1282.46000000,1283.69000000,1263.64000000,1274.92000000,64592.88370000
3918,2022-10-16 00:00:00,1274.93000000,1286.69000000,1274.67000000,1283.63000000,32092.65620000
3919,2022-10-16 04:00:00,1283.63000000,1288.99000000,1281.12000000,1283.24000000,28686.70440000
3920,2022-10-16 08:00:00,1283.24000000,1290.27000000,1279.31000000,1284.03000000,41763.03010000
3921,2022-10-16 12:00:00,1284.03000000,1287.79000000,1279.30000000,1286.35000000,34832.17550000
3922,2022-10-16 16:00:00,1286.36000000,1308.93000000,1281.57000000,1308.09000000,63057.78310000
3923,2022-10-16 20:00:00,1308.09000000,1315.35000000,1290.62000000,1305.95000000,92889.01390000
3924,2022-10-17 00:00:00,1305.96000000,1308.25000000,1295.64000000,1301.59000000,49094.19310000
3925,2022-10-17 04:00:00,1301.58000000,1314.60000000,1298.35000000,1312.22000000,55832.22660000
3926,2022-10-17 08:00:00,1312.22000000,1325.91000000,1307.52000000,1317.41000000,83170.97930000
3927,2022-10-17 12:00:00,1317.41000000,1337.67000000,1313.73000000,1329.18000000,134005.73860000
3928,2022-10-17 16:00:00,1329.18000000,1331.00000000,1315.31000000,1325.54000000,77890.03670000
3929,2022-10-17 20:00:00,1325.55000000,1338.57000000,1324.19000000,1331.40000000,59855.31980000
3930,2022-10-18 00:00:00,1331.39000000,1341.73000000,1327.60000000,1333.31000000,74617.19130000
3931,2022-10-18 04:00:00,1333.30000000,1340.37000000,1330.29000000,1336.74000000,75581.81490000
3932,2022-10-18 08:00:00,1336.74000000,1337.25000000,1318.15000000,1325.89000000,76341.01510000
3933,2022-10-18 12:00:00,1325.89000000,1334.59000000,1298.08000000,1307.61000000,172767.29540000
3934,2022-10-18 16:00:00,1307.62000000,1312.35000000,1286.72000000,1300.85000000,95950.48510000
3935,2022-10-18 20:00:00,1300.84000000,1320.00000000,1298.51000000,1310.71000000,77471.11710000
3936,2022-10-19 00:00:00,1310.71000000,1313.50000000,1298.33000000,1305.16000000,54325.15830000
3937,2022-10-19 04:00:00,1305.25000000,1306.25000000,1291.93000000,1299.77000000,62574.08170000
3938,2022-10-19 08:00:00,1299.77000000,1308.09000000,1293.95000000,1300.25000000,55889.78300000
3939,2022-10-19 12:00:00,1300.24000000,1308.39000000,1290.00000000,1304.76000000,84040.83190000
3940,2022-10-19 16:00:00,1304.76000000,1305.48000000,1292.52000000,1296.94000000,48077.15920000
3941,2022-10-19 20:00:00,1296.95000000,1298.93000000,1280.31000000,1285.09000000,63730.49640000
3942,2022-10-20 00:00:00,1285.09000000,1288.14000000,1270.36000000,1279.98000000,76788.68730000
3943,2022-10-20 04:00:00,1279.98000000,1296.07000000,1279.72000000,1292.43000000,61528.61610000
3944,2022-10-20 08:00:00,1292.42000000,1302.36000000,1289.47000000,1299.64000000,52066.79220000
3945,2022-10-20 12:00:00,1299.65000000,1310.87000000,1290.65000000,1299.83000000,102324.01940000
3946,2022-10-20 16:00:00,1299.84000000,1299.84000000,1277.55000000,1284.56000000,83767.92830000
3947,2022-10-20 20:00:00,1284.57000000,1288.01000000,1271.96000000,1282.57000000,52055.56700000
3948,2022-10-21 00:00:00,1282.57000000,1292.50000000,1278.81000000,1287.54000000,42415.22380000
3949,2022-10-21 04:00:00,1287.53000000,1291.05000000,1282.64000000,1284.59000000,40495.84170000
3950,2022-10-21 08:00:00,1284.60000000,1285.00000000,1272.73000000,1275.52000000,67375.52500000
3951,2022-10-21 12:00:00,1275.53000000,1297.91000000,1252.65000000,1297.47000000,198433.76710000
3952,2022-10-21 16:00:00,1297.46000000,1305.66000000,1294.84000000,1303.30000000,86255.43010000
3953,2022-10-21 20:00:00,1303.29000000,1306.97000000,1297.25000000,1299.75000000,33101.01090000
3954,2022-10-22 00:00:00,1299.76000000,1304.68000000,1294.32000000,1298.81000000,27984.16270000
3955,2022-10-22 04:00:00,1298.82000000,1300.55000000,1294.98000000,1299.69000000,22442.57190000
3956,2022-10-22 08:00:00,1299.69000000,1307.98000000,1299.57000000,1305.67000000,34797.55820000
3957,2022-10-22 12:00:00,1305.67000000,1318.97000000,1302.93000000,1316.38000000,73445.28630000
3958,2022-10-22 16:00:00,1316.38000000,1320.20000000,1306.72000000,1314.19000000,41516.51990000
3959,2022-10-22 20:00:00,1314.19000000,1318.51000000,1312.14000000,1313.61000000,21590.60170000
3960,2022-10-23 00:00:00,1313.62000000,1314.81000000,1304.63000000,1313.22000000,28327.99590000
3961,2022-10-23 04:00:00,1313.22000000,1314.72000000,1306.82000000,1309.57000000,25232.21180000
3962,2022-10-23 08:00:00,1309.57000000,1311.95000000,1301.30000000,1304.14000000,46521.90380000
3963,2022-10-23 12:00:00,1304.13000000,1316.50000000,1299.44000000,1313.60000000,56155.31700000
3964,2022-10-23 16:00:00,1313.60000000,1335.00000000,1311.19000000,1330.85000000,83053.25490000
3965,2022-10-23 20:00:00,1330.85000000,1371.55000000,1328.72000000,1364.20000000,192978.77660000
3966,2022-10-24 00:00:00,1364.19000000,1370.60000000,1344.18000000,1348.08000000,96959.74240000
3967,2022-10-24 04:00:00,1348.07000000,1348.09000000,1332.33000000,1336.80000000,132043.08920000
3968,2022-10-24 08:00:00,1336.79000000,1354.50000000,1332.46000000,1353.41000000,90235.30220000
3969,2022-10-24 12:00:00,1353.40000000,1353.98000000,1324.17000000,1341.62000000,173337.70860000
3970,2022-10-24 16:00:00,1341.63000000,1352.79000000,1330.72000000,1344.95000000,62743.33780000
3971,2022-10-24 20:00:00,1344.96000000,1359.43000000,1341.07000000,1343.61000000,56511.61680000
3972,2022-10-25 00:00:00,1343.61000000,1349.31000000,1334.94000000,1347.62000000,57869.53720000
3973,2022-10-25 04:00:00,1347.61000000,1351.81000000,1343.72000000,1347.18000000,36288.91820000
3974,2022-10-25 08:00:00,1347.19000000,1349.94000000,1339.22000000,1347.48000000,47270.54120000
3975,2022-10-25 12:00:00,1347.48000000,1418.72000000,1346.50000000,1408.30000000,322646.70940000
3976,2022-10-25 16:00:00,1408.29000000,1525.16000000,1405.09000000,1493.34000000,461749.91630000
3977,2022-10-25 20:00:00,1493.34000000,1495.23000000,1446.46000000,1459.74000000,202107.27890000
3978,2022-10-26 00:00:00,1459.74000000,1499.21000000,1457.44000000,1487.03000000,154347.66350000
3979,2022-10-26 04:00:00,1487.02000000,1524.50000000,1476.83000000,1515.65000000,172975.39430000
3980,2022-10-26 08:00:00,1515.59000000,1556.00000000,1508.56000000,1528.49000000,244055.32100000
3981,2022-10-26 12:00:00,1528.49000000,1594.99000000,1509.43000000,1567.54000000,341153.64560000
3982,2022-10-26 16:00:00,1567.54000000,1572.33000000,1541.27000000,1564.28000000,156641.93590000
3983,2022-10-26 20:00:00,1564.27000000,1584.62000000,1542.85000000,1566.10000000,166870.74200000
3984,2022-10-27 00:00:00,1566.11000000,1577.62000000,1532.06000000,1555.07000000,134830.85660000
3985,2022-10-27 04:00:00,1555.06000000,1571.43000000,1549.67000000,1556.53000000,69796.38250000
3986,2022-10-27 08:00:00,1556.53000000,1559.86000000,1534.73000000,1550.98000000,109637.94710000
3987,2022-10-27 12:00:00,1550.97000000,1578.58000000,1533.96000000,1544.21000000,255990.80850000
3988,2022-10-27 16:00:00,1544.22000000,1565.73000000,1539.34000000,1562.36000000,73364.88430000
3989,2022-10-27 20:00:00,1562.36000000,1563.68000000,1503.20000000,1514.05000000,225833.60610000
3990,2022-10-28 00:00:00,1514.04000000,1525.32000000,1496.40000000,1507.76000000,193661.17890000
3991,2022-10-28 04:00:00,1507.76000000,1520.13000000,1488.40000000,1493.67000000,104889.55020000
3992,2022-10-28 08:00:00,1493.68000000,1510.01000000,1484.61000000,1498.19000000,100248.48150000
3993,2022-10-28 12:00:00,1498.19000000,1549.94000000,1479.82000000,1537.87000000,239723.77250000
3994,2022-10-28 16:00:00,1537.87000000,1573.10000000,1533.63000000,1557.36000000,156095.45870000
3995,2022-10-28 20:00:00,1557.37000000,1574.90000000,1551.79000000,1554.41000000,64336.00070000
3996,2022-10-29 00:00:00,1554.40000000,1594.00000000,1547.66000000,1589.52000000,104337.69080000
3997,2022-10-29 04:00:00,1589.53000000,1604.90000000,1574.62000000,1594.77000000,111834.96080000
3998,2022-10-29 08:00:00,1594.78000000,1652.11000000,1590.66000000,1615.42000000,263693.09960000
3999,2022-10-29 12:00:00,1615.41000000,1643.99000000,1608.68000000,1632.40000000,170308.82960000
4000,2022-10-29 16:00:00,1632.41000000,1663.06000000,1617.65000000,1623.44000000,186866.03140000
4001,2022-10-29 20:00:00,1623.43000000,1631.96000000,1604.02000000,1619.55000000,77120.47240000
4002,2022-10-30 00:00:00,1619.55000000,1624.41000000,1605.74000000,1622.18000000,57257.69220000
4003,2022-10-30 04:00:00,1622.19000000,1640.06000000,1618.48000000,1629.06000000,71596.31820000
4004,2022-10-30 08:00:00,1629.05000000,1630.00000000,1591.64000000,1605.00000000,111009.68030000
4005,2022-10-30 12:00:00,1605.01000000,1607.61000000,1578.45000000,1587.22000000,101448.64390000
4006,2022-10-30 16:00:00,1587.21000000,1596.65000000,1576.56000000,1587.34000000,71893.34770000
4007,2022-10-30 20:00:00,1587.35000000,1598.46000000,1577.07000000,1590.44000000,62830.74200000
4008,2022-10-31 00:00:00,1590.45000000,1596.69000000,1561.52000000,1582.74000000,135904.59570000
4009,2022-10-31 04:00:00,1582.75000000,1596.21000000,1578.41000000,1591.17000000,58035.42970000
4010,2022-10-31 08:00:00,1591.16000000,1635.80000000,1578.60000000,1621.27000000,144837.56690000
4011,2022-10-31 12:00:00,1621.27000000,1625.42000000,1545.43000000,1569.44000000,273718.82280000
4012,2022-10-31 16:00:00,1569.43000000,1583.89000000,1555.51000000,1563.69000000,124526.40480000
4013,2022-10-31 20:00:00,1563.69000000,1577.75000000,1550.54000000,1572.69000000,73311.42150000
4014,2022-11-01 00:00:00,1572.69000000,1604.73000000,1568.80000000,1586.81000000,87964.43150000
4015,2022-11-01 04:00:00,1586.81000000,1602.85000000,1580.32000000,1591.11000000,72848.96910000
4016,2022-11-01 08:00:00,1591.12000000,1612.92000000,1582.49000000,1590.28000000,116223.65290000
4017,2022-11-01 12:00:00,1590.28000000,1598.39000000,1563.69000000,1574.28000000,147797.20150000
4018,2022-11-01 16:00:00,1574.29000000,1586.79000000,1568.43000000,1576.76000000,60689.18780000
4019,2022-11-01 20:00:00,1576.76000000,1583.02000000,1569.03000000,1578.48000000,42015.85370000
4020,2022-11-02 00:00:00,1578.47000000,1595.79000000,1572.09000000,1590.74000000,70313.19740000
4021,2022-11-02 04:00:00,1590.75000000,1600.20000000,1554.09000000,1564.76000000,149714.94160000
4022,2022-11-02 08:00:00,1564.76000000,1578.67000000,1536.25000000,1555.94000000,101621.69340000
4023,2022-11-02 12:00:00,1555.95000000,1567.13000000,1546.02000000,1558.50000000,85136.09410000
4024,2022-11-02 16:00:00,1558.51000000,1621.68000000,1524.00000000,1535.92000000,440529.61480000
4025,2022-11-02 20:00:00,1535.93000000,1537.51000000,1502.32000000,1518.34000000,134079.82350000
4026,2022-11-03 00:00:00,1518.33000000,1556.19000000,1515.17000000,1547.35000000,110124.67470000
4027,2022-11-03 04:00:00,1547.35000000,1559.01000000,1542.00000000,1544.04000000,73267.55260000
4028,2022-11-03 08:00:00,1544.04000000,1556.74000000,1523.10000000,1531.95000000,98072.03570000
4029,2022-11-03 12:00:00,1531.95000000,1556.00000000,1522.05000000,1542.46000000,162656.01110000
4030,2022-11-03 16:00:00,1542.47000000,1549.14000000,1538.34000000,1544.13000000,48207.52610000
4031,2022-11-03 20:00:00,1544.14000000,1544.42000000,1524.11000000,1531.01000000,67875.08110000
4032,2022-11-04 00:00:00,1531.01000000,1549.89000000,1528.40000000,1548.92000000,68392.18250000
4033,2022-11-04 04:00:00,1548.93000000,1588.19000000,1546.53000000,1587.43000000,122215.23130000
4034,2022-11-04 08:00:00,1587.43000000,1600.28000000,1575.30000000,1577.24000000,117513.42470000
4035,2022-11-04 12:00:00,1577.24000000,1680.00000000,1556.20000000,1624.97000000,368850.44470000
4036,2022-11-04 16:00:00,1624.97000000,1649.84000000,1607.80000000,1648.29000000,185653.46650000
4037,2022-11-04 20:00:00,1648.28000000,1654.77000000,1639.84000000,1644.78000000,72906.72840000
4038,2022-11-05 00:00:00,1644.78000000,1666.97000000,1635.15000000,1646.75000000,95282.36120000
4039,2022-11-05 04:00:00,1646.76000000,1658.72000000,1643.58000000,1651.36000000,43209.26180000
4040,2022-11-05 08:00:00,1651.37000000,1651.90000000,1636.47000000,1649.58000000,57559.38330000
4041,2022-11-05 12:00:00,1649.58000000,1650.23000000,1623.53000000,1635.87000000,64576.54140000
4042,2022-11-05 16:00:00,1635.87000000,1642.91000000,1624.89000000,1633.24000000,50814.29190000
4043,2022-11-05 20:00:00,1633.24000000,1635.22000000,1621.42000000,1626.98000000,39943.69660000
4044,2022-11-06 00:00:00,1626.98000000,1633.51000000,1612.30000000,1621.24000000,59304.61300000
4045,2022-11-06 04:00:00,1621.23000000,1623.77000000,1613.95000000,1622.88000000,33627.19120000
4046,2022-11-06 08:00:00,1622.88000000,1639.02000000,1608.84000000,1620.35000000,64606.02260000
4047,2022-11-06 12:00:00,1620.34000000,1634.96000000,1615.81000000,1623.77000000,47048.16810000
4048,2022-11-06 16:00:00,1623.77000000,1625.93000000,1603.25000000,1610.41000000,80682.23510000
4049,2022-11-06 20:00:00,1610.41000000,1612.91000000,1564.39000000,1568.29000000,129595.72250000
4050,2022-11-07 00:00:00,1568.25000000,1595.30000000,1564.21000000,1587.50000000,99273.24030000
4051,2022-11-07 04:00:00,1587.50000000,1594.63000000,1546.30000000,1550.01000000,121788.78850000
4052,2022-11-07 08:00:00,1550.00000000,1584.56000000,1546.29000000,1580.00000000,112526.37510000
4053,2022-11-07 12:00:00,1579.99000000,1592.93000000,1567.58000000,1592.03000000,99382.62850000
4054,2022-11-07 16:00:00,1592.02000000,1608.04000000,1577.02000000,1600.52000000,82281.72900000
4055,2022-11-07 20:00:00,1600.53000000,1607.28000000,1545.03000000,1568.10000000,127156.68800000
4056,2022-11-08 00:00:00,1568.09000000,1576.79000000,1503.00000000,1507.07000000,219801.49540000
4057,2022-11-08 04:00:00,1507.06000000,1514.25000000,1431.82000000,1492.00000000,397923.29740000
4058,2022-11-08 08:00:00,1492.00000000,1494.49000000,1468.99000000,1476.87000000,115189.24680000
4059,2022-11-08 12:00:00,1476.87000000,1487.22000000,1422.94000000,1462.48000000,332243.09330000
4060,2022-11-08 16:00:00,1462.48000000,1579.98000000,1233.00000000,1315.39000000,1001671.62070000
4061,2022-11-08 20:00:00,1315.39000000,1344.83000000,1280.00000000,1334.77000000,273087.75530000
4062,2022-11-09 00:00:00,1334.78000000,1337.16000000,1283.37000000,1312.39000000,267660.38520000
4063,2022-11-09 04:00:00,1312.38000000,1319.38000000,1266.43000000,1274.35000000,246133.76010000
4064,2022-11-09 08:00:00,1274.36000000,1276.59000000,1136.13000000,1220.04000000,734537.30430000
4065,2022-11-09 12:00:00,1220.05000000,1248.55000000,1150.00000000,1163.02000000,503012.35810000
4066,2022-11-09 16:00:00,1163.02000000,1206.00000000,1143.43000000,1195.47000000,347512.12510000
4067,2022-11-09 20:00:00,1195.46000000,1200.00000000,1073.53000000,1102.73000000,395942.00290000
4068,2022-11-10 00:00:00,1102.73000000,1184.80000000,1085.93000000,1174.16000000,336892.72260000
4069,2022-11-10 04:00:00,1174.15000000,1206.13000000,1159.30000000,1189.72000000,251338.03120000
4070,2022-11-10 08:00:00,1189.54000000,1219.62000000,1175.13000000,1187.04000000,285702.30060000
4071,2022-11-10 12:00:00,1187.05000000,1350.00000000,1185.52000000,1321.61000000,635062.73260000
4072,2022-11-10 16:00:00,1321.64000000,1350.00000000,1247.40000000,1292.31000000,291051.48640000
4073,2022-11-10 20:00:00,1292.30000000,1344.66000000,1284.28000000,1299.28000000,175908.40330000
4074,2022-11-11 00:00:00,1299.28000000,1309.29000000,1221.08000000,1239.11000000,224826.05570000
4075,2022-11-11 04:00:00,1239.12000000,1289.26000000,1227.00000000,1278.33000000,201468.16740000
4076,2022-11-11 08:00:00,1278.34000000,1294.35000000,1264.07000000,1275.85000000,139755.19320000
4077,2022-11-11 12:00:00,1275.91000000,1310.00000000,1201.26000000,1260.18000000,422314.54360000
4078,2022-11-11 16:00:00,1260.18000000,1287.00000000,1233.24000000,1274.04000000,198559.58690000
4079,2022-11-11 20:00:00,1274.18000000,1295.00000000,1237.00000000,1289.28000000,121163.60300000
4080,2022-11-12 00:00:00,1289.35000000,1292.16000000,1254.00000000,1259.34000000,111318.54460000
4081,2022-11-12 04:00:00,1259.34000000,1277.57000000,1238.70000000,1266.39000000,160399.39380000
4082,2022-11-12 08:00:00,1266.39000000,1275.00000000,1250.00000000,1260.50000000,89641.07000000
4083,2022-11-12 12:00:00,1260.50000000,1285.52000000,1253.06000000,1274.80000000,92740.86100000
4084,2022-11-12 16:00:00,1274.81000000,1278.88000000,1263.00000000,1268.45000000,50382.89600000
4085,2022-11-12 20:00:00,1268.45000000,1268.95000000,1247.31000000,1257.25000000,43290.15180000
4086,2022-11-13 00:00:00,1257.25000000,1274.03000000,1253.45000000,1272.15000000,43686.02170000
4087,2022-11-13 04:00:00,1272.14000000,1274.23000000,1230.33000000,1250.93000000,111909.87240000
4088,2022-11-13 08:00:00,1250.94000000,1253.22000000,1212.00000000,1240.44000000,133139.16850000
4089,2022-11-13 12:00:00,1240.43000000,1248.45000000,1223.90000000,1231.36000000,73850.26520000
4090,2022-11-13 16:00:00,1231.36000000,1237.34000000,1215.80000000,1229.03000000,79226.13370000
4091,2022-11-13 20:00:00,1229.04000000,1237.00000000,1200.66000000,1221.49000000,105599.06890000
4092,2022-11-14 00:00:00,1221.50000000,1230.54000000,1171.13000000,1193.03000000,156252.20940000
4093,2022-11-14 04:00:00,1193.02000000,1262.00000000,1175.43000000,1260.07000000,202533.26880000
4094,2022-11-14 08:00:00,1260.06000000,1276.26000000,1252.00000000,1252.33000000,136608.42910000
4095,2022-11-14 12:00:00,1252.34000000,1291.20000000,1235.00000000,1245.32000000,232779.18980000
4096,2022-11-14 16:00:00,1245.32000000,1249.76000000,1210.03000000,1216.27000000,112608.26430000
4097,2022-11-14 20:00:00,1216.26000000,1249.97000000,1210.09000000,1243.28000000,93960.64450000
4098,2022-11-15 00:00:00,1243.29000000,1266.57000000,1236.15000000,1256.54000000,96455.90560000
4099,2022-11-15 04:00:00,1256.53000000,1273.89000000,1247.39000000,1266.33000000,90352.45690000
4100,2022-11-15 08:00:00,1266.33000000,1279.30000000,1255.00000000,1260.37000000,100514.12500000
4101,2022-11-15 12:00:00,1260.37000000,1291.00000000,1257.79000000,1264.36000000,150039.91220000
4102,2022-11-15 16:00:00,1264.36000000,1274.25000000,1234.01000000,1257.28000000,133264.29390000
4103,2022-11-15 20:00:00,1257.29000000,1265.40000000,1241.46000000,1253.23000000,62198.87440000
4104,2022-11-16 00:00:00,1253.22000000,1268.67000000,1248.23000000,1264.86000000,55268.09750000
4105,2022-11-16 04:00:00,1264.86000000,1265.40000000,1243.00000000,1245.56000000,114561.98780000
4106,2022-11-16 08:00:00,1245.55000000,1254.25000000,1215.00000000,1222.28000000,152804.27010000
4107,2022-11-16 12:00:00,1222.29000000,1232.66000000,1187.06000000,1192.29000000,202233.64090000
4108,2022-11-16 16:00:00,1192.28000000,1221.57000000,1187.27000000,1208.71000000,93396.77600000
4109,2022-11-16 20:00:00,1208.70000000,1221.73000000,1201.17000000,1216.17000000,55074.94920000
4110,2022-11-17 00:00:00,1216.16000000,1228.22000000,1201.92000000,1204.05000000,69439.03720000
4111,2022-11-17 04:00:00,1204.05000000,1218.05000000,1193.07000000,1204.88000000,121734.10960000
4112,2022-11-17 08:00:00,1204.88000000,1208.36000000,1181.05000000,1203.78000000,82881.19430000
4113,2022-11-17 12:00:00,1203.79000000,1217.89000000,1184.00000000,1192.80000000,131491.25360000
4114,2022-11-17 16:00:00,1192.80000000,1217.33000000,1189.00000000,1202.72000000,75457.53560000
4115,2022-11-17 20:00:00,1202.72000000,1210.00000000,1196.27000000,1200.43000000,49534.21850000
4116,2022-11-18 00:00:00,1200.42000000,1234.00000000,1199.18000000,1219.79000000,99508.97550000
4117,2022-11-18 04:00:00,1219.80000000,1224.43000000,1213.01000000,1214.65000000,51942.93440000
4118,2022-11-18 08:00:00,1214.65000000,1226.01000000,1205.05000000,1217.23000000,54979.07950000
4119,2022-11-18 12:00:00,1217.23000000,1227.81000000,1206.00000000,1211.13000000,65178.65060000
4120,2022-11-18 16:00:00,1211.14000000,1214.47000000,1200.36000000,1209.71000000,57070.84420000
4121,2022-11-18 20:00:00,1209.71000000,1214.97000000,1206.03000000,1212.58000000,31538.04950000
4122,2022-11-19 00:00:00,1212.58000000,1213.48000000,1201.00000000,1208.54000000,26543.44870000
4123,2022-11-19 04:00:00,1208.55000000,1209.72000000,1197.67000000,1206.81000000,47258.71360000
4124,2022-11-19 08:00:00,1206.81000000,1212.41000000,1204.16000000,1211.44000000,27341.40690000
4125,2022-11-19 12:00:00,1211.45000000,1212.09000000,1205.83000000,1209.58000000,26020.15060000
4126,2022-11-19 16:00:00,1209.58000000,1211.70000000,1206.95000000,1208.60000000,22181.48340000
4127,2022-11-19 20:00:00,1208.59000000,1235.00000000,1208.59000000,1217.67000000,60444.38560000
4128,2022-11-20 00:00:00,1217.67000000,1227.07000000,1215.33000000,1218.99000000,36439.24160000
4129,2022-11-20 04:00:00,1218.99000000,1223.26000000,1217.55000000,1220.39000000,24017.10820000
4130,2022-11-20 08:00:00,1220.38000000,1220.65000000,1160.00000000,1167.76000000,146271.26290000
4131,2022-11-20 12:00:00,1167.76000000,1180.47000000,1153.00000000,1177.13000000,128723.36290000
4132,2022-11-20 16:00:00,1177.12000000,1190.00000000,1169.53000000,1185.46000000,53829.19570000
4133,2022-11-20 20:00:00,1185.47000000,1186.72000000,1132.65000000,1142.21000000,141828.58940000
4134,2022-11-21 00:00:00,1142.21000000,1144.12000000,1111.11000000,1125.12000000,150635.58110000
4135,2022-11-21 04:00:00,1125.12000000,1140.00000000,1117.01000000,1123.48000000,104322.98680000
4136,2022-11-21 08:00:00,1123.49000000,1131.81000000,1105.65000000,1125.00000000,145405.16790000
4137,2022-11-21 12:00:00,1125.00000000,1146.99000000,1115.10000000,1130.33000000,145452.89180000
4138,2022-11-21 16:00:00,1130.34000000,1133.10000000,1079.76000000,1091.22000000,236304.99050000
4139,2022-11-21 20:00:00,1091.22000000,1123.27000000,1082.36000000,1107.34000000,140526.32730000
4140,2022-11-22 00:00:00,1107.34000000,1117.29000000,1097.02000000,1104.41000000,106939.23040000
4141,2022-11-22 04:00:00,1104.41000000,1107.33000000,1079.54000000,1093.31000000,105284.23070000
4142,2022-11-22 08:00:00,1093.31000000,1095.00000000,1075.00000000,1085.44000000,114261.62610000
4143,2022-11-22 12:00:00,1085.44000000,1143.96000000,1079.00000000,1135.37000000,250563.43310000
4144,2022-11-22 16:00:00,1135.36000000,1146.13000000,1114.27000000,1127.25000000,113257.30260000
4145,2022-11-22 20:00:00,1127.26000000,1142.36000000,1122.96000000,1139.60000000,58578.75620000
4146,2022-11-23 00:00:00,1139.59000000,1170.87000000,1127.75000000,1170.80000000,157084.78640000
4147,2022-11-23 04:00:00,1170.81000000,1171.45000000,1157.48000000,1166.71000000,76477.25770000
4148,2022-11-23 08:00:00,1166.71000000,1184.25000000,1160.51000000,1174.98000000,107520.81540000
4149,2022-11-23 12:00:00,1174.98000000,1178.00000000,1153.67000000,1161.28000000,101411.18960000
4150,2022-11-23 16:00:00,1161.28000000,1189.75000000,1150.60000000,1168.92000000,124518.20880000
4151,2022-11-23 20:00:00,1168.91000000,1190.00000000,1159.99000000,1184.52000000,69914.90150000
4152,2022-11-24 00:00:00,1184.52000000,1210.00000000,1180.60000000,1201.92000000,125886.67500000
4153,2022-11-24 04:00:00,1201.93000000,1217.71000000,1198.74000000,1206.72000000,109438.56210000
4154,2022-11-24 08:00:00,1206.72000000,1208.35000000,1191.52000000,1195.75000000,74519.49900000
4155,2022-11-24 12:00:00,1195.76000000,1203.92000000,1185.96000000,1195.24000000,65973.08200000
4156,2022-11-24 16:00:00,1195.24000000,1208.22000000,1192.69000000,1203.10000000,63166.24850000
4157,2022-11-24 20:00:00,1203.10000000,1206.17000000,1193.78000000,1203.73000000,47096.54570000
4158,2022-11-25 00:00:00,1203.72000000,1204.98000000,1180.00000000,1186.16000000,71146.15790000
4159,2022-11-25 04:00:00,1186.15000000,1187.92000000,1171.20000000,1185.01000000,84113.43300000
4160,2022-11-25 08:00:00,1185.01000000,1198.98000000,1175.60000000,1193.26000000,71084.09540000
4161,2022-11-25 12:00:00,1193.27000000,1200.12000000,1181.09000000,1189.80000000,74631.99890000
4162,2022-11-25 16:00:00,1189.80000000,1199.00000000,1183.00000000,1197.22000000,40751.36050000
4163,2022-11-25 20:00:00,1197.23000000,1207.77000000,1195.71000000,1199.30000000,49703.12010000
4164,2022-11-26 00:00:00,1199.29000000,1228.67000000,1196.81000000,1215.71000000,96215.67900000
4165,2022-11-26 04:00:00,1215.71000000,1225.78000000,1212.35000000,1218.97000000,67459.39670000
4166,2022-11-26 08:00:00,1218.96000000,1227.76000000,1215.12000000,1221.71000000,56703.31010000
4167,2022-11-26 12:00:00,1221.71000000,1235.66000000,1206.27000000,1210.90000000,74739.26000000
4168,2022-11-26 16:00:00,1210.90000000,1215.48000000,1201.88000000,1207.34000000,50260.04160000
4169,2022-11-26 20:00:00,1207.33000000,1212.71000000,1196.20000000,1205.60000000,34463.12420000
4170,2022-11-27 00:00:00,1205.61000000,1218.76000000,1204.31000000,1216.51000000,38910.69290000
4171,2022-11-27 04:00:00,1216.50000000,1223.33000000,1214.32000000,1216.90000000,41691.70210000
4172,2022-11-27 08:00:00,1216.90000000,1220.99000000,1209.58000000,1215.31000000,62409.62160000
4173,2022-11-27 12:00:00,1215.31000000,1219.59000000,1207.47000000,1217.92000000,36606.01770000
4174,2022-11-27 16:00:00,1217.91000000,1220.80000000,1211.11000000,1213.19000000,36418.38110000
4175,2022-11-27 20:00:00,1213.19000000,1218.51000000,1188.65000000,1193.88000000,70350.38320000
4176,2022-11-28 00:00:00,1193.88000000,1199.25000000,1158.12000000,1172.54000000,160151.85780000
4177,2022-11-28 04:00:00,1172.55000000,1179.01000000,1166.60000000,1174.03000000,61489.57950000
4178,2022-11-28 08:00:00,1174.02000000,1176.50000000,1164.02000000,1170.36000000,48570.37010000
4179,2022-11-28 12:00:00,1170.36000000,1182.71000000,1155.00000000,1163.49000000,90435.69300000
4180,2022-11-28 16:00:00,1163.50000000,1184.98000000,1151.02000000,1171.59000000,87923.01280000
4181,2022-11-28 20:00:00,1171.59000000,1175.47000000,1167.00000000,1167.77000000,30225.09610000
4182,2022-11-29 00:00:00,1167.77000000,1189.99000000,1158.27000000,1184.67000000,68919.76640000
4183,2022-11-29 04:00:00,1184.68000000,1215.00000000,1184.22000000,1207.08000000,118417.96210000
4184,2022-11-29 08:00:00,1207.08000000,1223.00000000,1205.01000000,1217.32000000,109677.03340000
4185,2022-11-29 12:00:00,1217.32000000,1218.83000000,1202.96000000,1208.72000000,88427.92360000
4186,2022-11-29 16:00:00,1208.72000000,1220.00000000,1202.97000000,1215.75000000,69553.77150000
4187,2022-11-29 20:00:00,1215.75000000,1228.37000000,1215.36000000,1216.49000000,57147.12910000
4188,2022-11-30 00:00:00,1216.49000000,1283.47000000,1212.50000000,1265.09000000,242253.94760000
4189,2022-11-30 04:00:00,1265.09000000,1274.80000000,1265.08000000,1272.62000000,70827.91860000
4190,2022-11-30 08:00:00,1272.62000000,1277.34000000,1261.20000000,1266.72000000,56901.33030000
4191,2022-11-30 12:00:00,1266.73000000,1272.50000000,1255.10000000,1267.40000000,108235.42780000
4192,2022-11-30 16:00:00,1267.39000000,1300.00000000,1258.57000000,1287.20000000,228085.48570000
4193,2022-11-30 20:00:00,1287.20000000,1309.77000000,1285.00000000,1294.46000000,109375.16170000
4194,2022-12-01 00:00:00,1294.46000000,1295.88000000,1281.20000000,1288.02000000,72869.38430000
4195,2022-12-01 04:00:00,1288.02000000,1289.42000000,1276.13000000,1278.76000000,59241.52940000
4196,2022-12-01 08:00:00,1278.76000000,1286.33000000,1277.28000000,1282.94000000,73405.79230000
4197,2022-12-01 12:00:00,1282.94000000,1299.90000000,1262.77000000,1271.54000000,147851.29870000
4198,2022-12-01 16:00:00,1271.54000000,1278.69000000,1265.52000000,1275.91000000,42048.02600000
4199,2022-12-01 20:00:00,1275.91000000,1283.94000000,1267.06000000,1276.41000000,34602.70840000
4200,2022-12-02 00:00:00,1276.40000000,1284.75000000,1265.24000000,1271.69000000,57962.06930000
4201,2022-12-02 04:00:00,1271.69000000,1278.26000000,1268.00000000,1275.68000000,44700.49390000
4202,2022-12-02 08:00:00,1275.68000000,1294.53000000,1273.56000000,1288.83000000,60903.52160000
4203,2022-12-02 12:00:00,1288.82000000,1297.18000000,1268.00000000,1278.96000000,130620.70710000
4204,2022-12-02 16:00:00,1278.97000000,1288.32000000,1274.29000000,1287.32000000,36847.03310000
4205,2022-12-02 20:00:00,1287.31000000,1296.97000000,1286.38000000,1295.59000000,40525.76000000
4206,2022-12-03 00:00:00,1295.58000000,1309.00000000,1282.43000000,1285.85000000,59188.23050000
4207,2022-12-03 04:00:00,1285.84000000,1290.56000000,1273.36000000,1276.08000000,66488.27870000
4208,2022-12-03 08:00:00,1276.08000000,1277.15000000,1260.54000000,1269.39000000,74686.59610000
4209,2022-12-03 12:00:00,1269.40000000,1275.20000000,1266.52000000,1271.04000000,33670.55070000
4210,2022-12-03 16:00:00,1271.04000000,1271.48000000,1262.34000000,1266.19000000,33390.98410000
4211,2022-12-03 20:00:00,1266.20000000,1266.64000000,1236.26000000,1240.51000000,79723.61870000
4212,2022-12-04 00:00:00,1240.50000000,1263.73000000,1240.10000000,1257.04000000,63085.59320000
4213,2022-12-04 04:00:00,1257.03000000,1267.35000000,1253.50000000,1257.03000000,47005.20070000
4214,2022-12-04 08:00:00,1257.02000000,1263.65000000,1251.64000000,1254.94000000,41971.95140000
4215,2022-12-04 12:00:00,1254.94000000,1262.48000000,1249.65000000,1259.83000000,49018.07870000
4216,2022-12-04 16:00:00,1259.84000000,1282.76000000,1256.65000000,1278.50000000,83156.21710000
4217,2022-12-04 20:00:00,1278.49000000,1287.19000000,1272.31000000,1279.41000000,39892.50550000
4218,2022-12-05 00:00:00,1279.40000000,1297.58000000,1276.68000000,1290.85000000,75240.90270000
4219,2022-12-05 04:00:00,1290.86000000,1304.77000000,1289.75000000,1297.08000000,58770.07820000
4220,2022-12-05 08:00:00,1297.09000000,1305.11000000,1291.86000000,1295.13000000,57149.32020000
4221,2022-12-05 12:00:00,1295.13000000,1295.13000000,1259.19000000,1266.59000000,85596.92680000
4222,2022-12-05 16:00:00,1266.59000000,1270.24000000,1246.61000000,1253.67000000,82465.21300000
4223,2022-12-05 20:00:00,1253.67000000,1260.64000000,1251.76000000,1259.41000000,32406.07570000
4224,2022-12-06 00:00:00,1259.41000000,1270.08000000,1259.38000000,1261.82000000,43289.60400000
4225,2022-12-06 04:00:00,1261.81000000,1263.10000000,1254.40000000,1260.39000000,27907.47230000
4226,2022-12-06 08:00:00,1260.39000000,1264.97000000,1242.00000000,1256.08000000,61454.43300000
4227,2022-12-06 12:00:00,1256.09000000,1262.16000000,1244.92000000,1254.40000000,63911.65530000
4228,2022-12-06 16:00:00,1254.39000000,1259.24000000,1241.56000000,1250.13000000,54916.12650000
4229,2022-12-06 20:00:00,1250.12000000,1274.76000000,1247.71000000,1271.32000000,50152.54790000
4230,2022-12-07 00:00:00,1271.31000000,1278.69000000,1259.08000000,1262.27000000,41068.83500000
4231,2022-12-07 04:00:00,1262.28000000,1264.81000000,1219.00000000,1224.63000000,115599.41820000
4232,2022-12-07 08:00:00,1224.63000000,1230.80000000,1218.01000000,1224.97000000,75458.99680000
4233,2022-12-07 12:00:00,1224.96000000,1239.94000000,1219.21000000,1233.85000000,87584.39900000
4234,2022-12-07 16:00:00,1233.85000000,1237.48000000,1227.00000000,1232.11000000,43085.17230000
4235,2022-12-07 20:00:00,1232.12000000,1235.00000000,1222.10000000,1231.18000000,35762.69530000
4236,2022-12-08 00:00:00,1231.18000000,1238.93000000,1222.01000000,1231.86000000,49350.34940000
4237,2022-12-08 04:00:00,1231.87000000,1235.78000000,1224.64000000,1232.73000000,37389.84810000
4238,2022-12-08 08:00:00,1232.73000000,1245.41000000,1228.20000000,1240.40000000,63643.19100000
4239,2022-12-08 12:00:00,1240.40000000,1253.65000000,1235.97000000,1249.91000000,75358.80370000
4240,2022-12-08 16:00:00,1249.91000000,1292.58000000,1248.71000000,1283.90000000,117291.54850000
4241,2022-12-08 20:00:00,1283.90000000,1286.44000000,1275.78000000,1280.18000000,63619.80400000
4242,2022-12-09 00:00:00,1280.18000000,1290.91000000,1273.13000000,1283.98000000,83686.63760000
4243,2022-12-09 04:00:00,1283.97000000,1285.83000000,1277.50000000,1282.43000000,43358.90310000
4244,2022-12-09 08:00:00,1282.44000000,1292.95000000,1278.89000000,1287.83000000,60071.15070000
4245,2022-12-09 12:00:00,1287.84000000,1296.64000000,1250.00000000,1277.60000000,130921.46290000
4246,2022-12-09 16:00:00,1277.60000000,1278.00000000,1263.40000000,1269.05000000,40336.17710000
4247,2022-12-09 20:00:00,1269.06000000,1269.25000000,1255.83000000,1263.10000000,47633.67180000
4248,2022-12-10 00:00:00,1263.11000000,1268.60000000,1261.52000000,1265.20000000,27288.01410000
4249,2022-12-10 04:00:00,1265.20000000,1266.67000000,1262.55000000,1264.57000000,15929.58890000
4250,2022-12-10 08:00:00,1264.58000000,1267.67000000,1259.60000000,1266.18000000,26684.80890000
4251,2022-12-10 12:00:00,1266.19000000,1279.26000000,1263.61000000,1278.26000000,46724.07120000
4252,2022-12-10 16:00:00,1278.26000000,1283.61000000,1266.48000000,1272.20000000,39801.91380000
4253,2022-12-10 20:00:00,1272.21000000,1273.68000000,1261.95000000,1266.35000000,25850.24270000
4254,2022-12-11 00:00:00,1266.35000000,1273.37000000,1265.40000000,1272.68000000,20583.55600000
4255,2022-12-11 04:00:00,1272.67000000,1278.13000000,1272.36000000,1276.49000000,24072.62320000
4256,2022-12-11 08:00:00,1276.49000000,1277.17000000,1270.82000000,1273.45000000,17478.16760000
4257,2022-12-11 12:00:00,1273.44000000,1275.98000000,1269.10000000,1273.38000000,22179.87490000
4258,2022-12-11 16:00:00,1273.38000000,1284.75000000,1271.00000000,1274.39000000,40624.23110000
4259,2022-12-11 20:00:00,1274.38000000,1274.39000000,1255.85000000,1263.01000000,55556.44920000
4260,2022-12-12 00:00:00,1263.00000000,1263.01000000,1240.55000000,1243.83000000,96732.65840000
4261,2022-12-12 04:00:00,1243.83000000,1247.86000000,1240.03000000,1246.46000000,39637.46070000
4262,2022-12-12 08:00:00,1246.45000000,1257.29000000,1242.02000000,1254.40000000,49979.93310000
4263,2022-12-12 12:00:00,1254.40000000,1256.46000000,1243.58000000,1249.35000000,59850.29350000
4264,2022-12-12 16:00:00,1249.34000000,1255.94000000,1248.72000000,1254.58000000,35497.49150000
4265,2022-12-12 20:00:00,1254.57000000,1278.90000000,1253.72000000,1275.40000000,82052.71090000
4266,2022-12-13 00:00:00,1275.41000000,1278.47000000,1265.84000000,1269.65000000,41158.89330000
4267,2022-12-13 04:00:00,1269.64000000,1275.20000000,1255.10000000,1266.41000000,76207.08190000
4268,2022-12-13 08:00:00,1266.42000000,1290.00000000,1264.01000000,1286.93000000,127212.82970000
4269,2022-12-13 12:00:00,1286.92000000,1349.00000000,1286.53000000,1323.78000000,280950.63870000
4270,2022-12-13 16:00:00,1323.78000000,1328.93000000,1305.17000000,1316.41000000,92265.48010000
4271,2022-12-13 20:00:00,1316.41000000,1323.67000000,1311.61000000,1320.69000000,41598.95880000
4272,2022-12-14 00:00:00,1320.69000000,1327.00000000,1317.35000000,1319.79000000,44978.89380000
4273,2022-12-14 04:00:00,1319.78000000,1325.09000000,1315.72000000,1322.50000000,36196.11240000
4274,2022-12-14 08:00:00,1322.51000000,1329.00000000,1319.32000000,1326.49000000,45699.72310000
4275,2022-12-14 12:00:00,1326.50000000,1344.51000000,1324.76000000,1338.32000000,115294.63460000
4276,2022-12-14 16:00:00,1338.31000000,1352.72000000,1301.00000000,1307.54000000,245034.61020000
4277,2022-12-14 20:00:00,1307.54000000,1318.49000000,1301.16000000,1307.44000000,67261.59760000
4278,2022-12-15 00:00:00,1307.45000000,1311.14000000,1281.12000000,1292.04000000,90697.07210000
4279,2022-12-15 04:00:00,1292.05000000,1292.64000000,1286.75000000,1287.27000000,32432.32730000
4280,2022-12-15 08:00:00,1287.26000000,1291.35000000,1282.79000000,1291.27000000,41951.06340000
4281,2022-12-15 12:00:00,1291.28000000,1291.28000000,1263.44000000,1270.32000000,112089.63040000
4282,2022-12-15 16:00:00,1270.31000000,1276.07000000,1264.76000000,1275.04000000,60828.50960000
4283,2022-12-15 20:00:00,1275.03000000,1275.49000000,1259.27000000,1266.54000000,52052.64190000
4284,2022-12-16 00:00:00,1266.53000000,1273.87000000,1265.65000000,1271.79000000,30822.46400000
4285,2022-12-16 04:00:00,1271.78000000,1280.06000000,1267.13000000,1277.77000000,31886.49810000
4286,2022-12-16 08:00:00,1277.77000000,1279.27000000,1205.50000000,1212.83000000,223337.36950000
4287,2022-12-16 12:00:00,1212.84000000,1218.23000000,1195.04000000,1203.63000000,139890.44110000
4288,2022-12-16 16:00:00,1203.64000000,1204.58000000,1183.37000000,1202.50000000,128099.89370000
4289,2022-12-16 20:00:00,1202.50000000,1211.99000000,1155.32000000,1166.83000000,197385.61150000
4290,2022-12-17 00:00:00,1166.82000000,1179.27000000,1161.92000000,1175.30000000,84729.01280000
4291,2022-12-17 04:00:00,1175.30000000,1185.46000000,1173.48000000,1183.72000000,79310.91720000
4292,2022-12-17 08:00:00,1183.71000000,1188.62000000,1173.89000000,1180.05000000,48341.11950000
4293,2022-12-17 12:00:00,1180.05000000,1182.68000000,1174.19000000,1180.09000000,47135.62480000
4294,2022-12-17 16:00:00,1180.09000000,1180.10000000,1171.36000000,1176.79000000,32072.34020000
4295,2022-12-17 20:00:00,1176.79000000,1190.03000000,1175.39000000,1187.16000000,37292.61360000
4296,2022-12-18 00:00:00,1187.16000000,1188.80000000,1180.32000000,1187.54000000,24539.49720000
4297,2022-12-18 04:00:00,1187.55000000,1199.54000000,1183.16000000,1186.89000000,51568.48620000
4298,2022-12-18 08:00:00,1186.89000000,1188.40000000,1170.32000000,1182.28000000,51788.82270000
4299,2022-12-18 12:00:00,1182.27000000,1183.96000000,1173.39000000,1174.39000000,39943.87000000
4300,2022-12-18 16:00:00,1174.39000000,1191.08000000,1173.76000000,1183.56000000,44442.12010000
4301,2022-12-18 20:00:00,1183.55000000,1194.50000000,1180.64000000,1183.06000000,39977.34780000
4302,2022-12-19 00:00:00,1183.06000000,1195.00000000,1174.00000000,1179.27000000,53884.80130000
4303,2022-12-19 04:00:00,1179.27000000,1184.41000000,1177.62000000,1179.86000000,26246.10130000
4304,2022-12-19 08:00:00,1179.86000000,1188.38000000,1179.16000000,1183.28000000,31345.83230000
4305,2022-12-19 12:00:00,1183.27000000,1189.54000000,1177.56000000,1179.79000000,43939.27570000
4306,2022-12-19 16:00:00,1179.80000000,1182.21000000,1164.98000000,1170.80000000,71135.64170000
4307,2022-12-19 20:00:00,1170.79000000,1181.34000000,1150.51000000,1167.82000000,70281.07050000
4308,2022-12-20 00:00:00,1167.82000000,1198.96000000,1163.12000000,1192.57000000,110538.55520000
4309,2022-12-20 04:00:00,1192.57000000,1215.28000000,1190.68000000,1208.31000000,84905.47790000
4310,2022-12-20 08:00:00,1208.31000000,1219.08000000,1205.91000000,1212.31000000,58594.56010000
4311,2022-12-20 12:00:00,1212.31000000,1230.47000000,1204.16000000,1217.04000000,114896.96980000
4312,2022-12-20 16:00:00,1217.05000000,1218.58000000,1198.20000000,1216.78000000,59608.76650000
4313,2022-12-20 20:00:00,1216.79000000,1221.00000000,1211.59000000,1216.94000000,36639.86480000
4314,2022-12-21 00:00:00,1216.95000000,1218.96000000,1205.93000000,1210.53000000,36700.39710000
4315,2022-12-21 04:00:00,1210.52000000,1214.08000000,1203.02000000,1210.93000000,50021.14480000
4316,2022-12-21 08:00:00,1210.93000000,1219.17000000,1207.46000000,1216.61000000,37728.08330000
4317,2022-12-21 12:00:00,1216.62000000,1223.39000000,1205.16000000,1215.60000000,58492.32410000
4318,2022-12-21 16:00:00,1215.60000000,1216.11000000,1206.42000000,1208.58000000,35429.80520000
4319,2022-12-21 20:00:00,1208.59000000,1215.07000000,1207.05000000,1213.78000000,27352.08320000
4320,2022-12-22 00:00:00,1213.78000000,1218.21000000,1211.83000000,1214.81000000,23272.57700000
4321,2022-12-22 04:00:00,1214.80000000,1215.05000000,1209.52000000,1213.86000000,29859.40120000
4322,2022-12-22 08:00:00,1213.86000000,1221.63000000,1212.11000000,1217.49000000,42310.86000000
4323,2022-12-22 12:00:00,1217.49000000,1218.56000000,1184.21000000,1186.59000000,109199.63180000
4324,2022-12-22 16:00:00,1186.58000000,1194.92000000,1182.54000000,1194.91000000,44390.41410000
4325,2022-12-22 20:00:00,1194.92000000,1237.99000000,1194.08000000,1217.71000000,87728.77570000
4326,2022-12-23 00:00:00,1217.72000000,1229.35000000,1214.74000000,1223.99000000,40644.90470000
4327,2022-12-23 04:00:00,1223.98000000,1225.18000000,1219.76000000,1221.84000000,30091.07250000
4328,2022-12-23 08:00:00,1221.84000000,1226.37000000,1215.78000000,1223.00000000,44859.72040000
4329,2022-12-23 12:00:00,1222.99000000,1231.99000000,1210.00000000,1219.15000000,115923.69290000
4330,2022-12-23 16:00:00,1219.15000000,1221.21000000,1216.04000000,1219.98000000,24245.37920000
4331,2022-12-23 20:00:00,1219.99000000,1222.49000000,1216.92000000,1219.99000000,22839.51850000
4332,2022-12-24 00:00:00,1219.98000000,1221.20000000,1215.15000000,1218.83000000,17936.96890000
4333,2022-12-24 04:00:00,1218.84000000,1220.97000000,1214.69000000,1220.44000000,19885.83830000
4334,2022-12-24 08:00:00,1220.45000000,1221.01000000,1216.79000000,1219.54000000,22114.73000000
4335,2022-12-24 12:00:00,1219.54000000,1219.54000000,1217.78000000,1219.15000000,13117.45030000
4336,2022-12-24 16:00:00,1219.14000000,1227.99000000,1217.63000000,1223.60000000,28334.18260000
4337,2022-12-24 20:00:00,1223.60000000,1223.87000000,1218.02000000,1220.41000000,22312.36000000
4338,2022-12-25 00:00:00,1220.42000000,1224.31000000,1219.77000000,1221.37000000,12598.40760000
4339,2022-12-25 04:00:00,1221.36000000,1221.37000000,1215.69000000,1219.80000000,17578.28950000
4340,2022-12-25 08:00:00,1219.81000000,1222.34000000,1217.34000000,1217.54000000,19000.02400000
4341,2022-12-25 12:00:00,1217.55000000,1219.07000000,1193.18000000,1210.91000000,79161.25080000
4342,2022-12-25 16:00:00,1210.91000000,1212.68000000,1195.22000000,1209.51000000,47312.49050000
4343,2022-12-25 20:00:00,1209.52000000,1225.00000000,1204.15000000,1218.51000000,56001.59880000
4344,2022-12-26 00:00:00,1218.52000000,1224.20000000,1216.81000000,1220.91000000,27108.26070000
4345,2022-12-26 04:00:00,1220.92000000,1223.43000000,1218.12000000,1220.69000000,21175.65510000
4346,2022-12-26 08:00:00,1220.68000000,1223.06000000,1218.23000000,1220.42000000,21601.25340000
4347,2022-12-26 12:00:00,1220.42000000,1220.82000000,1211.67000000,1215.37000000,35298.83830000
4348,2022-12-26 16:00:00,1215.38000000,1220.66000000,1212.79000000,1217.52000000,23705.93690000
4349,2022-12-26 20:00:00,1217.53000000,1231.09000000,1215.54000000,1228.11000000,33833.14130000
4350,2022-12-27 00:00:00,1228.12000000,1233.73000000,1221.70000000,1223.69000000,45237.55720000
4351,2022-12-27 04:00:00,1223.70000000,1224.70000000,1220.66000000,1222.16000000,20513.99540000
4352,2022-12-27 08:00:00,1222.16000000,1223.51000000,1215.00000000,1219.38000000,42744.36440000
4353,2022-12-27 12:00:00,1219.38000000,1219.44000000,1205.25000000,1211.22000000,75987.09430000
4354,2022-12-27 16:00:00,1211.22000000,1212.95000000,1200.58000000,1211.10000000,52760.53450000
4355,2022-12-27 20:00:00,1211.11000000,1214.41000000,1208.49000000,1211.55000000,25194.09400000
4356,2022-12-28 00:00:00,1211.55000000,1215.78000000,1186.69000000,1197.72000000,80961.03720000
4357,2022-12-28 04:00:00,1197.72000000,1199.78000000,1188.50000000,1194.59000000,44280.36070000
4358,2022-12-28 08:00:00,1194.58000000,1198.32000000,1193.80000000,1196.30000000,30039.56080000
4359,2022-12-28 12:00:00,1196.31000000,1208.15000000,1186.32000000,1189.24000000,98285.39780000
4360,2022-12-28 16:00:00,1189.23000000,1201.01000000,1187.90000000,1193.04000000,45317.19920000
4361,2022-12-28 20:00:00,1193.05000000,1195.06000000,1181.06000000,1190.15000000,68945.33570000
4362,2022-12-29 00:00:00,1190.15000000,1195.45000000,1186.77000000,1194.95000000,49260.90300000
4363,2022-12-29 04:00:00,1194.96000000,1199.00000000,1192.12000000,1194.97000000,27040.78290000
4364,2022-12-29 08:00:00,1194.96000000,1202.99000000,1190.19000000,1198.84000000,40401.13670000
4365,2022-12-29 12:00:00,1198.84000000,1206.57000000,1197.71000000,1201.17000000,52580.05130000
4366,2022-12-29 16:00:00,1201.18000000,1202.90000000,1195.03000000,1198.44000000,35568.37160000
4367,2022-12-29 20:00:00,1198.44000000,1204.18000000,1191.48000000,1200.49000000,44279.24140000
4368,2022-12-30 00:00:00,1200.48000000,1202.15000000,1195.18000000,1197.59000000,29084.28100000
4369,2022-12-30 04:00:00,1197.59000000,1197.99000000,1184.59000000,1188.26000000,65018.74480000
4370,2022-12-30 08:00:00,1188.26000000,1194.84000000,1188.16000000,1190.70000000,35878.82870000
4371,2022-12-30 12:00:00,1190.69000000,1198.71000000,1181.08000000,1195.07000000,72423.69370000
4372,2022-12-30 16:00:00,1195.07000000,1198.30000000,1192.77000000,1194.89000000,25877.89420000
4373,2022-12-30 20:00:00,1194.88000000,1201.63000000,1194.88000000,1199.99000000,37730.76910000
4374,2022-12-31 00:00:00,1199.98000000,1200.49000000,1193.83000000,1194.42000000,17265.63030000
4375,2022-12-31 04:00:00,1194.42000000,1197.26000000,1191.66000000,1196.84000000,16420.72500000
4376,2022-12-31 08:00:00,1196.84000000,1200.23000000,1195.55000000,1197.20000000,19335.58740000
4377,2022-12-31 12:00:00,1197.20000000,1208.46000000,1196.00000000,1202.86000000,40840.19180000
4378,2022-12-31 16:00:00,1202.85000000,1205.61000000,1198.90000000,1202.65000000,22617.40180000
4379,2022-12-31 20:00:00,1202.66000000,1203.71000000,1193.08000000,1196.13000000,22899.74480000
4380,2023-01-01 00:00:00,1196.13000000,1196.74000000,1191.71000000,1194.04000000,20292.06020000
4381,2023-01-01 04:00:00,1194.05000000,1195.75000000,1190.57000000,1195.06000000,18654.45940000
4382,2023-01-01 08:00:00,1195.07000000,1197.41000000,1193.98000000,1196.34000000,10749.18510000
4383,2023-01-01 12:00:00,1196.35000000,1198.50000000,1193.54000000,1196.81000000,15490.85730000
4384,2023-01-01 16:00:00,1196.81000000,1204.51000000,1195.88000000,1201.78000000,31016.51510000
4385,2023-01-01 20:00:00,1201.77000000,1204.67000000,1199.36000000,1200.34000000,21558.99140000
4386,2023-01-02 00:00:00,1200.33000000,1203.53000000,1193.00000000,1201.94000000,32154.24780000
4387,2023-01-02 04:00:00,1201.94000000,1220.00000000,1199.87000000,1213.09000000,66008.52220000
4388,2023-01-02 08:00:00,1213.08000000,1224.29000000,1212.74000000,1217.35000000,66284.42630000
4389,2023-01-02 12:00:00,1217.35000000,1220.98000000,1214.04000000,1219.00000000,36928.90830000
4390,2023-01-02 16:00:00,1219.00000000,1220.29000000,1215.74000000,1218.87000000,19161.15080000
4391,2023-01-02 20:00:00,1218.88000000,1223.85000000,1211.22000000,1214.00000000,32256.88460000
4392,2023-01-03 00:00:00,1213.99000000,1216.81000000,1211.50000000,1215.59000000,24749.04920000
4393,2023-01-03 04:00:00,1215.58000000,1219.89000000,1213.41000000,1216.61000000,21528.67960000
4394,2023-01-03 08:00:00,1216.61000000,1218.57000000,1213.99000000,1214.98000000,29878.86200000
4395,2023-01-03 12:00:00,1214.98000000,1219.24000000,1206.00000000,1211.76000000,58325.54320000
4396,2023-01-03 16:00:00,1211.77000000,1212.76000000,1204.93000000,1209.50000000,34435.09980000
4397,2023-01-03 20:00:00,1209.51000000,1216.39000000,1209.44000000,1214.55000000,36602.26060000
4398,2023-01-04 00:00:00,1214.56000000,1254.96000000,1212.71000000,1250.74000000,139538.09140000
4399,2023-01-04 04:00:00,1250.73000000,1254.54000000,1247.30000000,1252.00000000,68736.37060000
4400,2023-01-04 08:00:00,1252.00000000,1264.00000000,1248.59000000,1251.58000000,46922.32470000
4401,2023-01-04 12:00:00,1251.59000000,1258.09000000,1241.89000000,1255.88000000,71909.52540000
4402,2023-01-04 16:00:00,1255.89000000,1272.60000000,1251.12000000,1254.38000000,94491.38600000
4403,2023-01-04 20:00:00,1254.39000000,1257.70000000,1245.44000000,1256.90000000,36201.96670000
4404,2023-01-05 00:00:00,1256.91000000,1259.95000000,1252.19000000,1252.77000000,44218.63220000
4405,2023-01-05 04:00:00,1252.77000000,1255.00000000,1247.48000000,1251.03000000,39603.84740000
4406,2023-01-05 08:00:00,1251.03000000,1256.14000000,1245.30000000,1255.91000000,51362.32830000
4407,2023-01-05 12:00:00,1255.90000000,1256.01000000,1242.81000000,1249.11000000,74344.84350000
4408,2023-01-05 16:00:00,1249.11000000,1254.98000000,1246.71000000,1253.62000000,27613.94710000
4409,2023-01-05 20:00:00,1253.62000000,1254.31000000,1248.19000000,1251.24000000,35661.73150000
4410,2023-01-06 00:00:00,1251.25000000,1257.98000000,1248.17000000,1251.02000000,36134.62530000
4411,2023-01-06 04:00:00,1251.01000000,1252.30000000,1246.00000000,1247.70000000,36517.43470000
4412,2023-01-06 08:00:00,1247.69000000,1250.00000000,1237.98000000,1243.40000000,43029.38280000
4413,2023-01-06 12:00:00,1243.40000000,1265.00000000,1236.00000000,1263.01000000,115164.38710000
4414,2023-01-06 16:00:00,1263.01000000,1276.70000000,1260.22000000,1273.13000000,74675.94770000
4415,2023-01-06 20:00:00,1273.12000000,1276.36000000,1265.17000000,1269.14000000,36822.42470000
4416,2023-01-07 00:00:00,1269.13000000,1271.09000000,1265.22000000,1266.54000000,20304.68990000
4417,2023-01-07 04:00:00,1266.53000000,1267.00000000,1262.24000000,1266.80000000,19896.17910000
4418,2023-01-07 08:00:00,1266.80000000,1267.11000000,1262.89000000,1263.79000000,20714.82410000
4419,2023-01-07 12:00:00,1263.79000000,1265.76000000,1261.30000000,1265.07000000,20223.14740000
4420,2023-01-07 16:00:00,1265.07000000,1266.00000000,1261.87000000,1265.38000000,14637.70410000
4421,2023-01-07 20:00:00,1265.39000000,1266.61000000,1261.87000000,1264.07000000,33697.74380000
4422,2023-01-08 00:00:00,1264.06000000,1264.61000000,1257.77000000,1262.84000000,30603.32520000
4423,2023-01-08 04:00:00,1262.84000000,1264.55000000,1262.20000000,1263.64000000,9805.36280000
4424,2023-01-08 08:00:00,1263.65000000,1266.22000000,1261.65000000,1261.67000000,19946.66090000
4425,2023-01-08 12:00:00,1261.68000000,1275.54000000,1261.27000000,1274.25000000,32142.49000000
4426,2023-01-08 16:00:00,1274.25000000,1280.00000000,1261.91000000,1265.09000000,40483.93960000
4427,2023-01-08 20:00:00,1265.09000000,1296.00000000,1264.39000000,1290.16000000,80655.00630000
4428,2023-01-09 00:00:00,1290.15000000,1313.61000000,1285.44000000,1310.37000000,152374.42240000
4429,2023-01-09 04:00:00,1310.37000000,1314.73000000,1307.58000000,1311.92000000,60588.94680000
4430,2023-01-09 08:00:00,1311.93000000,1327.50000000,1308.34000000,1318.27000000,93762.77380000
4431,2023-01-09 12:00:00,1318.28000000,1341.86000000,1315.44000000,1335.68000000,113559.72900000
4432,2023-01-09 16:00:00,1335.69000000,1344.91000000,1330.11000000,1330.12000000,94295.35340000
4433,2023-01-09 20:00:00,1330.11000000,1331.62000000,1315.08000000,1320.39000000,67146.47140000
4434,2023-01-10 00:00:00,1320.40000000,1329.45000000,1316.80000000,1324.71000000,86084.15040000
4435,2023-01-10 04:00:00,1324.71000000,1328.68000000,1322.49000000,1323.23000000,70803.23990000
4436,2023-01-10 08:00:00,1323.22000000,1334.73000000,1321.70000000,1329.32000000,53075.21660000
4437,2023-01-10 12:00:00,1329.32000000,1340.90000000,1323.07000000,1333.97000000,90717.90530000
4438,2023-01-10 16:00:00,1333.97000000,1344.04000000,1328.00000000,1339.48000000,94451.06650000
4439,2023-01-10 20:00:00,1339.48000000,1347.69000000,1333.80000000,1335.62000000,64528.65200000
4440,2023-01-11 00:00:00,1335.63000000,1341.50000000,1327.29000000,1331.07000000,60339.74360000
4441,2023-01-11 04:00:00,1331.07000000,1335.70000000,1327.19000000,1335.52000000,41489.96170000
4442,2023-01-11 08:00:00,1335.53000000,1338.20000000,1331.39000000,1336.45000000,41252.36760000
4443,2023-01-11 12:00:00,1336.44000000,1336.45000000,1321.04000000,1323.04000000,59602.28690000
4444,2023-01-11 16:00:00,1323.05000000,1345.00000000,1321.86000000,1342.92000000,83148.80810000
4445,2023-01-11 20:00:00,1342.91000000,1398.00000000,1339.43000000,1389.39000000,186632.78770000
4446,2023-01-12 00:00:00,1389.40000000,1418.77000000,1386.00000000,1400.99000000,197850.44380000
4447,2023-01-12 04:00:00,1400.99000000,1405.12000000,1393.45000000,1398.45000000,69844.99540000
4448,2023-01-12 08:00:00,1398.44000000,1403.11000000,1394.86000000,1397.78000000,81416.34520000
4449,2023-01-12 12:00:00,1397.78000000,1408.00000000,1361.92000000,1386.07000000,254028.27230000
4450,2023-01-12 16:00:00,1386.07000000,1437.60000000,1383.25000000,1425.86000000,178938.85570000
4451,2023-01-12 20:00:00,1425.86000000,1438.00000000,1414.06000000,1415.92000000,95633.53680000
4452,2023-01-13 00:00:00,1415.91000000,1418.14000000,1401.03000000,1415.01000000,79837.81180000
4453,2023-01-13 04:00:00,1415.00000000,1415.64000000,1405.40000000,1408.12000000,34175.00750000
4454,2023-01-13 08:00:00,1408.11000000,1419.50000000,1404.00000000,1409.71000000,68242.21500000
4455,2023-01-13 12:00:00,1409.71000000,1424.48000000,1401.61000000,1421.98000000,85384.14630000
4456,2023-01-13 16:00:00,1421.98000000,1425.28000000,1406.96000000,1420.23000000,84526.81790000
4457,2023-01-13 20:00:00,1420.23000000,1464.00000000,1417.35000000,1451.20000000,147211.86640000
4458,2023-01-14 00:00:00,1451.21000000,1599.98000000,1449.14000000,1556.08000000,366877.68180000
4459,2023-01-14 04:00:00,1556.08000000,1557.62000000,1541.28000000,1553.43000000,94028.43350000
4460,2023-01-14 08:00:00,1553.43000000,1564.69000000,1503.34000000,1530.09000000,202259.82390000
4461,2023-01-14 12:00:00,1530.08000000,1546.88000000,1507.15000000,1525.18000000,151341.15210000
4462,2023-01-14 16:00:00,1525.19000000,1538.20000000,1523.18000000,1529.49000000,69728.54180000
4463,2023-01-14 20:00:00,1529.49000000,1559.91000000,1527.12000000,1549.90000000,56456.14430000
4464,2023-01-15 00:00:00,1549.91000000,1552.22000000,1516.03000000,1525.40000000,86113.62320000
4465,2023-01-15 04:00:00,1525.40000000,1530.25000000,1521.54000000,1529.16000000,27575.14630000
4466,2023-01-15 08:00:00,1529.16000000,1535.04000000,1518.76000000,1533.35000000,55517.17340000
4467,2023-01-15 12:00:00,1533.36000000,1560.16000000,1528.93000000,1556.35000000,74621.40450000
4468,2023-01-15 16:00:00,1556.35000000,1566.66000000,1533.00000000,1550.15000000,103013.80940000
4469,2023-01-15 20:00:00,1550.14000000,1560.93000000,1542.29000000,1552.52000000,40991.55700000
4470,2023-01-16 00:00:00,1552.52000000,1584.58000000,1540.54000000,1569.19000000,127804.62500000
4471,2023-01-16 04:00:00,1569.19000000,1578.54000000,1562.25000000,1565.95000000,64318.88130000
4472,2023-01-16 08:00:00,1565.96000000,1566.25000000,1523.20000000,1542.32000000,97848.06260000
4473,2023-01-16 12:00:00,1542.31000000,1553.38000000,1521.31000000,1549.97000000,89195.22160000
4474,2023-01-16 16:00:00,1549.97000000,1604.50000000,1545.71000000,1591.23000000,118760.12960000
4475,2023-01-16 20:00:00,1591.22000000,1599.26000000,1572.95000000,1576.94000000,76695.97520000
4476,2023-01-17 00:00:00,1576.94000000,1582.60000000,1541.15000000,1563.59000000,93745.18300000
4477,2023-01-17 04:00:00,1563.59000000,1577.55000000,1558.16000000,1563.35000000,42850.07120000
4478,2023-01-17 08:00:00,1563.35000000,1572.03000000,1558.20000000,1569.07000000,47569.96730000
4479,2023-01-17 12:00:00,1569.08000000,1609.00000000,1560.97000000,1571.40000000,181172.17670000
4480,2023-01-17 16:00:00,1571.41000000,1599.14000000,1565.00000000,1588.85000000,87978.23390000
4481,2023-01-17 20:00:00,1588.86000000,1592.64000000,1563.69000000,1565.57000000,53456.08980000
4482,2023-01-18 00:00:00,1565.56000000,1592.01000000,1562.93000000,1582.01000000,72696.99060000
4483,2023-01-18 04:00:00,1582.00000000,1588.72000000,1578.86000000,1583.14000000,48192.20090000
4484,2023-01-18 08:00:00,1583.14000000,1583.77000000,1570.67000000,1575.90000000,50015.54750000
4485,2023-01-18 12:00:00,1575.90000000,1610.00000000,1533.02000000,1549.75000000,231844.55130000
4486,2023-01-18 16:00:00,1549.63000000,1566.88000000,1501.39000000,1541.96000000,271354.35530000
4487,2023-01-18 20:00:00,1541.96000000,1544.78000000,1507.90000000,1511.43000000,78431.24010000
4488,2023-01-19 00:00:00,1511.44000000,1528.00000000,1509.15000000,1524.82000000,44384.03350000
4489,2023-01-19 04:00:00,1524.82000000,1532.50000000,1524.82000000,1528.65000000,23973.44070000
4490,2023-01-19 08:00:00,1528.65000000,1531.64000000,1516.17000000,1519.61000000,35634.26100000
4491,2023-01-19 12:00:00,1519.60000000,1547.86000000,1513.33000000,1533.09000000,93954.57000000
4492,2023-01-19 16:00:00,1533.09000000,1554.52000000,1522.65000000,1551.95000000,62818.41170000
4493,2023-01-19 20:00:00,1551.95000000,1564.43000000,1544.27000000,1551.09000000,47914.74760000
4494,2023-01-20 00:00:00,1551.09000000,1563.88000000,1545.51000000,1554.54000000,35353.63630000
4495,2023-01-20 04:00:00,1554.55000000,1556.66000000,1542.02000000,1550.33000000,39956.08610000
4496,2023-01-20 08:00:00,1550.32000000,1555.85000000,1545.26000000,1549.49000000,36014.12840000
4497,2023-01-20 12:00:00,1549.48000000,1569.90000000,1549.02000000,1563.69000000,55431.99610000
4498,2023-01-20 16:00:00,1563.69000000,1601.53000000,1561.61000000,1600.49000000,107459.98060000
4499,2023-01-20 20:00:00,1600.49000000,1669.90000000,1600.48000000,1658.52000000,166355.16990000
4500,2023-01-21 00:00:00,1658.53000000,1676.61000000,1642.60000000,1648.80000000,83760.18830000
4501,2023-01-21 04:00:00,1648.81000000,1654.92000000,1645.04000000,1651.19000000,35708.08950000
4502,2023-01-21 08:00:00,1651.20000000,1679.26000000,1616.21000000,1647.04000000,163142.87320000
4503,2023-01-21 12:00:00,1647.04000000,1667.29000000,1643.29000000,1647.26000000,81077.82130000
4504,2023-01-21 16:00:00,1647.27000000,1668.88000000,1645.84000000,1663.19000000,60480.18000000
4505,2023-01-21 20:00:00,1663.18000000,1667.97000000,1622.09000000,1626.66000000,70079.44860000
4506,2023-01-22 00:00:00,1626.65000000,1636.49000000,1604.00000000,1622.50000000,66559.40860000
4507,2023-01-22 04:00:00,1622.51000000,1631.15000000,1620.77000000,1627.08000000,41253.76080000
4508,2023-01-22 08:00:00,1627.07000000,1631.85000000,1618.47000000,1624.57000000,48766.02590000
4509,2023-01-22 12:00:00,1624.57000000,1650.51000000,1617.54000000,1635.51000000,97096.88940000
4510,2023-01-22 16:00:00,1635.50000000,1663.89000000,1629.61000000,1635.10000000,78374.65760000
4511,2023-01-22 20:00:00,1635.11000000,1636.34000000,1607.06000000,1627.44000000,99678.94860000
4512,2023-01-23 00:00:00,1627.43000000,1642.58000000,1625.68000000,1630.41000000,49293.58500000
4513,2023-01-23 04:00:00,1630.41000000,1638.00000000,1627.88000000,1633.30000000,34571.38360000
4514,2023-01-23 08:00:00,1633.31000000,1640.00000000,1630.30000000,1636.67000000,41781.90390000
4515,2023-01-23 12:00:00,1636.66000000,1648.09000000,1585.29000000,1620.85000000,146655.21530000
4516,2023-01-23 16:00:00,1620.84000000,1640.49000000,1610.04000000,1619.88000000,96326.61500000
4517,2023-01-23 20:00:00,1619.89000000,1635.75000000,1618.65000000,1626.29000000,38638.41280000
4518,2023-01-24 00:00:00,1626.28000000,1641.46000000,1622.80000000,1639.01000000,48038.29250000
4519,2023-01-24 04:00:00,1639.02000000,1640.78000000,1633.25000000,1635.77000000,37018.33820000
4520,2023-01-24 08:00:00,1635.77000000,1637.28000000,1614.39000000,1625.60000000,65525.15060000
4521,2023-01-24 12:00:00,1625.59000000,1632.12000000,1604.00000000,1620.58000000,87666.08610000
4522,2023-01-24 16:00:00,1620.57000000,1624.31000000,1606.48000000,1622.41000000,55114.10030000
4523,2023-01-24 20:00:00,1622.42000000,1624.45000000,1535.00000000,1555.97000000,168913.35660000
4524,2023-01-25 00:00:00,1555.97000000,1557.00000000,1518.00000000,1546.63000000,135818.99480000
4525,2023-01-25 04:00:00,1546.63000000,1558.91000000,1545.20000000,1553.81000000,50024.07990000
4526,2023-01-25 08:00:00,1553.82000000,1556.80000000,1538.59000000,1545.49000000,57062.72220000
4527,2023-01-25 12:00:00,1545.50000000,1566.58000000,1525.00000000,1543.95000000,129267.86920000
4528,2023-01-25 16:00:00,1543.95000000,1562.18000000,1541.39000000,1561.48000000,61308.42790000
4529,2023-01-25 20:00:00,1561.49000000,1641.00000000,1561.48000000,1611.94000000,212992.82260000
4530,2023-01-26 00:00:00,1611.95000000,1632.84000000,1610.14000000,1614.87000000,87545.79720000
4531,2023-01-26 04:00:00,1614.87000000,1621.90000000,1597.30000000,1604.68000000,83638.50530000
4532,2023-01-26 08:00:00,1604.69000000,1610.45000000,1590.00000000,1604.33000000,66723.65210000
4533,2023-01-26 12:00:00,1604.33000000,1621.06000000,1584.12000000,1589.79000000,167389.21570000
4534,2023-01-26 16:00:00,1589.71000000,1607.27000000,1577.43000000,1603.77000000,75532.76850000
4535,2023-01-26 20:00:00,1603.78000000,1611.26000000,1594.38000000,1601.09000000,51947.90780000
4536,2023-01-27 00:00:00,1601.08000000,1606.53000000,1552.54000000,1565.73000000,138443.58240000
4537,2023-01-27 04:00:00,1565.74000000,1589.90000000,1563.08000000,1585.40000000,57728.63460000
4538,2023-01-27 08:00:00,1585.40000000,1586.06000000,1573.33000000,1578.84000000,44895.75260000
4539,2023-01-27 12:00:00,1578.84000000,1594.55000000,1561.00000000,1574.86000000,109611.95930000
4540,2023-01-27 16:00:00,1574.86000000,1611.79000000,1573.98000000,1609.70000000,81893.90820000
4541,2023-01-27 20:00:00,1609.70000000,1621.00000000,1586.75000000,1597.62000000,79519.55040000
4542,2023-01-28 00:00:00,1597.61000000,1606.83000000,1592.49000000,1598.96000000,43914.04570000
4543,2023-01-28 04:00:00,1598.96000000,1603.39000000,1585.81000000,1592.68000000,38368.72900000
4544,2023-01-28 08:00:00,1592.68000000,1594.00000000,1578.63000000,1586.18000000,52293.12510000
4545,2023-01-28 12:00:00,1586.19000000,1586.19000000,1561.76000000,1578.43000000,96820.76410000
4546,2023-01-28 16:00:00,1578.42000000,1580.55000000,1569.69000000,1577.12000000,33277.80300000
4547,2023-01-28 20:00:00,1577.12000000,1577.59000000,1555.99000000,1572.10000000,49001.19050000
4548,2023-01-29 00:00:00,1572.10000000,1618.99000000,1566.33000000,1594.36000000,128896.17790000
4549,2023-01-29 04:00:00,1594.36000000,1599.39000000,1588.45000000,1592.58000000,31529.05880000
4550,2023-01-29 08:00:00,1592.59000000,1619.79000000,1588.97000000,1609.08000000,86101.01160000
4551,2023-01-29 12:00:00,1609.08000000,1626.64000000,1603.52000000,1611.44000000,84247.49960000
4552,2023-01-29 16:00:00,1611.44000000,1660.00000000,1605.46000000,1653.86000000,138764.85870000
4553,2023-01-29 20:00:00,1653.86000000,1655.37000000,1627.57000000,1644.72000000,82229.30680000
4554,2023-01-30 00:00:00,1644.73000000,1647.53000000,1631.48000000,1637.98000000,59988.64040000
4555,2023-01-30 04:00:00,1637.97000000,1641.37000000,1621.80000000,1627.45000000,45983.84630000
4556,2023-01-30 08:00:00,1627.44000000,1630.11000000,1577.00000000,1581.55000000,178527.63240000
4557,2023-01-30 12:00:00,1581.55000000,1597.03000000,1567.68000000,1585.18000000,116663.73690000
4558,2023-01-30 16:00:00,1585.18000000,1590.46000000,1535.00000000,1554.24000000,117753.32790000
4559,2023-01-30 20:00:00,1554.25000000,1567.87000000,1536.84000000,1566.20000000,76138.14420000
4560,2023-01-31 00:00:00,1566.21000000,1576.20000000,1561.82000000,1568.87000000,57990.41650000
4561,2023-01-31 04:00:00,1568.87000000,1581.08000000,1561.63000000,1580.04000000,48459.50840000
4562,2023-01-31 08:00:00,1580.03000000,1583.98000000,1565.82000000,1570.91000000,42392.70650000
4563,2023-01-31 12:00:00,1570.91000000,1596.13000000,1570.90000000,1588.99000000,79887.47420000
4564,2023-01-31 16:00:00,1589.00000000,1605.18000000,1586.97000000,1597.34000000,48827.97260000
4565,2023-01-31 20:00:00,1597.34000000,1600.77000000,1564.02000000,1585.33000000,71298.59690000
4566,2023-02-01 00:00:00,1585.32000000,1592.94000000,1576.43000000,1584.61000000,47072.91260000
4567,2023-02-01 04:00:00,1584.62000000,1585.70000000,1569.67000000,1575.36000000,35080.68630000
4568,2023-02-01 08:00:00,1575.37000000,1583.68000000,1566.24000000,1580.87000000,45956.68220000
4569,2023-02-01 12:00:00,1580.87000000,1589.80000000,1572.13000000,1575.53000000,65048.60420000
4570,2023-02-01 16:00:00,1575.53000000,1627.06000000,1555.18000000,1617.48000000,156430.70140000
4571,2023-02-01 20:00:00,1617.47000000,1647.77000000,1613.63000000,1641.68000000,125027.58420000
4572,2023-02-02 00:00:00,1641.67000000,1696.38000000,1639.32000000,1671.13000000,152356.32930000
4573,2023-02-02 04:00:00,1671.13000000,1676.76000000,1660.17000000,1664.21000000,56920.86680000
4574,2023-02-02 08:00:00,1664.21000000,1674.76000000,1662.13000000,1671.99000000,43598.33640000
4575,2023-02-02 12:00:00,1671.98000000,1690.00000000,1650.00000000,1678.14000000,138740.97180000
4576,2023-02-02 16:00:00,1678.15000000,1714.68000000,1666.21000000,1675.15000000,129916.00650000
4577,2023-02-02 20:00:00,1675.14000000,1686.30000000,1626.85000000,1643.12000000,107656.37660000
4578,2023-02-03 00:00:00,1643.12000000,1650.43000000,1630.67000000,1642.17000000,58931.91280000
4579,2023-02-03 04:00:00,1642.17000000,1647.24000000,1636.07000000,1637.49000000,43227.78970000
4580,2023-02-03 08:00:00,1637.50000000,1650.83000000,1629.96000000,1649.20000000,48770.20620000
4581,2023-02-03 12:00:00,1649.20000000,1675.00000000,1625.93000000,1663.93000000,196967.25990000
4582,2023-02-03 16:00:00,1663.93000000,1676.00000000,1650.74000000,1652.91000000,74883.08240000
4583,2023-02-03 20:00:00,1652.90000000,1672.13000000,1642.40000000,1663.52000000,42034.78100000
4584,2023-02-04 00:00:00,1663.52000000,1665.95000000,1650.00000000,1654.36000000,40869.04580000
4585,2023-02-04 04:00:00,1654.37000000,1660.00000000,1645.43000000,1658.17000000,32396.66490000
4586,2023-02-04 08:00:00,1658.17000000,1662.73000000,1651.39000000,1661.92000000,41122.49280000
4587,2023-02-04 12:00:00,1661.92000000,1695.29000000,1660.74000000,1679.97000000,97898.10660000
4588,2023-02-04 16:00:00,1679.97000000,1685.46000000,1672.32000000,1675.93000000,41699.47120000
4589,2023-02-04 20:00:00,1675.92000000,1689.00000000,1658.53000000,1666.38000000,54241.34820000
4590,2023-02-05 00:00:00,1666.39000000,1671.00000000,1656.68000000,1660.70000000,53870.59840000
4591,2023-02-05 04:00:00,1660.69000000,1671.20000000,1659.35000000,1668.14000000,30797.58030000
4592,2023-02-05 08:00:00,1668.15000000,1673.81000000,1660.86000000,1662.60000000,35024.22640000
4593,2023-02-05 12:00:00,1662.60000000,1664.58000000,1635.93000000,1644.18000000,118585.91480000
4594,2023-02-05 16:00:00,1644.18000000,1647.45000000,1609.30000000,1619.48000000,124909.51870000
4595,2023-02-05 20:00:00,1619.48000000,1639.60000000,1611.80000000,1629.02000000,50391.83620000
4596,2023-02-06 00:00:00,1629.01000000,1642.53000000,1617.85000000,1626.60000000,49349.35050000
4597,2023-02-06 04:00:00,1626.60000000,1635.69000000,1608.53000000,1635.41000000,58408.62680000
4598,2023-02-06 08:00:00,1635.41000000,1637.89000000,1622.45000000,1634.81000000,54930.32280000
4599,2023-02-06 12:00:00,1634.81000000,1649.30000000,1619.86000000,1649.01000000,80008.46920000
4600,2023-02-06 16:00:00,1649.00000000,1658.56000000,1639.81000000,1648.29000000,70038.93360000
4601,2023-02-06 20:00:00,1648.30000000,1649.34000000,1605.01000000,1614.29000000,71383.71680000
4602,2023-02-07 00:00:00,1614.28000000,1635.27000000,1613.14000000,1633.47000000,48943.16090000
4603,2023-02-07 04:00:00,1633.46000000,1638.06000000,1631.06000000,1632.29000000,42464.56500000
4604,2023-02-07 08:00:00,1632.30000000,1647.87000000,1628.84000000,1640.71000000,62573.29930000
4605,2023-02-07 12:00:00,1640.71000000,1644.92000000,1626.63000000,1630.59000000,56353.35350000
4606,2023-02-07 16:00:00,1630.58000000,1678.37000000,1624.39000000,1656.35000000,167906.23090000
4607,2023-02-07 20:00:00,1656.34000000,1677.82000000,1650.56000000,1671.03000000,73681.79040000
4608,2023-02-08 00:00:00,1671.03000000,1697.91000000,1668.08000000,1680.97000000,87471.63020000
4609,2023-02-08 04:00:00,1680.97000000,1682.94000000,1671.93000000,1677.67000000,36816.01200000
4610,2023-02-08 08:00:00,1677.67000000,1677.91000000,1667.90000000,1673.90000000,45690.42870000
4611,2023-02-08 12:00:00,1673.90000000,1681.98000000,1649.51000000,1653.08000000,100371.95020000
4612,2023-02-08 16:00:00,1653.08000000,1660.00000000,1630.47000000,1647.69000000,106521.53950000
4613,2023-02-08 20:00:00,1647.69000000,1656.10000000,1637.76000000,1650.43000000,41094.69330000
4614,2023-02-09 00:00:00,1650.42000000,1656.17000000,1608.80000000,1619.05000000,141939.12240000
4615,2023-02-09 04:00:00,1619.05000000,1636.65000000,1610.22000000,1629.87000000,70568.63490000
4616,2023-02-09 08:00:00,1629.88000000,1640.24000000,1629.87000000,1633.15000000,37754.64430000
4617,2023-02-09 12:00:00,1633.16000000,1649.24000000,1625.70000000,1632.08000000,69181.50610000
4618,2023-02-09 16:00:00,1632.07000000,1633.67000000,1560.47000000,1579.81000000,160350.07420000
4619,2023-02-09 20:00:00,1579.80000000,1582.45000000,1524.40000000,1545.35000000,178217.71450000
4620,2023-02-10 00:00:00,1545.35000000,1555.01000000,1541.80000000,1543.22000000,82716.86750000
4621,2023-02-10 04:00:00,1543.23000000,1552.88000000,1529.36000000,1551.70000000,71259.22630000
4622,2023-02-10 08:00:00,1551.70000000,1554.46000000,1534.04000000,1537.03000000,51695.24830000
4623,2023-02-10 12:00:00,1537.04000000,1548.01000000,1506.00000000,1522.36000000,95651.25010000
4624,2023-02-10 16:00:00,1522.35000000,1539.19000000,1514.62000000,1534.28000000,95043.32940000
4625,2023-02-10 20:00:00,1534.29000000,1535.39000000,1490.00000000,1513.06000000,88288.29830000
4626,2023-02-11 00:00:00,1513.05000000,1523.58000000,1507.53000000,1520.38000000,49102.83510000
4627,2023-02-11 04:00:00,1520.38000000,1523.29000000,1514.96000000,1520.81000000,24378.85700000
4628,2023-02-11 08:00:00,1520.80000000,1526.80000000,1515.00000000,1520.16000000,70128.82310000
4629,2023-02-11 12:00:00,1520.16000000,1526.71000000,1515.00000000,1522.83000000,47354.63650000
4630,2023-02-11 16:00:00,1522.83000000,1522.99000000,1505.00000000,1518.58000000,44555.41250000
4631,2023-02-11 20:00:00,1518.58000000,1543.00000000,1516.65000000,1538.51000000,54171.00660000
4632,2023-02-12 00:00:00,1538.50000000,1539.27000000,1530.05000000,1531.15000000,28969.13580000
4633,2023-02-12 04:00:00,1531.15000000,1534.56000000,1528.97000000,1530.83000000,19762.67420000
4634,2023-02-12 08:00:00,1530.84000000,1540.06000000,1530.83000000,1533.48000000,30285.55870000
4635,2023-02-12 12:00:00,1533.47000000,1541.00000000,1521.12000000,1536.09000000,57057.76240000
4636,2023-02-12 16:00:00,1536.09000000,1548.02000000,1534.23000000,1539.23000000,54560.35300000
4637,2023-02-12 20:00:00,1539.23000000,1541.96000000,1493.08000000,1514.83000000,96122.88990000
4638,2023-02-13 00:00:00,1514.82000000,1524.62000000,1496.67000000,1516.81000000,83792.89080000
4639,2023-02-13 04:00:00,1516.82000000,1526.10000000,1516.02000000,1522.39000000,47546.09440000
4640,2023-02-13 08:00:00,1522.39000000,1522.83000000,1466.00000000,1486.07000000,234692.66630000
4641,2023-02-13 12:00:00,1486.07000000,1491.89000000,1475.40000000,1475.71000000,99489.72650000
4642,2023-02-13 16:00:00,1475.71000000,1493.91000000,1461.93000000,1490.78000000,112485.47790000
4643,2023-02-13 20:00:00,1490.78000000,1510.43000000,1482.18000000,1505.24000000,65145.53450000
4644,2023-02-14 00:00:00,1505.25000000,1508.72000000,1494.09000000,1498.23000000,49719.72630000
4645,2023-02-14 04:00:00,1498.24000000,1507.62000000,1496.81000000,1506.00000000,40866.65070000
4646,2023-02-14 08:00:00,1506.01000000,1519.82000000,1497.09000000,1507.70000000,59730.91770000
4647,2023-02-14 12:00:00,1507.70000000,1569.00000000,1482.66000000,1544.83000000,349248.29290000
4648,2023-02-14 16:00:00,1544.84000000,1564.69000000,1534.02000000,1560.31000000,112254.13880000
4649,2023-02-14 20:00:00,1560.31000000,1564.07000000,1549.30000000,1555.71000000,57144.65040000
4650,2023-02-15 00:00:00,1555.70000000,1557.43000000,1542.55000000,1549.22000000,45473.59360000
4651,2023-02-15 04:00:00,1549.22000000,1552.09000000,1544.65000000,1547.56000000,33276.87400000
4652,2023-02-15 08:00:00,1547.56000000,1580.00000000,1544.50000000,1572.26000000,72855.73680000
4653,2023-02-15 12:00:00,1572.26000000,1593.67000000,1566.86000000,1579.50000000,165174.85060000
4654,2023-02-15 16:00:00,1579.50000000,1629.32000000,1573.47000000,1628.54000000,118580.70720000
4655,2023-02-15 20:00:00,1628.54000000,1680.00000000,1624.25000000,1674.92000000,145846.09640000
4656,2023-02-16 00:00:00,1674.92000000,1712.24000000,1672.53000000,1691.42000000,143365.13220000
4657,2023-02-16 04:00:00,1691.41000000,1697.51000000,1675.00000000,1681.89000000,98041.46380000
4658,2023-02-16 08:00:00,1681.90000000,1692.62000000,1678.25000000,1682.82000000,71321.67900000
4659,2023-02-16 12:00:00,1682.82000000,1728.69000000,1665.24000000,1724.14000000,181737.06780000
4660,2023-02-16 16:00:00,1724.14000000,1742.97000000,1686.76000000,1710.85000000,171997.90760000
4661,2023-02-16 20:00:00,1710.85000000,1711.11000000,1633.72000000,1637.84000000,166260.42270000
4662,2023-02-17 00:00:00,1637.83000000,1670.05000000,1630.51000000,1663.77000000,94217.81330000
4663,2023-02-17 04:00:00,1663.77000000,1665.46000000,1651.67000000,1653.45000000,65273.41160000
4664,2023-02-17 08:00:00,1653.46000000,1674.75000000,1648.40000000,1666.20000000,66844.48890000
4665,2023-02-17 12:00:00,1666.20000000,1683.55000000,1646.09000000,1673.11000000,127730.58850000
4666,2023-02-17 16:00:00,1673.11000000,1709.25000000,1662.27000000,1706.03000000,125807.64260000
4667,2023-02-17 20:00:00,1706.04000000,1722.00000000,1669.72000000,1693.87000000,100060.71810000
4668,2023-02-18 00:00:00,1693.81000000,1704.46000000,1692.14000000,1699.46000000,57665.58950000
4669,2023-02-18 04:00:00,1699.45000000,1703.99000000,1686.11000000,1690.72000000,45228.21810000
4670,2023-02-18 08:00:00,1690.71000000,1695.58000000,1685.69000000,1691.47000000,33369.43250000
4671,2023-02-18 12:00:00,1691.47000000,1699.49000000,1686.64000000,1695.50000000,43871.73560000
4672,2023-02-18 16:00:00,1695.50000000,1713.13000000,1682.80000000,1687.85000000,60728.90810000
4673,2023-02-18 20:00:00,1687.85000000,1693.71000000,1679.77000000,1691.62000000,26441.89750000
4674,2023-02-19 00:00:00,1691.62000000,1700.62000000,1689.50000000,1695.42000000,36297.51190000
4675,2023-02-19 04:00:00,1695.42000000,1709.63000000,1692.19000000,1693.15000000,62303.36710000
4676,2023-02-19 08:00:00,1693.15000000,1700.85000000,1690.80000000,1695.36000000,31584.31720000
4677,2023-02-19 12:00:00,1695.36000000,1723.85000000,1694.42000000,1711.30000000,85465.46610000
4678,2023-02-19 16:00:00,1711.30000000,1726.59000000,1675.96000000,1684.80000000,116322.67920000
4679,2023-02-19 20:00:00,1684.80000000,1688.85000000,1666.14000000,1679.75000000,69049.70620000
4680,2023-02-20 00:00:00,1679.74000000,1687.02000000,1650.56000000,1684.38000000,98018.54030000
4681,2023-02-20 04:00:00,1684.39000000,1698.34000000,1683.64000000,1695.79000000,54668.52510000
4682,2023-02-20 08:00:00,1695.79000000,1719.89000000,1688.50000000,1713.77000000,99450.42440000
4683,2023-02-20 12:00:00,1713.78000000,1716.53000000,1696.97000000,1707.23000000,83845.86820000
4684,2023-02-20 16:00:00,1707.24000000,1711.22000000,1684.32000000,1709.76000000,78013.31020000
4685,2023-02-20 20:00:00,1709.77000000,1711.99000000,1691.77000000,1703.27000000,37318.16530000
4686,2023-02-21 00:00:00,1703.27000000,1716.66000000,1698.06000000,1703.03000000,72408.47490000
4687,2023-02-21 04:00:00,1703.04000000,1709.78000000,1695.01000000,1704.05000000,51309.75780000
4688,2023-02-21 08:00:00,1704.05000000,1715.00000000,1666.17000000,1669.50000000,139354.53220000
4689,2023-02-21 12:00:00,1669.51000000,1684.97000000,1658.74000000,1671.97000000,99854.09690000
4690,2023-02-21 16:00:00,1671.97000000,1686.69000000,1655.46000000,1672.00000000,72140.20240000
4691,2023-02-21 20:00:00,1672.00000000,1674.32000000,1636.30000000,1659.76000000,85287.40460000
4692,2023-02-22 00:00:00,1659.77000000,1666.95000000,1621.59000000,1649.25000000,102043.34380000
4693,2023-02-22 04:00:00,1649.26000000,1649.97000000,1631.31000000,1643.86000000,54847.02960000
4694,2023-02-22 08:00:00,1643.85000000,1646.11000000,1625.01000000,1644.49000000,64918.04400000
4695,2023-02-22 12:00:00,1644.50000000,1650.62000000,1604.50000000,1613.73000000,123348.24530000
4696,2023-02-22 16:00:00,1613.72000000,1630.00000000,1595.07000000,1616.10000000,127562.79300000
4697,2023-02-22 20:00:00,1616.10000000,1645.00000000,1610.16000000,1643.14000000,56156.02520000
4698,2023-02-23 00:00:00,1643.15000000,1679.00000000,1637.19000000,1667.44000000,95468.12370000
4699,2023-02-23 04:00:00,1667.44000000,1671.87000000,1659.35000000,1666.70000000,49501.94570000
4700,2023-02-23 08:00:00,1666.70000000,1673.21000000,1631.11000000,1637.48000000,91923.36260000
4701,2023-02-23 12:00:00,1637.49000000,1671.31000000,1628.75000000,1656.00000000,133931.40520000
4702,2023-02-23 16:00:00,1655.99000000,1661.70000000,1635.00000000,1653.13000000,92018.42650000
4703,2023-02-23 20:00:00,1653.14000000,1658.76000000,1638.85000000,1650.53000000,38462.70800000
4704,2023-02-24 00:00:00,1650.52000000,1664.66000000,1646.04000000,1649.14000000,54406.22390000
4705,2023-02-24 04:00:00,1649.15000000,1656.57000000,1641.08000000,1651.70000000,49529.26960000
4706,2023-02-24 08:00:00,1651.69000000,1657.65000000,1642.60000000,1647.43000000,51576.74960000
4707,2023-02-24 12:00:00,1647.43000000,1654.76000000,1599.43000000,1602.94000000,136029.56590000
4708,2023-02-24 16:00:00,1602.94000000,1611.66000000,1575.64000000,1610.84000000,149177.84720000
4709,2023-02-24 20:00:00,1610.83000000,1622.87000000,1594.00000000,1607.80000000,71795.84200000
4710,2023-02-25 00:00:00,1607.80000000,1608.98000000,1595.15000000,1598.52000000,39512.18760000
4711,2023-02-25 04:00:00,1598.53000000,1604.37000000,1593.95000000,1603.99000000,35713.54100000
4712,2023-02-25 08:00:00,1603.99000000,1607.56000000,1596.00000000,1600.05000000,48107.57070000
4713,2023-02-25 12:00:00,1600.05000000,1603.84000000,1592.46000000,1597.06000000,43575.04610000
4714,2023-02-25 16:00:00,1597.06000000,1600.92000000,1576.02000000,1584.61000000,51407.28020000
4715,2023-02-25 20:00:00,1584.62000000,1597.32000000,1557.33000000,1594.58000000,71872.41350000
4716,2023-02-26 00:00:00,1594.58000000,1606.21000000,1587.76000000,1602.75000000,42470.70380000
4717,2023-02-26 04:00:00,1602.75000000,1603.31000000,1595.61000000,1599.84000000,25524.03110000
4718,2023-02-26 08:00:00,1599.85000000,1607.00000000,1597.19000000,1603.90000000,30366.98460000
4719,2023-02-26 12:00:00,1603.90000000,1614.96000000,1595.02000000,1605.09000000,47306.32260000
4720,2023-02-26 16:00:00,1605.09000000,1636.00000000,1598.54000000,1633.11000000,68158.42650000
4721,2023-02-26 20:00:00,1633.12000000,1651.26000000,1622.17000000,1641.36000000,94781.52550000
4722,2023-02-27 00:00:00,1641.37000000,1650.91000000,1632.06000000,1640.67000000,53773.92330000
4723,2023-02-27 04:00:00,1640.68000000,1641.08000000,1631.15000000,1636.33000000,42094.20490000
4724,2023-02-27 08:00:00,1636.32000000,1643.57000000,1632.13000000,1641.23000000,44713.78610000
4725,2023-02-27 12:00:00,1641.24000000,1665.22000000,1635.89000000,1644.26000000,128296.52840000
4726,2023-02-27 16:00:00,1644.27000000,1646.65000000,1615.16000000,1622.12000000,103806.58650000
4727,2023-02-27 20:00:00,1622.12000000,1636.44000000,1608.00000000,1633.45000000,59176.38370000
4728,2023-02-28 00:00:00,1633.45000000,1636.23000000,1626.79000000,1632.89000000,45361.04600000
4729,2023-02-28 04:00:00,1632.89000000,1632.96000000,1617.87000000,1619.24000000,41219.28920000
4730,2023-02-28 08:00:00,1619.23000000,1631.87000000,1616.34000000,1629.53000000,46295.29080000
4731,2023-02-28 12:00:00,1629.52000000,1647.52000000,1628.81000000,1641.30000000,85830.83070000
4732,2023-02-28 16:00:00,1641.29000000,1646.38000000,1622.46000000,1628.01000000,65272.76670000
4733,2023-02-28 20:00:00,1628.01000000,1633.35000000,1596.66000000,1605.23000000,109543.94130000
4734,2023-03-01 00:00:00,1605.24000000,1640.72000000,1595.00000000,1638.38000000,97924.75600000
4735,2023-03-01 04:00:00,1638.39000000,1661.56000000,1635.62000000,1650.91000000,86020.33000000
4736,2023-03-01 08:00:00,1650.91000000,1669.72000000,1649.00000000,1656.33000000,55572.70140000
4737,2023-03-01 12:00:00,1656.33000000,1669.65000000,1646.06000000,1657.47000000,92830.64150000
4738,2023-03-01 16:00:00,1657.46000000,1660.34000000,1631.03000000,1634.79000000,68263.45780000
4739,2023-03-01 20:00:00,1634.79000000,1666.19000000,1631.44000000,1665.22000000,73844.93680000
4740,2023-03-02 00:00:00,1665.23000000,1677.86000000,1644.12000000,1647.94000000,72136.62380000
4741,2023-03-02 04:00:00,1647.95000000,1651.47000000,1639.08000000,1644.22000000,45754.00720000
4742,2023-03-02 08:00:00,1644.21000000,1648.69000000,1637.57000000,1644.49000000,57593.93540000
4743,2023-03-02 12:00:00,1644.49000000,1645.26000000,1619.18000000,1628.31000000,108333.69610000
4744,2023-03-02 16:00:00,1628.31000000,1652.48000000,1621.45000000,1648.48000000,78007.64970000
4745,2023-03-02 20:00:00,1648.47000000,1658.00000000,1640.51000000,1647.86000000,61197.89600000
4746,2023-03-03 00:00:00,1647.86000000,1649.25000000,1544.39000000,1565.44000000,317798.34160000
4747,2023-03-03 04:00:00,1565.43000000,1576.52000000,1562.39000000,1568.08000000,83045.53630000
4748,2023-03-03 08:00:00,1568.09000000,1574.42000000,1563.91000000,1564.57000000,60186.89890000
4749,2023-03-03 12:00:00,1564.57000000,1580.87000000,1560.56000000,1566.50000000,116030.14740000
4750,2023-03-03 16:00:00,1566.51000000,1574.66000000,1550.75000000,1565.39000000,93471.15760000
4751,2023-03-03 20:00:00,1565.40000000,1571.29000000,1547.21000000,1569.45000000,72284.51580000
4752,2023-03-04 00:00:00,1569.45000000,1577.53000000,1568.19000000,1570.84000000,37221.82100000
4753,2023-03-04 04:00:00,1570.85000000,1572.91000000,1562.71000000,1568.83000000,29596.52470000
4754,2023-03-04 08:00:00,1568.83000000,1571.23000000,1566.62000000,1569.24000000,25569.60620000
4755,2023-03-04 12:00:00,1569.24000000,1572.12000000,1561.64000000,1561.87000000,33605.26960000
4756,2023-03-04 16:00:00,1561.88000000,1565.64000000,1557.10000000,1559.47000000,39571.36430000
4757,2023-03-04 20:00:00,1559.48000000,1568.67000000,1549.12000000,1566.73000000,72075.67480000
4758,2023-03-05 00:00:00,1566.74000000,1588.77000000,1553.05000000,1567.85000000,97695.93950000
4759,2023-03-05 04:00:00,1567.86000000,1573.57000000,1567.71000000,1568.62000000,23529.63340000
4760,2023-03-05 08:00:00,1568.61000000,1573.07000000,1564.03000000,1568.50000000,32527.56420000
4761,2023-03-05 12:00:00,1568.49000000,1574.31000000,1568.00000000,1569.22000000,35841.27410000
4762,2023-03-05 16:00:00,1569.21000000,1571.91000000,1563.00000000,1566.22000000,33108.24610000
4763,2023-03-05 20:00:00,1566.22000000,1579.45000000,1556.15000000,1564.58000000,76538.08420000
4764,2023-03-06 00:00:00,1564.57000000,1572.80000000,1556.42000000,1562.59000000,60201.27560000
4765,2023-03-06 04:00:00,1562.58000000,1565.41000000,1554.44000000,1561.18000000,31575.81940000
4766,2023-03-06 08:00:00,1561.19000000,1568.42000000,1557.57000000,1563.33000000,38211.21240000
4767,2023-03-06 12:00:00,1563.32000000,1583.49000000,1561.46000000,1578.00000000,69015.89680000
4768,2023-03-06 16:00:00,1578.00000000,1580.83000000,1563.00000000,1566.19000000,55770.24900000
4769,2023-03-06 20:00:00,1566.19000000,1572.00000000,1559.41000000,1565.84000000,52934.84790000
4770,2023-03-07 00:00:00,1565.84000000,1584.49000000,1561.48000000,1575.10000000,54423.82810000
4771,2023-03-07 04:00:00,1575.10000000,1576.66000000,1570.69000000,1571.35000000,26185.90900000
4772,2023-03-07 08:00:00,1571.34000000,1571.39000000,1562.34000000,1563.42000000,42458.88600000
4773,2023-03-07 12:00:00,1563.43000000,1573.00000000,1536.14000000,1560.79000000,154919.37350000
4774,2023-03-07 16:00:00,1560.71000000,1565.61000000,1547.59000000,1551.26000000,78449.79370000
4775,2023-03-07 20:00:00,1551.26000000,1563.98000000,1543.10000000,1561.96000000,81510.11290000
4776,2023-03-08 00:00:00,1561.95000000,1570.89000000,1557.62000000,1562.31000000,45814.96240000
4777,2023-03-08 04:00:00,1562.32000000,1563.48000000,1548.00000000,1551.29000000,51500.15290000
4778,2023-03-08 08:00:00,1551.29000000,1561.91000000,1549.67000000,1557.23000000,43206.75140000
4779,2023-03-08 12:00:00,1557.22000000,1566.02000000,1541.20000000,1560.39000000,134926.94820000
4780,2023-03-08 16:00:00,1560.39000000,1565.25000000,1548.45000000,1552.73000000,56342.08050000
4781,2023-03-08 20:00:00,1552.72000000,1561.29000000,1523.61000000,1532.38000000,128310.87040000
4782,2023-03-09 00:00:00,1532.38000000,1545.00000000,1531.03000000,1541.74000000,54712.56710000
4783,2023-03-09 04:00:00,1541.74000000,1541.82000000,1536.04000000,1536.91000000,35546.97410000
4784,2023-03-09 08:00:00,1536.92000000,1539.09000000,1522.52000000,1535.32000000,75886.27890000
4785,2023-03-09 12:00:00,1535.31000000,1546.45000000,1527.04000000,1534.04000000,78880.95290000
4786,2023-03-09 16:00:00,1534.05000000,1537.81000000,1480.80000000,1488.27000000,181593.97040000
4787,2023-03-09 20:00:00,1488.27000000,1490.40000000,1408.00000000,1437.32000000,291864.39300000
4788,2023-03-10 00:00:00,1437.32000000,1437.50000000,1409.23000000,1426.34000000,154029.08480000
4789,2023-03-10 04:00:00,1426.35000000,1426.70000000,1391.56000000,1412.27000000,149074.52650000
4790,2023-03-10 08:00:00,1412.27000000,1413.00000000,1368.39000000,1384.60000000,170547.04250000
4791,2023-03-10 12:00:00,1384.61000000,1434.68000000,1382.00000000,1417.03000000,240037.32190000
4792,2023-03-10 16:00:00,1417.03000000,1439.43000000,1399.99000000,1423.50000000,123754.07180000
4793,2023-03-10 20:00:00,1423.49000000,1433.45000000,1406.46000000,1426.44000000,122820.40340000
4794,2023-03-11 00:00:00,1426.43000000,1476.00000000,1424.57000000,1458.31000000,330138.18490000
4795,2023-03-11 04:00:00,1458.32000000,1466.91000000,1414.15000000,1416.65000000,305270.25140000
4796,2023-03-11 08:00:00,1416.66000000,1450.51000000,1408.40000000,1427.10000000,296963.19580000
4797,2023-03-11 12:00:00,1427.10000000,1436.00000000,1425.55000000,1428.01000000,125084.84620000
4798,2023-03-11 16:00:00,1428.00000000,1457.04000000,1422.32000000,1449.22000000,180365.58850000
4799,2023-03-11 20:00:00,1449.22000000,1478.07000000,1449.21000000,1471.97000000,137037.55330000
4800,2023-03-12 00:00:00,1471.93000000,1475.05000000,1449.90000000,1467.00000000,139029.66360000
4801,2023-03-12 04:00:00,1467.00000000,1471.44000000,1453.64000000,1459.56000000,82241.63730000
4802,2023-03-12 08:00:00,1459.57000000,1467.53000000,1457.97000000,1465.17000000,71756.60890000
4803,2023-03-12 12:00:00,1465.18000000,1466.16000000,1448.30000000,1455.88000000,130082.51770000
4804,2023-03-12 16:00:00,1455.88000000,1548.80000000,1453.74000000,1512.57000000,321583.34770000
4805,2023-03-12 20:00:00,1512.58000000,1594.19000000,1510.72000000,1580.33000000,257661.31770000
4806,2023-03-13 00:00:00,1580.33000000,1622.60000000,1573.07000000,1588.43000000,251148.49170000
4807,2023-03-13 04:00:00,1588.42000000,1615.64000000,1587.84000000,1606.84000000,130468.13680000
4808,2023-03-13 08:00:00,1606.84000000,1608.33000000,1565.00000000,1581.07000000,176353.84960000
4809,2023-03-13 12:00:00,1581.07000000,1693.49000000,1572.54000000,1664.68000000,429174.57720000
4810,2023-03-13 16:00:00,1664.69000000,1685.00000000,1646.86000000,1677.68000000,164719.87850000
4811,2023-03-13 20:00:00,1677.69000000,1681.72000000,1660.05000000,1673.45000000,76198.67150000
4812,2023-03-14 00:00:00,1673.44000000,1684.00000000,1660.88000000,1677.57000000,115626.84640000
4813,2023-03-14 04:00:00,1677.57000000,1695.00000000,1658.54000000,1666.63000000,130252.69260000
4814,2023-03-14 08:00:00,1666.63000000,1689.90000000,1655.24000000,1683.65000000,133533.08250000
4815,2023-03-14 12:00:00,1683.65000000,1780.02000000,1671.50000000,1770.03000000,471252.59070000
4816,2023-03-14 16:00:00,1770.03000000,1775.21000000,1684.87000000,1720.30000000,255526.09350000
4817,2023-03-14 20:00:00,1720.30000000,1727.00000000,1659.29000000,1699.40000000,177129.92980000
4818,2023-03-15 00:00:00,1699.41000000,1716.90000000,1679.95000000,1701.76000000,129822.12040000
4819,2023-03-15 04:00:00,1701.76000000,1708.00000000,1692.65000000,1705.13000000,56748.28260000
4820,2023-03-15 08:00:00,1705.12000000,1705.50000000,1650.54000000,1679.92000000,142866.79670000
4821,2023-03-15 12:00:00,1679.91000000,1698.29000000,1625.56000000,1634.04000000,313571.19570000
4822,2023-03-15 16:00:00,1634.03000000,1655.41000000,1611.00000000,1647.99000000,242304.15990000
4823,2023-03-15 20:00:00,1648.00000000,1664.64000000,1637.72000000,1649.96000000,77829.92800000
4824,2023-03-16 00:00:00,1649.95000000,1659.71000000,1632.18000000,1646.31000000,93348.74300000
4825,2023-03-16 04:00:00,1646.30000000,1659.90000000,1636.60000000,1655.57000000,100219.98500000
4826,2023-03-16 08:00:00,1655.56000000,1669.99000000,1639.22000000,1660.36000000,114932.54750000
4827,2023-03-16 12:00:00,1660.37000000,1666.73000000,1635.96000000,1663.06000000,129192.79690000
4828,2023-03-16 16:00:00,1663.06000000,1691.42000000,1652.88000000,1679.64000000,113369.52090000
4829,2023-03-16 20:00:00,1679.64000000,1681.78000000,1652.53000000,1673.73000000,76922.01860000
4830,2023-03-17 00:00:00,1673.73000000,1725.00000000,1662.65000000,1708.62000000,166034.43070000
4831,2023-03-17 04:00:00,1708.62000000,1730.99000000,1696.37000000,1715.59000000,109599.36770000
4832,2023-03-17 08:00:00,1715.59000000,1763.97000000,1710.44000000,1761.12000000,187901.26510000
4833,2023-03-17 12:00:00,1761.13000000,1762.10000000,1703.02000000,1717.41000000,165755.32640000
4834,2023-03-17 16:00:00,1717.41000000,1744.36000000,1710.00000000,1744.15000000,111856.87180000
4835,2023-03-17 20:00:00,1744.15000000,1800.00000000,1732.25000000,1789.27000000,166381.02080000
4836,2023-03-18 00:00:00,1789.26000000,1831.34000000,1767.13000000,1810.57000000,188400.97920000
4837,2023-03-18 04:00:00,1810.58000000,1821.40000000,1801.53000000,1814.12000000,67438.75130000
4838,2023-03-18 08:00:00,1814.12000000,1818.00000000,1790.92000000,1813.15000000,77563.96770000
4839,2023-03-18 12:00:00,1813.16000000,1841.00000000,1773.57000000,1786.00000000,143202.30710000
4840,2023-03-18 16:00:00,1786.00000000,1802.28000000,1747.47000000,1790.23000000,161730.62020000
4841,2023-03-18 20:00:00,1790.23000000,1801.17000000,1751.00000000,1758.84000000,73278.10550000
4842,2023-03-19 00:00:00,1758.84000000,1786.16000000,1757.92000000,1782.52000000,56059.86070000
4843,2023-03-19 04:00:00,1782.51000000,1786.65000000,1761.60000000,1774.80000000,47469.71420000
4844,2023-03-19 08:00:00,1774.80000000,1788.58000000,1765.78000000,1784.66000000,56403.28240000
4845,2023-03-19 12:00:00,1784.66000000,1812.86000000,1773.26000000,1793.61000000,105772.37000000
4846,2023-03-19 16:00:00,1793.61000000,1841.36000000,1791.88000000,1821.22000000,168650.75960000
4847,2023-03-19 20:00:00,1821.23000000,1827.89000000,1773.98000000,1780.68000000,106775.90390000
4848,2023-03-20 00:00:00,1780.67000000,1785.46000000,1742.00000000,1751.40000000,119050.42300000
4849,2023-03-20 04:00:00,1751.41000000,1793.59000000,1736.57000000,1791.50000000,97980.64880000
4850,2023-03-20 08:00:00,1791.50000000,1803.05000000,1766.41000000,1779.41000000,125609.08690000
4851,2023-03-20 12:00:00,1779.40000000,1782.54000000,1752.27000000,1763.14000000,120893.72690000
4852,2023-03-20 16:00:00,1763.13000000,1768.88000000,1741.07000000,1752.97000000,119526.43170000
4853,2023-03-20 20:00:00,1752.97000000,1761.00000000,1722.00000000,1732.78000000,99787.80750000
4854,2023-03-21 00:00:00,1732.77000000,1757.64000000,1728.95000000,1746.14000000,67830.29340000
4855,2023-03-21 04:00:00,1746.14000000,1754.17000000,1717.01000000,1730.34000000,78880.75210000
4856,2023-03-21 08:00:00,1730.34000000,1767.77000000,1725.00000000,1761.34000000,93035.66900000
4857,2023-03-21 12:00:00,1761.34000000,1835.00000000,1758.33000000,1812.55000000,263040.41780000
4858,2023-03-21 16:00:00,1812.54000000,1825.98000000,1774.04000000,1791.19000000,170640.70350000
4859,2023-03-21 20:00:00,1791.19000000,1805.75000000,1781.92000000,1801.23000000,68920.66410000
4860,2023-03-22 00:00:00,1801.23000000,1807.25000000,1778.02000000,1799.59000000,69601.73510000
4861,2023-03-22 04:00:00,1799.58000000,1807.66000000,1787.15000000,1792.75000000,50794.25310000
4862,2023-03-22 08:00:00,1792.74000000,1793.85000000,1781.10000000,1785.25000000,72102.34840000
4863,2023-03-22 12:00:00,1785.26000000,1819.98000000,1783.23000000,1806.26000000,155015.20570000
4864,2023-03-22 16:00:00,1806.26000000,1810.93000000,1710.12000000,1716.84000000,401164.00690000
4865,2023-03-22 20:00:00,1716.84000000,1738.52000000,1710.30000000,1734.33000000,142610.05170000
4866,2023-03-23 00:00:00,1734.34000000,1745.00000000,1729.35000000,1737.21000000,60752.47250000
4867,2023-03-23 04:00:00,1737.22000000,1753.57000000,1730.17000000,1750.84000000,71880.28770000
4868,2023-03-23 08:00:00,1750.84000000,1759.00000000,1744.75000000,1754.80000000,60255.43770000
4869,2023-03-23 12:00:00,1754.79000000,1857.16000000,1741.33000000,1836.99000000,268839.04930000
4870,2023-03-23 16:00:00,1836.99000000,1841.15000000,1792.42000000,1820.84000000,198423.75190000
4871,2023-03-23 20:00:00,1820.85000000,1821.11000000,1802.55000000,1813.79000000,71910.10390000
4872,2023-03-24 00:00:00,1813.78000000,1818.99000000,1806.51000000,1812.34000000,57950.59690000
4873,2023-03-24 04:00:00,1812.35000000,1817.48000000,1803.12000000,1815.18000000,70413.35420000
4874,2023-03-24 08:00:00,1815.18000000,1816.61000000,1776.78000000,1789.52000000,96629.50410000
4875,2023-03-24 12:00:00,1789.51000000,1789.51000000,1753.00000000,1767.01000000,100702.71930000
4876,2023-03-24 16:00:00,1767.00000000,1770.01000000,1726.40000000,1763.86000000,147037.42620000
4877,2023-03-24 20:00:00,1763.86000000,1764.64000000,1728.47000000,1749.57000000,92036.54100000
4878,2023-03-25 00:00:00,1749.57000000,1762.43000000,1746.48000000,1756.00000000,45288.25780000
4879,2023-03-25 04:00:00,1756.00000000,1759.11000000,1741.66000000,1747.25000000,55441.82450000
4880,2023-03-25 08:00:00,1747.26000000,1750.61000000,1736.05000000,1745.25000000,49331.58050000
4881,2023-03-25 12:00:00,1745.24000000,1763.23000000,1738.78000000,1754.93000000,64831.18530000
4882,2023-03-25 16:00:00,1754.93000000,1757.76000000,1715.19000000,1716.98000000,92021.75870000
4883,2023-03-25 20:00:00,1716.97000000,1743.92000000,1713.09000000,1741.88000000,48764.76750000
4884,2023-03-26 00:00:00,1741.88000000,1756.61000000,1739.31000000,1749.57000000,38121.94220000
4885,2023-03-26 04:00:00,1749.58000000,1755.72000000,1746.00000000,1752.55000000,27025.26430000
4886,2023-03-26 08:00:00,1752.55000000,1787.64000000,1749.80000000,1777.76000000,80137.63680000
4887,2023-03-26 12:00:00,1777.77000000,1801.00000000,1753.02000000,1762.81000000,124201.28270000
4888,2023-03-26 16:00:00,1762.81000000,1771.82000000,1754.33000000,1765.82000000,38243.27320000
4889,2023-03-26 20:00:00,1765.83000000,1783.70000000,1754.39000000,1773.88000000,47203.83800000
4890,2023-03-27 00:00:00,1773.88000000,1780.48000000,1758.94000000,1765.00000000,52694.66730000
4891,2023-03-27 04:00:00,1765.01000000,1767.89000000,1746.57000000,1752.20000000,55380.29160000
4892,2023-03-27 08:00:00,1752.20000000,1770.20000000,1749.37000000,1765.42000000,45268.39240000
4893,2023-03-27 12:00:00,1765.42000000,1769.33000000,1686.13000000,1711.74000000,226262.43630000
4894,2023-03-27 16:00:00,1711.73000000,1732.00000000,1701.06000000,1704.58000000,117106.55350000
4895,2023-03-27 20:00:00,1704.59000000,1717.21000000,1696.29000000,1715.22000000,73851.16120000
4896,2023-03-28 00:00:00,1715.21000000,1726.94000000,1701.13000000,1711.65000000,64406.37080000
4897,2023-03-28 04:00:00,1711.65000000,1735.93000000,1709.53000000,1724.53000000,64638.32760000
4898,2023-03-28 08:00:00,1724.54000000,1754.48000000,1709.87000000,1745.48000000,85196.13050000
4899,2023-03-28 12:00:00,1745.48000000,1751.41000000,1730.02000000,1744.08000000,102091.56460000
4900,2023-03-28 16:00:00,1744.08000000,1795.73000000,1727.35000000,1785.85000000,155978.83090000
4901,2023-03-28 20:00:00,1785.84000000,1790.54000000,1762.00000000,1772.99000000,64200.17290000
4902,2023-03-29 00:00:00,1773.00000000,1788.99000000,1772.48000000,1778.07000000,63105.78700000
4903,2023-03-29 04:00:00,1778.06000000,1818.00000000,1778.06000000,1804.86000000,126925.89540000
4904,2023-03-29 08:00:00,1804.85000000,1827.99000000,1799.66000000,1811.22000000,123599.56450000
4905,2023-03-29 12:00:00,1811.23000000,1816.42000000,1792.43000000,1807.68000000,100875.38540000
4906,2023-03-29 16:00:00,1807.67000000,1812.00000000,1791.88000000,1809.02000000,59627.00140000
4907,2023-03-29 20:00:00,1809.02000000,1809.60000000,1782.71000000,1793.07000000,62731.96350000
4908,2023-03-30 00:00:00,1793.06000000,1829.69000000,1766.50000000,1787.66000000,186718.99440000
4909,2023-03-30 04:00:00,1787.66000000,1813.27000000,1785.52000000,1806.47000000,78697.06630000
4910,2023-03-30 08:00:00,1806.46000000,1808.46000000,1793.40000000,1804.62000000,55929.35290000
4911,2023-03-30 12:00:00,1804.62000000,1805.88000000,1784.18000000,1789.42000000,90115.36840000
4912,2023-03-30 16:00:00,1789.41000000,1791.82000000,1763.00000000,1781.62000000,103564.69940000
4913,2023-03-30 20:00:00,1781.63000000,1800.00000000,1779.10000000,1793.61000000,64664.55800000
4914,2023-03-31 00:00:00,1793.60000000,1817.99000000,1789.42000000,1803.22000000,76949.52330000
4915,2023-03-31 04:00:00,1803.23000000,1808.50000000,1777.91000000,1795.23000000,69473.61130000
4916,2023-03-31 08:00:00,1795.23000000,1799.72000000,1786.17000000,1792.89000000,58379.73790000
4917,2023-03-31 12:00:00,1792.90000000,1847.28000000,1790.56000000,1830.60000000,200463.59670000
4918,2023-03-31 16:00:00,1830.60000000,1834.64000000,1818.09000000,1829.22000000,80944.61880000
4919,2023-03-31 20:00:00,1829.23000000,1830.03000000,1813.95000000,1821.52000000,68314.38820000
4920,2023-04-01 00:00:00,1821.52000000,1842.83000000,1819.61000000,1825.99000000,50583.50260000
4921,2023-04-01 04:00:00,1825.99000000,1829.67000000,1812.12000000,1823.46000000,51855.77740000
4922,2023-04-01 08:00:00,1823.47000000,1828.66000000,1821.07000000,1824.04000000,44428.96870000
4923,2023-04-01 12:00:00,1824.04000000,1827.13000000,1814.22000000,1820.38000000,51049.16310000
4924,2023-04-01 16:00:00,1820.38000000,1824.33000000,1807.81000000,1814.76000000,44469.87340000
4925,2023-04-01 20:00:00,1814.76000000,1825.72000000,1814.47000000,1820.79000000,30517.68220000
4926,2023-04-02 00:00:00,1820.80000000,1823.61000000,1809.73000000,1817.68000000,37822.85850000
4927,2023-04-02 04:00:00,1817.68000000,1824.81000000,1813.42000000,1820.60000000,34491.20470000
4928,2023-04-02 08:00:00,1820.59000000,1823.66000000,1815.25000000,1817.42000000,34477.74320000
4929,2023-04-02 12:00:00,1817.42000000,1819.91000000,1789.10000000,1797.54000000,90323.32990000
4930,2023-04-02 16:00:00,1797.54000000,1803.92000000,1771.70000000,1781.75000000,70745.46060000
4931,2023-04-02 20:00:00,1781.75000000,1795.81000000,1777.35000000,1794.51000000,54262.34160000
4932,2023-04-03 00:00:00,1794.51000000,1794.56000000,1762.77000000,1778.34000000,85448.91770000
4933,2023-04-03 04:00:00,1778.33000000,1795.00000000,1772.54000000,1794.87000000,53070.19910000
4934,2023-04-03 08:00:00,1794.86000000,1817.50000000,1794.74000000,1807.69000000,103335.21980000
4935,2023-04-03 12:00:00,1807.69000000,1822.35000000,1788.64000000,1797.11000000,89894.21600000
4936,2023-04-03 16:00:00,1797.12000000,1839.99000000,1791.40000000,1818.89000000,141159.75110000
4937,2023-04-03 20:00:00,1818.88000000,1819.86000000,1768.27000000,1810.51000000,155595.35820000
4938,2023-04-04 00:00:00,1810.51000000,1816.83000000,1802.01000000,1807.62000000,52200.18000000
4939,2023-04-04 04:00:00,1807.61000000,1823.07000000,1803.17000000,1812.20000000,67070.16850000
4940,2023-04-04 08:00:00,1812.21000000,1875.00000000,1811.04000000,1864.91000000,206838.99720000
4941,2023-04-04 12:00:00,1864.90000000,1891.91000000,1851.95000000,1862.96000000,185460.23910000
4942,2023-04-04 16:00:00,1862.96000000,1873.74000000,1857.16000000,1868.92000000,59515.60840000
4943,2023-04-04 20:00:00,1868.92000000,1887.00000000,1859.21000000,1870.37000000,51123.44790000
4944,2023-04-05 00:00:00,1870.38000000,1925.00000000,1864.58000000,1912.37000000,135868.42960000
4945,2023-04-05 04:00:00,1912.37000000,1918.00000000,1907.19000000,1909.96000000,45967.99980000
4946,2023-04-05 08:00:00,1909.96000000,1921.70000000,1903.51000000,1914.56000000,55610.86430000
4947,2023-04-05 12:00:00,1914.56000000,1942.98000000,1882.31000000,1897.20000000,192505.18660000
4948,2023-04-05 16:00:00,1897.21000000,1918.00000000,1887.55000000,1909.19000000,80617.83530000
4949,2023-04-05 20:00:00,1909.18000000,1915.36000000,1903.00000000,1908.69000000,38025.19990000
4950,2023-04-06 00:00:00,1908.68000000,1909.91000000,1885.95000000,1898.88000000,62961.23260000
4951,2023-04-06 04:00:00,1898.87000000,1898.88000000,1876.54000000,1879.22000000,56845.60450000
4952,2023-04-06 08:00:00,1879.22000000,1885.50000000,1853.70000000,1868.68000000,93882.68320000
4953,2023-04-06 12:00:00,1868.68000000,1878.67000000,1854.66000000,1874.55000000,94411.94250000
4954,2023-04-06 16:00:00,1874.54000000,1882.99000000,1865.99000000,1871.29000000,53952.44540000
4955,2023-04-06 20:00:00,1871.30000000,1879.22000000,1860.00000000,1872.41000000,34187.52700000
4956,2023-04-07 00:00:00,1872.41000000,1882.61000000,1866.00000000,1876.73000000,42006.65700000
4957,2023-04-07 04:00:00,1876.73000000,1879.00000000,1841.46000000,1850.79000000,64554.76870000
4958,2023-04-07 08:00:00,1850.78000000,1859.20000000,1843.35000000,1849.35000000,59230.43960000
4959,2023-04-07 12:00:00,1849.35000000,1863.36000000,1842.70000000,1860.36000000,63311.62660000
4960,2023-04-07 16:00:00,1860.36000000,1861.91000000,1851.34000000,1854.72000000,24433.84020000
4961,2023-04-07 20:00:00,1854.72000000,1872.00000000,1851.23000000,1863.72000000,30719.15520000
4962,2023-04-08 00:00:00,1863.73000000,1872.21000000,1854.62000000,1868.27000000,41553.05970000
4963,2023-04-08 04:00:00,1868.27000000,1879.38000000,1864.02000000,1872.29000000,33882.38200000
4964,2023-04-08 08:00:00,1872.30000000,1874.50000000,1865.50000000,1867.44000000,24243.06640000
4965,2023-04-08 12:00:00,1867.45000000,1871.22000000,1862.00000000,1866.89000000,27815.99260000
4966,2023-04-08 16:00:00,1866.89000000,1869.47000000,1847.33000000,1854.01000000,42315.77100000
4967,2023-04-08 20:00:00,1854.01000000,1858.49000000,1847.00000000,1848.82000000,28095.26900000
4968,2023-04-09 00:00:00,1848.82000000,1859.60000000,1846.97000000,1851.78000000,28168.77590000
4969,2023-04-09 04:00:00,1851.79000000,1855.62000000,1824.01000000,1835.49000000,69104.93120000
4970,2023-04-09 08:00:00,1835.49000000,1840.20000000,1827.04000000,1839.22000000,38814.69610000
4971,2023-04-09 12:00:00,1839.22000000,1845.53000000,1826.25000000,1837.04000000,48963.98300000
4972,2023-04-09 16:00:00,1837.05000000,1866.75000000,1836.04000000,1856.39000000,52873.59580000
4973,2023-04-09 20:00:00,1856.39000000,1873.99000000,1852.72000000,1858.92000000,49205.32590000
4974,2023-04-10 00:00:00,1858.91000000,1863.46000000,1846.40000000,1857.97000000,43630.95720000
4975,2023-04-10 04:00:00,1857.97000000,1866.01000000,1853.62000000,1860.00000000,46796.86090000
4976,2023-04-10 08:00:00,1859.99000000,1862.73000000,1855.24000000,1858.00000000,37853.05140000
4977,2023-04-10 12:00:00,1857.99000000,1869.98000000,1847.18000000,1861.30000000,63729.59430000
4978,2023-04-10 16:00:00,1861.30000000,1904.99000000,1857.72000000,1888.73000000,162225.60510000
4979,2023-04-10 20:00:00,1888.74000000,1918.79000000,1878.16000000,1910.20000000,80503.72950000
4980,2023-04-11 00:00:00,1910.21000000,1937.37000000,1907.82000000,1923.22000000,101017.00540000
4981,2023-04-11 04:00:00,1923.22000000,1926.71000000,1906.25000000,1921.74000000,50406.39890000
4982,2023-04-11 08:00:00,1921.73000000,1922.99000000,1910.26000000,1915.50000000,42710.65060000
4983,2023-04-11 12:00:00,1915.51000000,1922.91000000,1904.00000000,1913.64000000,68745.72540000
4984,2023-04-11 16:00:00,1913.63000000,1917.00000000,1891.20000000,1894.19000000,78023.93670000
4985,2023-04-11 20:00:00,1894.18000000,1897.20000000,1881.11000000,1889.86000000,64299.77220000
4986,2023-04-12 00:00:00,1889.86000000,1897.13000000,1852.65000000,1862.79000000,104250.25860000
4987,2023-04-12 04:00:00,1862.78000000,1875.76000000,1860.32000000,1870.29000000,49509.11310000
4988,2023-04-12 08:00:00,1870.30000000,1874.22000000,1864.04000000,1872.68000000,43255.26420000
4989,2023-04-12 12:00:00,1872.67000000,1933.00000000,1867.05000000,1912.19000000,276763.29750000
4990,2023-04-12 16:00:00,1912.18000000,1919.45000000,1893.35000000,1901.32000000,80899.46940000
4991,2023-04-12 20:00:00,1901.31000000,1930.37000000,1900.12000000,1917.39000000,76167.01580000
4992,2023-04-13 00:00:00,1917.40000000,1920.76000000,1899.55000000,1912.43000000,69481.41980000
4993,2023-04-13 04:00:00,1912.43000000,1925.98000000,1907.70000000,1922.01000000,65942.48300000
4994,2023-04-13 08:00:00,1922.01000000,1996.10000000,1919.65000000,1985.40000000,252280.34560000
4995,2023-04-13 12:00:00,1985.39000000,2008.39000000,1985.39000000,1997.15000000,148204.11500000
4996,2023-04-13 16:00:00,1997.15000000,2023.00000000,1991.09000000,2011.28000000,86804.19370000
4997,2023-04-13 20:00:00,2011.29000000,2017.02000000,2000.78000000,2012.01000000,53451.96170000
4998,2023-04-14 00:00:00,2012.00000000,2128.76000000,2009.22000000,2109.00000000,273261.40880000
4999,2023-04-14 04:00:00,2109.00000000,2124.52000000,2102.59000000,2105.85000000,117591.66020000
5000,2023-04-14 08:00:00,2105.84000000,2119.89000000,2101.32000000,2115.62000000,78460.47050000
5001,2023-04-14 12:00:00,2115.62000000,2125.00000000,2049.87000000,2058.34000000,201605.72130000
5002,2023-04-14 16:00:00,2058.34000000,2092.54000000,2042.08000000,2090.81000000,144295.88900000
5003,2023-04-14 20:00:00,2090.80000000,2121.47000000,2085.45000000,2099.99000000,81092.24360000
5004,2023-04-15 00:00:00,2099.99000000,2106.11000000,2071.13000000,2088.88000000,75992.54010000
5005,2023-04-15 04:00:00,2088.87000000,2105.00000000,2081.60000000,2097.62000000,35611.81220000
5006,2023-04-15 08:00:00,2097.63000000,2111.85000000,2092.77000000,2100.19000000,53284.90530000
5007,2023-04-15 12:00:00,2100.18000000,2108.01000000,2092.93000000,2097.98000000,49744.32870000
5008,2023-04-15 16:00:00,2097.97000000,2108.98000000,2082.75000000,2100.00000000,64731.50380000
5009,2023-04-15 20:00:00,2100.01000000,2102.67000000,2082.01000000,2090.60000000,42458.69500000
5010,2023-04-16 00:00:00,2090.61000000,2095.32000000,2072.72000000,2086.13000000,38621.53990000
5011,2023-04-16 04:00:00,2086.14000000,2102.60000000,2085.64000000,2098.00000000,31125.21610000
5012,2023-04-16 08:00:00,2097.99000000,2099.67000000,2082.64000000,2086.43000000,37787.61120000
5013,2023-04-16 12:00:00,2086.43000000,2098.49000000,2076.02000000,2093.80000000,47058.49540000
5014,2023-04-16 16:00:00,2093.80000000,2141.54000000,2088.54000000,2114.66000000,98778.12460000
5015,2023-04-16 20:00:00,2114.66000000,2131.77000000,2097.01000000,2118.67000000,66509.45210000
5016,2023-04-17 00:00:00,2118.66000000,2120.51000000,2072.00000000,2096.90000000,103325.65590000
5017,2023-04-17 04:00:00,2096.89000000,2102.36000000,2088.83000000,2090.08000000,44453.07950000
5018,2023-04-17 08:00:00,2090.07000000,2099.01000000,2065.94000000,2076.50000000,73266.23350000
5019,2023-04-17 12:00:00,2076.50000000,2082.58000000,2056.25000000,2071.45000000,119080.99170000
5020,2023-04-17 16:00:00,2071.46000000,2088.73000000,2070.41000000,2078.14000000,53739.77300000
5021,2023-04-17 20:00:00,2078.15000000,2083.75000000,2067.00000000,2074.00000000,33106.97350000
5022,2023-04-18 00:00:00,2073.99000000,2084.68000000,2051.00000000,2079.69000000,56756.09860000
5023,2023-04-18 04:00:00,2079.70000000,2110.61000000,2077.78000000,2100.28000000,68960.89870000
5024,2023-04-18 08:00:00,2100.28000000,2125.00000000,2094.18000000,2117.80000000,74110.14370000
5025,2023-04-18 12:00:00,2117.80000000,2120.98000000,2088.12000000,2095.50000000,87550.84290000
5026,2023-04-18 16:00:00,2095.49000000,2100.51000000,2069.91000000,2081.02000000,82196.14760000
5027,2023-04-18 20:00:00,2081.01000000,2107.96000000,2074.16000000,2103.50000000,44670.48200000
5028,2023-04-19 00:00:00,2103.51000000,2104.60000000,2087.30000000,2091.46000000,34597.55230000
5029,2023-04-19 04:00:00,2091.46000000,2092.36000000,2065.15000000,2073.91000000,64789.24500000
5030,2023-04-19 08:00:00,2073.91000000,2073.92000000,1962.06000000,1981.44000000,316144.50670000
5031,2023-04-19 12:00:00,1981.45000000,2007.20000000,1969.34000000,1983.41000000,153884.09320000
5032,2023-04-19 16:00:00,1983.41000000,1991.42000000,1964.84000000,1980.54000000,77087.42760000
5033,2023-04-19 20:00:00,1980.54000000,1987.99000000,1923.03000000,1933.73000000,128886.23540000
5034,2023-04-20 00:00:00,1933.74000000,1954.48000000,1923.69000000,1949.71000000,105454.66630000
5035,2023-04-20 04:00:00,1949.71000000,1964.56000000,1947.46000000,1948.81000000,67530.66690000
5036,2023-04-20 08:00:00,1948.81000000,1962.88000000,1937.68000000,1939.97000000,80533.75030000
5037,2023-04-20 12:00:00,1939.97000000,1982.99000000,1936.04000000,1945.91000000,157477.77570000
5038,2023-04-20 16:00:00,1945.92000000,1955.50000000,1914.43000000,1927.70000000,154309.83020000
5039,2023-04-20 20:00:00,1927.70000000,1955.02000000,1923.06000000,1942.98000000,60029.56010000
5040,2023-04-21 00:00:00,1942.98000000,1957.27000000,1934.50000000,1945.81000000,55948.86160000
5041,2023-04-21 04:00:00,1945.82000000,1947.51000000,1898.00000000,1928.44000000,146683.88450000
5042,2023-04-21 08:00:00,1928.44000000,1934.22000000,1902.25000000,1909.01000000,81268.38530000
5043,2023-04-21 12:00:00,1909.01000000,1923.61000000,1890.60000000,1903.91000000,118773.93040000
5044,2023-04-21 16:00:00,1903.91000000,1908.60000000,1836.61000000,1842.70000000,190049.77320000
5045,2023-04-21 20:00:00,1842.69000000,1855.02000000,1825.00000000,1848.78000000,96151.78360000
5046,2023-04-22 00:00:00,1848.77000000,1862.74000000,1846.00000000,1859.73000000,50923.58530000
5047,2023-04-22 04:00:00,1859.73000000,1865.15000000,1848.09000000,1850.80000000,61697.91870000
5048,2023-04-22 08:00:00,1850.80000000,1854.79000000,1841.64000000,1852.09000000,39087.57720000
5049,2023-04-22 12:00:00,1852.10000000,1872.13000000,1845.91000000,1866.81000000,65492.11270000
5050,2023-04-22 16:00:00,1866.81000000,1887.31000000,1865.90000000,1872.04000000,72047.00790000
5051,2023-04-22 20:00:00,1872.05000000,1879.37000000,1864.13000000,1874.16000000,41759.38610000
5052,2023-04-23 00:00:00,1874.17000000,1874.17000000,1846.45000000,1861.80000000,75665.00430000
5053,2023-04-23 04:00:00,1861.80000000,1876.65000000,1859.56000000,1874.30000000,38623.95030000
5054,2023-04-23 08:00:00,1874.29000000,1877.00000000,1863.18000000,1874.45000000,45682.98170000
5055,2023-04-23 12:00:00,1874.45000000,1882.01000000,1852.08000000,1859.31000000,64046.15450000
5056,2023-04-23 16:00:00,1859.32000000,1872.69000000,1836.37000000,1846.49000000,74923.55260000
5057,2023-04-23 20:00:00,1846.49000000,1868.16000000,1838.03000000,1862.00000000,45572.70100000
5058,2023-04-24 00:00:00,1862.01000000,1890.00000000,1850.46000000,1868.12000000,65264.86940000
5059,2023-04-24 04:00:00,1868.12000000,1868.40000000,1827.23000000,1845.69000000,68211.02990000
5060,2023-04-24 08:00:00,1845.70000000,1855.57000000,1831.19000000,1855.26000000,78928.43990000
5061,2023-04-24 12:00:00,1855.26000000,1876.19000000,1830.00000000,1834.17000000,99664.11520000
5062,2023-04-24 16:00:00,1834.18000000,1847.62000000,1806.00000000,1831.33000000,101408.63250000
5063,2023-04-24 20:00:00,1831.32000000,1845.66000000,1827.77000000,1841.84000000,34386.96480000
5064,2023-04-25 00:00:00,1841.84000000,1851.64000000,1827.01000000,1830.23000000,41772.40780000
5065,2023-04-25 04:00:00,1830.22000000,1836.51000000,1812.28000000,1815.63000000,60582.77250000
5066,2023-04-25 08:00:00,1815.63000000,1829.56000000,1805.65000000,1826.03000000,82561.37360000
5067,2023-04-25 12:00:00,1826.03000000,1833.32000000,1801.66000000,1814.99000000,90279.18090000
5068,2023-04-25 16:00:00,1815.00000000,1847.61000000,1812.62000000,1837.66000000,85011.93450000
5069,2023-04-25 20:00:00,1837.66000000,1877.86000000,1837.04000000,1866.10000000,97662.93540000
5070,2023-04-26 00:00:00,1866.10000000,1884.36000000,1861.83000000,1862.80000000,85246.15390000
5071,2023-04-26 04:00:00,1862.79000000,1878.63000000,1858.25000000,1861.84000000,45394.30510000
5072,2023-04-26 08:00:00,1861.83000000,1920.16000000,1861.76000000,1914.58000000,187099.44160000
5073,2023-04-26 12:00:00,1914.58000000,1964.72000000,1914.13000000,1953.91000000,184467.19530000
5074,2023-04-26 16:00:00,1953.92000000,1960.31000000,1818.56000000,1828.74000000,202468.63280000
5075,2023-04-26 20:00:00,1828.74000000,1883.37000000,1785.00000000,1866.01000000,193034.00110000
5076,2023-04-27 00:00:00,1866.01000000,1940.96000000,1861.19000000,1898.41000000,216385.05950000
5077,2023-04-27 04:00:00,1898.42000000,1918.68000000,1871.14000000,1885.10000000,110515.01100000
5078,2023-04-27 08:00:00,1885.10000000,1894.76000000,1875.04000000,1880.92000000,72358.05990000
5079,2023-04-27 12:00:00,1880.93000000,1916.75000000,1861.85000000,1900.19000000,144397.75590000
5080,2023-04-27 16:00:00,1900.20000000,1937.77000000,1889.99000000,1922.44000000,122385.80220000
5081,2023-04-27 20:00:00,1922.44000000,1930.00000000,1893.12000000,1908.68000000,61431.25810000
5082,2023-04-28 00:00:00,1908.68000000,1915.00000000,1902.16000000,1905.41000000,52389.17650000
5083,2023-04-28 04:00:00,1905.41000000,1923.88000000,1904.40000000,1919.08000000,59188.36590000
5084,2023-04-28 08:00:00,1919.07000000,1919.52000000,1895.02000000,1902.33000000,53927.09470000
5085,2023-04-28 12:00:00,1902.33000000,1915.31000000,1873.94000000,1886.80000000,136056.06460000
5086,2023-04-28 16:00:00,1886.80000000,1905.15000000,1883.21000000,1892.36000000,59311.48060000
5087,2023-04-28 20:00:00,1892.36000000,1900.78000000,1887.08000000,1890.94000000,26758.59680000
5088,2023-04-29 00:00:00,1890.93000000,1898.04000000,1886.11000000,1896.20000000,26585.24530000
5089,2023-04-29 04:00:00,1896.20000000,1904.51000000,1896.20000000,1902.18000000,27198.40580000
5090,2023-04-29 08:00:00,1902.19000000,1903.74000000,1893.33000000,1897.95000000,23839.65190000
5091,2023-04-29 12:00:00,1897.95000000,1918.00000000,1896.60000000,1905.54000000,45490.67120000
5092,2023-04-29 16:00:00,1905.54000000,1907.56000000,1883.05000000,1903.09000000,38648.21190000
5093,2023-04-29 20:00:00,1903.10000000,1909.37000000,1897.79000000,1907.80000000,20283.95450000
5094,2023-04-30 00:00:00,1907.79000000,1907.80000000,1893.00000000,1896.25000000,22112.95070000
5095,2023-04-30 04:00:00,1896.25000000,1905.62000000,1893.00000000,1903.06000000,19552.08220000
5096,2023-04-30 08:00:00,1903.06000000,1913.37000000,1899.36000000,1900.79000000,40510.18070000
5097,2023-04-30 12:00:00,1900.78000000,1939.00000000,1897.66000000,1920.01000000,99570.46430000
5098,2023-04-30 16:00:00,1920.00000000,1934.20000000,1892.97000000,1904.83000000,90747.71310000
5099,2023-04-30 20:00:00,1904.83000000,1904.83000000,1866.16000000,1870.09000000,82843.09780000
5100,2023-05-01 00:00:00,1870.08000000,1886.49000000,1823.00000000,1846.58000000,117483.74920000
5101,2023-05-01 04:00:00,1846.59000000,1854.40000000,1833.99000000,1849.68000000,45418.64840000
5102,2023-05-01 08:00:00,1849.69000000,1853.68000000,1840.96000000,1845.37000000,37201.98580000
5103,2023-05-01 12:00:00,1845.36000000,1852.08000000,1826.77000000,1833.66000000,90806.13510000
5104,2023-05-01 16:00:00,1833.65000000,1842.22000000,1808.01000000,1812.97000000,95705.86690000
5105,2023-05-01 20:00:00,1812.97000000,1833.46000000,1806.12000000,1830.73000000,58902.79250000
5106,2023-05-02 00:00:00,1830.73000000,1837.73000000,1822.94000000,1830.66000000,43750.64750000
5107,2023-05-02 04:00:00,1830.66000000,1841.26000000,1824.19000000,1835.68000000,34703.52090000
5108,2023-05-02 08:00:00,1835.68000000,1839.44000000,1825.80000000,1833.57000000,38912.36100000
5109,2023-05-02 12:00:00,1833.56000000,1868.90000000,1824.25000000,1858.80000000,146315.47040000
5110,2023-05-02 16:00:00,1858.80000000,1881.87000000,1853.20000000,1868.37000000,71482.39510000
5111,2023-05-02 20:00:00,1868.37000000,1876.80000000,1867.28000000,1870.08000000,38588.80780000
5112,2023-05-03 00:00:00,1870.09000000,1870.84000000,1853.78000000,1862.66000000,36358.59570000
5113,2023-05-03 04:00:00,1862.67000000,1869.73000000,1857.37000000,1865.19000000,31956.14000000
5114,2023-05-03 08:00:00,1865.20000000,1872.39000000,1858.53000000,1859.32000000,39304.08530000
5115,2023-05-03 12:00:00,1859.32000000,1862.89000000,1842.64000000,1853.31000000,85845.79240000
5116,2023-05-03 16:00:00,1853.32000000,1894.45000000,1850.90000000,1868.01000000,166381.39550000
5117,2023-05-03 20:00:00,1868.02000000,1916.52000000,1858.11000000,1905.12000000,105339.24120000
5118,2023-05-04 00:00:00,1905.12000000,1908.21000000,1895.68000000,1903.65000000,45952.87730000
5119,2023-05-04 04:00:00,1903.66000000,1905.55000000,1896.16000000,1898.40000000,41192.08280000
5120,2023-05-04 08:00:00,1898.40000000,1918.26000000,1896.40000000,1904.67000000,52437.37220000
5121,2023-05-04 12:00:00,1904.67000000,1908.20000000,1876.99000000,1885.66000000,116052.86470000
5122,2023-05-04 16:00:00,1885.66000000,1891.33000000,1866.71000000,1876.65000000,71177.10730000
5123,2023-05-04 20:00:00,1876.66000000,1879.60000000,1869.75000000,1877.07000000,27716.31010000
5124,2023-05-05 00:00:00,1877.07000000,1909.00000000,1875.65000000,1896.58000000,64586.83120000
5125,2023-05-05 04:00:00,1896.58000000,1907.22000000,1892.72000000,1895.10000000,43789.48810000
5126,2023-05-05 08:00:00,1895.10000000,1914.56000000,1894.40000000,1911.20000000,44696.85540000
5127,2023-05-05 12:00:00,1911.19000000,1956.04000000,1888.00000000,1953.34000000,189206.37390000
5128,2023-05-05 16:00:00,1953.34000000,1998.36000000,1953.34000000,1990.97000000,159923.82990000
5129,2023-05-05 20:00:00,1990.97000000,1996.97000000,1984.24000000,1993.30000000,44405.49650000
5130,2023-05-06 00:00:00,1993.30000000,2019.00000000,1963.02000000,1970.34000000,113857.94530000
5131,2023-05-06 04:00:00,1970.33000000,1972.36000000,1955.66000000,1958.92000000,53524.48210000
5132,2023-05-06 08:00:00,1958.91000000,1958.92000000,1921.25000000,1934.31000000,103372.08370000
5133,2023-05-06 12:00:00,1934.32000000,1934.60000000,1860.00000000,1877.32000000,211309.34250000
5134,2023-05-06 16:00:00,1877.32000000,1907.00000000,1875.89000000,1897.93000000,85277.64110000
5135,2023-05-06 20:00:00,1897.94000000,1899.54000000,1884.49000000,1896.33000000,40765.49680000
5136,2023-05-07 00:00:00,1896.33000000,1918.60000000,1887.45000000,1892.87000000,72216.56220000
5137,2023-05-07 04:00:00,1892.87000000,1908.74000000,1890.00000000,1905.56000000,44070.31690000
5138,2023-05-07 08:00:00,1905.55000000,1915.24000000,1895.66000000,1902.28000000,52251.93170000
5139,2023-05-07 12:00:00,1902.29000000,1933.33000000,1902.28000000,1916.93000000,88385.02520000
5140,2023-05-07 16:00:00,1916.93000000,1923.38000000,1903.38000000,1912.93000000,60723.80600000
5141,2023-05-07 20:00:00,1912.93000000,1921.48000000,1867.59000000,1870.40000000,95621.19370000
5142,2023-05-08 00:00:00,1870.41000000,1883.97000000,1840.00000000,1865.39000000,142610.85080000
5143,2023-05-08 04:00:00,1865.38000000,1869.62000000,1838.34000000,1851.43000000,76680.05050000
5144,2023-05-08 08:00:00,1851.43000000,1865.51000000,1835.00000000,1862.78000000,91755.16500000
5145,2023-05-08 12:00:00,1862.79000000,1876.99000000,1847.53000000,1864.69000000,102333.58430000
5146,2023-05-08 16:00:00,1864.68000000,1867.03000000,1810.73000000,1829.00000000,161502.06480000
5147,2023-05-08 20:00:00,1829.00000000,1849.55000000,1826.48000000,1847.56000000,50434.90140000
5148,2023-05-09 00:00:00,1847.55000000,1856.99000000,1837.09000000,1843.57000000,41716.28590000
5149,2023-05-09 04:00:00,1843.58000000,1850.79000000,1830.99000000,1848.62000000,52748.58570000
5150,2023-05-09 08:00:00,1848.61000000,1849.50000000,1834.06000000,1846.76000000,42045.24370000
5151,2023-05-09 12:00:00,1846.76000000,1854.59000000,1834.22000000,1839.49000000,73135.22900000
5152,2023-05-09 16:00:00,1839.49000000,1858.00000000,1836.00000000,1852.43000000,60186.08460000
5153,2023-05-09 20:00:00,1852.44000000,1861.88000000,1841.33000000,1846.52000000,34564.75710000
5154,2023-05-10 00:00:00,1846.53000000,1858.92000000,1841.68000000,1843.73000000,48379.42980000
5155,2023-05-10 04:00:00,1843.72000000,1848.79000000,1834.23000000,1838.29000000,38943.00350000
5156,2023-05-10 08:00:00,1838.29000000,1851.00000000,1834.67000000,1850.49000000,41625.82240000
5157,2023-05-10 12:00:00,1850.50000000,1887.47000000,1846.84000000,1872.84000000,179357.83250000
5158,2023-05-10 16:00:00,1872.84000000,1880.00000000,1790.51000000,1849.40000000,244332.52040000
5159,2023-05-10 20:00:00,1849.41000000,1862.99000000,1826.84000000,1840.84000000,87294.77690000
5160,2023-05-11 00:00:00,1840.83000000,1842.02000000,1821.35000000,1827.61000000,66943.03200000
5161,2023-05-11 04:00:00,1827.61000000,1835.36000000,1824.83000000,1829.41000000,46819.37980000
5162,2023-05-11 08:00:00,1829.41000000,1829.42000000,1808.00000000,1820.84000000,78168.12010000
5163,2023-05-11 12:00:00,1820.83000000,1839.00000000,1785.50000000,1807.70000000,155430.93000000
5164,2023-05-11 16:00:00,1807.70000000,1810.48000000,1772.68000000,1784.46000000,127252.11460000
5165,2023-05-11 20:00:00,1784.47000000,1801.20000000,1782.39000000,1794.30000000,47482.49600000
5166,2023-05-12 00:00:00,1794.31000000,1801.99000000,1758.21000000,1763.25000000,80804.04460000
5167,2023-05-12 04:00:00,1763.25000000,1770.03000000,1740.00000000,1759.47000000,146342.50610000
5168,2023-05-12 08:00:00,1759.48000000,1771.87000000,1755.29000000,1764.86000000,58603.27830000
5169,2023-05-12 12:00:00,1764.86000000,1783.23000000,1761.08000000,1765.55000000,75231.14420000
5170,2023-05-12 16:00:00,1765.54000000,1794.96000000,1742.69000000,1790.01000000,104492.21310000
5171,2023-05-12 20:00:00,1790.00000000,1818.63000000,1781.31000000,1807.45000000,100066.64460000
5172,2023-05-13 00:00:00,1807.45000000,1817.03000000,1801.16000000,1805.61000000,41245.32380000
5173,2023-05-13 04:00:00,1805.62000000,1806.84000000,1796.80000000,1802.98000000,30365.32830000
5174,2023-05-13 08:00:00,1802.98000000,1811.46000000,1801.24000000,1803.78000000,29164.02110000
5175,2023-05-13 12:00:00,1803.79000000,1809.91000000,1785.23000000,1795.90000000,46713.56840000
5176,2023-05-13 16:00:00,1795.91000000,1806.45000000,1786.12000000,1792.83000000,40715.04010000
5177,2023-05-13 20:00:00,1792.84000000,1804.89000000,1792.38000000,1795.11000000,24692.15560000
5178,2023-05-14 00:00:00,1795.12000000,1805.80000000,1789.82000000,1803.89000000,30429.65920000
5179,2023-05-14 04:00:00,1803.88000000,1809.84000000,1800.94000000,1805.21000000,26312.13890000
5180,2023-05-14 08:00:00,1805.21000000,1806.79000000,1799.91000000,1802.05000000,20055.33760000
5181,2023-05-14 12:00:00,1802.04000000,1824.00000000,1797.50000000,1819.05000000,59990.32350000
5182,2023-05-14 16:00:00,1819.06000000,1821.87000000,1792.40000000,1796.32000000,52934.17080000
5183,2023-05-14 20:00:00,1796.32000000,1802.41000000,1791.45000000,1799.21000000,28379.46770000
5184,2023-05-15 00:00:00,1799.20000000,1835.85000000,1785.05000000,1826.09000000,119395.32300000
5185,2023-05-15 04:00:00,1826.10000000,1834.47000000,1819.21000000,1828.72000000,68539.00420000
5186,2023-05-15 08:00:00,1828.73000000,1836.06000000,1823.87000000,1824.39000000,35864.52560000
5187,2023-05-15 12:00:00,1824.39000000,1836.28000000,1812.97000000,1827.84000000,56150.24370000
5188,2023-05-15 16:00:00,1827.85000000,1846.70000000,1823.73000000,1828.74000000,77431.66160000
5189,2023-05-15 20:00:00,1828.74000000,1829.75000000,1813.00000000,1816.20000000,30791.16800000
5190,2023-05-16 00:00:00,1816.21000000,1822.69000000,1796.20000000,1813.53000000,79138.12030000
5191,2023-05-16 04:00:00,1813.53000000,1823.61000000,1806.03000000,1822.68000000,44649.46950000
5192,2023-05-16 08:00:00,1822.68000000,1827.18000000,1811.67000000,1816.53000000,41678.35760000
5193,2023-05-16 12:00:00,1816.54000000,1823.24000000,1810.00000000,1820.20000000,59329.27760000
5194,2023-05-16 16:00:00,1820.20000000,1832.64000000,1814.34000000,1816.80000000,57312.23530000
5195,2023-05-16 20:00:00,1816.79000000,1829.34000000,1814.84000000,1824.21000000,29131.21830000
5196,2023-05-17 00:00:00,1824.21000000,1837.50000000,1817.71000000,1823.82000000,39572.84780000
5197,2023-05-17 04:00:00,1823.81000000,1826.69000000,1803.33000000,1807.75000000,40828.32970000
5198,2023-05-17 08:00:00,1807.74000000,1808.56000000,1788.10000000,1790.20000000,81382.93670000
5199,2023-05-17 12:00:00,1790.20000000,1800.35000000,1783.68000000,1797.24000000,61359.87980000
5200,2023-05-17 16:00:00,1797.24000000,1833.93000000,1794.68000000,1828.10000000,88023.87020000
5201,2023-05-17 20:00:00,1828.11000000,1835.37000000,1819.26000000,1822.12000000,40930.12710000
5202,2023-05-18 00:00:00,1822.12000000,1827.82000000,1818.28000000,1826.59000000,28953.38860000
5203,2023-05-18 04:00:00,1826.58000000,1831.92000000,1814.92000000,1827.10000000,34841.01830000
5204,2023-05-18 08:00:00,1827.10000000,1830.00000000,1823.24000000,1825.43000000,26110.86020000
5205,2023-05-18 12:00:00,1825.44000000,1827.18000000,1805.11000000,1807.99000000,58850.64130000
5206,2023-05-18 16:00:00,1807.99000000,1812.70000000,1771.12000000,1795.20000000,95554.86650000
5207,2023-05-18 20:00:00,1795.20000000,1821.36000000,1793.57000000,1800.56000000,49444.53610000
5208,2023-05-19 00:00:00,1800.56000000,1807.59000000,1796.81000000,1801.35000000,30749.27600000
5209,2023-05-19 04:00:00,1801.35000000,1810.53000000,1799.13000000,1805.62000000,31175.60510000
5210,2023-05-19 08:00:00,1805.61000000,1811.87000000,1804.99000000,1807.50000000,31445.19140000
5211,2023-05-19 12:00:00,1807.50000000,1829.54000000,1800.81000000,1815.45000000,94220.35950000
5212,2023-05-19 16:00:00,1815.46000000,1822.87000000,1806.97000000,1811.44000000,41704.53590000
5213,2023-05-19 20:00:00,1811.44000000,1815.82000000,1809.41000000,1812.32000000,13821.49970000
5214,2023-05-20 00:00:00,1812.31000000,1813.70000000,1807.06000000,1813.43000000,15922.02070000
5215,2023-05-20 04:00:00,1813.43000000,1813.94000000,1808.41000000,1811.19000000,15035.34960000
5216,2023-05-20 08:00:00,1811.18000000,1815.99000000,1811.18000000,1813.39000000,17593.54190000
5217,2023-05-20 12:00:00,1813.38000000,1820.77000000,1812.69000000,1817.50000000,27075.75560000
5218,2023-05-20 16:00:00,1817.50000000,1828.87000000,1813.50000000,1821.33000000,35215.92910000
5219,2023-05-20 20:00:00,1821.33000000,1822.66000000,1812.07000000,1819.42000000,16911.83800000
5220,2023-05-21 00:00:00,1819.42000000,1828.98000000,1816.78000000,1817.88000000,24427.00420000
5221,2023-05-21 04:00:00,1817.87000000,1818.13000000,1813.51000000,1817.00000000,17336.61350000
5222,2023-05-21 08:00:00,1816.99000000,1817.36000000,1806.54000000,1809.48000000,32181.46450000
5223,2023-05-21 12:00:00,1809.49000000,1817.76000000,1802.58000000,1807.33000000,32606.34490000
5224,2023-05-21 16:00:00,1807.34000000,1810.53000000,1802.37000000,1810.08000000,23518.06900000
5225,2023-05-21 20:00:00,1810.07000000,1811.72000000,1797.21000000,1804.91000000,31448.30920000
5226,2023-05-22 00:00:00,1804.91000000,1806.76000000,1792.01000000,1800.98000000,39626.51920000
5227,2023-05-22 04:00:00,1800.98000000,1815.00000000,1800.78000000,1811.19000000,27513.17810000
5228,2023-05-22 08:00:00,1811.19000000,1820.17000000,1810.70000000,1814.32000000,37381.19850000
5229,2023-05-22 12:00:00,1814.32000000,1828.27000000,1808.54000000,1816.64000000,65449.07900000
5230,2023-05-22 16:00:00,1816.64000000,1823.44000000,1813.46000000,1816.40000000,44690.78570000
5231,2023-05-22 20:00:00,1816.40000000,1825.17000000,1813.33000000,1817.35000000,22838.18180000
5232,2023-05-23 00:00:00,1817.36000000,1872.50000000,1815.24000000,1866.00000000,168539.29770000
5233,2023-05-23 04:00:00,1866.01000000,1869.01000000,1846.01000000,1854.05000000,65686.50400000
5234,2023-05-23 08:00:00,1854.06000000,1858.32000000,1849.62000000,1854.97000000,37027.87130000
5235,2023-05-23 12:00:00,1854.97000000,1860.61000000,1842.37000000,1856.92000000,59328.50320000
5236,2023-05-23 16:00:00,1856.92000000,1857.55000000,1842.00000000,1851.52000000,41082.69170000
5237,2023-05-23 20:00:00,1851.52000000,1857.14000000,1846.33000000,1854.05000000,25204.74180000
5238,2023-05-24 00:00:00,1854.06000000,1854.09000000,1812.13000000,1821.95000000,69556.35370000
5239,2023-05-24 04:00:00,1821.94000000,1828.66000000,1813.82000000,1814.07000000,82839.00200000
5240,2023-05-24 08:00:00,1814.07000000,1821.15000000,1811.00000000,1816.01000000,38147.29750000
5241,2023-05-24 12:00:00,1816.02000000,1818.27000000,1777.60000000,1793.35000000,137311.78870000
5242,2023-05-24 16:00:00,1793.36000000,1798.63000000,1785.00000000,1792.79000000,49413.43210000
5243,2023-05-24 20:00:00,1792.79000000,1809.29000000,1791.80000000,1799.89000000,43578.27050000
5244,2023-05-25 00:00:00,1799.89000000,1807.33000000,1761.41000000,1781.27000000,102891.98650000
5245,2023-05-25 04:00:00,1781.28000000,1787.52000000,1774.45000000,1778.68000000,37945.47660000
5246,2023-05-25 08:00:00,1778.68000000,1792.55000000,1778.68000000,1789.65000000,31079.19210000
5247,2023-05-25 12:00:00,1789.66000000,1812.76000000,1786.71000000,1791.56000000,84720.70020000
5248,2023-05-25 16:00:00,1791.56000000,1818.81000000,1791.36000000,1808.82000000,67925.20190000
5249,2023-05-25 20:00:00,1808.82000000,1813.76000000,1805.39000000,1805.60000000,26070.45160000
5250,2023-05-26 00:00:00,1805.61000000,1808.98000000,1796.99000000,1807.41000000,34854.28470000
5251,2023-05-26 04:00:00,1807.41000000,1817.72000000,1802.00000000,1816.71000000,39571.94370000
5252,2023-05-26 08:00:00,1816.70000000,1818.52000000,1811.11000000,1812.26000000,34399.66040000
5253,2023-05-26 12:00:00,1812.26000000,1838.20000000,1809.03000000,1830.84000000,103700.46860000
5254,2023-05-26 16:00:00,1830.83000000,1837.00000000,1822.49000000,1835.55000000,45307.19520000
5255,2023-05-26 20:00:00,1835.56000000,1837.79000000,1826.18000000,1827.79000000,17857.13280000
5256,2023-05-27 00:00:00,1827.80000000,1836.12000000,1825.01000000,1834.25000000,28641.30120000
5257,2023-05-27 04:00:00,1834.24000000,1835.45000000,1828.20000000,1829.76000000,20978.25140000
5258,2023-05-27 08:00:00,1829.77000000,1830.18000000,1822.45000000,1826.83000000,25103.31040000
5259,2023-05-27 12:00:00,1826.83000000,1832.00000000,1812.18000000,1823.60000000,28284.79860000
5260,2023-05-27 16:00:00,1823.60000000,1829.20000000,1817.25000000,1826.03000000,20411.70080000
5261,2023-05-27 20:00:00,1826.04000000,1832.06000000,1824.41000000,1829.89000000,15405.57820000
5262,2023-05-28 00:00:00,1829.89000000,1859.50000000,1823.60000000,1850.71000000,74735.12280000
5263,2023-05-28 04:00:00,1850.71000000,1859.00000000,1845.29000000,1847.79000000,57161.38280000
5264,2023-05-28 08:00:00,1847.80000000,1851.79000000,1843.21000000,1843.50000000,26578.03100000
5265,2023-05-28 12:00:00,1843.51000000,1845.21000000,1836.69000000,1843.74000000,27261.33150000
5266,2023-05-28 16:00:00,1843.74000000,1858.93000000,1839.21000000,1848.77000000,57016.62080000
5267,2023-05-28 20:00:00,1848.77000000,1918.65000000,1848.76000000,1908.64000000,135639.94820000
5268,2023-05-29 00:00:00,1908.64000000,1927.62000000,1901.21000000,1903.77000000,99834.75250000
5269,2023-05-29 04:00:00,1903.78000000,1905.92000000,1893.00000000,1899.85000000,61632.19430000
5270,2023-05-29 08:00:00,1899.85000000,1905.30000000,1893.92000000,1903.26000000,35471.94320000
5271,2023-05-29 12:00:00,1903.26000000,1905.14000000,1885.00000000,1889.41000000,43276.39200000
5272,2023-05-29 16:00:00,1889.41000000,1895.76000000,1873.65000000,1891.20000000,47797.37410000
5273,2023-05-29 20:00:00,1891.19000000,1903.00000000,1886.02000000,1892.60000000,25580.83810000
5274,2023-05-30 00:00:00,1892.60000000,1912.55000000,1881.19000000,1900.66000000,39822.08420000
5275,2023-05-30 04:00:00,1900.67000000,1905.00000000,1892.72000000,1898.23000000,33934.62060000
5276,2023-05-30 08:00:00,1898.22000000,1917.00000000,1898.22000000,1915.40000000,46926.76150000
5277,2023-05-30 12:00:00,1915.40000000,1915.70000000,1894.11000000,1900.56000000,72165.52200000
5278,2023-05-30 16:00:00,1900.56000000,1912.64000000,1891.33000000,1907.32000000,47369.57260000
5279,2023-05-30 20:00:00,1907.33000000,1914.78000000,1897.35000000,1900.59000000,32447.27930000
5280,2023-05-31 00:00:00,1900.58000000,1907.13000000,1884.29000000,1897.71000000,36406.30480000
5281,2023-05-31 04:00:00,1897.71000000,1898.53000000,1857.67000000,1869.31000000,105784.12670000
5282,2023-05-31 08:00:00,1869.30000000,1873.46000000,1862.20000000,1865.19000000,38102.03700000
5283,2023-05-31 12:00:00,1865.20000000,1875.02000000,1846.95000000,1857.94000000,74464.88900000
5284,2023-05-31 16:00:00,1857.95000000,1869.75000000,1854.28000000,1863.63000000,37383.47370000
5285,2023-05-31 20:00:00,1863.63000000,1878.14000000,1861.48000000,1873.63000000,27114.73690000
5286,2023-06-01 00:00:00,1873.63000000,1889.20000000,1840.00000000,1855.50000000,85904.40200000
5287,2023-06-01 04:00:00,1855.50000000,1860.38000000,1851.40000000,1854.21000000,29030.78440000
5288,2023-06-01 08:00:00,1854.22000000,1865.96000000,1852.02000000,1861.50000000,24114.68890000
5289,2023-06-01 12:00:00,1861.50000000,1866.56000000,1855.68000000,1863.36000000,39559.34330000
5290,2023-06-01 16:00:00,1863.36000000,1882.86000000,1857.02000000,1869.27000000,60378.51310000
5291,2023-06-01 20:00:00,1869.28000000,1873.60000000,1852.66000000,1861.78000000,31508.87800000
5292,2023-06-02 00:00:00,1861.78000000,1880.62000000,1847.51000000,1878.64000000,54178.48970000
5293,2023-06-02 04:00:00,1878.64000000,1897.40000000,1875.68000000,1885.65000000,60738.62820000
5294,2023-06-02 08:00:00,1885.64000000,1900.64000000,1885.64000000,1894.96000000,44493.78550000
5295,2023-06-02 12:00:00,1894.95000000,1899.00000000,1876.65000000,1892.00000000,72235.57050000
5296,2023-06-02 16:00:00,1892.01000000,1910.00000000,1887.05000000,1907.60000000,57041.41520000
5297,2023-06-02 20:00:00,1907.61000000,1910.00000000,1902.62000000,1906.68000000,24316.17670000
5298,2023-06-03 00:00:00,1906.69000000,1907.92000000,1897.42000000,1899.84000000,29463.72520000
5299,2023-06-03 04:00:00,1899.84000000,1905.66000000,1897.44000000,1902.71000000,20066.90980000
5300,2023-06-03 08:00:00,1902.72000000,1906.70000000,1899.00000000,1903.72000000,22443.71510000
5301,2023-06-03 12:00:00,1903.72000000,1906.61000000,1891.23000000,1903.18000000,27153.35860000
5302,2023-06-03 16:00:00,1903.19000000,1903.71000000,1882.33000000,1886.14000000,32671.08870000
5303,2023-06-03 20:00:00,1886.13000000,1892.43000000,1881.60000000,1892.06000000,17019.44530000
5304,2023-06-04 00:00:00,1892.05000000,1895.03000000,1884.22000000,1894.09000000,16525.86660000
5305,2023-06-04 04:00:00,1894.09000000,1901.36000000,1890.87000000,1900.21000000,17871.46710000
5306,2023-06-04 08:00:00,1900.21000000,1908.61000000,1898.61000000,1903.08000000,21792.40810000
5307,2023-06-04 12:00:00,1903.07000000,1914.63000000,1900.00000000,1901.76000000,39093.78270000
5308,2023-06-04 16:00:00,1901.76000000,1905.62000000,1896.17000000,1904.66000000,21097.54510000
5309,2023-06-04 20:00:00,1904.66000000,1912.89000000,1885.00000000,1890.01000000,56301.94230000
5310,2023-06-05 00:00:00,1890.00000000,1890.63000000,1866.62000000,1869.65000000,69953.32020000
5311,2023-06-05 04:00:00,1869.64000000,1873.40000000,1861.76000000,1873.40000000,31988.93890000
5312,2023-06-05 08:00:00,1873.40000000,1873.81000000,1862.94000000,1869.51000000,31604.84180000
5313,2023-06-05 12:00:00,1869.50000000,1871.20000000,1820.29000000,1820.60000000,122972.32760000
5314,2023-06-05 16:00:00,1820.69000000,1823.90000000,1778.00000000,1806.49000000,244006.88120000
5315,2023-06-05 20:00:00,1806.50000000,1815.88000000,1793.01000000,1810.50000000,54834.95860000
5316,2023-06-06 00:00:00,1810.49000000,1813.76000000,1803.15000000,1811.80000000,36961.65060000
5317,2023-06-06 04:00:00,1811.80000000,1819.18000000,1811.17000000,1813.35000000,28828.95850000
5318,2023-06-06 08:00:00,1813.35000000,1822.60000000,1809.19000000,1813.32000000,33045.04980000
5319,2023-06-06 12:00:00,1813.33000000,1846.48000000,1797.18000000,1842.22000000,145517.54040000
5320,2023-06-06 16:00:00,1842.22000000,1898.29000000,1842.21000000,1891.82000000,145853.57950000
5321,2023-06-06 20:00:00,1891.82000000,1895.50000000,1874.15000000,1884.64000000,101200.43860000
5322,2023-06-07 00:00:00,1884.65000000,1897.80000000,1871.59000000,1877.48000000,66167.93140000
5323,2023-06-07 04:00:00,1877.47000000,1883.76000000,1874.62000000,1875.05000000,35424.06380000
5324,2023-06-07 08:00:00,1875.05000000,1878.09000000,1842.57000000,1870.23000000,86390.69740000
5325,2023-06-07 12:00:00,1870.23000000,1870.84000000,1835.13000000,1839.00000000,101617.51670000
5326,2023-06-07 16:00:00,1839.00000000,1852.50000000,1832.71000000,1850.36000000,77067.43550000
5327,2023-06-07 20:00:00,1850.37000000,1851.00000000,1821.18000000,1832.13000000,62529.06160000
5328,2023-06-08 00:00:00,1832.12000000,1841.45000000,1828.31000000,1834.96000000,28187.80640000
5329,2023-06-08 04:00:00,1834.97000000,1846.05000000,1833.00000000,1842.00000000,28535.98370000
5330,2023-06-08 08:00:00,1842.00000000,1848.99000000,1838.19000000,1843.80000000,25074.64280000
5331,2023-06-08 12:00:00,1843.79000000,1861.28000000,1837.86000000,1855.66000000,63069.21460000
5332,2023-06-08 16:00:00,1855.67000000,1856.24000000,1841.35000000,1847.73000000,25927.23780000
5333,2023-06-08 20:00:00,1847.73000000,1854.00000000,1844.92000000,1845.64000000,18475.60000000
5334,2023-06-09 00:00:00,1845.65000000,1849.02000000,1827.00000000,1838.23000000,43969.51480000
5335,2023-06-09 04:00:00,1838.22000000,1842.00000000,1831.25000000,1836.37000000,23561.65490000
5336,2023-06-09 08:00:00,1836.37000000,1847.42000000,1834.52000000,1843.79000000,29228.24000000
5337,2023-06-09 12:00:00,1843.79000000,1855.00000000,1839.75000000,1841.71000000,49696.41650000
5338,2023-06-09 16:00:00,1841.71000000,1843.45000000,1830.37000000,1830.86000000,30368.36150000
5339,2023-06-09 20:00:00,1830.86000000,1841.15000000,1828.03000000,1840.37000000,21500.13750000
5340,2023-06-10 00:00:00,1840.37000000,1844.99000000,1822.13000000,1827.17000000,50640.23010000
5341,2023-06-10 04:00:00,1827.17000000,1829.84000000,1724.43000000,1731.78000000,310231.96750000
5342,2023-06-10 08:00:00,1731.79000000,1749.56000000,1715.03000000,1747.95000000,101456.43310000
5343,2023-06-10 12:00:00,1747.95000000,1747.96000000,1732.85000000,1737.39000000,41864.43560000
5344,2023-06-10 16:00:00,1737.39000000,1773.03000000,1718.50000000,1744.48000000,119236.96590000
5345,2023-06-10 20:00:00,1744.48000000,1757.58000000,1738.59000000,1751.53000000,28894.63730000
5346,2023-06-11 00:00:00,1751.52000000,1752.46000000,1743.64000000,1751.55000000,30997.06050000
5347,2023-06-11 04:00:00,1751.55000000,1759.76000000,1743.88000000,1752.92000000,26141.83630000
5348,2023-06-11 08:00:00,1752.92000000,1755.54000000,1745.15000000,1752.13000000,25102.85790000
5349,2023-06-11 12:00:00,1752.14000000,1752.39000000,1738.72000000,1740.80000000,33875.02870000
5350,2023-06-11 16:00:00,1740.80000000,1768.26000000,1739.76000000,1762.27000000,49706.65130000
5351,2023-06-11 20:00:00,1762.27000000,1778.25000000,1741.64000000,1752.76000000,54132.80870000
5352,2023-06-12 00:00:00,1752.77000000,1755.35000000,1720.11000000,1735.76000000,70840.07020000
5353,2023-06-12 04:00:00,1735.76000000,1748.00000000,1732.77000000,1736.70000000,33548.19570000
5354,2023-06-12 08:00:00,1736.70000000,1759.33000000,1734.28000000,1745.60000000,54970.72520000
5355,2023-06-12 12:00:00,1745.61000000,1747.25000000,1728.88000000,1731.87000000,52845.90600000
5356,2023-06-12 16:00:00,1731.86000000,1747.16000000,1720.00000000,1733.14000000,65402.10420000
5357,2023-06-12 20:00:00,1733.15000000,1746.46000000,1730.22000000,1742.57000000,24525.48060000
5358,2023-06-13 00:00:00,1742.57000000,1756.00000000,1728.43000000,1747.37000000,49910.07660000
5359,2023-06-13 04:00:00,1747.38000000,1753.26000000,1741.13000000,1748.27000000,21230.72700000
5360,2023-06-13 08:00:00,1748.28000000,1759.65000000,1746.32000000,1753.81000000,40038.35230000
5361,2023-06-13 12:00:00,1753.80000000,1770.13000000,1724.22000000,1730.18000000,120003.51160000
5362,2023-06-13 16:00:00,1730.17000000,1750.85000000,1729.21000000,1740.31000000,32821.27720000
5363,2023-06-13 20:00:00,1740.31000000,1744.41000000,1733.36000000,1740.12000000,20264.05710000
5364,2023-06-14 00:00:00,1740.12000000,1748.45000000,1738.26000000,1746.12000000,21088.14730000
5365,2023-06-14 04:00:00,1746.11000000,1747.05000000,1737.00000000,1741.29000000,22773.51150000
5366,2023-06-14 08:00:00,1741.28000000,1750.03000000,1740.90000000,1745.96000000,24121.45790000
5367,2023-06-14 12:00:00,1745.96000000,1749.30000000,1737.38000000,1741.05000000,29973.28170000
5368,2023-06-14 16:00:00,1741.04000000,1747.31000000,1720.01000000,1728.33000000,78982.70260000
5369,2023-06-14 20:00:00,1728.34000000,1728.98000000,1630.43000000,1650.95000000,238908.22600000
5370,2023-06-15 00:00:00,1650.95000000,1656.59000000,1643.73000000,1652.00000000,42833.90220000
5371,2023-06-15 04:00:00,1652.00000000,1653.51000000,1632.04000000,1639.95000000,68703.70380000
5372,2023-06-15 08:00:00,1639.96000000,1645.16000000,1626.01000000,1643.05000000,76581.50590000
5373,2023-06-15 12:00:00,1643.05000000,1652.14000000,1635.91000000,1642.42000000,54802.04590000
5374,2023-06-15 16:00:00,1642.42000000,1672.37000000,1633.79000000,1668.97000000,69902.47640000
5375,2023-06-15 20:00:00,1668.97000000,1680.91000000,1654.32000000,1666.96000000,57951.13540000
5376,2023-06-16 00:00:00,1666.96000000,1669.54000000,1660.00000000,1667.11000000,24990.36220000
5377,2023-06-16 04:00:00,1667.10000000,1675.00000000,1666.76000000,1671.08000000,34842.06210000
5378,2023-06-16 08:00:00,1671.08000000,1677.13000000,1662.97000000,1664.42000000,34464.80780000
5379,2023-06-16 12:00:00,1664.43000000,1688.00000000,1649.86000000,1682.31000000,82802.02540000
5380,2023-06-16 16:00:00,1682.32000000,1729.50000000,1677.56000000,1722.19000000,108494.38470000
5381,2023-06-16 20:00:00,1722.18000000,1729.00000000,1715.93000000,1717.92000000,26140.94820000
5382,2023-06-17 00:00:00,1717.91000000,1721.88000000,1714.26000000,1718.74000000,19310.38290000
5383,2023-06-17 04:00:00,1718.75000000,1770.00000000,1717.53000000,1744.63000000,93952.33640000
5384,2023-06-17 08:00:00,1744.62000000,1747.45000000,1734.10000000,1738.41000000,24200.49810000
5385,2023-06-17 12:00:00,1738.40000000,1742.22000000,1717.92000000,1727.88000000,37202.74110000
5386,2023-06-17 16:00:00,1727.88000000,1732.47000000,1721.65000000,1728.39000000,22321.23030000
5387,2023-06-17 20:00:00,1728.39000000,1732.67000000,1723.09000000,1727.76000000,13927.73280000
5388,2023-06-18 00:00:00,1727.75000000,1730.20000000,1720.47000000,1728.89000000,16287.05520000
5389,2023-06-18 04:00:00,1728.90000000,1738.32000000,1722.43000000,1730.14000000,24918.31510000
5390,2023-06-18 08:00:00,1730.14000000,1735.38000000,1725.78000000,1734.44000000,15884.46530000
5391,2023-06-18 12:00:00,1734.45000000,1742.21000000,1730.20000000,1738.11000000,21925.92360000
5392,2023-06-18 16:00:00,1738.12000000,1747.84000000,1736.22000000,1741.33000000,26340.05080000
5393,2023-06-18 20:00:00,1741.34000000,1743.67000000,1712.00000000,1720.95000000,51179.20280000
5394,2023-06-19 00:00:00,1720.95000000,1728.20000000,1714.32000000,1723.52000000,21220.35230000
5395,2023-06-19 04:00:00,1723.52000000,1727.58000000,1720.00000000,1724.49000000,13336.18490000
5396,2023-06-19 08:00:00,1724.48000000,1727.21000000,1720.05000000,1725.87000000,20541.03770000
5397,2023-06-19 12:00:00,1725.87000000,1734.04000000,1715.69000000,1721.45000000,42485.23810000
5398,2023-06-19 16:00:00,1721.45000000,1752.19000000,1698.00000000,1724.24000000,117978.20680000
5399,2023-06-19 20:00:00,1724.25000000,1737.99000000,1722.79000000,1737.11000000,29601.73910000
5400,2023-06-20 00:00:00,1737.10000000,1749.79000000,1730.00000000,1730.74000000,36594.69030000
5401,2023-06-20 04:00:00,1730.75000000,1734.63000000,1723.66000000,1729.99000000,23182.04410000
5402,2023-06-20 08:00:00,1729.98000000,1734.59000000,1724.10000000,1734.39000000,22974.64090000
5403,2023-06-20 12:00:00,1734.39000000,1738.49000000,1714.72000000,1732.48000000,39461.90070000
5404,2023-06-20 16:00:00,1732.49000000,1791.88000000,1728.39000000,1782.10000000,141810.29910000
5405,2023-06-20 20:00:00,1782.09000000,1796.99000000,1774.14000000,1791.99000000,64832.10950000
5406,2023-06-21 00:00:00,1791.99000000,1828.26000000,1787.38000000,1811.38000000,94834.44440000
5407,2023-06-21 04:00:00,1811.39000000,1823.58000000,1808.08000000,1813.08000000,56253.05220000
5408,2023-06-21 08:00:00,1813.07000000,1833.44000000,1807.40000000,1829.65000000,57276.85400000
5409,2023-06-21 12:00:00,1829.65000000,1856.89000000,1815.05000000,1849.81000000,165135.52610000
5410,2023-06-21 16:00:00,1849.81000000,1900.00000000,1846.88000000,1882.35000000,168789.64070000
5411,2023-06-21 20:00:00,1882.35000000,1901.00000000,1872.03000000,1889.11000000,71466.36950000
5412,2023-06-22 00:00:00,1889.10000000,1933.17000000,1883.80000000,1918.45000000,113895.90150000
5413,2023-06-22 04:00:00,1918.45000000,1919.50000000,1902.83000000,1910.79000000,47550.61770000
5414,2023-06-22 08:00:00,1910.79000000,1912.32000000,1881.43000000,1886.76000000,74885.73410000
5415,2023-06-22 12:00:00,1886.76000000,1909.40000000,1865.98000000,1877.25000000,100035.24050000
5416,2023-06-22 16:00:00,1877.24000000,1892.46000000,1875.47000000,1889.60000000,45457.79310000
5417,2023-06-22 20:00:00,1889.60000000,1891.40000000,1867.07000000,1872.01000000,34889.28500000
5418,2023-06-23 00:00:00,1872.00000000,1883.61000000,1862.56000000,1881.75000000,38144.05700000
5419,2023-06-23 04:00:00,1881.74000000,1886.45000000,1874.80000000,1880.44000000,25303.06220000
5420,2023-06-23 08:00:00,1880.44000000,1888.69000000,1874.64000000,1879.76000000,34861.99250000
5421,2023-06-23 12:00:00,1879.75000000,1922.16000000,1861.01000000,1917.61000000,124046.64470000
5422,2023-06-23 16:00:00,1917.61000000,1936.42000000,1886.01000000,1900.82000000,132470.71160000
5423,2023-06-23 20:00:00,1900.83000000,1908.01000000,1876.00000000,1892.63000000,46321.46440000
5424,2023-06-24 00:00:00,1892.63000000,1896.55000000,1878.15000000,1894.00000000,35282.25040000
5425,2023-06-24 04:00:00,1894.01000000,1897.86000000,1882.20000000,1883.04000000,26513.85460000
5426,2023-06-24 08:00:00,1883.04000000,1893.08000000,1882.27000000,1890.49000000,25201.38430000
5427,2023-06-24 12:00:00,1890.48000000,1906.00000000,1868.43000000,1874.30000000,68530.74600000
5428,2023-06-24 16:00:00,1874.31000000,1889.22000000,1867.20000000,1888.00000000,39590.98980000
5429,2023-06-24 20:00:00,1887.99000000,1888.00000000,1864.77000000,1874.96000000,31791.06900000
5430,2023-06-25 00:00:00,1874.95000000,1896.69000000,1868.83000000,1895.08000000,41710.74500000
5431,2023-06-25 04:00:00,1895.14000000,1930.00000000,1895.14000000,1911.81000000,94099.69220000
5432,2023-06-25 08:00:00,1911.81000000,1924.51000000,1907.49000000,1918.37000000,52799.90870000
5433,2023-06-25 12:00:00,1918.37000000,1919.57000000,1881.47000000,1886.51000000,79607.65560000
5434,2023-06-25 16:00:00,1886.51000000,1895.51000000,1881.56000000,1894.60000000,38513.16590000
5435,2023-06-25 20:00:00,1894.60000000,1906.30000000,1888.37000000,1898.80000000,32026.44840000
5436,2023-06-26 00:00:00,1898.80000000,1904.26000000,1866.00000000,1880.46000000,73479.35430000
5437,2023-06-26 04:00:00,1880.46000000,1904.76000000,1871.04000000,1892.32000000,47888.72270000
5438,2023-06-26 08:00:00,1892.32000000,1893.95000000,1872.38000000,1880.87000000,66571.07770000
5439,2023-06-26 12:00:00,1880.87000000,1909.10000000,1871.01000000,1889.32000000,94403.98060000
5440,2023-06-26 16:00:00,1889.33000000,1890.69000000,1837.18000000,1854.10000000,140563.84320000
5441,2023-06-26 20:00:00,1854.10000000,1860.42000000,1847.02000000,1858.97000000,35836.88250000
5442,2023-06-27 00:00:00,1858.97000000,1878.93000000,1855.19000000,1872.15000000,51548.10440000
5443,2023-06-27 04:00:00,1872.16000000,1879.20000000,1862.01000000,1875.58000000,37550.28360000
5444,2023-06-27 08:00:00,1875.59000000,1890.51000000,1871.61000000,1881.53000000,52245.12050000
5445,2023-06-27 12:00:00,1881.53000000,1896.55000000,1863.60000000,1871.60000000,74590.03850000
5446,2023-06-27 16:00:00,1871.60000000,1912.53000000,1869.62000000,1894.39000000,119376.12120000
5447,2023-06-27 20:00:00,1894.40000000,1897.39000000,1885.13000000,1889.58000000,31324.90250000
5448,2023-06-28 00:00:00,1889.58000000,1890.19000000,1853.70000000,1866.46000000,82712.54500000
5449,2023-06-28 04:00:00,1866.46000000,1870.00000000,1848.58000000,1851.00000000,53354.38940000
5450,2023-06-28 08:00:00,1851.00000000,1865.20000000,1850.24000000,1861.10000000,30275.40030000
5451,2023-06-28 12:00:00,1861.10000000,1868.41000000,1845.06000000,1859.60000000,57396.54580000
5452,2023-06-28 16:00:00,1859.60000000,1864.86000000,1816.56000000,1832.45000000,75349.16230000
5453,2023-06-28 20:00:00,1832.46000000,1837.02000000,1825.08000000,1828.02000000,38748.53640000
5454,2023-06-29 00:00:00,1828.03000000,1843.08000000,1827.84000000,1838.04000000,24108.54260000
5455,2023-06-29 04:00:00,1838.04000000,1850.55000000,1836.57000000,1847.45000000,23524.69800000
5456,2023-06-29 08:00:00,1847.45000000,1872.84000000,1846.74000000,1869.60000000,63671.98420000
5457,2023-06-29 12:00:00,1869.59000000,1880.00000000,1847.01000000,1851.79000000,73404.55580000
5458,2023-06-29 16:00:00,1851.79000000,1860.00000000,1841.38000000,1857.48000000,33223.93620000
5459,2023-06-29 20:00:00,1857.48000000,1859.50000000,1842.98000000,1851.99000000,23911.11130000
5460,2023-06-30 00:00:00,1851.99000000,1879.00000000,1841.50000000,1873.34000000,53052.35560000
5461,2023-06-30 04:00:00,1873.35000000,1907.99000000,1869.55000000,1887.80000000,104594.51610000
5462,2023-06-30 08:00:00,1887.81000000,1894.38000000,1883.44000000,1891.10000000,52089.93170000
5463,2023-06-30 12:00:00,1891.10000000,1913.40000000,1825.01000000,1852.32000000,214523.00220000
5464,2023-06-30 16:00:00,1852.32000000,1948.60000000,1849.00000000,1926.32000000,245744.29620000
5465,2023-06-30 20:00:00,1926.32000000,1943.68000000,1918.66000000,1933.79000000,46534.00170000
5466,2023-07-01 00:00:00,1933.80000000,1944.56000000,1917.28000000,1920.16000000,52121.69690000
5467,2023-07-01 04:00:00,1920.15000000,1922.17000000,1909.44000000,1920.05000000,30400.83570000
5468,2023-07-01 08:00:00,1920.04000000,1926.87000000,1911.60000000,1922.55000000,31289.14750000
5469,2023-07-01 12:00:00,1922.56000000,1929.87000000,1917.50000000,1922.63000000,33569.84650000
5470,2023-07-01 16:00:00,1922.63000000,1924.20000000,1916.60000000,1922.60000000,18792.30570000
5471,2023-07-01 20:00:00,1922.60000000,1927.32000000,1920.63000000,1924.50000000,12199.53650000
5472,2023-07-02 00:00:00,1924.50000000,1926.70000000,1911.26000000,1913.91000000,31697.96570000
5473,2023-07-02 04:00:00,1913.91000000,1916.77000000,1910.06000000,1914.97000000,20181.18650000
5474,2023-07-02 08:00:00,1914.96000000,1922.40000000,1911.83000000,1919.99000000,22339.85490000
5475,2023-07-02 12:00:00,1919.99000000,1927.61000000,1885.75000000,1918.61000000,56795.23020000
5476,2023-07-02 16:00:00,1918.60000000,1924.20000000,1901.61000000,1914.12000000,33504.35440000
5477,2023-07-02 20:00:00,1914.12000000,1959.20000000,1911.26000000,1937.48000000,91334.19150000
5478,2023-07-03 00:00:00,1937.49000000,1953.50000000,1933.55000000,1949.01000000,39170.57580000
5479,2023-07-03 04:00:00,1949.00000000,1973.76000000,1941.75000000,1966.83000000,59401.52020000
5480,2023-07-03 08:00:00,1966.83000000,1976.00000000,1954.60000000,1962.01000000,53017.13890000
5481,2023-07-03 12:00:00,1962.00000000,1976.16000000,1954.60000000,1968.17000000,69538.21470000
5482,2023-07-03 16:00:00,1968.17000000,1974.71000000,1953.26000000,1967.40000000,63204.43680000
5483,2023-07-03 20:00:00,1967.39000000,1968.00000000,1948.22000000,1955.54000000,37770.54310000
5484,2023-07-04 00:00:00,1955.55000000,1967.08000000,1950.34000000,1963.34000000,39871.45900000
5485,2023-07-04 04:00:00,1963.34000000,1963.35000000,1946.39000000,1948.80000000,31316.66330000
5486,2023-07-04 08:00:00,1948.81000000,1961.99000000,1946.54000000,1960.53000000,31901.03010000
5487,2023-07-04 12:00:00,1960.53000000,1961.70000000,1950.44000000,1954.19000000,27363.11910000
5488,2023-07-04 16:00:00,1954.19000000,1965.57000000,1931.58000000,1934.29000000,57187.47380000
5489,2023-07-04 20:00:00,1934.29000000,1942.67000000,1932.12000000,1936.20000000,17885.35310000
5490,2023-07-05 00:00:00,1936.19000000,1942.50000000,1933.64000000,1941.28000000,19400.99520000
5491,2023-07-05 04:00:00,1941.28000000,1942.00000000,1932.15000000,1936.35000000,24812.61100000
5492,2023-07-05 08:00:00,1936.36000000,1937.07000000,1905.00000000,1910.08000000,89042.85550000
5493,2023-07-05 12:00:00,1910.07000000,1913.92000000,1894.51000000,1902.96000000,79466.44510000
5494,2023-07-05 16:00:00,1902.97000000,1918.00000000,1901.26000000,1907.71000000,32428.39130000
5495,2023-07-05 20:00:00,1907.71000000,1915.59000000,1904.03000000,1910.36000000,22482.18020000
5496,2023-07-06 00:00:00,1910.35000000,1915.63000000,1898.80000000,1913.51000000,32525.10900000
5497,2023-07-06 04:00:00,1913.50000000,1930.00000000,1909.51000000,1925.08000000,40490.55040000
5498,2023-07-06 08:00:00,1925.09000000,1958.00000000,1910.39000000,1917.65000000,106976.82680000
5499,2023-07-06 12:00:00,1917.66000000,1919.37000000,1865.08000000,1888.67000000,169027.99640000
5500,2023-07-06 16:00:00,1888.66000000,1894.24000000,1878.40000000,1885.21000000,39809.59860000
5501,2023-07-06 20:00:00,1885.21000000,1887.64000000,1846.00000000,1846.17000000,67532.65980000
5502,2023-07-07 00:00:00,1846.17000000,1859.89000000,1826.00000000,1858.02000000,71744.69080000
5503,2023-07-07 04:00:00,1858.03000000,1863.33000000,1851.56000000,1856.40000000,32690.03490000
5504,2023-07-07 08:00:00,1856.41000000,1865.60000000,1853.81000000,1860.17000000,26990.40400000
5505,2023-07-07 12:00:00,1860.16000000,1878.00000000,1851.43000000,1872.03000000,57155.44990000
5506,2023-07-07 16:00:00,1872.04000000,1875.27000000,1856.29000000,1864.31000000,26375.55930000
5507,2023-07-07 20:00:00,1864.30000000,1871.83000000,1863.02000000,1870.91000000,17988.20770000
5508,2023-07-08 00:00:00,1870.92000000,1876.00000000,1862.88000000,1863.94000000,24823.04670000
5509,2023-07-08 04:00:00,1863.93000000,1863.94000000,1855.00000000,1861.69000000,19542.09130000
5510,2023-07-08 08:00:00,1861.69000000,1867.80000000,1857.20000000,1859.01000000,17175.51580000
5511,2023-07-08 12:00:00,1859.01000000,1862.00000000,1855.86000000,1859.44000000,16243.83180000
5512,2023-07-08 16:00:00,1859.43000000,1866.00000000,1843.60000000,1846.89000000,25866.21330000
5513,2023-07-08 20:00:00,1846.90000000,1866.50000000,1842.80000000,1865.24000000,22169.12840000
5514,2023-07-09 00:00:00,1865.24000000,1874.45000000,1862.71000000,1867.84000000,22297.57770000
5515,2023-07-09 04:00:00,1867.85000000,1870.68000000,1864.04000000,1867.42000000,14594.98600000
5516,2023-07-09 08:00:00,1867.42000000,1870.04000000,1864.21000000,1868.98000000,14426.15240000
5517,2023-07-09 12:00:00,1868.98000000,1879.36000000,1856.66000000,1866.12000000,43748.40300000
5518,2023-07-09 16:00:00,1866.13000000,1868.79000000,1861.68000000,1868.42000000,14827.23910000
5519,2023-07-09 20:00:00,1868.42000000,1871.66000000,1856.15000000,1862.80000000,25152.01610000
5520,2023-07-10 00:00:00,1862.81000000,1867.77000000,1846.63000000,1861.66000000,39810.19730000
5521,2023-07-10 04:00:00,1861.66000000,1863.00000000,1852.55000000,1856.19000000,19900.24090000
5522,2023-07-10 08:00:00,1856.20000000,1865.32000000,1849.40000000,1864.00000000,30571.83740000
5523,2023-07-10 12:00:00,1863.99000000,1873.75000000,1860.20000000,1871.09000000,34293.22460000
5524,2023-07-10 16:00:00,1871.09000000,1901.11000000,1865.54000000,1899.98000000,62902.16490000
5525,2023-07-10 20:00:00,1899.98000000,1905.50000000,1866.75000000,1880.40000000,60390.48430000
5526,2023-07-11 00:00:00,1880.41000000,1884.54000000,1875.50000000,1879.81000000,25511.36960000
5527,2023-07-11 04:00:00,1879.82000000,1891.99000000,1876.90000000,1883.00000000,29221.11370000
5528,2023-07-11 08:00:00,1883.01000000,1883.82000000,1863.99000000,1867.55000000,39895.49860000
5529,2023-07-11 12:00:00,1867.55000000,1882.56000000,1862.38000000,1871.69000000,43651.87810000
5530,2023-07-11 16:00:00,1871.68000000,1876.35000000,1866.01000000,1874.93000000,24992.47920000
5531,2023-07-11 20:00:00,1874.92000000,1880.00000000,1871.78000000,1878.30000000,14499.27250000
5532,2023-07-12 00:00:00,1878.31000000,1889.38000000,1876.51000000,1880.24000000,31244.09090000
5533,2023-07-12 04:00:00,1880.24000000,1895.61000000,1878.54000000,1890.60000000,38964.37850000
5534,2023-07-12 08:00:00,1890.59000000,1892.00000000,1886.40000000,1890.65000000,22536.95780000
5535,2023-07-12 12:00:00,1890.65000000,1902.00000000,1878.20000000,1883.78000000,100975.27480000
5536,2023-07-12 16:00:00,1883.77000000,1891.50000000,1866.98000000,1870.04000000,47730.99080000
5537,2023-07-12 20:00:00,1870.04000000,1874.01000000,1864.37000000,1871.82000000,22955.17450000
5538,2023-07-13 00:00:00,1871.82000000,1876.13000000,1866.00000000,1867.40000000,20738.99470000
5539,2023-07-13 04:00:00,1867.40000000,1874.50000000,1862.59000000,1870.36000000,29150.27700000
5540,2023-07-13 08:00:00,1870.37000000,1885.21000000,1869.86000000,1883.72000000,27114.19540000
5541,2023-07-13 12:00:00,1883.72000000,1943.58000000,1876.11000000,1932.80000000,117763.54490000
5542,2023-07-13 16:00:00,1932.80000000,2012.63000000,1930.90000000,1995.25000000,295630.98900000
5543,2023-07-13 20:00:00,1995.26000000,2009.54000000,1971.28000000,2004.49000000,58463.41970000
5544,2023-07-14 00:00:00,2004.49000000,2029.11000000,2002.17000000,2009.26000000,92370.29990000
5545,2023-07-14 04:00:00,2009.25000000,2012.00000000,1987.11000000,1991.21000000,43854.00850000
5546,2023-07-14 08:00:00,1991.21000000,2003.42000000,1983.81000000,1992.22000000,47920.77490000
5547,2023-07-14 12:00:00,1992.22000000,2007.46000000,1984.70000000,1998.51000000,55839.72520000
5548,2023-07-14 16:00:00,1998.52000000,2001.18000000,1898.39000000,1912.91000000,205332.22130000
5549,2023-07-14 20:00:00,1912.90000000,1938.35000000,1900.33000000,1937.83000000,53407.00610000
5550,2023-07-15 00:00:00,1937.82000000,1937.83000000,1926.23000000,1930.35000000,25232.75710000
5551,2023-07-15 04:00:00,1930.34000000,1943.91000000,1926.99000000,1941.86000000,27658.71740000
5552,2023-07-15 08:00:00,1941.86000000,1946.37000000,1936.70000000,1939.82000000,24582.09570000
5553,2023-07-15 12:00:00,1939.83000000,1941.23000000,1929.00000000,1934.81000000,24867.58200000
5554,2023-07-15 16:00:00,1934.81000000,1939.05000000,1929.44000000,1933.68000000,20470.28650000
5555,2023-07-15 20:00:00,1933.67000000,1933.68000000,1926.60000000,1931.41000000,12370.32760000
5556,2023-07-16 00:00:00,1931.41000000,1937.72000000,1914.00000000,1923.01000000,37298.66420000
5557,2023-07-16 04:00:00,1923.00000000,1931.86000000,1920.61000000,1925.43000000,27077.31340000
5558,2023-07-16 08:00:00,1925.43000000,1936.52000000,1925.42000000,1933.01000000,16106.15540000
5559,2023-07-16 12:00:00,1933.02000000,1943.55000000,1928.84000000,1936.81000000,22995.05350000
5560,2023-07-16 16:00:00,1936.81000000,1939.43000000,1925.79000000,1927.78000000,17278.61650000
5561,2023-07-16 20:00:00,1927.79000000,1937.20000000,1916.73000000,1922.11000000,27911.30210000
5562,2023-07-17 00:00:00,1922.12000000,1932.60000000,1917.23000000,1931.23000000,27528.74700000
5563,2023-07-17 04:00:00,1931.22000000,1936.18000000,1926.71000000,1928.69000000,22800.19350000
5564,2023-07-17 08:00:00,1928.70000000,1931.35000000,1889.36000000,1910.09000000,62445.50760000
5565,2023-07-17 12:00:00,1910.09000000,1917.54000000,1900.33000000,1908.81000000,42008.21690000
5566,2023-07-17 16:00:00,1908.81000000,1913.20000000,1873.26000000,1886.39000000,84499.48820000
5567,2023-07-17 20:00:00,1886.39000000,1920.20000000,1885.83000000,1911.20000000,37876.88170000
5568,2023-07-18 00:00:00,1911.21000000,1917.19000000,1906.25000000,1908.88000000,19832.61410000
5569,2023-07-18 04:00:00,1908.88000000,1911.72000000,1893.36000000,1898.99000000,37921.28140000
5570,2023-07-18 08:00:00,1898.99000000,1909.64000000,1890.80000000,1894.15000000,39215.50980000
5571,2023-07-18 12:00:00,1894.15000000,1903.66000000,1885.08000000,1897.20000000,49833.12360000
5572,2023-07-18 16:00:00,1897.21000000,1903.58000000,1875.73000000,1892.05000000,47300.37750000
5573,2023-07-18 20:00:00,1892.05000000,1902.27000000,1889.57000000,1897.21000000,21677.59420000
5574,2023-07-19 00:00:00,1897.21000000,1915.44000000,1895.09000000,1912.48000000,34769.67940000
5575,2023-07-19 04:00:00,1912.48000000,1917.98000000,1907.00000000,1908.61000000,24293.15060000
5576,2023-07-19 08:00:00,1908.60000000,1911.95000000,1902.28000000,1909.28000000,19800.28210000
5577,2023-07-19 12:00:00,1909.29000000,1922.04000000,1894.24000000,1906.31000000,49036.47620000
5578,2023-07-19 16:00:00,1906.21000000,1917.74000000,1900.90000000,1910.00000000,39568.39720000
5579,2023-07-19 20:00:00,1910.00000000,1910.37000000,1882.17000000,1888.63000000,50577.01500000
5580,2023-07-20 00:00:00,1888.64000000,1899.90000000,1882.70000000,1894.33000000,26585.88120000
5581,2023-07-20 04:00:00,1894.32000000,1914.36000000,1893.35000000,1912.52000000,40669.35990000
5582,2023-07-20 08:00:00,1912.51000000,1929.05000000,1911.50000000,1921.47000000,64547.24270000
5583,2023-07-20 12:00:00,1921.47000000,1923.00000000,1884.45000000,1888.61000000,85310.57390000
5584,2023-07-20 16:00:00,1888.60000000,1893.67000000,1878.00000000,1887.98000000,52952.11130000
5585,2023-07-20 20:00:00,1887.97000000,1898.74000000,1882.31000000,1891.59000000,22842.34740000
5586,2023-07-21 00:00:00,1891.59000000,1901.76000000,1886.64000000,1896.77000000,26921.79960000
5587,2023-07-21 04:00:00,1896.78000000,1897.52000000,1887.60000000,1889.30000000,22884.39240000
5588,2023-07-21 08:00:00,1889.30000000,1894.15000000,1884.64000000,1889.25000000,27048.91080000
5589,2023-07-21 12:00:00,1889.24000000,1896.41000000,1886.17000000,1891.07000000,33510.72940000
5590,2023-07-21 16:00:00,1891.08000000,1905.74000000,1885.13000000,1894.64000000,41130.97970000
5591,2023-07-21 20:00:00,1894.65000000,1896.24000000,1890.59000000,1891.73000000,14057.23090000
5592,2023-07-22 00:00:00,1891.73000000,1897.35000000,1891.14000000,1892.85000000,16937.61070000
5593,2023-07-22 04:00:00,1892.84000000,1895.87000000,1890.42000000,1891.78000000,14398.51530000
5594,2023-07-22 08:00:00,1891.78000000,1894.53000000,1883.79000000,1888.02000000,17018.29640000
5595,2023-07-22 12:00:00,1888.01000000,1890.25000000,1885.00000000,1888.65000000,13733.42590000
5596,2023-07-22 16:00:00,1888.64000000,1890.59000000,1882.02000000,1887.28000000,13388.02490000
5597,2023-07-22 20:00:00,1887.28000000,1888.54000000,1851.18000000,1866.52000000,56425.77550000
5598,2023-07-23 00:00:00,1866.52000000,1873.40000000,1857.82000000,1869.28000000,32510.52020000
5599,2023-07-23 04:00:00,1869.28000000,1879.14000000,1869.27000000,1875.04000000,18561.23050000
5600,2023-07-23 08:00:00,1875.04000000,1878.43000000,1873.80000000,1874.69000000,10736.36740000
5601,2023-07-23 12:00:00,1874.68000000,1876.06000000,1872.04000000,1873.96000000,12915.73550000
5602,2023-07-23 16:00:00,1873.96000000,1905.25000000,1873.95000000,1889.13000000,54855.01530000
5603,2023-07-23 20:00:00,1889.13000000,1893.69000000,1875.23000000,1888.73000000,23922.14890000
5604,2023-07-24 00:00:00,1888.74000000,1890.86000000,1866.01000000,1868.36000000,30865.50760000
5605,2023-07-24 04:00:00,1868.35000000,1877.50000000,1862.60000000,1874.99000000,22275.80820000
5606,2023-07-24 08:00:00,1875.00000000,1875.00000000,1833.19000000,1853.04000000,88893.41550000
5607,2023-07-24 12:00:00,1853.04000000,1854.76000000,1834.66000000,1843.09000000,77063.60010000
5608,2023-07-24 16:00:00,1843.09000000,1851.21000000,1839.08000000,1849.38000000,41257.03500000
5609,2023-07-24 20:00:00,1849.39000000,1851.82000000,1845.34000000,1850.00000000,16149.18830000
5610,2023-07-25 00:00:00,1850.00000000,1856.44000000,1845.45000000,1850.81000000,20879.72130000
5611,2023-07-25 04:00:00,1850.82000000,1853.55000000,1846.49000000,1850.73000000,15572.42330000
5612,2023-07-25 08:00:00,1850.73000000,1863.20000000,1849.38000000,1853.40000000,25345.07160000
5613,2023-07-25 12:00:00,1853.39000000,1868.71000000,1852.34000000,1858.04000000,44230.60630000
5614,2023-07-25 16:00:00,1858.04000000,1866.38000000,1852.92000000,1857.08000000,29212.50970000
5615,2023-07-25 20:00:00,1857.08000000,1864.85000000,1856.01000000,1857.66000000,17010.87780000
5616,2023-07-26 00:00:00,1857.66000000,1866.94000000,1851.73000000,1858.70000000,29321.25340000
5617,2023-07-26 04:00:00,1858.69000000,1860.99000000,1852.08000000,1853.13000000,20614.77230000
5618,2023-07-26 08:00:00,1853.14000000,1855.99000000,1848.35000000,1851.10000000,25739.64650000
5619,2023-07-26 12:00:00,1851.10000000,1861.00000000,1850.20000000,1860.71000000,56942.01690000
5620,2023-07-26 16:00:00,1860.71000000,1883.00000000,1855.11000000,1873.19000000,89922.01380000
5621,2023-07-26 20:00:00,1873.19000000,1888.00000000,1866.60000000,1872.00000000,49550.83040000
5622,2023-07-27 00:00:00,1871.99000000,1879.07000000,1867.05000000,1876.08000000,25910.01920000
5623,2023-07-27 04:00:00,1876.07000000,1882.08000000,1864.70000000,1871.88000000,24961.51510000
5624,2023-07-27 08:00:00,1871.88000000,1886.11000000,1869.80000000,1876.77000000,34681.77930000
5625,2023-07-27 12:00:00,1876.76000000,1878.71000000,1863.99000000,1868.66000000,32006.89410000
5626,2023-07-27 16:00:00,1868.65000000,1869.22000000,1855.00000000,1860.86000000,29128.45360000
5627,2023-07-27 20:00:00,1860.85000000,1862.31000000,1854.84000000,1861.28000000,17077.76460000
5628,2023-07-28 00:00:00,1861.29000000,1864.99000000,1860.00000000,1862.84000000,13831.20960000
5629,2023-07-28 04:00:00,1862.85000000,1864.72000000,1856.52000000,1859.22000000,25037.50560000
5630,2023-07-28 08:00:00,1859.23000000,1869.04000000,1858.88000000,1866.64000000,27404.92070000
5631,2023-07-28 12:00:00,1866.63000000,1883.39000000,1866.60000000,1875.22000000,42674.57170000
5632,2023-07-28 16:00:00,1875.21000000,1879.56000000,1866.27000000,1874.08000000,21723.55450000
5633,2023-07-28 20:00:00,1874.09000000,1877.70000000,1872.51000000,1874.19000000,8023.95260000
5634,2023-07-29 00:00:00,1874.20000000,1877.00000000,1873.06000000,1873.61000000,10394.40740000
5635,2023-07-29 04:00:00,1873.62000000,1877.09000000,1871.19000000,1872.19000000,10974.26640000
5636,2023-07-29 08:00:00,1872.20000000,1873.68000000,1869.54000000,1870.47000000,12118.11110000
5637,2023-07-29 12:00:00,1870.47000000,1875.79000000,1870.47000000,1872.72000000,12494.28570000
5638,2023-07-29 16:00:00,1872.72000000,1879.34000000,1871.25000000,1877.96000000,10934.82330000
5639,2023-07-29 20:00:00,1877.96000000,1886.58000000,1877.96000000,1880.46000000,15951.13300000
5640,2023-07-30 00:00:00,1880.45000000,1881.52000000,1877.47000000,1878.50000000,9831.01910000
5641,2023-07-30 04:00:00,1878.50000000,1879.44000000,1873.44000000,1875.29000000,13824.81680000
5642,2023-07-30 08:00:00,1875.29000000,1876.88000000,1872.44000000,1876.18000000,18258.09970000
5643,2023-07-30 12:00:00,1876.18000000,1885.30000000,1871.37000000,1876.43000000,23862.12060000
5644,2023-07-30 16:00:00,1876.43000000,1879.21000000,1857.99000000,1862.51000000,39646.56460000
5645,2023-07-30 20:00:00,1862.52000000,1865.78000000,1848.17000000,1861.79000000,53234.96940000
5646,2023-07-31 00:00:00,1861.79000000,1877.40000000,1861.12000000,1869.14000000,30423.20700000
5647,2023-07-31 04:00:00,1869.15000000,1870.01000000,1862.42000000,1865.33000000,25975.28340000
5648,2023-07-31 08:00:00,1865.34000000,1870.00000000,1864.73000000,1867.80000000,22294.90100000
5649,2023-07-31 12:00:00,1867.80000000,1873.21000000,1856.67000000,1857.37000000,32968.33410000
5650,2023-07-31 16:00:00,1857.37000000,1863.12000000,1854.16000000,1856.49000000,32501.01100000
5651,2023-07-31 20:00:00,1856.50000000,1860.81000000,1851.02000000,1856.14000000,24041.71690000
5652,2023-08-01 00:00:00,1856.13000000,1864.70000000,1815.98000000,1826.49000000,95811.95350000
5653,2023-08-01 04:00:00,1826.49000000,1836.23000000,1821.28000000,1834.19000000,42260.04040000
5654,2023-08-01 08:00:00,1834.18000000,1837.37000000,1830.20000000,1830.70000000,28479.37730000
5655,2023-08-01 12:00:00,1830.70000000,1836.39000000,1813.80000000,1834.58000000,68891.50740000
5656,2023-08-01 16:00:00,1834.59000000,1857.46000000,1829.81000000,1850.96000000,62169.25600000
5657,2023-08-01 20:00:00,1850.95000000,1875.62000000,1846.71000000,1873.47000000,60863.96200000
5658,2023-08-02 00:00:00,1873.48000000,1879.74000000,1863.04000000,1863.28000000,52640.00420000
5659,2023-08-02 04:00:00,1863.29000000,1865.00000000,1856.16000000,1857.08000000,25212.11820000
5660,2023-08-02 08:00:00,1857.08000000,1861.01000000,1853.66000000,1859.90000000,30559.92040000
5661,2023-08-02 12:00:00,1859.89000000,1861.00000000,1834.44000000,1842.42000000,53955.07370000
5662,2023-08-02 16:00:00,1842.42000000,1847.53000000,1821.21000000,1841.84000000,68067.37370000
5663,2023-08-02 20:00:00,1841.85000000,1845.58000000,1837.60000000,1839.90000000,23778.56510000
5664,2023-08-03 00:00:00,1839.90000000,1846.07000000,1837.20000000,1840.73000000,20507.41740000
5665,2023-08-03 04:00:00,1840.72000000,1840.98000000,1832.00000000,1832.16000000,20941.47160000
5666,2023-08-03 08:00:00,1832.16000000,1838.78000000,1826.00000000,1837.62000000,26059.80700000
5667,2023-08-03 12:00:00,1837.63000000,1850.00000000,1833.70000000,1840.50000000,30375.87040000
5668,2023-08-03 16:00:00,1840.49000000,1859.12000000,1839.31000000,1845.48000000,40116.93660000
5669,2023-08-03 20:00:00,1845.47000000,1853.70000000,1831.11000000,1835.81000000,33146.54900000
5670,2023-08-04 00:00:00,1835.81000000,1839.07000000,1828.35000000,1834.30000000,22375.32790000
5671,2023-08-04 04:00:00,1834.30000000,1838.27000000,1831.21000000,1837.80000000,18858.39980000
5672,2023-08-04 08:00:00,1837.81000000,1840.58000000,1833.38000000,1834.60000000,20930.53690000
5673,2023-08-04 12:00:00,1834.60000000,1851.31000000,1831.50000000,1847.26000000,53087.66000000
5674,2023-08-04 16:00:00,1847.26000000,1848.57000000,1827.16000000,1831.33000000,38885.26830000
5675,2023-08-04 20:00:00,1831.34000000,1834.20000000,1815.74000000,1830.23000000,33562.26230000
5676,2023-08-05 00:00:00,1830.24000000,1834.02000000,1827.50000000,1832.49000000,18245.72540000
5677,2023-08-05 04:00:00,1832.48000000,1833.97000000,1828.69000000,1831.08000000,14574.17250000
5678,2023-08-05 08:00:00,1831.07000000,1835.00000000,1830.20000000,1832.74000000,11568.61580000
5679,2023-08-05 12:00:00,1832.74000000,1837.09000000,1830.51000000,1833.79000000,21354.15580000
5680,2023-08-05 16:00:00,1833.78000000,1839.00000000,1830.86000000,1835.49000000,18964.71250000
5681,2023-08-05 20:00:00,1835.50000000,1838.35000000,1834.28000000,1836.48000000,8949.94350000
5682,2023-08-06 00:00:00,1836.48000000,1838.58000000,1833.34000000,1834.77000000,15221.26480000
5683,2023-08-06 04:00:00,1834.78000000,1836.81000000,1832.36000000,1835.15000000,11974.24140000
5684,2023-08-06 08:00:00,1835.15000000,1837.86000000,1828.51000000,1832.39000000,18200.75750000
5685,2023-08-06 12:00:00,1832.39000000,1833.01000000,1825.86000000,1829.83000000,12577.79210000
