,date,open,high,low,close,volume
0,2021-01-01 00:00:00,1.50880000,1.61000000,1.49900000,1.60290000,403885.50000000
1,2021-01-01 04:00:00,1.60290000,1.64100000,1.58240000,1.61960000,474938.39000000
2,2021-01-01 08:00:00,1.61830000,1.64900000,1.57010000,1.62720000,458724.27000000
3,2021-01-01 12:00:00,1.62750000,1.65790000,1.58080000,1.64630000,651745.93000000
4,2021-01-01 16:00:00,1.64780000,1.83270000,1.61550000,1.72560000,1558078.20000000
5,2021-01-01 20:00:00,1.72600000,1.86000000,1.71420000,1.84210000,874619.16000000
6,2021-01-02 00:00:00,1.84210000,1.90710000,1.72440000,1.86140000,1310461.36000000
7,2021-01-02 04:00:00,1.86320000,1.86330000,1.74530000,1.75230000,618781.97000000
8,2021-01-02 08:00:00,1.75260000,1.79540000,1.71580000,1.76550000,603978.54000000
9,2021-01-02 12:00:00,1.76380000,1.85530000,1.71160000,1.77930000,845519.06000000
10,2021-01-02 16:00:00,1.77990000,2.00000000,1.75000000,1.91760000,1152091.72000000
11,2021-01-02 20:00:00,1.91880000,1.92050000,1.75080000,1.79990000,722986.97000000
12,2021-01-03 00:00:00,1.79980000,1.95000000,1.79730000,1.94620000,532881.90000000
13,2021-01-03 04:00:00,1.94670000,2.10000000,1.91430000,2.07090000,1041262.80000000
14,2021-01-03 08:00:00,2.06620000,2.38000000,2.06420000,2.26570000,2471257.28000000
15,2021-01-03 12:00:00,2.26570000,2.33840000,1.98930000,2.07420000,2031996.38000000
16,2021-01-03 16:00:00,2.07400000,2.11070000,1.89380000,1.96380000,1213604.29000000
17,2021-01-03 20:00:00,1.96380000,2.18500000,1.94720000,2.17790000,1027338.48000000
18,2021-01-04 00:00:00,2.17890000,2.40000000,2.10000000,2.30940000,1697574.43000000
19,2021-01-04 04:00:00,2.30900000,2.37580000,2.08270000,2.11680000,985579.79000000
20,2021-01-04 08:00:00,2.11530000,2.21380000,1.86000000,2.04290000,1753753.05000000
21,2021-01-04 12:00:00,2.04290000,2.34780000,2.01980000,2.27860000,1089168.53000000
22,2021-01-04 16:00:00,2.27570000,2.45000000,2.11790000,2.43970000,1018018.08000000
23,2021-01-04 20:00:00,2.43970000,2.49890000,2.18000000,2.49090000,1256720.92000000
24,2021-01-05 00:00:00,2.49110000,2.50930000,2.16730000,2.19270000,1284862.21000000
25,2021-01-05 04:00:00,2.19270000,2.25700000,2.06210000,2.18640000,1418837.77000000
26,2021-01-05 08:00:00,2.18670000,2.39770000,2.16960000,2.38400000,649144.49000000
27,2021-01-05 12:00:00,2.38820000,2.40960000,2.15020000,2.19480000,1255610.60000000
28,2021-01-05 16:00:00,2.19480000,2.34730000,2.17140000,2.23410000,869358.05000000
29,2021-01-05 20:00:00,2.23850000,2.25910000,2.11040000,2.16360000,1224193.87000000
30,2021-01-06 00:00:00,2.16360000,2.17610000,1.96920000,1.98930000,1419307.32000000
31,2021-01-06 04:00:00,1.98930000,2.06810000,1.93450000,2.01920000,1533555.23000000
32,2021-01-06 08:00:00,2.01650000,2.11870000,1.97340000,2.08000000,1416605.96000000
33,2021-01-06 12:00:00,2.08250000,2.18900000,2.05230000,2.08130000,1168757.56000000
34,2021-01-06 16:00:00,2.08010000,2.12650000,1.97430000,1.98100000,1473862.55000000
35,2021-01-06 20:00:00,1.97540000,2.05100000,1.90170000,1.94140000,1439440.85000000
36,2021-01-07 00:00:00,1.94040000,2.45000000,1.92140000,2.17550000,3906187.02000000
37,2021-01-07 04:00:00,2.18040000,2.27850000,2.12630000,2.12640000,861279.90000000
38,2021-01-07 08:00:00,2.12600000,2.38960000,2.00500000,2.20370000,7923928.63000000
39,2021-01-07 12:00:00,2.20360000,2.65000000,2.18830000,2.38340000,9917878.64000000
40,2021-01-07 16:00:00,2.38310000,2.44990000,2.15550000,2.36260000,5474369.74000000
41,2021-01-07 20:00:00,2.36290000,2.42300000,2.32830000,2.36350000,2777362.31000000
42,2021-01-08 00:00:00,2.36550000,2.42450000,2.17500000,2.26190000,3938806.46000000
43,2021-01-08 04:00:00,2.26160000,2.42950000,2.19250000,2.40950000,3379151.49000000
44,2021-01-08 08:00:00,2.40540000,3.40000000,2.19300000,3.15190000,9827803.45000000
45,2021-01-08 12:00:00,3.15550000,3.80000000,3.09160000,3.29920000,7946546.07000000
46,2021-01-08 16:00:00,3.30270000,3.54370000,3.18260000,3.21050000,2664799.18000000
47,2021-01-08 20:00:00,3.20340000,3.24960000,3.00000000,3.22140000,2109290.02000000
48,2021-01-09 00:00:00,3.21200000,3.27240000,3.04070000,3.16380000,1767362.31000000
49,2021-01-09 04:00:00,3.16100000,3.34000000,3.06030000,3.08340000,1621995.99000000
50,2021-01-09 08:00:00,3.08400000,3.34400000,3.07250000,3.13580000,1338094.64000000
51,2021-01-09 12:00:00,3.13580000,3.24010000,3.07290000,3.10660000,725522.43000000
52,2021-01-09 16:00:00,3.10110000,3.69980000,2.93000000,3.62380000,3049052.54000000
53,2021-01-09 20:00:00,3.63170000,3.67720000,3.36420000,3.38290000,1379160.74000000
54,2021-01-10 00:00:00,3.37340000,3.66050000,3.31510000,3.52650000,1005418.91000000
55,2021-01-10 04:00:00,3.52650000,3.75170000,3.52000000,3.73300000,530032.76000000
56,2021-01-10 08:00:00,3.73300000,3.73530000,3.16500000,3.25010000,1433639.64000000
57,2021-01-10 12:00:00,3.25010000,3.42930000,3.20380000,3.41370000,1079748.33000000
58,2021-01-10 16:00:00,3.41530000,3.45990000,3.25630000,3.32510000,904865.47000000
59,2021-01-10 20:00:00,3.32600000,3.50000000,3.15560000,3.44900000,866108.40000000
60,2021-01-11 00:00:00,3.44550000,3.52820000,3.03760000,3.13760000,1345320.45000000
61,2021-01-11 04:00:00,3.14380000,3.20100000,2.83620000,2.99460000,1282336.11000000
62,2021-01-11 08:00:00,2.99910000,3.15090000,2.84870000,2.85890000,1618049.62000000
63,2021-01-11 12:00:00,2.86480000,2.98960000,2.66700000,2.75980000,2590287.12000000
64,2021-01-11 16:00:00,2.75840000,2.90690000,2.57950000,2.85780000,1160835.08000000
65,2021-01-11 20:00:00,2.85790000,3.11650000,2.82060000,3.10160000,758864.69000000
66,2021-01-12 00:00:00,3.10160000,3.27990000,3.05800000,3.27080000,567930.66000000
67,2021-01-12 04:00:00,3.27100000,3.49990000,3.26290000,3.38240000,871010.70000000
68,2021-01-12 08:00:00,3.38240000,3.46950000,3.29300000,3.41850000,812800.82000000
69,2021-01-12 12:00:00,3.42070000,3.47800000,3.15000000,3.30390000,863494.36000000
70,2021-01-12 16:00:00,3.30640000,3.88000000,3.30640000,3.67770000,2619402.26000000
71,2021-01-12 20:00:00,3.67540000,3.69440000,3.45040000,3.63540000,1341272.88000000
72,2021-01-13 00:00:00,3.63540000,3.63700000,3.44250000,3.51280000,1111127.15000000
73,2021-01-13 04:00:00,3.51360000,3.52190000,3.26330000,3.48680000,1010576.17000000
74,2021-01-13 08:00:00,3.48880000,3.48950000,3.26500000,3.37080000,721928.25000000
75,2021-01-13 12:00:00,3.36560000,3.56600000,3.32640000,3.53980000,622893.71000000
76,2021-01-13 16:00:00,3.54070000,3.56040000,3.44550000,3.48310000,629419.33000000
77,2021-01-13 20:00:00,3.48310000,3.63090000,3.39200000,3.52420000,1027711.19000000
78,2021-01-14 00:00:00,3.52430000,3.53870000,3.36160000,3.38440000,467139.43000000
79,2021-01-14 04:00:00,3.38440000,3.50000000,3.32630000,3.40400000,766948.55000000
80,2021-01-14 08:00:00,3.40450000,3.47500000,3.35740000,3.42190000,698842.91000000
81,2021-01-14 12:00:00,3.42180000,3.59550000,3.36450000,3.48990000,1328853.62000000
82,2021-01-14 16:00:00,3.49510000,3.50720000,3.18140000,3.28860000,2420209.54000000
83,2021-01-14 20:00:00,3.28920000,3.32420000,3.20000000,3.29210000,740115.68000000
84,2021-01-15 00:00:00,3.29210000,3.44890000,3.27660000,3.32780000,798486.34000000
85,2021-01-15 04:00:00,3.32780000,3.38990000,3.24430000,3.37110000,594015.22000000
86,2021-01-15 08:00:00,3.37110000,3.42130000,3.32330000,3.37470000,744955.94000000
87,2021-01-15 12:00:00,3.37150000,3.41670000,3.09000000,3.10060000,1168855.12000000
88,2021-01-15 16:00:00,3.10040000,3.19770000,2.96180000,3.16150000,1050704.31000000
89,2021-01-15 20:00:00,3.16150000,3.27080000,3.12840000,3.24750000,455525.90000000
90,2021-01-16 00:00:00,3.24790000,3.46220000,3.24630000,3.45300000,1055070.94000000
91,2021-01-16 04:00:00,3.45070000,3.51530000,3.37280000,3.45740000,1046602.74000000
92,2021-01-16 08:00:00,3.46110000,3.55540000,3.40000000,3.41220000,1011764.12000000
93,2021-01-16 12:00:00,3.41220000,3.44890000,3.27690000,3.40240000,2051766.90000000
94,2021-01-16 16:00:00,3.40240000,3.64900000,3.31640000,3.58530000,2079144.26000000
95,2021-01-16 20:00:00,3.58370000,3.70810000,3.30000000,3.42470000,1318200.67000000
96,2021-01-17 00:00:00,3.42510000,3.71770000,3.30000000,3.71270000,1271138.71000000
97,2021-01-17 04:00:00,3.71270000,3.82970000,3.35110000,3.39260000,1570363.50000000
98,2021-01-17 08:00:00,3.38800000,3.60850000,3.30860000,3.60090000,900335.45000000
99,2021-01-17 12:00:00,3.60090000,3.61980000,3.45720000,3.55050000,1212467.87000000
100,2021-01-17 16:00:00,3.55670000,3.98690000,3.52400000,3.78620000,2125369.31000000
101,2021-01-17 20:00:00,3.78810000,3.98760000,3.75670000,3.82680000,1452224.97000000
102,2021-01-18 00:00:00,3.82430000,3.89970000,3.61670000,3.76070000,1535188.71000000
103,2021-01-18 04:00:00,3.75820000,4.02540000,3.72040000,4.01380000,896092.67000000
104,2021-01-18 08:00:00,4.00840000,4.17000000,3.86000000,3.91220000,1607917.26000000
105,2021-01-18 12:00:00,3.91280000,4.02880000,3.85170000,3.95740000,1039737.78000000
106,2021-01-18 16:00:00,3.96540000,4.03590000,3.86500000,3.90210000,503583.23000000
107,2021-01-18 20:00:00,3.90450000,3.91460000,3.74870000,3.78680000,644405.12000000
108,2021-01-19 00:00:00,3.78730000,4.04980000,3.75080000,3.96100000,730198.32000000
109,2021-01-19 04:00:00,3.96090000,4.01000000,3.77310000,3.81230000,1126732.67000000
110,2021-01-19 08:00:00,3.81230000,3.94930000,3.81000000,3.90000000,723466.29000000
111,2021-01-19 12:00:00,3.90000000,3.91000000,3.80000000,3.83360000,636871.41000000
112,2021-01-19 16:00:00,3.83360000,3.85780000,3.60000000,3.62950000,1028534.17000000
113,2021-01-19 20:00:00,3.63160000,3.72000000,3.60590000,3.62870000,522916.91000000
114,2021-01-20 00:00:00,3.62880000,3.72860000,3.52730000,3.54470000,750933.87000000
115,2021-01-20 04:00:00,3.54470000,3.62780000,3.53470000,3.61190000,388910.98000000
116,2021-01-20 08:00:00,3.61170000,3.62690000,3.36270000,3.41250000,1208978.64000000
117,2021-01-20 12:00:00,3.41250000,3.62750000,3.34000000,3.51580000,1344620.82000000
118,2021-01-20 16:00:00,3.51440000,3.68390000,3.44480000,3.67400000,594294.43000000
119,2021-01-20 20:00:00,3.67400000,3.74130000,3.64200000,3.71660000,513901.54000000
120,2021-01-21 00:00:00,3.71990000,3.74110000,3.50410000,3.53000000,675102.98000000
121,2021-01-21 04:00:00,3.52680000,3.59370000,3.51000000,3.55100000,300264.81000000
122,2021-01-21 08:00:00,3.55790000,3.55790000,3.36500000,3.48420000,831118.26000000
123,2021-01-21 12:00:00,3.48410000,3.50410000,3.30000000,3.30770000,913873.60000000
124,2021-01-21 16:00:00,3.30520000,3.38430000,3.23740000,3.31560000,729203.69000000
125,2021-01-21 20:00:00,3.31540000,3.32310000,2.97170000,2.98990000,936275.28000000
126,2021-01-22 00:00:00,2.98930000,3.19390000,2.52950000,3.15870000,2279174.59000000
127,2021-01-22 04:00:00,3.15860000,3.18850000,3.01340000,3.08130000,1576326.36000000
128,2021-01-22 08:00:00,3.09590000,3.22680000,3.05520000,3.21650000,552504.73000000
129,2021-01-22 12:00:00,3.21640000,3.45000000,3.20610000,3.39160000,911538.45000000
130,2021-01-22 16:00:00,3.39020000,3.49920000,3.34790000,3.42430000,721471.30000000
131,2021-01-22 20:00:00,3.43020000,3.43770000,3.30400000,3.33520000,440487.22000000
132,2021-01-23 00:00:00,3.33020000,3.42330000,3.30560000,3.42260000,257782.62000000
133,2021-01-23 04:00:00,3.41870000,3.55550000,3.40980000,3.55150000,473536.42000000
134,2021-01-23 08:00:00,3.55400000,3.60000000,3.44140000,3.45700000,617428.74000000
135,2021-01-23 12:00:00,3.45140000,3.55000000,3.44760000,3.47220000,407312.36000000
136,2021-01-23 16:00:00,3.48060000,3.53640000,3.45770000,3.51400000,270622.13000000
137,2021-01-23 20:00:00,3.51830000,3.55000000,3.46370000,3.50790000,242772.43000000
138,2021-01-24 00:00:00,3.50180000,3.57710000,3.47810000,3.55550000,276770.64000000
139,2021-01-24 04:00:00,3.55550000,3.72920000,3.54720000,3.72500000,615921.16000000
140,2021-01-24 08:00:00,3.72760000,3.79000000,3.70180000,3.74190000,363953.24000000
141,2021-01-24 12:00:00,3.74500000,3.75590000,3.56740000,3.59360000,479798.29000000
142,2021-01-24 16:00:00,3.59870000,3.64100000,3.52050000,3.55000000,439349.48000000
143,2021-01-24 20:00:00,3.54560000,3.63940000,3.54130000,3.62780000,281966.86000000
144,2021-01-25 00:00:00,3.62870000,3.69840000,3.54000000,3.54690000,568498.05000000
145,2021-01-25 04:00:00,3.54830000,3.61740000,3.48000000,3.51770000,648218.55000000
146,2021-01-25 08:00:00,3.51700000,3.59800000,3.43980000,3.57290000,1273397.34000000
147,2021-01-25 12:00:00,3.57470000,3.71620000,3.45350000,3.71160000,1073150.15000000
148,2021-01-25 16:00:00,3.71160000,3.99280000,3.60100000,3.89300000,2202057.86000000
149,2021-01-25 20:00:00,3.89300000,3.91970000,3.65300000,3.70380000,1026220.38000000
150,2021-01-26 00:00:00,3.70360000,3.96100000,3.68710000,3.73280000,988670.09000000
151,2021-01-26 04:00:00,3.73280000,3.84520000,3.70530000,3.75130000,493134.27000000
152,2021-01-26 08:00:00,3.75070000,4.05000000,3.73470000,4.01700000,1397630.68000000
153,2021-01-26 12:00:00,4.01650000,4.07030000,3.64780000,3.78820000,1552850.27000000
154,2021-01-26 16:00:00,3.78830000,4.03400000,3.74030000,4.02240000,1471147.81000000
155,2021-01-26 20:00:00,4.02340000,4.09700000,3.97920000,4.04100000,714870.78000000
156,2021-01-27 00:00:00,4.04180000,4.04220000,3.83790000,3.84380000,363799.99000000
157,2021-01-27 04:00:00,3.84890000,3.87430000,3.71010000,3.78580000,473842.46000000
158,2021-01-27 08:00:00,3.77910000,3.78100000,3.62330000,3.63130000,503509.65000000
159,2021-01-27 12:00:00,3.62540000,3.74570000,3.51140000,3.72530000,639994.02000000
160,2021-01-27 16:00:00,3.72480000,3.76020000,3.63840000,3.70110000,274381.36000000
161,2021-01-27 20:00:00,3.70210000,3.77160000,3.66000000,3.67500000,236230.34000000
162,2021-01-28 00:00:00,3.66400000,3.73870000,3.60000000,3.73190000,187575.25000000
163,2021-01-28 04:00:00,3.72890000,3.79690000,3.72890000,3.76040000,257854.86000000
164,2021-01-28 08:00:00,3.76340000,3.84780000,3.73580000,3.82350000,232629.02000000
165,2021-01-28 12:00:00,3.82350000,3.96000000,3.79230000,3.88840000,649180.91000000
166,2021-01-28 16:00:00,3.88870000,3.92050000,3.84310000,3.85420000,372551.89000000
167,2021-01-28 20:00:00,3.85100000,3.87700000,3.79000000,3.81000000,355633.08000000
168,2021-01-29 00:00:00,3.80920000,3.87420000,3.78750000,3.78750000,294885.34000000
169,2021-01-29 04:00:00,3.79070000,3.79350000,3.62770000,3.66640000,467558.16000000
170,2021-01-29 08:00:00,3.66620000,3.75510000,3.60000000,3.72800000,820352.11000000
171,2021-01-29 12:00:00,3.72490000,3.85700000,3.70190000,3.81300000,581884.08000000
172,2021-01-29 16:00:00,3.81330000,3.84500000,3.70360000,3.73880000,289338.23000000
173,2021-01-29 20:00:00,3.73750000,3.91200000,3.71840000,3.82930000,538150.94000000
174,2021-01-30 00:00:00,3.83010000,3.91880000,3.81360000,3.82860000,310175.53000000
175,2021-01-30 04:00:00,3.82840000,3.84000000,3.76670000,3.83280000,120446.33000000
176,2021-01-30 08:00:00,3.83610000,3.93000000,3.80010000,3.88100000,465840.79000000
177,2021-01-30 12:00:00,3.88730000,4.09650000,3.85560000,4.04260000,831611.13000000
178,2021-01-30 16:00:00,4.04260000,4.21160000,3.94470000,4.02000000,1028510.34000000
179,2021-01-30 20:00:00,4.02390000,4.31790000,4.02000000,4.22800000,1188070.92000000
180,2021-01-31 00:00:00,4.22800000,4.34530000,4.15400000,4.32400000,599084.45000000
181,2021-01-31 04:00:00,4.32400000,4.55000000,4.32090000,4.48670000,1103496.14000000
182,2021-01-31 08:00:00,4.48920000,4.80500000,4.46590000,4.55000000,1507240.60000000
183,2021-01-31 12:00:00,4.55000000,4.57710000,4.15990000,4.22660000,1213519.23000000
184,2021-01-31 16:00:00,4.22660000,4.39520000,4.17980000,4.29240000,611417.78000000
185,2021-01-31 20:00:00,4.29600000,4.35430000,4.24380000,4.25250000,404112.28000000
186,2021-02-01 00:00:00,4.25680000,4.25950000,4.10750000,4.21860000,378193.79000000
187,2021-02-01 04:00:00,4.22040000,4.22930000,4.13270000,4.17190000,227176.83000000
188,2021-02-01 08:00:00,4.16560000,4.41000000,4.13000000,4.36970000,440063.89000000
189,2021-02-01 12:00:00,4.37340000,4.39550000,4.19370000,4.20580000,356861.57000000
190,2021-02-01 16:00:00,4.21030000,4.49500000,4.20420000,4.49500000,361513.72000000
191,2021-02-01 20:00:00,4.49230000,4.61700000,4.39580000,4.61480000,333242.67000000
192,2021-02-02 00:00:00,4.61480000,4.92000000,4.46320000,4.80680000,1168783.90000000
193,2021-02-02 04:00:00,4.80390000,5.03000000,4.74370000,4.95600000,709477.05000000
194,2021-02-02 08:00:00,4.95620000,5.35850000,4.95620000,5.22000000,1650219.23000000
195,2021-02-02 12:00:00,5.22000000,5.25000000,5.02400000,5.06120000,568509.56000000
196,2021-02-02 16:00:00,5.05230000,5.26660000,5.03000000,5.16540000,534489.33000000
197,2021-02-02 20:00:00,5.16540000,5.40260000,5.11090000,5.23310000,647443.54000000
198,2021-02-03 00:00:00,5.24300000,5.30390000,5.09290000,5.10360000,325681.49000000
199,2021-02-03 04:00:00,5.09720000,5.24930000,5.05130000,5.18770000,432724.48000000
200,2021-02-03 08:00:00,5.18620000,5.22840000,5.12430000,5.22390000,233901.90000000
201,2021-02-03 12:00:00,5.22330000,5.63000000,5.18000000,5.60680000,1189246.53000000
202,2021-02-03 16:00:00,5.60510000,5.65790000,5.42840000,5.45540000,942480.66000000
203,2021-02-03 20:00:00,5.45540000,5.78300000,5.44370000,5.73110000,853423.66000000
204,2021-02-04 00:00:00,5.73390000,6.07880000,5.66120000,5.91100000,1731460.92000000
205,2021-02-04 04:00:00,5.91090000,6.03380000,5.82150000,5.83140000,695196.65000000
206,2021-02-04 08:00:00,5.83140000,5.87450000,5.56760000,5.76310000,795021.72000000
207,2021-02-04 12:00:00,5.76270000,5.95150000,5.63320000,5.70920000,569400.53000000
208,2021-02-04 16:00:00,5.71070000,5.93790000,5.65590000,5.88600000,471040.91000000
209,2021-02-04 20:00:00,5.88600000,6.54260000,5.88600000,6.40850000,1347261.66000000
210,2021-02-05 00:00:00,6.41810000,6.86490000,6.40860000,6.84510000,868617.63000000
211,2021-02-05 04:00:00,6.84510000,6.93060000,6.69330000,6.76680000,655615.23000000
212,2021-02-05 08:00:00,6.76650000,6.80580000,6.58770000,6.66290000,706173.88000000
213,2021-02-05 12:00:00,6.66290000,7.00000000,6.62560000,6.93160000,756324.84000000
214,2021-02-05 16:00:00,6.94110000,7.14380000,6.64100000,6.71600000,849748.18000000
215,2021-02-05 20:00:00,6.71820000,6.77650000,6.62680000,6.70050000,399045.73000000
216,2021-02-06 00:00:00,6.70010000,6.81810000,5.95280000,6.14570000,1451570.40000000
217,2021-02-06 04:00:00,6.14360000,6.14360000,5.88480000,5.98090000,706135.99000000
218,2021-02-06 08:00:00,5.97690000,6.26010000,5.97690000,6.00330000,784220.99000000
219,2021-02-06 12:00:00,6.00570000,6.07670000,5.77180000,5.79330000,655889.76000000
220,2021-02-06 16:00:00,5.79250000,6.11200000,5.70000000,6.08500000,722965.64000000
221,2021-02-06 20:00:00,6.08230000,6.35720000,6.06580000,6.12250000,719425.47000000
222,2021-02-07 00:00:00,6.12190000,6.18890000,5.85300000,5.90170000,398207.16000000
223,2021-02-07 04:00:00,5.90170000,5.96660000,5.75000000,5.90790000,453759.47000000
224,2021-02-07 08:00:00,5.90790000,6.69140000,5.90790000,6.65910000,1129905.04000000
225,2021-02-07 12:00:00,6.66000000,6.88070000,6.18880000,6.45510000,1558357.38000000
226,2021-02-07 16:00:00,6.45990000,6.70540000,6.11000000,6.54420000,961807.05000000
227,2021-02-07 20:00:00,6.54820000,6.69760000,6.46660000,6.69760000,609030.79000000
228,2021-02-08 00:00:00,6.69310000,6.73250000,6.45540000,6.64590000,625358.75000000
229,2021-02-08 04:00:00,6.63670000,7.63890000,6.63370000,7.55870000,1823605.33000000
230,2021-02-08 08:00:00,7.55770000,7.71580000,7.36860000,7.48680000,981300.02000000
231,2021-02-08 12:00:00,7.48760000,7.82260000,7.00000000,7.75510000,1144139.50000000
232,2021-02-08 16:00:00,7.75500000,8.07800000,7.52480000,8.03440000,1357388.63000000
233,2021-02-08 20:00:00,8.03360000,8.07110000,7.81230000,7.85500000,787358.85000000
234,2021-02-09 00:00:00,7.86510000,8.49450000,7.67800000,8.32800000,1029762.29000000
235,2021-02-09 04:00:00,8.33190000,8.41580000,7.68000000,8.06450000,634920.60000000
236,2021-02-09 08:00:00,8.07000000,8.43770000,7.68010000,7.75960000,1505474.66000000
237,2021-02-09 12:00:00,7.74780000,7.81110000,7.55000000,7.69500000,712765.91000000
238,2021-02-09 16:00:00,7.69450000,7.94380000,7.59490000,7.91640000,538532.74000000
239,2021-02-09 20:00:00,7.92680000,8.00000000,7.78760000,7.80050000,382033.17000000
240,2021-02-10 00:00:00,7.80050000,8.37870000,7.72590000,8.30960000,781891.79000000
241,2021-02-10 04:00:00,8.30050000,8.30950000,8.06880000,8.16810000,472297.55000000
242,2021-02-10 08:00:00,8.16810000,8.40000000,8.15460000,8.24560000,492054.12000000
243,2021-02-10 12:00:00,8.24560000,8.28110000,7.26000000,7.78060000,952534.91000000
244,2021-02-10 16:00:00,7.78330000,8.37630000,7.64350000,8.35730000,506451.51000000
245,2021-02-10 20:00:00,8.35610000,9.09000000,8.28180000,9.09000000,1214191.91000000
246,2021-02-11 00:00:00,9.08970000,9.26000000,8.72000000,8.94890000,728202.72000000
247,2021-02-11 04:00:00,8.95540000,9.59980000,8.93970000,9.45590000,991220.13000000
248,2021-02-11 08:00:00,9.45220000,9.74250000,9.06520000,9.15900000,1976962.80000000
249,2021-02-11 12:00:00,9.15780000,9.45740000,9.13080000,9.27480000,640382.38000000
250,2021-02-11 16:00:00,9.26890000,9.40850000,8.99890000,9.12190000,754326.75000000
251,2021-02-11 20:00:00,9.11880000,9.28420000,8.88530000,9.20040000,603783.99000000
252,2021-02-12 00:00:00,9.20580000,9.64640000,9.03530000,9.42420000,604507.70000000
253,2021-02-12 04:00:00,9.41800000,9.43280000,9.14400000,9.33770000,438938.92000000
254,2021-02-12 08:00:00,9.33250000,9.88740000,9.29140000,9.76620000,471706.91000000
255,2021-02-12 12:00:00,9.76620000,9.93000000,9.20660000,9.54190000,662433.14000000
256,2021-02-12 16:00:00,9.54040000,9.73350000,9.42330000,9.44210000,380831.02000000
257,2021-02-12 20:00:00,9.45250000,9.49840000,9.19760000,9.20000000,308841.15000000
258,2021-02-13 00:00:00,9.20070000,9.40600000,9.14030000,9.39410000,434184.13000000
259,2021-02-13 04:00:00,9.39480000,9.51170000,9.13230000,9.14510000,426745.26000000
260,2021-02-13 08:00:00,9.15000000,9.33900000,8.65960000,8.86090000,818735.89000000
261,2021-02-13 12:00:00,8.87620000,9.15460000,8.68570000,9.06700000,784255.81000000
262,2021-02-13 16:00:00,9.07000000,9.15580000,8.86470000,8.88840000,519810.66000000
263,2021-02-13 20:00:00,8.89590000,8.89590000,8.65800000,8.74410000,503746.93000000
264,2021-02-14 00:00:00,8.74480000,9.23000000,8.56700000,8.90880000,843471.99000000
265,2021-02-14 04:00:00,8.91990000,9.02760000,8.57800000,8.70830000,492997.59000000
266,2021-02-14 08:00:00,8.71400000,8.74190000,8.55010000,8.56990000,306301.79000000
267,2021-02-14 12:00:00,8.56990000,8.82360000,8.52930000,8.67730000,720383.05000000
268,2021-02-14 16:00:00,8.68270000,8.99330000,8.66320000,8.85170000,332019.47000000
269,2021-02-14 20:00:00,8.84120000,8.91020000,8.70550000,8.71580000,194775.15000000
270,2021-02-15 00:00:00,8.72340000,8.79880000,7.70000000,8.11480000,966891.12000000
271,2021-02-15 04:00:00,8.11930000,8.31740000,7.90340000,8.28920000,372428.21000000
272,2021-02-15 08:00:00,8.29090000,8.64450000,8.19000000,8.62760000,369578.65000000
273,2021-02-15 12:00:00,8.62800000,9.13980000,8.50000000,8.91320000,712033.62000000
274,2021-02-15 16:00:00,8.91470000,9.38000000,8.83330000,9.19430000,656445.04000000
275,2021-02-15 20:00:00,9.19410000,9.31710000,8.66100000,8.85160000,347519.55000000
276,2021-02-16 00:00:00,8.86600000,9.00000000,8.57980000,8.90370000,320649.11000000
277,2021-02-16 04:00:00,8.89880000,8.89880000,8.48400000,8.72110000,475550.81000000
278,2021-02-16 08:00:00,8.72880000,8.79230000,8.57360000,8.57500000,229537.57000000
279,2021-02-16 12:00:00,8.58090000,8.71000000,8.37780000,8.38990000,458776.76000000
280,2021-02-16 16:00:00,8.38130000,8.40820000,8.01030000,8.14170000,457008.89000000
281,2021-02-16 20:00:00,8.14870000,8.31690000,7.96010000,8.30020000,315694.55000000
282,2021-02-17 00:00:00,8.30350000,8.31960000,7.68850000,7.71250000,701878.99000000
283,2021-02-17 04:00:00,7.70570000,7.97580000,7.51820000,7.94870000,661475.56000000
284,2021-02-17 08:00:00,7.96030000,8.18210000,7.83210000,8.10480000,391162.69000000
285,2021-02-17 12:00:00,8.10840000,8.35420000,8.02430000,8.23190000,660266.80000000
286,2021-02-17 16:00:00,8.23190000,8.45000000,8.10000000,8.40130000,642203.87000000
287,2021-02-17 20:00:00,8.39420000,8.42190000,8.20330000,8.23570000,274657.53000000
288,2021-02-18 00:00:00,8.24120000,8.59350000,8.23000000,8.45990000,250581.83000000
289,2021-02-18 04:00:00,8.45990000,8.64750000,8.44080000,8.54840000,154699.03000000
290,2021-02-18 08:00:00,8.54840000,8.58460000,8.42380000,8.51780000,206657.33000000
291,2021-02-18 12:00:00,8.51780000,9.24670000,8.41250000,9.24100000,1037154.63000000
292,2021-02-18 16:00:00,9.23680000,9.32000000,8.93360000,9.03300000,659426.54000000
293,2021-02-18 20:00:00,9.04320000,9.08000000,8.91510000,8.97710000,171339.83000000
294,2021-02-19 00:00:00,8.98800000,9.10280000,8.52570000,8.68180000,815890.12000000
295,2021-02-19 04:00:00,8.67190000,9.50420000,8.55740000,9.49140000,1197088.99000000
296,2021-02-19 08:00:00,9.49140000,9.89070000,9.32700000,9.84920000,934821.30000000
297,2021-02-19 12:00:00,9.84920000,11.85000000,9.83790000,10.95130000,2775575.63000000
298,2021-02-19 16:00:00,10.95110000,11.53850000,10.90970000,11.46960000,624315.79000000
299,2021-02-19 20:00:00,11.46960000,11.53810000,10.84740000,11.49120000,758631.23000000
300,2021-02-20 00:00:00,11.48450000,11.83270000,10.84780000,11.10030000,1095388.66000000
301,2021-02-20 04:00:00,11.10310000,11.35090000,10.90370000,10.90370000,381604.97000000
302,2021-02-20 08:00:00,10.90480000,11.09150000,10.61360000,10.79230000,640676.58000000
303,2021-02-20 12:00:00,10.78000000,10.98060000,9.75400000,10.25330000,1174398.41000000
304,2021-02-20 16:00:00,10.25330000,10.60500000,10.20640000,10.44810000,539801.44000000
305,2021-02-20 20:00:00,10.45020000,10.49480000,9.79260000,9.98690000,899454.31000000
306,2021-02-21 00:00:00,9.98490000,10.44590000,9.81010000,10.21160000,454619.65000000
307,2021-02-21 04:00:00,10.21350000,10.28120000,9.99000000,10.03020000,302258.82000000
308,2021-02-21 08:00:00,10.02950000,10.74460000,9.96640000,10.72980000,368235.53000000
309,2021-02-21 12:00:00,10.72830000,10.99000000,10.40900000,10.59900000,657405.51000000
310,2021-02-21 16:00:00,10.59670000,11.67070000,10.58310000,11.30970000,1223898.72000000
311,2021-02-21 20:00:00,11.31000000,11.31570000,10.81160000,11.07530000,687846.92000000
312,2021-02-22 00:00:00,11.07380000,11.13550000,10.47260000,10.51360000,626552.10000000
313,2021-02-22 04:00:00,10.50500000,10.76120000,10.30000000,10.65520000,815459.08000000
314,2021-02-22 08:00:00,10.66510000,10.86000000,9.67260000,9.91620000,2915386.49000000
315,2021-02-22 12:00:00,9.91620000,10.50000000,9.10000000,10.27090000,2013854.06000000
316,2021-02-22 16:00:00,10.27470000,14.02380000,10.17160000,13.32000000,5606881.07000000
317,2021-02-22 20:00:00,13.31650000,14.80000000,13.00000000,14.41910000,2733538.00000000
318,2021-02-23 00:00:00,14.41760000,15.24220000,13.54760000,13.99300000,3749727.31000000
319,2021-02-23 04:00:00,13.98670000,14.18810000,12.55000000,13.12380000,2555273.65000000
320,2021-02-23 08:00:00,13.11460000,14.79980000,11.47000000,14.00570000,6783757.94000000
321,2021-02-23 12:00:00,14.00860000,15.88880000,13.20860000,15.39020000,6101708.02000000
322,2021-02-23 16:00:00,15.40000000,15.80000000,14.23000000,14.26020000,3466815.51000000
323,2021-02-23 20:00:00,14.27540000,15.25000000,13.97950000,15.22440000,1649038.33000000
324,2021-02-24 00:00:00,15.23890000,16.40000000,14.79170000,15.99860000,2101677.59000000
325,2021-02-24 04:00:00,15.99060000,16.27200000,15.25560000,15.58330000,1399051.00000000
326,2021-02-24 08:00:00,15.58860000,16.09360000,15.53440000,15.80970000,1083624.70000000
327,2021-02-24 12:00:00,15.82000000,17.15580000,15.76990000,16.67600000,2483808.52000000
328,2021-02-24 16:00:00,16.67340000,18.20520000,16.56610000,17.43000000,1985884.12000000
329,2021-02-24 20:00:00,17.42320000,17.73000000,16.96450000,17.16910000,1723498.82000000
330,2021-02-25 00:00:00,17.17450000,17.69000000,15.95000000,16.35000000,2009496.39000000
331,2021-02-25 04:00:00,16.35000000,16.67870000,15.91360000,16.31190000,1398118.25000000
332,2021-02-25 08:00:00,16.31830000,16.38520000,15.53200000,16.16460000,1337974.87000000
333,2021-02-25 12:00:00,16.17720000,16.48990000,15.66700000,16.08510000,1342918.53000000
334,2021-02-25 16:00:00,16.09950000,16.19020000,15.05620000,15.26920000,1798708.44000000
335,2021-02-25 20:00:00,15.26920000,15.27440000,13.65790000,13.84420000,1633157.44000000
336,2021-02-26 00:00:00,13.85650000,14.64320000,13.20000000,14.63000000,1564108.50000000
337,2021-02-26 04:00:00,14.64100000,14.71570000,13.10000000,13.33860000,1268846.55000000
338,2021-02-26 08:00:00,13.36200000,14.21060000,13.35650000,13.81270000,1210925.18000000
339,2021-02-26 12:00:00,13.81300000,14.49470000,13.70020000,14.44980000,1193589.47000000
340,2021-02-26 16:00:00,14.44390000,15.50830000,14.35370000,14.72000000,1495945.31000000
341,2021-02-26 20:00:00,14.72000000,14.82840000,13.32220000,13.59620000,1296098.16000000
342,2021-02-27 00:00:00,13.58640000,14.83590000,13.53340000,14.23480000,1196010.62000000
343,2021-02-27 04:00:00,14.23500000,14.32030000,13.55000000,13.87830000,1071567.90000000
344,2021-02-27 08:00:00,13.88890000,13.99410000,13.31830000,13.93140000,1029431.01000000
345,2021-02-27 12:00:00,13.92120000,14.44430000,13.34720000,13.38750000,1768085.64000000
346,2021-02-27 16:00:00,13.38660000,13.85000000,13.33420000,13.82490000,504294.86000000
347,2021-02-27 20:00:00,13.83000000,13.93000000,13.01000000,13.19160000,663073.16000000
348,2021-02-28 00:00:00,13.18530000,13.33390000,12.02800000,12.07000000,1618388.25000000
349,2021-02-28 04:00:00,12.07850000,12.46220000,11.97000000,12.13650000,877029.76000000
350,2021-02-28 08:00:00,12.15290000,12.54460000,12.14100000,12.38060000,541355.42000000
351,2021-02-28 12:00:00,12.38690000,12.47760000,11.41700000,11.52130000,1103152.94000000
352,2021-02-28 16:00:00,11.51290000,13.50100000,11.43160000,13.24210000,1727879.07000000
353,2021-02-28 20:00:00,13.27410000,13.77390000,12.92890000,13.08870000,1363539.31000000
354,2021-03-01 00:00:00,13.08000000,14.28840000,13.01020000,13.92870000,1306611.14000000
355,2021-03-01 04:00:00,13.94140000,14.81000000,13.82040000,14.51170000,1154162.14000000
356,2021-03-01 08:00:00,14.51530000,15.02230000,14.39620000,14.83630000,800915.53000000
357,2021-03-01 12:00:00,14.83340000,15.51870000,14.54240000,15.45560000,1171751.61000000
358,2021-03-01 16:00:00,15.45470000,15.54690000,14.63730000,14.80470000,712596.15000000
359,2021-03-01 20:00:00,14.80330000,15.10000000,14.55650000,14.98550000,365211.69000000
360,2021-03-02 00:00:00,14.99890000,15.25000000,14.19410000,14.34060000,916765.39000000
361,2021-03-02 04:00:00,14.34080000,14.60170000,14.22000000,14.30240000,359932.46000000
362,2021-03-02 08:00:00,14.29290000,14.76600000,14.27390000,14.55270000,374789.59000000
363,2021-03-02 12:00:00,14.55490000,15.10000000,14.50660000,14.64110000,512109.68000000
364,2021-03-02 16:00:00,14.64810000,14.72960000,13.35440000,13.67040000,1295458.88000000
365,2021-03-02 20:00:00,13.66990000,14.01990000,13.50010000,13.94380000,669370.11000000
366,2021-03-03 00:00:00,13.95460000,14.15000000,13.70180000,14.03880000,425104.27000000
367,2021-03-03 04:00:00,14.02350000,14.32060000,13.90000000,14.19940000,519849.97000000
368,2021-03-03 08:00:00,14.19790000,14.69990000,14.13100000,14.53430000,502020.87000000
369,2021-03-03 12:00:00,14.54950000,14.63010000,13.90000000,14.16520000,663120.18000000
370,2021-03-03 16:00:00,14.15870000,14.73800000,14.08130000,14.31120000,815439.95000000
371,2021-03-03 20:00:00,14.29370000,14.31100000,14.02600000,14.07420000,351792.69000000
372,2021-03-04 00:00:00,14.09360000,14.27370000,13.75010000,13.77260000,445571.48000000
373,2021-03-04 04:00:00,13.76980000,13.87960000,13.56740000,13.72580000,405576.45000000
374,2021-03-04 08:00:00,13.74600000,13.89200000,13.29410000,13.44540000,423750.23000000
375,2021-03-04 12:00:00,13.44390000,13.71200000,13.34840000,13.45350000,430392.85000000
376,2021-03-04 16:00:00,13.46130000,13.52990000,12.73600000,12.90610000,727300.22000000
377,2021-03-04 20:00:00,12.91910000,13.15350000,12.75000000,13.05080000,331781.14000000
378,2021-03-05 00:00:00,13.06490000,13.09920000,12.35000000,12.55910000,448409.61000000
379,2021-03-05 04:00:00,12.55790000,12.59000000,12.25080000,12.50380000,220106.62000000
380,2021-03-05 08:00:00,12.49040000,12.52970000,12.12510000,12.51160000,234841.59000000
381,2021-03-05 12:00:00,12.52710000,13.03180000,12.42000000,12.71740000,465770.53000000
382,2021-03-05 16:00:00,12.73040000,12.78340000,12.28070000,12.54380000,439385.83000000
383,2021-03-05 20:00:00,12.54270000,12.78370000,12.48500000,12.53820000,260877.07000000
384,2021-03-06 00:00:00,12.55070000,12.67140000,12.27440000,12.37160000,198571.90000000
385,2021-03-06 04:00:00,12.37370000,12.50840000,12.23020000,12.28930000,308092.21000000
386,2021-03-06 08:00:00,12.30070000,12.39540000,12.00250000,12.08480000,323584.26000000
387,2021-03-06 12:00:00,12.08480000,13.00000000,11.90000000,12.27730000,1018957.20000000
388,2021-03-06 16:00:00,12.27240000,12.90000000,12.22110000,12.89500000,527401.22000000
389,2021-03-06 20:00:00,12.89500000,13.31000000,12.86310000,13.04210000,685067.44000000
390,2021-03-07 00:00:00,13.04430000,13.22000000,12.91900000,12.92700000,336407.27000000
391,2021-03-07 04:00:00,12.94980000,13.02320000,12.70490000,12.75770000,211683.79000000
392,2021-03-07 08:00:00,12.75780000,13.63100000,12.75670000,13.62530000,782132.39000000
393,2021-03-07 12:00:00,13.62530000,13.94760000,13.37930000,13.53000000,794606.52000000
394,2021-03-07 16:00:00,13.54760000,14.01400000,13.54760000,13.73590000,493311.49000000
395,2021-03-07 20:00:00,13.73460000,13.94990000,13.52340000,13.81740000,381276.79000000
396,2021-03-08 00:00:00,13.81740000,13.90600000,13.36780000,13.44250000,258600.93000000
397,2021-03-08 04:00:00,13.43980000,13.60780000,13.26530000,13.31560000,225018.91000000
398,2021-03-08 08:00:00,13.31020000,13.39000000,13.13800000,13.27490000,453793.85000000
399,2021-03-08 12:00:00,13.27490000,13.79990000,12.99600000,13.61710000,725181.78000000
400,2021-03-08 16:00:00,13.62570000,13.81500000,13.55330000,13.70310000,242118.91000000
401,2021-03-08 20:00:00,13.71380000,13.74000000,13.47470000,13.60280000,211970.14000000
402,2021-03-09 00:00:00,13.60800000,13.94090000,13.19850000,13.91970000,501740.50000000
403,2021-03-09 04:00:00,13.91970000,14.18000000,13.79630000,13.87730000,416619.37000000
404,2021-03-09 08:00:00,13.87920000,14.39840000,13.87920000,14.28980000,385757.88000000
405,2021-03-09 12:00:00,14.29990000,14.84740000,13.98410000,14.66800000,675285.04000000
406,2021-03-09 16:00:00,14.68060000,14.84860000,14.43690000,14.82880000,320762.19000000
407,2021-03-09 20:00:00,14.82880000,14.99210000,14.70070000,14.83900000,294325.92000000
408,2021-03-10 00:00:00,14.85000000,15.21180000,14.07420000,14.21700000,642653.32000000
409,2021-03-10 04:00:00,14.22700000,14.56240000,14.16030000,14.52010000,174785.12000000
410,2021-03-10 08:00:00,14.50670000,14.75480000,14.34480000,14.71670000,352980.66000000
411,2021-03-10 12:00:00,14.70550000,14.87540000,14.62120000,14.78090000,277868.84000000
412,2021-03-10 16:00:00,14.77660000,14.81320000,14.60940000,14.65100000,176237.04000000
413,2021-03-10 20:00:00,14.65860000,14.67080000,14.05250000,14.20480000,319401.12000000
414,2021-03-11 00:00:00,14.20110000,14.25720000,13.84260000,14.09160000,350300.04000000
415,2021-03-11 04:00:00,14.06910000,14.14410000,13.88650000,13.90910000,189251.44000000
416,2021-03-11 08:00:00,13.89780000,14.25650000,13.67000000,14.08940000,522559.53000000
417,2021-03-11 12:00:00,14.08830000,14.66440000,14.01560000,14.23250000,753228.74000000
418,2021-03-11 16:00:00,14.24880000,16.14700000,14.24870000,15.74130000,1845293.35000000
419,2021-03-11 20:00:00,15.73000000,16.32220000,15.59140000,16.03100000,465109.47000000
420,2021-03-12 00:00:00,16.05190000,16.50000000,15.71010000,16.12190000,460687.34000000
421,2021-03-12 04:00:00,16.11090000,16.40000000,15.84230000,16.05660000,472327.38000000
422,2021-03-12 08:00:00,16.03570000,16.13000000,15.37170000,15.55350000,614443.76000000
423,2021-03-12 12:00:00,15.54500000,15.59820000,14.96460000,15.51100000,591422.33000000
424,2021-03-12 16:00:00,15.51750000,15.59390000,14.45000000,14.68620000,912996.54000000
425,2021-03-12 20:00:00,14.68610000,14.78140000,14.08030000,14.55970000,626511.03000000
426,2021-03-13 00:00:00,14.55320000,14.60020000,13.84390000,14.13730000,506476.80000000
427,2021-03-13 04:00:00,14.12880000,14.51960000,14.06800000,14.37960000,303770.52000000
428,2021-03-13 08:00:00,14.38560000,14.87170000,14.31600000,14.62160000,746559.25000000
429,2021-03-13 12:00:00,14.62420000,15.14320000,14.53390000,14.88070000,454353.44000000
430,2021-03-13 16:00:00,14.89260000,15.33250000,14.85120000,15.00000000,404216.55000000
431,2021-03-13 20:00:00,15.01000000,15.40720000,15.00530000,15.30330000,216943.81000000
432,2021-03-14 00:00:00,15.29020000,15.37600000,14.93140000,15.03260000,290023.02000000
433,2021-03-14 04:00:00,15.02420000,15.02590000,14.54320000,14.55960000,388503.04000000
434,2021-03-14 08:00:00,14.55960000,14.85040000,14.33990000,14.52410000,322254.56000000
435,2021-03-14 12:00:00,14.52410000,14.67280000,14.43470000,14.47990000,273477.00000000
436,2021-03-14 16:00:00,14.48070000,15.04570000,14.39680000,14.85850000,232793.31000000
437,2021-03-14 20:00:00,14.85710000,14.91790000,14.43620000,14.46050000,243194.01000000
438,2021-03-15 00:00:00,14.46100000,14.78820000,14.38480000,14.76630000,255399.85000000
439,2021-03-15 04:00:00,14.76420000,14.82140000,13.72330000,13.93590000,627643.99000000
440,2021-03-15 08:00:00,13.93040000,14.35000000,13.61790000,14.25870000,489364.42000000
441,2021-03-15 12:00:00,14.24650000,14.38040000,14.03870000,14.08650000,262023.64000000
442,2021-03-15 16:00:00,14.09690000,14.29930000,13.97700000,14.27250000,189074.32000000
443,2021-03-15 20:00:00,14.29630000,14.39920000,14.09350000,14.15770000,197443.71000000
444,2021-03-16 00:00:00,14.15860000,14.29330000,13.47170000,13.50150000,457602.15000000
445,2021-03-16 04:00:00,13.50150000,13.65210000,13.13890000,13.55090000,452356.72000000
446,2021-03-16 08:00:00,13.55550000,13.91000000,13.53000000,13.63060000,378291.64000000
447,2021-03-16 12:00:00,13.63850000,13.77300000,13.46460000,13.76500000,361307.21000000
448,2021-03-16 16:00:00,13.77110000,14.00400000,13.51040000,13.79500000,624887.61000000
449,2021-03-16 20:00:00,13.79500000,13.86990000,13.60000000,13.63920000,227212.16000000
450,2021-03-17 00:00:00,13.63790000,13.72810000,13.37420000,13.39030000,227614.14000000
451,2021-03-17 04:00:00,13.39030000,13.56240000,13.33000000,13.51280000,175478.90000000
452,2021-03-17 08:00:00,13.52080000,13.59120000,13.03260000,13.30590000,339589.77000000
453,2021-03-17 12:00:00,13.29760000,13.49840000,13.21370000,13.47140000,234994.70000000
454,2021-03-17 16:00:00,13.47150000,14.26850000,13.44290000,14.16490000,494422.49000000
455,2021-03-17 20:00:00,14.16490000,14.25780000,13.94230000,14.20180000,230906.56000000
456,2021-03-18 00:00:00,14.19870000,14.48440000,14.13760000,14.18470000,310476.58000000
457,2021-03-18 04:00:00,14.19310000,14.35740000,14.09360000,14.21800000,177413.07000000
458,2021-03-18 08:00:00,14.22470000,14.30000000,14.01750000,14.06000000,182436.10000000
459,2021-03-18 12:00:00,14.05750000,14.20000000,13.95700000,14.19760000,223479.25000000
460,2021-03-18 16:00:00,14.20000000,14.75000000,14.11500000,14.31470000,470296.16000000
461,2021-03-18 20:00:00,14.31070000,14.38780000,14.18390000,14.20400000,212570.55000000
462,2021-03-19 00:00:00,14.21530000,14.21780000,13.85540000,14.09990000,233178.66000000
463,2021-03-19 04:00:00,14.09990000,14.25010000,13.97790000,14.00050000,341744.66000000
464,2021-03-19 08:00:00,14.00050000,14.18990000,13.98020000,14.18000000,178389.21000000
465,2021-03-19 12:00:00,14.17670000,14.48830000,14.10200000,14.36000000,273505.77000000
466,2021-03-19 16:00:00,14.36860000,14.46280000,14.26920000,14.32380000,203573.23000000
467,2021-03-19 20:00:00,14.32380000,14.39420000,14.03190000,14.15520000,231370.76000000
468,2021-03-20 00:00:00,14.15880000,14.33880000,14.09000000,14.32510000,221765.48000000
469,2021-03-20 04:00:00,14.31640000,14.56360000,14.27210000,14.51400000,168437.14000000
470,2021-03-20 08:00:00,14.52300000,14.80830000,14.45050000,14.80080000,273103.60000000
471,2021-03-20 12:00:00,14.80780000,14.97930000,14.61970000,14.68810000,317213.65000000
472,2021-03-20 16:00:00,14.67880000,14.70880000,14.51710000,14.63830000,200598.38000000
473,2021-03-20 20:00:00,14.64900000,14.67270000,14.15540000,14.18940000,212091.31000000
474,2021-03-21 00:00:00,14.17880000,14.27110000,13.90000000,14.07530000,190251.96000000
475,2021-03-21 04:00:00,14.07570000,14.09270000,13.80120000,13.95320000,152839.57000000
476,2021-03-21 08:00:00,13.94580000,14.02700000,13.67550000,13.73330000,199532.01000000
477,2021-03-21 12:00:00,13.72370000,14.10450000,13.63800000,13.93450000,225312.50000000
478,2021-03-21 16:00:00,13.92420000,14.30640000,13.88000000,14.19220000,259180.80000000
479,2021-03-21 20:00:00,14.19130000,14.36360000,14.08480000,14.33720000,164733.98000000
480,2021-03-22 00:00:00,14.33720000,15.20000000,14.16970000,15.17000000,639352.75000000
481,2021-03-22 04:00:00,15.17000000,16.29730000,15.06290000,16.18110000,1809881.96000000
482,2021-03-22 08:00:00,16.19110000,16.49900000,15.86280000,16.39920000,864750.44000000
483,2021-03-22 12:00:00,16.40010000,16.59000000,15.61660000,15.83380000,797173.70000000
484,2021-03-22 16:00:00,15.83000000,15.89000000,15.25890000,15.43250000,482958.62000000
485,2021-03-22 20:00:00,15.43260000,15.69980000,14.75000000,14.79640000,508874.07000000
486,2021-03-23 00:00:00,14.79620000,15.22700000,14.69300000,15.10000000,360744.37000000
487,2021-03-23 04:00:00,15.10000000,15.10000000,14.01460000,14.42640000,518006.19000000
488,2021-03-23 08:00:00,14.42390000,14.57760000,14.24990000,14.38160000,287752.91000000
489,2021-03-23 12:00:00,14.38050000,14.82050000,14.38050000,14.71280000,402508.21000000
490,2021-03-23 16:00:00,14.71710000,14.73440000,14.26680000,14.35980000,246405.82000000
491,2021-03-23 20:00:00,14.34870000,14.43810000,14.11650000,14.15520000,189009.93000000
492,2021-03-24 00:00:00,14.14330000,14.35210000,13.86550000,14.33170000,232585.26000000
493,2021-03-24 04:00:00,14.33000000,14.66580000,14.21310000,14.66000000,221906.42000000
494,2021-03-24 08:00:00,14.65890000,14.83290000,14.58340000,14.71000000,211825.49000000
495,2021-03-24 12:00:00,14.71160000,14.94070000,14.66000000,14.84640000,314466.86000000
496,2021-03-24 16:00:00,14.84970000,15.37190000,14.57530000,14.65940000,678677.64000000
497,2021-03-24 20:00:00,14.64650000,14.64790000,13.58420000,13.59730000,657878.05000000
498,2021-03-25 00:00:00,13.58440000,13.68980000,12.92360000,13.35000000,615821.91000000
499,2021-03-25 04:00:00,13.33840000,13.73290000,13.16700000,13.30450000,243659.80000000
500,2021-03-25 08:00:00,13.31190000,13.44780000,13.07560000,13.11140000,425055.86000000
501,2021-03-25 12:00:00,13.10790000,13.17730000,12.47000000,12.79610000,581303.93000000
502,2021-03-25 16:00:00,12.78710000,13.07100000,12.67450000,12.97520000,232027.31000000
503,2021-03-25 20:00:00,12.97710000,13.13170000,12.88510000,12.97870000,194454.29000000
504,2021-03-26 00:00:00,12.97890000,13.34000000,12.30430000,12.68900000,460298.78000000
505,2021-03-26 04:00:00,12.68900000,14.11740000,12.60810000,14.01450000,437975.67000000
506,2021-03-26 08:00:00,14.00640000,14.30000000,13.81180000,13.96280000,649104.28000000
507,2021-03-26 12:00:00,13.97400000,14.13430000,13.33630000,13.94110000,677494.73000000
508,2021-03-26 16:00:00,13.94630000,14.45040000,13.86220000,14.26830000,410953.83000000
509,2021-03-26 20:00:00,14.26960000,14.79210000,14.25510000,14.76640000,336454.48000000
510,2021-03-27 00:00:00,14.77510000,15.03220000,14.71730000,14.87830000,378691.10000000
511,2021-03-27 04:00:00,14.88030000,16.10000000,14.79030000,16.02700000,978211.01000000
512,2021-03-27 08:00:00,16.03500000,16.21270000,15.41240000,15.62000000,712823.29000000
513,2021-03-27 12:00:00,15.61790000,16.09930000,15.38000000,16.00000000,574759.60000000
514,2021-03-27 16:00:00,16.00850000,16.35000000,15.67510000,15.89120000,733693.80000000
515,2021-03-27 20:00:00,15.89230000,16.80000000,15.76510000,16.45890000,675714.90000000
516,2021-03-28 00:00:00,16.45160000,17.63400000,16.30490000,17.22260000,917709.90000000
517,2021-03-28 04:00:00,17.24030000,17.52130000,16.92640000,17.51790000,546964.42000000
518,2021-03-28 08:00:00,17.51030000,18.36990000,17.27390000,18.29570000,1102346.47000000
519,2021-03-28 12:00:00,18.29560000,19.26420000,18.10140000,18.91480000,1871863.89000000
520,2021-03-28 16:00:00,18.91120000,19.38000000,17.78890000,18.55800000,1695573.14000000
521,2021-03-28 20:00:00,18.55800000,19.08070000,17.93540000,18.06450000,1066269.67000000
522,2021-03-29 00:00:00,18.06450000,18.86060000,18.03370000,18.45290000,621404.99000000
523,2021-03-29 04:00:00,18.44220000,18.50920000,17.64390000,18.10010000,580856.14000000
524,2021-03-29 08:00:00,18.10130000,18.49020000,18.06380000,18.37980000,556015.18000000
525,2021-03-29 12:00:00,18.38590000,18.74720000,17.98780000,18.14880000,530064.35000000
526,2021-03-29 16:00:00,18.14440000,19.00000000,18.03440000,18.82990000,469361.92000000
527,2021-03-29 20:00:00,18.82990000,18.95880000,18.46690000,18.95040000,306679.20000000
528,2021-03-30 00:00:00,18.95040000,19.99900000,18.91050000,19.99900000,955780.56000000
529,2021-03-30 04:00:00,19.99890000,20.87000000,19.73230000,20.36830000,878616.18000000
530,2021-03-30 08:00:00,20.36460000,20.48670000,20.00000000,20.46910000,582417.34000000
531,2021-03-30 12:00:00,20.46910000,20.51350000,19.36980000,19.40930000,455282.28000000
532,2021-03-30 16:00:00,19.42480000,19.68990000,19.10310000,19.28050000,539488.45000000
533,2021-03-30 20:00:00,19.27350000,19.34920000,18.95430000,19.06850000,396769.29000000
534,2021-03-31 00:00:00,19.06450000,19.19340000,18.22390000,18.73940000,484488.95000000
535,2021-03-31 04:00:00,18.74270000,19.13020000,18.50000000,18.58010000,507586.57000000
536,2021-03-31 08:00:00,18.58000000,19.50000000,18.00000000,19.44060000,585196.81000000
537,2021-03-31 12:00:00,19.44060000,19.70960000,19.27560000,19.41230000,474621.17000000
538,2021-03-31 16:00:00,19.41180000,19.81540000,18.88000000,19.51410000,472544.16000000
539,2021-03-31 20:00:00,19.51470000,19.75070000,19.33350000,19.38610000,260295.79000000
540,2021-04-01 00:00:00,19.38180000,19.75850000,19.23310000,19.74600000,237479.20000000
541,2021-04-01 04:00:00,19.75720000,20.35830000,19.67030000,19.98340000,567684.30000000
542,2021-04-01 08:00:00,19.98620000,20.08120000,19.07270000,19.28310000,474289.99000000
543,2021-04-01 12:00:00,19.27660000,19.49000000,18.99110000,19.42770000,332790.02000000
544,2021-04-01 16:00:00,19.43110000,19.50540000,18.74330000,19.14580000,427694.38000000
545,2021-04-01 20:00:00,19.13960000,19.26960000,18.99150000,19.04430000,190671.45000000
546,2021-04-02 00:00:00,19.04430000,19.13060000,18.34500000,18.72400000,463623.95000000
547,2021-04-02 04:00:00,18.73750000,19.09530000,18.63090000,19.01800000,212344.43000000
548,2021-04-02 08:00:00,19.01960000,19.14660000,18.93040000,19.10320000,187489.30000000
549,2021-04-02 12:00:00,19.10320000,19.70170000,19.00510000,19.49360000,378794.36000000
550,2021-04-02 16:00:00,19.49360000,19.72010000,18.99650000,19.26650000,307540.08000000
551,2021-04-02 20:00:00,19.27350000,19.80030000,19.26110000,19.75010000,223508.43000000
552,2021-04-03 00:00:00,19.75130000,21.18350000,19.72280000,21.04100000,591228.24000000
553,2021-04-03 04:00:00,21.04110000,21.88000000,20.82080000,21.15000000,706991.10000000
554,2021-04-03 08:00:00,21.15380000,22.65140000,21.15380000,22.51160000,1340228.39000000
555,2021-04-03 12:00:00,22.45810000,22.80000000,21.02000000,21.03100000,796928.36000000
556,2021-04-03 16:00:00,21.02040000,22.53100000,20.43670000,22.17050000,1184621.42000000
557,2021-04-03 20:00:00,22.15940000,23.84760000,21.50590000,22.50000000,1646321.99000000
558,2021-04-04 00:00:00,22.46720000,23.74120000,21.98670000,22.77230000,1253925.77000000
559,2021-04-04 04:00:00,22.77780000,24.50000000,22.74400000,23.76620000,1082128.33000000
560,2021-04-04 08:00:00,23.76620000,24.53170000,23.51720000,23.68280000,570432.71000000
561,2021-04-04 12:00:00,23.68300000,25.00000000,23.31690000,24.74280000,961560.60000000
562,2021-04-04 16:00:00,24.75570000,25.53090000,23.77020000,24.12420000,931682.92000000
563,2021-04-04 20:00:00,24.11010000,24.15210000,23.30100000,23.77550000,474809.50000000
564,2021-04-05 00:00:00,23.77550000,24.62320000,23.13340000,24.32630000,563140.38000000
565,2021-04-05 04:00:00,24.32180000,24.78000000,22.79400000,23.18100000,533351.32000000
566,2021-04-05 08:00:00,23.18100000,24.29840000,22.95130000,23.82410000,378735.16000000
567,2021-04-05 12:00:00,23.82440000,24.62010000,23.29000000,24.11950000,470163.35000000
568,2021-04-05 16:00:00,24.10230000,24.42900000,23.46830000,23.55050000,442644.01000000
569,2021-04-05 20:00:00,23.55050000,23.75650000,22.76640000,22.97170000,433179.99000000
570,2021-04-06 00:00:00,22.98760000,23.08360000,22.43330000,22.72680000,446334.03000000
571,2021-04-06 04:00:00,22.74100000,23.29690000,22.58140000,23.03060000,260492.31000000
572,2021-04-06 08:00:00,23.03060000,23.78440000,22.17690000,22.81030000,513130.31000000
573,2021-04-06 12:00:00,22.81020000,23.48450000,21.75540000,22.76790000,529729.91000000
574,2021-04-06 16:00:00,22.73580000,24.63420000,22.70590000,24.22310000,661622.74000000
575,2021-04-06 20:00:00,24.22140000,25.30000000,24.00410000,25.05480000,915183.93000000
576,2021-04-07 00:00:00,25.05480000,25.94100000,23.77360000,25.17430000,970393.67000000
577,2021-04-07 04:00:00,25.18410000,26.44440000,24.71560000,25.32860000,960561.55000000
578,2021-04-07 08:00:00,25.30230000,25.47000000,22.90780000,23.99880000,1148325.38000000
579,2021-04-07 12:00:00,23.97370000,27.52030000,23.10710000,26.59570000,2281526.85000000
580,2021-04-07 16:00:00,26.60680000,27.27340000,25.26830000,26.85000000,1414550.64000000
581,2021-04-07 20:00:00,26.88000000,27.48200000,26.13310000,26.53850000,1040300.54000000
582,2021-04-08 00:00:00,26.53700000,27.20000000,25.89610000,26.00140000,748343.48000000
583,2021-04-08 04:00:00,26.03970000,27.29820000,25.96110000,27.05170000,677645.01000000
584,2021-04-08 08:00:00,27.04250000,27.99510000,26.47480000,26.50040000,961889.40000000
585,2021-04-08 12:00:00,26.51120000,27.16940000,25.64310000,26.16480000,1063702.44000000
586,2021-04-08 16:00:00,26.15860000,26.95790000,26.00000000,26.28010000,472664.11000000
587,2021-04-08 20:00:00,26.28020000,27.00000000,26.00000000,26.93840000,285309.17000000
588,2021-04-09 00:00:00,26.92610000,28.00000000,26.70970000,27.63720000,585110.35000000
589,2021-04-09 04:00:00,27.64610000,28.35860000,27.36190000,28.15070000,499565.09000000
590,2021-04-09 08:00:00,28.18290000,28.78430000,27.71530000,28.70040000,609409.21000000
591,2021-04-09 12:00:00,28.69900000,29.00000000,27.95410000,28.15540000,539579.88000000
592,2021-04-09 16:00:00,28.13120000,29.00000000,27.67000000,28.64460000,474097.64000000
593,2021-04-09 20:00:00,28.66000000,28.75150000,27.61000000,27.61720000,329371.13000000
594,2021-04-10 00:00:00,27.61940000,28.29480000,27.41030000,27.45690000,668392.70000000
595,2021-04-10 04:00:00,27.47460000,27.77780000,26.79450000,27.03980000,586446.69000000
596,2021-04-10 08:00:00,27.06080000,27.97430000,27.04540000,27.85920000,313303.00000000
597,2021-04-10 12:00:00,27.87820000,28.20250000,26.82780000,27.06140000,434781.90000000
598,2021-04-10 16:00:00,27.06140000,27.60000000,26.61050000,26.61050000,392090.62000000
599,2021-04-10 20:00:00,26.61050000,26.88640000,25.90170000,26.80210000,310982.15000000
600,2021-04-11 00:00:00,26.79930000,27.00000000,26.13170000,26.20440000,309713.41000000
601,2021-04-11 04:00:00,26.20440000,26.42240000,25.51310000,26.33550000,465100.59000000
602,2021-04-11 08:00:00,26.33510000,26.52250000,25.90000000,26.07160000,371289.71000000
603,2021-04-11 12:00:00,26.10360000,27.96280000,25.87900000,27.59010000,546942.34000000
604,2021-04-11 16:00:00,27.57180000,28.63690000,27.35680000,28.54670000,489354.60000000
605,2021-04-11 20:00:00,28.57260000,28.64900000,27.65090000,27.85170000,335285.16000000
606,2021-04-12 00:00:00,27.85980000,29.92950000,27.80250000,28.93800000,712410.47000000
607,2021-04-12 04:00:00,28.95960000,29.44440000,28.27560000,28.29830000,489876.96000000
608,2021-04-12 08:00:00,28.29790000,28.73690000,27.39580000,28.08770000,536511.78000000
609,2021-04-12 12:00:00,28.08750000,28.47500000,26.80490000,27.11400000,482942.92000000
610,2021-04-12 16:00:00,27.11660000,27.72930000,26.95220000,27.53680000,290907.68000000
611,2021-04-12 20:00:00,27.52710000,28.59890000,27.37090000,28.54240000,329363.45000000
612,2021-04-13 00:00:00,28.52660000,28.81620000,27.87290000,27.91540000,346771.32000000
613,2021-04-13 04:00:00,27.91540000,27.95270000,26.37480000,26.79510000,382431.52000000
614,2021-04-13 08:00:00,26.79510000,27.28030000,26.26160000,26.74850000,496351.94000000
615,2021-04-13 12:00:00,26.74850000,27.96320000,26.65060000,27.49400000,458706.70000000
616,2021-04-13 16:00:00,27.49380000,28.20720000,27.20660000,27.67540000,383352.47000000
617,2021-04-13 20:00:00,27.67540000,27.91070000,27.13500000,27.45070000,208160.48000000
618,2021-04-14 00:00:00,27.45710000,27.56130000,26.22090000,26.80340000,717678.24000000
619,2021-04-14 04:00:00,26.80320000,27.30140000,26.22000000,26.35190000,538037.04000000
620,2021-04-14 08:00:00,26.34520000,26.87210000,25.49090000,25.99000000,519367.68000000
621,2021-04-14 12:00:00,26.00000000,26.23450000,24.70000000,25.75890000,668385.84000000
622,2021-04-14 16:00:00,25.75870000,27.15860000,25.00590000,25.43390000,796657.74000000
623,2021-04-14 20:00:00,25.43360000,26.60000000,25.18080000,26.40670000,383836.74000000
624,2021-04-15 00:00:00,26.41820000,26.66920000,25.47230000,25.71450000,331671.40000000
625,2021-04-15 04:00:00,25.72000000,26.90000000,25.44790000,26.75020000,336055.40000000
626,2021-04-15 08:00:00,26.75320000,26.99700000,26.33170000,26.55900000,311030.69000000
627,2021-04-15 12:00:00,26.53970000,27.68710000,26.52850000,27.24460000,501137.05000000
628,2021-04-15 16:00:00,27.26490000,27.53600000,26.71520000,27.31670000,257845.04000000
629,2021-04-15 20:00:00,27.31620000,28.20000000,27.17800000,27.78160000,408914.06000000
630,2021-04-16 00:00:00,27.79460000,28.25710000,27.40000000,27.97530000,480079.92000000
631,2021-04-16 04:00:00,27.96770000,28.13590000,26.72860000,26.96310000,400261.26000000
632,2021-04-16 08:00:00,26.94680000,27.19560000,25.47560000,26.12710000,560105.51000000
633,2021-04-16 12:00:00,26.09200000,26.20510000,24.85470000,25.98110000,516404.64000000
634,2021-04-16 16:00:00,25.95800000,26.00000000,25.38210000,25.74190000,403852.91000000
635,2021-04-16 20:00:00,25.73180000,26.00000000,25.20390000,25.29960000,313208.08000000
636,2021-04-17 00:00:00,25.29260000,25.82620000,25.11710000,25.77180000,378430.54000000
637,2021-04-17 04:00:00,25.76350000,26.27640000,25.36430000,26.18230000,419819.45000000
638,2021-04-17 08:00:00,26.19250000,26.79140000,25.69350000,25.88580000,499539.77000000
639,2021-04-17 12:00:00,25.87000000,26.75010000,25.68130000,25.98260000,439667.25000000
640,2021-04-17 16:00:00,25.89830000,26.33740000,25.15000000,25.29780000,465736.90000000
641,2021-04-17 20:00:00,25.31410000,25.66880000,24.81810000,24.85000000,239543.48000000
642,2021-04-18 00:00:00,24.85170000,24.97610000,21.10000000,22.02090000,1037083.85000000
643,2021-04-18 04:00:00,22.00000000,27.70000000,21.94350000,27.23680000,2077333.31000000
644,2021-04-18 08:00:00,27.24380000,28.64840000,24.88740000,25.30460000,2530169.34000000
645,2021-04-18 12:00:00,25.32180000,28.29210000,25.24110000,28.12810000,1507294.94000000
646,2021-04-18 16:00:00,28.12370000,30.70700000,27.10000000,30.20000000,2164313.51000000
647,2021-04-18 20:00:00,30.20000000,32.99000000,29.41520000,32.33580000,2383202.10000000
648,2021-04-19 00:00:00,32.33240000,32.62500000,30.53740000,31.80230000,1704586.21000000
649,2021-04-19 04:00:00,31.80150000,31.80210000,30.08000000,30.77710000,918767.88000000
650,2021-04-19 08:00:00,30.79730000,34.95000000,29.80660000,33.85280000,2240750.18000000
651,2021-04-19 12:00:00,33.85210000,34.96770000,29.96760000,30.47630000,2836407.47000000
652,2021-04-19 16:00:00,30.49030000,36.09500000,29.96170000,34.39110000,3243327.06000000
653,2021-04-19 20:00:00,34.40700000,34.76720000,31.41760000,31.47110000,1131432.10000000
654,2021-04-20 00:00:00,31.53030000,31.90680000,28.81000000,30.47870000,1243373.67000000
655,2021-04-20 04:00:00,30.44300000,32.80000000,29.20000000,29.78880000,1621768.25000000
656,2021-04-20 08:00:00,29.78880000,31.65840000,29.42850000,31.25610000,1316207.40000000
657,2021-04-20 12:00:00,31.23970000,31.37800000,28.96750000,29.72060000,991217.68000000
658,2021-04-20 16:00:00,29.70640000,32.00000000,29.42290000,31.78250000,1033075.68000000
659,2021-04-20 20:00:00,31.78730000,32.44770000,31.25610000,31.70280000,830458.24000000
660,2021-04-21 00:00:00,31.69390000,33.90000000,30.40410000,32.61120000,1083664.71000000
661,2021-04-21 04:00:00,32.59020000,32.99140000,31.42220000,31.75100000,756069.39000000
662,2021-04-21 08:00:00,31.74110000,31.93670000,30.21480000,30.72650000,702462.90000000
663,2021-04-21 12:00:00,30.74860000,35.18010000,30.11010000,34.36080000,1767386.61000000
664,2021-04-21 16:00:00,34.38070000,34.66730000,32.92460000,33.71020000,878952.27000000
665,2021-04-21 20:00:00,33.66780000,34.58960000,31.71360000,32.55340000,1384791.21000000
666,2021-04-22 00:00:00,32.59650000,37.00000000,31.45860000,35.87590000,2719833.26000000
667,2021-04-22 04:00:00,35.86700000,37.98460000,35.38000000,37.80000000,1591628.97000000
668,2021-04-22 08:00:00,37.80220000,37.85240000,35.53920000,36.49300000,1598862.66000000
669,2021-04-22 12:00:00,36.51410000,38.96980000,35.94950000,38.87810000,1325851.08000000
670,2021-04-22 16:00:00,38.87810000,40.74670000,36.96000000,38.28750000,2926451.83000000
671,2021-04-22 20:00:00,38.27400000,41.15870000,34.00000000,38.90000000,3854903.06000000
672,2021-04-23 00:00:00,38.87180000,41.74000000,34.10000000,36.50640000,4296971.22000000
673,2021-04-23 04:00:00,36.56100000,36.81080000,32.05000000,32.22370000,3120226.54000000
674,2021-04-23 08:00:00,32.17330000,35.79450000,31.49360000,35.28220000,2948809.09000000
675,2021-04-23 12:00:00,35.30160000,36.80000000,33.80000000,34.90740000,1995168.23000000
676,2021-04-23 16:00:00,34.86980000,36.22260000,33.40000000,35.78960000,1070659.91000000
677,2021-04-23 20:00:00,35.78720000,37.88750000,35.77140000,37.38930000,1273313.49000000
678,2021-04-24 00:00:00,37.30180000,37.80000000,34.58610000,35.85340000,1167414.32000000
679,2021-04-24 04:00:00,35.84040000,37.18000000,35.33000000,35.91360000,813761.81000000
680,2021-04-24 08:00:00,35.93000000,37.24000000,35.00000000,35.30610000,1081935.70000000
681,2021-04-24 12:00:00,35.30610000,37.07560000,35.01390000,36.96610000,852168.51000000
682,2021-04-24 16:00:00,36.99580000,42.85000000,36.30000000,42.10040000,3679730.70000000
683,2021-04-24 20:00:00,42.07830000,43.63970000,40.21870000,40.84010000,2127774.02000000
684,2021-04-25 00:00:00,40.85250000,43.61460000,40.57200000,40.99430000,2038993.56000000
685,2021-04-25 04:00:00,40.98570000,41.33330000,40.97470000,41.28490000,1393.58000000
686,2021-04-25 08:00:00,41.30790000,43.00000000,40.84300000,42.05700000,1173163.49000000
687,2021-04-25 12:00:00,42.09100000,47.00000000,41.88000000,46.72400000,2515453.70000000
688,2021-04-25 16:00:00,46.66100000,47.00200000,43.22300000,44.02700000,2269792.73100000
689,2021-04-25 20:00:00,44.04500000,48.64400000,41.65400000,47.40500000,3965956.74000000
690,2021-04-26 00:00:00,47.39500000,48.30000000,44.79000000,47.18900000,2883356.74200000
691,2021-04-26 04:00:00,47.16900000,48.49900000,45.66600000,47.85800000,1599618.21000000
692,2021-04-26 08:00:00,47.84700000,48.37800000,45.30900000,45.40600000,1587536.41400000
693,2021-04-26 12:00:00,45.45300000,47.50000000,44.80000000,46.85100000,1449477.80900000
694,2021-04-26 16:00:00,46.86300000,47.25000000,44.86000000,45.32600000,1176090.31900000
695,2021-04-26 20:00:00,45.32100000,45.70000000,43.26700000,43.87800000,2383091.10800000
696,2021-04-27 00:00:00,43.88400000,46.60600000,43.60000000,45.06500000,1379966.81100000
697,2021-04-27 04:00:00,45.08500000,46.38200000,44.35300000,45.65300000,885501.30400000
698,2021-04-27 08:00:00,45.65000000,46.29700000,44.59500000,45.13600000,937212.55600000
699,2021-04-27 12:00:00,45.13200000,45.26000000,42.50000000,43.89800000,1785844.99900000
700,2021-04-27 16:00:00,43.88200000,44.06000000,42.53900000,43.41700000,1084012.04500000
701,2021-04-27 20:00:00,43.40300000,44.65000000,43.00000000,43.14700000,1029311.00300000
702,2021-04-28 00:00:00,43.14700000,45.09500000,42.02500000,43.15900000,1383663.53900000
703,2021-04-28 04:00:00,43.16300000,43.66600000,40.51600000,42.45300000,1216460.62600000
704,2021-04-28 08:00:00,42.45300000,44.15000000,41.42500000,44.10500000,924166.54000000
705,2021-04-28 12:00:00,44.10500000,46.56300000,43.89800000,45.83100000,2592306.66400000
706,2021-04-28 16:00:00,45.83100000,46.96200000,45.00000000,45.59800000,944594.45900000
707,2021-04-28 20:00:00,45.60000000,45.91800000,43.86800000,44.83300000,793874.49100000
708,2021-04-29 00:00:00,44.83100000,46.23300000,42.20200000,43.21400000,1344376.43200000
709,2021-04-29 04:00:00,43.21400000,44.49000000,43.03500000,43.64900000,772736.02700000
710,2021-04-29 08:00:00,43.64900000,44.51800000,42.60000000,44.09400000,1166941.38200000
711,2021-04-29 12:00:00,44.08000000,44.69000000,43.29500000,44.26600000,682940.33800000
712,2021-04-29 16:00:00,44.26000000,44.74500000,40.90600000,41.97800000,1245767.81600000
713,2021-04-29 20:00:00,41.97600000,42.70000000,41.23900000,42.48400000,592619.22600000
714,2021-04-30 00:00:00,42.45200000,42.93500000,41.21000000,42.25500000,606306.73600000
715,2021-04-30 04:00:00,42.31100000,43.05300000,42.25800000,43.00300000,444415.70500000
716,2021-04-30 08:00:00,43.01000000,44.31300000,42.68200000,42.95700000,632862.12000000
717,2021-04-30 12:00:00,42.95800000,43.63600000,42.11700000,42.63300000,690562.26200000
718,2021-04-30 16:00:00,42.63300000,43.99000000,42.18000000,43.72700000,612162.66600000
719,2021-04-30 20:00:00,43.74100000,43.74200000,42.61000000,42.78600000,316363.82200000
720,2021-05-01 00:00:00,42.78600000,43.04100000,42.00100000,43.03300000,704143.24700000
721,2021-05-01 04:00:00,43.03300000,43.51000000,42.56700000,42.83400000,406975.24100000
722,2021-05-01 08:00:00,42.82800000,44.50000000,42.32400000,44.40300000,679307.34100000
723,2021-05-01 12:00:00,44.39300000,47.86700000,43.65900000,47.36000000,1587256.63900000
724,2021-05-01 16:00:00,47.36000000,49.50000000,46.60300000,49.45000000,1532571.50800000
725,2021-05-01 20:00:00,49.46100000,49.88000000,47.14400000,49.67000000,893794.06900000
726,2021-05-02 00:00:00,49.64600000,49.99000000,47.07700000,47.47200000,793731.31300000
727,2021-05-02 04:00:00,47.41600000,48.40000000,46.00000000,46.55000000,782841.49600000
728,2021-05-02 08:00:00,46.55000000,47.68200000,45.90400000,46.65100000,713145.85800000
729,2021-05-02 12:00:00,46.65100000,47.50000000,46.00000000,47.04000000,697712.93900000
730,2021-05-02 16:00:00,47.01100000,48.23000000,46.68000000,47.90200000,437159.18100000
731,2021-05-02 20:00:00,47.88100000,48.09300000,46.27400000,46.89700000,369820.45800000
732,2021-05-03 00:00:00,46.92600000,47.92200000,46.67100000,47.63900000,392388.18400000
733,2021-05-03 04:00:00,47.66300000,48.96800000,47.39900000,48.46900000,497472.98000000
734,2021-05-03 08:00:00,48.47000000,49.00000000,47.60800000,48.24000000,486957.85000000
735,2021-05-03 12:00:00,48.24000000,48.60000000,46.65300000,47.83700000,655411.85200000
736,2021-05-03 16:00:00,47.84500000,47.99600000,46.80000000,47.02200000,637290.21300000
737,2021-05-03 20:00:00,47.02200000,47.03500000,44.77400000,45.91200000,1016486.29000000
738,2021-05-04 00:00:00,45.93500000,45.96900000,43.12800000,45.02000000,970856.80400000
739,2021-05-04 04:00:00,44.99700000,47.30000000,44.79200000,45.93500000,579617.71500000
740,2021-05-04 08:00:00,45.92200000,47.81000000,45.42600000,47.07300000,532198.45000000
741,2021-05-04 12:00:00,47.07200000,47.35500000,42.99500000,43.59400000,982658.06000000
742,2021-05-04 16:00:00,43.60200000,44.77600000,42.26000000,44.55100000,662744.89200000
743,2021-05-04 20:00:00,44.55100000,45.00000000,42.63600000,42.63600000,452481.46000000
744,2021-05-05 00:00:00,42.63600000,45.20500000,42.30500000,43.86500000,540945.05400000
745,2021-05-05 04:00:00,43.88000000,44.50000000,42.93800000,44.49800000,387102.69800000
746,2021-05-05 08:00:00,44.50000000,45.81000000,44.00000000,44.39100000,525510.88200000
747,2021-05-05 12:00:00,44.36100000,45.05500000,43.93000000,44.18800000,477374.99900000
748,2021-05-05 16:00:00,44.18800000,45.96700000,44.11000000,45.96200000,496937.86800000
749,2021-05-05 20:00:00,45.95100000,46.00000000,44.40100000,44.98000000,344950.02200000
750,2021-05-06 00:00:00,44.96500000,44.98000000,43.55600000,44.19400000,325750.39700000
751,2021-05-06 04:00:00,44.19300000,44.61900000,43.03400000,43.85000000,354947.78500000
752,2021-05-06 08:00:00,43.83200000,44.74900000,43.30100000,44.54000000,404394.03200000
753,2021-05-06 12:00:00,44.54200000,44.57800000,43.45100000,43.71100000,367842.75800000
754,2021-05-06 16:00:00,43.72400000,43.85500000,42.55000000,43.79900000,571710.89100000
755,2021-05-06 20:00:00,43.77300000,43.92000000,42.99700000,43.49600000,312617.14900000
756,2021-05-07 00:00:00,43.49600000,43.74600000,41.60300000,41.98500000,457243.55800000
757,2021-05-07 04:00:00,41.98500000,42.78900000,41.42000000,42.25100000,454704.80800000
758,2021-05-07 08:00:00,42.25100000,43.07200000,41.96000000,42.69700000,291259.93200000
759,2021-05-07 12:00:00,42.69700000,45.03000000,42.34400000,44.94700000,586564.09500000
760,2021-05-07 16:00:00,44.94200000,46.24300000,43.32200000,43.76600000,1127217.17400000
761,2021-05-07 20:00:00,43.77000000,44.50000000,42.22600000,43.18200000,342656.83200000
762,2021-05-08 00:00:00,43.15400000,43.66700000,42.27500000,43.51400000,237521.26200000
763,2021-05-08 04:00:00,43.53300000,43.64000000,42.68100000,43.62600000,257585.51700000
764,2021-05-08 08:00:00,43.62400000,44.65000000,43.52300000,44.25700000,389814.38600000
765,2021-05-08 12:00:00,44.24100000,45.50000000,43.40800000,43.55300000,639141.04900000
766,2021-05-08 16:00:00,43.56400000,45.34600000,43.52300000,44.89700000,456172.54400000
767,2021-05-08 20:00:00,44.88100000,46.65000000,44.27900000,45.61200000,558858.25300000
768,2021-05-09 00:00:00,45.63200000,47.15000000,44.54000000,44.56900000,598311.12900000
769,2021-05-09 04:00:00,44.57400000,46.20000000,42.60000000,44.71200000,750873.76300000
770,2021-05-09 08:00:00,44.71200000,45.44700000,44.27700000,44.80000000,391143.00900000
771,2021-05-09 12:00:00,44.80000000,44.91700000,43.28500000,44.15900000,465144.34700000
772,2021-05-09 16:00:00,44.18900000,45.00000000,43.99400000,44.23000000,453313.51600000
773,2021-05-09 20:00:00,44.24500000,44.97200000,43.97100000,44.33000000,436232.95300000
774,2021-05-10 00:00:00,44.33000000,45.45500000,44.17400000,45.02500000,350319.56600000
775,2021-05-10 04:00:00,45.02400000,45.89000000,44.75000000,45.48800000,331006.82900000
776,2021-05-10 08:00:00,45.48800000,45.53200000,43.62800000,43.91800000,382657.58200000
777,2021-05-10 12:00:00,43.91500000,44.36600000,43.06700000,43.88100000,375845.05800000
778,2021-05-10 16:00:00,43.88100000,43.94000000,42.00000000,42.08800000,451359.23600000
779,2021-05-10 20:00:00,42.04100000,44.00000000,39.00000000,42.85400000,978360.74600000
780,2021-05-11 00:00:00,42.86800000,42.99000000,40.00000000,40.40000000,544460.60000000
781,2021-05-11 04:00:00,40.40000000,41.66000000,39.70000000,41.62000000,388327.50200000
782,2021-05-11 08:00:00,41.62200000,42.20000000,40.14900000,41.40800000,483814.60900000
783,2021-05-11 12:00:00,41.39000000,41.66900000,40.04700000,41.37700000,417211.75300000
784,2021-05-11 16:00:00,41.43700000,43.00000000,41.25100000,42.95600000,344123.14800000
785,2021-05-11 20:00:00,42.94300000,45.18000000,42.64800000,44.53800000,580470.08200000
786,2021-05-12 00:00:00,44.57900000,45.60000000,43.99100000,44.46900000,491605.21200000
787,2021-05-12 04:00:00,44.46900000,45.80000000,43.68400000,44.83800000,467046.05000000
788,2021-05-12 08:00:00,44.84900000,46.70600000,44.64500000,46.08800000,822246.17600000
789,2021-05-12 12:00:00,46.08800000,48.20000000,44.91600000,47.45000000,1657063.63300000
790,2021-05-12 16:00:00,47.41200000,47.80700000,42.62400000,44.86900000,1586375.42800000
791,2021-05-12 20:00:00,44.85000000,49.24300000,42.18000000,43.70900000,2568423.62900000
792,2021-05-13 00:00:00,43.39400000,45.50100000,40.00000000,42.61400000,1884494.41000000
793,2021-05-13 04:00:00,42.58000000,45.02600000,42.46400000,44.27200000,808504.13700000
794,2021-05-13 08:00:00,44.20300000,44.58100000,40.40000000,41.57500000,1017169.02300000
795,2021-05-13 12:00:00,41.54700000,43.40300000,41.03600000,41.40100000,897593.14200000
796,2021-05-13 16:00:00,41.41900000,42.03000000,37.43000000,39.06000000,1803056.91000000
797,2021-05-13 20:00:00,39.10800000,41.87100000,38.70300000,41.04900000,751829.43900000
798,2021-05-14 00:00:00,41.05100000,42.39100000,40.22200000,40.80600000,673081.32000000
799,2021-05-14 04:00:00,40.80900000,41.21100000,39.90100000,41.08400000,409419.66200000
800,2021-05-14 08:00:00,41.08700000,43.20000000,41.08400000,42.79500000,726021.86400000
801,2021-05-14 12:00:00,42.79100000,44.89700000,41.86000000,44.61900000,648248.65000000
802,2021-05-14 16:00:00,44.60000000,44.76900000,43.11700000,43.14900000,463816.96000000
803,2021-05-14 20:00:00,43.14900000,43.30000000,41.40500000,42.70000000,501249.82100000
804,2021-05-15 00:00:00,42.69700000,43.03700000,41.72000000,42.14800000,371997.78500000
805,2021-05-15 04:00:00,42.14800000,42.73600000,40.50800000,40.80400000,427562.38600000
806,2021-05-15 08:00:00,40.78500000,41.51600000,40.28400000,41.20600000,386249.49500000
807,2021-05-15 12:00:00,41.19100000,41.90000000,40.03300000,41.35100000,456628.62500000
808,2021-05-15 16:00:00,41.36000000,42.28200000,39.30500000,42.28200000,773215.89000000
809,2021-05-15 20:00:00,42.27500000,45.50000000,41.84100000,43.48600000,941454.43600000
810,2021-05-16 00:00:00,43.46200000,47.87000000,43.05900000,47.61400000,1454367.21200000
811,2021-05-16 04:00:00,47.61400000,47.84200000,45.76800000,46.46800000,717221.07100000
812,2021-05-16 08:00:00,46.45500000,48.00000000,45.93100000,47.18400000,757032.88300000
813,2021-05-16 12:00:00,47.19000000,52.60000000,46.96200000,48.49000000,3807950.22100000
814,2021-05-16 16:00:00,48.46100000,49.90000000,41.60200000,43.65400000,3542530.97500000
815,2021-05-16 20:00:00,43.64200000,49.99900000,42.20000000,46.85000000,2883765.06700000
816,2021-05-17 00:00:00,46.85000000,47.67000000,43.51400000,44.02900000,1685628.94000000
817,2021-05-17 04:00:00,44.00200000,51.09800000,43.01000000,50.57000000,3076777.17100000
818,2021-05-17 08:00:00,50.60800000,51.59400000,47.70000000,50.13700000,2092171.49500000
819,2021-05-17 12:00:00,50.17300000,50.53600000,47.62000000,48.55100000,1602036.93600000
820,2021-05-17 16:00:00,48.51700000,51.98500000,45.68800000,49.15500000,4317150.62000000
821,2021-05-17 20:00:00,49.11500000,50.00100000,46.00000000,46.70800000,1065311.31600000
822,2021-05-18 00:00:00,46.74700000,48.40600000,46.05100000,47.74300000,1079498.00000000
823,2021-05-18 04:00:00,47.73300000,51.97800000,47.49700000,51.96000000,1638678.15600000
824,2021-05-18 08:00:00,51.94300000,55.13700000,51.50800000,54.51600000,2287835.77500000
825,2021-05-18 12:00:00,54.50600000,55.04300000,51.00000000,53.41200000,2515655.62100000
826,2021-05-18 16:00:00,53.39100000,58.38000000,53.02900000,55.16000000,3605022.76400000
827,2021-05-18 20:00:00,55.18900000,56.96800000,53.52400000,55.97700000,1411856.38200000
828,2021-05-19 00:00:00,55.96900000,57.69100000,50.92800000,51.97400000,2511699.32600000
829,2021-05-19 04:00:00,51.97400000,52.68200000,44.00000000,50.86300000,4410236.58900000
830,2021-05-19 08:00:00,50.87100000,51.00000000,38.60000000,43.96900000,3598068.94900000
831,2021-05-19 12:00:00,43.94300000,47.30000000,26.50000000,46.32400000,6755610.09700000
832,2021-05-19 16:00:00,46.33100000,47.50000000,40.00000000,40.85700000,2761481.60100000
833,2021-05-19 20:00:00,40.83800000,41.63200000,34.95000000,34.98800000,2222871.28700000
834,2021-05-20 00:00:00,34.98700000,39.70600000,32.00000000,36.45100000,2775320.30400000
835,2021-05-20 04:00:00,36.45100000,42.47600000,35.93000000,41.68200000,2252049.60800000
836,2021-05-20 08:00:00,41.66600000,44.11000000,39.28600000,43.23800000,1736393.14900000
837,2021-05-20 12:00:00,43.20900000,46.40000000,42.45300000,45.87800000,2285635.04100000
838,2021-05-20 16:00:00,45.87800000,53.00000000,42.00000000,44.83100000,6931549.69800000
839,2021-05-20 20:00:00,44.86700000,48.29900000,43.83500000,44.42000000,1888858.10800000
840,2021-05-21 00:00:00,44.36700000,47.70000000,44.31300000,45.44600000,1435771.79200000
841,2021-05-21 04:00:00,45.44700000,45.76000000,42.94400000,43.96100000,1830249.97100000
842,2021-05-21 08:00:00,43.97100000,44.31900000,41.00000000,42.21400000,1857123.67000000
843,2021-05-21 12:00:00,42.17800000,42.66900000,35.70000000,36.92200000,3956099.30100000
844,2021-05-21 16:00:00,36.90900000,40.20000000,36.39600000,38.15900000,2350256.64300000
845,2021-05-21 20:00:00,38.11000000,38.98700000,33.67300000,38.92500000,2311199.26400000
846,2021-05-22 00:00:00,38.92500000,40.00000000,36.65900000,37.68000000,1455226.54800000
847,2021-05-22 04:00:00,37.69000000,38.24900000,34.61000000,35.15300000,2104736.55800000
848,2021-05-22 08:00:00,35.15500000,37.86900000,35.15500000,36.95300000,1656207.98800000
849,2021-05-22 12:00:00,36.98200000,38.32900000,34.65300000,35.36700000,1576774.88300000
850,2021-05-22 16:00:00,35.35700000,35.49900000,31.13400000,31.35000000,2275576.57600000
851,2021-05-22 20:00:00,31.35000000,33.74500000,31.14700000,31.22200000,1053575.45200000
852,2021-05-23 00:00:00,31.22200000,32.40000000,29.08200000,30.24700000,2157676.15100000
853,2021-05-23 04:00:00,30.24000000,30.40900000,25.70200000,26.66400000,2924211.48000000
854,2021-05-23 08:00:00,26.68400000,26.85900000,21.33700000,25.67100000,7236602.73700000
855,2021-05-23 12:00:00,25.63400000,26.24900000,22.00000000,22.89700000,4401725.74900000
856,2021-05-23 16:00:00,22.90400000,23.56400000,19.11700000,22.93900000,5934739.26400000
857,2021-05-23 20:00:00,22.92800000,26.40000000,22.50000000,24.53600000,3132195.48300000
858,2021-05-24 00:00:00,24.53000000,27.57100000,24.49600000,26.62500000,2408873.33000000
859,2021-05-24 04:00:00,26.64900000,28.85000000,25.85200000,28.53300000,2635936.50600000
860,2021-05-24 08:00:00,28.54800000,31.00000000,27.06900000,30.28200000,3824806.92200000
861,2021-05-24 12:00:00,30.30300000,32.00000000,29.11800000,30.28700000,3165936.90300000
862,2021-05-24 16:00:00,30.30500000,32.00000000,28.60000000,31.92500000,2040140.03200000
863,2021-05-24 20:00:00,31.85500000,32.19000000,29.80800000,31.41600000,1338608.63000000
864,2021-05-25 00:00:00,31.42000000,33.19500000,28.70900000,29.19200000,1976962.16100000
865,2021-05-25 04:00:00,29.17400000,30.14800000,27.61700000,29.57400000,1896419.50600000
866,2021-05-25 08:00:00,29.60200000,29.62600000,25.91500000,26.31300000,2222227.74900000
867,2021-05-25 12:00:00,26.27700000,29.67400000,26.10800000,29.50000000,2084142.01400000
868,2021-05-25 16:00:00,29.57800000,29.97000000,28.15200000,28.38100000,1117284.61000000
869,2021-05-25 20:00:00,28.41200000,31.29000000,28.31000000,29.97300000,1003897.56800000
870,2021-05-26 00:00:00,29.98500000,32.49900000,28.85800000,32.48700000,1790435.61600000
871,2021-05-26 04:00:00,32.49700000,35.64800000,31.40400000,35.02900000,2261696.65500000
872,2021-05-26 08:00:00,35.04400000,36.35000000,32.99200000,36.17600000,1927254.28800000
873,2021-05-26 12:00:00,36.18700000,37.25000000,33.23900000,34.30100000,2565892.47300000
874,2021-05-26 16:00:00,34.28900000,35.23000000,32.67800000,33.53500000,1297283.19900000
875,2021-05-26 20:00:00,33.53600000,35.76900000,33.36600000,35.43000000,758781.00300000
876,2021-05-27 00:00:00,35.42700000,35.59400000,30.97600000,31.85200000,1386217.47500000
877,2021-05-27 04:00:00,31.85100000,33.46200000,31.42300000,33.13300000,758741.72300000
878,2021-05-27 08:00:00,33.14900000,35.24500000,32.35100000,35.05400000,1039595.06700000
879,2021-05-27 12:00:00,35.05400000,35.27200000,33.75900000,34.16500000,967818.50100000
880,2021-05-27 16:00:00,34.14000000,34.56700000,32.77500000,34.43900000,625669.30400000
881,2021-05-27 20:00:00,34.46700000,35.44500000,33.38500000,33.74700000,920812.60600000
882,2021-05-28 00:00:00,33.76100000,34.55100000,33.02000000,33.82400000,526184.03500000
883,2021-05-28 04:00:00,33.82900000,33.84500000,30.00000000,31.04600000,1268408.99100000
884,2021-05-28 08:00:00,31.03400000,31.28200000,28.21100000,28.48000000,1583894.67800000
885,2021-05-28 12:00:00,28.51000000,31.84200000,28.27000000,31.14900000,1318902.40500000
886,2021-05-28 16:00:00,31.14900000,31.50000000,30.18600000,30.81500000,663273.41600000
887,2021-05-28 20:00:00,30.80300000,31.23900000,28.00000000,28.98900000,1010063.22600000
888,2021-05-29 00:00:00,28.99300000,29.98600000,28.63400000,29.45100000,521346.68900000
889,2021-05-29 04:00:00,29.44900000,30.06600000,28.43500000,29.13900000,636655.38700000
890,2021-05-29 08:00:00,29.12600000,29.39300000,27.64100000,28.72800000,776827.07000000
891,2021-05-29 12:00:00,28.74900000,28.74900000,26.37600000,26.98200000,858222.21000000
892,2021-05-29 16:00:00,26.98100000,27.51800000,25.71300000,26.04100000,630454.89800000
893,2021-05-29 20:00:00,26.04100000,27.68300000,25.70000000,27.38800000,488043.34600000
894,2021-05-30 00:00:00,27.40700000,27.67200000,25.58600000,26.76400000,725734.85000000
895,2021-05-30 04:00:00,26.79700000,29.61200000,26.68200000,29.57800000,852144.40900000
896,2021-05-30 08:00:00,29.58100000,29.78100000,28.51900000,29.41200000,707379.72900000
897,2021-05-30 12:00:00,29.40900000,29.46900000,27.38800000,27.80300000,663760.74900000
898,2021-05-30 16:00:00,27.80100000,29.43600000,27.58300000,29.10900000,572482.85400000
899,2021-05-30 20:00:00,29.09400000,29.49100000,28.42300000,28.58800000,442738.32800000
900,2021-05-31 00:00:00,28.57300000,29.02900000,27.48900000,28.05900000,436840.83900000
901,2021-05-31 04:00:00,28.04200000,30.78700000,27.63900000,30.59900000,732964.99400000
902,2021-05-31 08:00:00,30.60300000,32.41400000,30.30000000,31.55000000,1460315.65000000
903,2021-05-31 12:00:00,31.54900000,32.79700000,30.53300000,32.64600000,1114302.81400000
904,2021-05-31 16:00:00,32.64200000,33.01400000,31.29800000,31.60700000,967711.80300000
905,2021-05-31 20:00:00,31.60700000,32.97700000,31.35300000,32.75000000,461150.37100000
906,2021-06-01 00:00:00,32.75900000,32.92300000,31.24100000,32.20700000,712752.03400000
907,2021-06-01 04:00:00,32.20800000,33.28500000,31.89900000,32.12100000,700009.92400000
908,2021-06-01 08:00:00,32.12200000,32.32700000,30.60000000,32.05700000,824230.92500000
909,2021-06-01 12:00:00,32.05700000,32.29100000,30.80500000,31.18500000,777608.13000000
910,2021-06-01 16:00:00,31.20200000,31.46400000,29.85200000,30.08000000,627009.06100000
911,2021-06-01 20:00:00,30.09100000,31.14200000,30.00000000,30.93800000,405255.12800000
912,2021-06-02 00:00:00,30.93100000,31.26200000,30.40200000,31.03800000,318811.67800000
913,2021-06-02 04:00:00,31.01400000,31.86800000,30.83600000,31.72300000,436945.07900000
914,2021-06-02 08:00:00,31.70300000,32.57100000,31.39700000,32.41900000,630416.79000000
915,2021-06-02 12:00:00,32.41900000,34.24000000,32.39300000,33.64600000,1333367.04900000
916,2021-06-02 16:00:00,33.63300000,35.12900000,33.38600000,34.17300000,1159620.59600000
917,2021-06-02 20:00:00,34.17100000,34.69600000,33.35100000,33.99400000,670127.94100000
918,2021-06-03 00:00:00,33.99400000,35.83400000,33.73600000,35.52900000,815473.17700000
919,2021-06-03 04:00:00,35.53300000,37.37100000,35.14600000,36.66500000,1010726.49100000
920,2021-06-03 08:00:00,36.65100000,37.67000000,36.23900000,36.75600000,1013528.77500000
921,2021-06-03 12:00:00,36.75400000,39.77400000,36.00900000,38.48900000,2299813.96100000
922,2021-06-03 16:00:00,38.49600000,39.90000000,38.01600000,39.48500000,1243148.03800000
923,2021-06-03 20:00:00,39.48700000,41.52300000,39.25900000,39.60200000,1479534.65200000
924,2021-06-04 00:00:00,39.59900000,39.73700000,36.95000000,38.84000000,1849516.75500000
925,2021-06-04 04:00:00,38.83900000,39.21600000,34.86400000,36.71600000,1698362.34700000
926,2021-06-04 08:00:00,36.70500000,38.07800000,34.96500000,35.58400000,1599072.43400000
927,2021-06-04 12:00:00,35.56500000,38.49500000,34.18700000,38.17400000,1832818.44900000
928,2021-06-04 16:00:00,38.17300000,38.80900000,37.00000000,37.76100000,1140455.34800000
929,2021-06-04 20:00:00,37.76500000,39.12500000,36.73100000,37.33800000,705590.60500000
930,2021-06-05 00:00:00,37.35600000,42.50000000,36.98200000,41.45000000,1777595.56500000
931,2021-06-05 04:00:00,41.44000000,42.78700000,41.30900000,41.50600000,1126940.07400000
932,2021-06-05 08:00:00,41.52600000,41.94300000,39.31700000,40.04300000,1739130.76800000
933,2021-06-05 12:00:00,40.02200000,41.55100000,39.08900000,40.50900000,1780073.75800000
934,2021-06-05 16:00:00,40.50000000,40.67900000,39.23000000,39.50100000,939275.05100000
935,2021-06-05 20:00:00,39.48100000,40.13800000,37.47300000,39.63300000,1291807.97900000
936,2021-06-06 00:00:00,39.66300000,40.65300000,38.91200000,39.68500000,857834.96800000
937,2021-06-06 04:00:00,39.69600000,40.48200000,39.15200000,39.75000000,606783.79000000
938,2021-06-06 08:00:00,39.73900000,41.49400000,39.73900000,40.55700000,926420.23400000
939,2021-06-06 12:00:00,40.57000000,43.00000000,40.19000000,42.83600000,1673801.40000000
940,2021-06-06 16:00:00,42.83800000,43.40000000,41.39700000,41.64800000,1249354.86400000
941,2021-06-06 20:00:00,41.61900000,42.96600000,41.44900000,42.20500000,837469.03800000
942,2021-06-07 00:00:00,42.20000000,43.95000000,41.68800000,42.59600000,1135412.24300000
943,2021-06-07 04:00:00,42.60000000,44.00000000,42.31000000,43.75100000,1009415.28200000
944,2021-06-07 08:00:00,43.76600000,44.20000000,43.01000000,43.30000000,870248.32000000
945,2021-06-07 12:00:00,43.29000000,44.08000000,41.84000000,42.17600000,1273017.51500000
946,2021-06-07 16:00:00,42.17600000,42.80300000,41.13600000,42.79500000,1206767.88800000
947,2021-06-07 20:00:00,42.77600000,42.97400000,37.80000000,38.23500000,2555170.08700000
948,2021-06-08 00:00:00,38.20000000,39.78400000,35.21300000,37.51900000,2431807.68400000
949,2021-06-08 04:00:00,37.50200000,38.09000000,34.71100000,36.79600000,2887431.02700000
950,2021-06-08 08:00:00,36.80900000,38.15400000,35.40300000,37.25000000,2153985.95800000
951,2021-06-08 12:00:00,37.26000000,37.50000000,33.60000000,36.68300000,3566614.24700000
952,2021-06-08 16:00:00,36.66500000,41.44400000,36.50000000,41.14500000,3532216.96800000
953,2021-06-08 20:00:00,41.14500000,42.59600000,40.01300000,41.24500000,2330488.79100000
954,2021-06-09 00:00:00,41.24500000,41.78300000,39.29100000,40.57700000,1844907.61700000
955,2021-06-09 04:00:00,40.56600000,43.98400000,39.63000000,42.97900000,2304329.82900000
956,2021-06-09 08:00:00,42.99200000,43.90000000,42.04900000,43.55100000,1890296.69100000
957,2021-06-09 12:00:00,43.56300000,44.00000000,41.32200000,42.53600000,2493551.04100000
958,2021-06-09 16:00:00,42.52200000,43.17300000,40.96700000,41.74800000,1516829.11500000
959,2021-06-09 20:00:00,41.74800000,42.78200000,41.52300000,42.03200000,714338.64300000
960,2021-06-10 00:00:00,42.03200000,42.07500000,40.60000000,40.72400000,855114.47000000
961,2021-06-10 04:00:00,40.74500000,42.40000000,40.62000000,42.12400000,765919.50400000
962,2021-06-10 08:00:00,42.12700000,43.09700000,41.06800000,41.97900000,1115454.72800000
963,2021-06-10 12:00:00,41.96600000,42.28000000,40.80400000,41.11100000,768227.10500000
964,2021-06-10 16:00:00,41.12100000,41.55000000,39.45900000,40.94600000,1142647.16500000
965,2021-06-10 20:00:00,40.95000000,41.50000000,40.00000000,41.10500000,507745.09900000
966,2021-06-11 00:00:00,41.09100000,41.37600000,39.28000000,40.17100000,671748.69800000
967,2021-06-11 04:00:00,40.16700000,40.35900000,38.31700000,38.72900000,831769.51200000
968,2021-06-11 08:00:00,38.73300000,39.85000000,38.66200000,39.31400000,579985.19300000
969,2021-06-11 12:00:00,39.35100000,39.99000000,37.75000000,37.80000000,663022.77500000
970,2021-06-11 16:00:00,37.80600000,38.27000000,36.80800000,37.14300000,925627.70600000
971,2021-06-11 20:00:00,37.14300000,37.31000000,35.07400000,36.15700000,1088836.19400000
972,2021-06-12 00:00:00,36.13100000,36.18700000,34.10000000,35.43100000,1097020.21600000
973,2021-06-12 04:00:00,35.42600000,36.50000000,34.56000000,36.12200000,1204623.68800000
974,2021-06-12 08:00:00,36.08700000,36.69800000,35.00000000,36.62400000,1069899.85300000
975,2021-06-12 12:00:00,36.65000000,37.64000000,36.12500000,36.58600000,871247.82800000
976,2021-06-12 16:00:00,36.58700000,37.31500000,36.37600000,36.44100000,496614.08500000
977,2021-06-12 20:00:00,36.47200000,37.60000000,36.27700000,36.47600000,456837.32800000
978,2021-06-13 00:00:00,36.49200000,37.35500000,35.52600000,35.75300000,435059.38300000
979,2021-06-13 04:00:00,35.75300000,36.27300000,35.30200000,35.74300000,495819.20900000
980,2021-06-13 08:00:00,35.74000000,36.38200000,35.50500000,35.85600000,448058.05000000
981,2021-06-13 12:00:00,35.85100000,36.16300000,34.72000000,34.96900000,491384.49000000
982,2021-06-13 16:00:00,34.96400000,39.00000000,34.90500000,38.10000000,1358484.08600000
983,2021-06-13 20:00:00,38.10000000,39.44200000,38.10000000,38.70600000,834523.89400000
984,2021-06-14 00:00:00,38.71300000,39.24400000,37.64500000,37.87100000,658921.64000000
985,2021-06-14 04:00:00,37.88000000,38.28200000,37.61500000,37.78300000,508998.87200000
986,2021-06-14 08:00:00,37.79200000,37.86200000,36.98100000,37.32300000,529933.40200000
987,2021-06-14 12:00:00,37.32000000,40.01200000,36.62700000,39.86200000,1440754.75400000
988,2021-06-14 16:00:00,39.88000000,40.56100000,38.46200000,39.00200000,1078859.07800000
989,2021-06-14 20:00:00,39.00500000,39.88000000,38.64300000,39.69400000,372676.53300000
990,2021-06-15 00:00:00,39.70000000,40.99100000,39.32300000,40.54500000,659583.91700000
991,2021-06-15 04:00:00,40.54600000,41.34400000,40.35700000,41.29400000,657842.39600000
992,2021-06-15 08:00:00,41.30900000,41.74100000,40.03400000,40.53800000,827934.77100000
993,2021-06-15 12:00:00,40.51600000,41.01900000,39.45900000,39.98100000,522898.65300000
994,2021-06-15 16:00:00,39.99700000,41.53000000,39.88600000,40.04300000,678264.58300000
995,2021-06-15 20:00:00,40.05400000,40.32300000,39.15400000,39.53600000,379475.24100000
996,2021-06-16 00:00:00,39.51300000,39.52600000,38.69100000,39.04100000,359329.31700000
997,2021-06-16 04:00:00,39.05100000,39.91500000,38.89000000,39.43900000,330903.94700000
998,2021-06-16 08:00:00,39.44200000,39.78800000,37.70000000,38.08200000,548388.14500000
999,2021-06-16 12:00:00,38.08200000,39.78700000,37.45500000,39.53900000,883906.34400000
1000,2021-06-16 16:00:00,39.53500000,41.75000000,38.57000000,39.49900000,2355587.74200000
1001,2021-06-16 20:00:00,39.49900000,40.52400000,38.72800000,39.72800000,577216.37300000
1002,2021-06-17 00:00:00,39.73000000,40.56400000,39.44400000,40.29100000,455539.08800000
1003,2021-06-17 04:00:00,40.29800000,41.04400000,39.80300000,41.00500000,470717.51600000
1004,2021-06-17 08:00:00,41.00600000,41.26400000,40.41400000,40.64600000,457177.70700000
1005,2021-06-17 12:00:00,40.66600000,40.75000000,39.42200000,40.27000000,629110.84100000
1006,2021-06-17 16:00:00,40.27000000,40.38500000,38.21100000,39.29100000,807387.18400000
1007,2021-06-17 20:00:00,39.27900000,39.64400000,38.55500000,39.26500000,454689.64200000
1008,2021-06-18 00:00:00,39.25900000,39.34200000,38.20000000,39.17200000,285396.84200000
1009,2021-06-18 04:00:00,39.19000000,39.50200000,38.55000000,39.01500000,270231.76100000
1010,2021-06-18 08:00:00,39.01800000,39.13000000,37.82800000,38.21500000,534292.97800000
1011,2021-06-18 12:00:00,38.22700000,38.29200000,35.48500000,35.55400000,1327724.79800000
1012,2021-06-18 16:00:00,35.54400000,36.84000000,34.89800000,35.41400000,905817.44400000
1013,2021-06-18 20:00:00,35.40900000,36.86400000,35.29100000,36.82000000,453674.98300000
1014,2021-06-19 00:00:00,36.80200000,37.31800000,35.01000000,35.68000000,580910.02500000
1015,2021-06-19 04:00:00,35.68400000,36.39900000,35.30800000,36.33100000,290848.42400000
1016,2021-06-19 08:00:00,36.32700000,36.46300000,35.76800000,36.34300000,264460.31200000
1017,2021-06-19 12:00:00,36.34500000,36.95000000,35.85200000,36.26800000,394855.42700000
1018,2021-06-19 16:00:00,36.27000000,36.38600000,34.90100000,35.56600000,399524.03600000
1019,2021-06-19 20:00:00,35.54700000,36.03700000,35.10000000,35.19000000,286039.80400000
1020,2021-06-20 00:00:00,35.19500000,35.42700000,34.32900000,34.97200000,306883.44800000
1021,2021-06-20 04:00:00,34.96800000,35.63800000,34.87400000,35.31800000,188852.40300000
1022,2021-06-20 08:00:00,35.32800000,35.43400000,32.23700000,32.49300000,1001788.83600000
1023,2021-06-20 12:00:00,32.49100000,34.50000000,31.30000000,33.76400000,1292018.30800000
1024,2021-06-20 16:00:00,33.75900000,35.48000000,33.48100000,35.01900000,656526.24600000
1025,2021-06-20 20:00:00,35.03500000,35.94900000,34.74400000,35.25700000,492752.28900000
1026,2021-06-21 00:00:00,35.24800000,35.49900000,32.57100000,32.77000000,532608.00900000
1027,2021-06-21 04:00:00,32.77100000,33.39200000,30.17900000,31.07100000,1583736.29500000
1028,2021-06-21 08:00:00,31.06200000,31.87200000,28.35300000,30.49800000,2025284.85200000
1029,2021-06-21 12:00:00,30.49800000,31.40000000,29.01000000,29.64200000,1610676.55600000
1030,2021-06-21 16:00:00,29.68400000,30.02200000,27.50600000,28.58000000,1074821.70400000
1031,2021-06-21 20:00:00,28.59600000,28.75000000,25.92500000,26.59000000,1386789.21100000
1032,2021-06-22 00:00:00,26.59700000,28.81300000,25.00000000,27.93800000,2069741.28800000
1033,2021-06-22 04:00:00,27.97200000,28.11300000,26.05400000,26.49500000,836126.03400000
1034,2021-06-22 08:00:00,26.49500000,26.52600000,22.01000000,22.04400000,2430126.61800000
1035,2021-06-22 12:00:00,22.05800000,26.75400000,20.18700000,25.66000000,6209851.30400000
1036,2021-06-22 16:00:00,25.66600000,28.28600000,25.48300000,26.44600000,2991228.75400000
1037,2021-06-22 20:00:00,26.44100000,27.87000000,25.75700000,26.95800000,1251751.95800000
1038,2021-06-23 00:00:00,26.95700000,31.31500000,25.62600000,29.97400000,3040180.15100000
1039,2021-06-23 04:00:00,29.95200000,30.96000000,29.52500000,30.64000000,1573767.16600000
1040,2021-06-23 08:00:00,30.62500000,31.84800000,30.02500000,30.98700000,1585091.77500000
1041,2021-06-23 12:00:00,30.99400000,32.90000000,28.94900000,29.05600000,2873202.31800000
1042,2021-06-23 16:00:00,29.05600000,30.79900000,28.35800000,28.45000000,1739644.79900000
1043,2021-06-23 20:00:00,28.44500000,31.04100000,28.30000000,30.83700000,1154425.04400000
1044,2021-06-24 00:00:00,30.83500000,31.27900000,28.50100000,28.98200000,1576977.34300000
1045,2021-06-24 04:00:00,28.98100000,29.95000000,28.48100000,29.42900000,916243.48500000
1046,2021-06-24 08:00:00,29.44100000,30.81100000,29.31600000,30.73100000,912708.77500000
1047,2021-06-24 12:00:00,30.72800000,31.63000000,30.00000000,30.71900000,1250580.82000000
1048,2021-06-24 16:00:00,30.72500000,33.00000000,30.26900000,32.10800000,1796978.23700000
1049,2021-06-24 20:00:00,32.10800000,32.50000000,31.13700000,31.14100000,760604.25200000
1050,2021-06-25 00:00:00,31.14400000,32.80000000,31.10000000,32.67900000,993267.02100000
1051,2021-06-25 04:00:00,32.65200000,32.98900000,30.81900000,31.26500000,917412.67500000
1052,2021-06-25 08:00:00,31.26100000,31.82600000,29.39300000,29.57400000,1276176.43400000
1053,2021-06-25 12:00:00,29.59300000,30.79200000,28.65000000,29.05800000,1804430.47200000
1054,2021-06-25 16:00:00,29.07000000,29.78000000,27.94900000,29.41600000,1648579.98100000
1055,2021-06-25 20:00:00,29.41700000,29.67100000,28.31000000,28.64100000,653276.59300000
1056,2021-06-26 00:00:00,28.61900000,30.18100000,28.32000000,29.20300000,1134227.44000000
1057,2021-06-26 04:00:00,29.21900000,30.00000000,27.17100000,27.30900000,1009366.65800000
1058,2021-06-26 08:00:00,27.28800000,29.01100000,26.65900000,28.80600000,1846433.73500000
1059,2021-06-26 12:00:00,28.79400000,28.99000000,27.09800000,28.43000000,1239718.08300000
1060,2021-06-26 16:00:00,28.40800000,28.61900000,27.43300000,28.27500000,724773.12800000
1061,2021-06-26 20:00:00,28.25900000,29.75400000,27.65500000,29.69800000,538465.19000000
1062,2021-06-27 00:00:00,29.69100000,30.92900000,29.18600000,30.65000000,1240095.99000000
1063,2021-06-27 04:00:00,30.66100000,30.85700000,29.62300000,30.61300000,842024.23400000
1064,2021-06-27 08:00:00,30.60900000,30.85000000,29.77300000,30.44500000,1025044.47000000
1065,2021-06-27 12:00:00,30.45800000,31.20000000,29.98700000,30.17000000,1250521.69900000
1066,2021-06-27 16:00:00,30.17000000,30.50000000,29.60100000,29.91700000,511126.06200000
1067,2021-06-27 20:00:00,29.91700000,31.95000000,29.61800000,31.89700000,982399.45900000
1068,2021-06-28 00:00:00,31.88300000,32.00000000,30.96100000,31.44000000,518566.47400000
1069,2021-06-28 04:00:00,31.44000000,32.75000000,31.07300000,32.54800000,619169.00000000
1070,2021-06-28 08:00:00,32.54400000,32.96000000,31.45300000,31.58400000,949707.14700000
1071,2021-06-28 12:00:00,31.58600000,34.34000000,31.30700000,34.03500000,1306671.81900000
1072,2021-06-28 16:00:00,34.04900000,34.08100000,32.83100000,33.53000000,1000828.22500000
1073,2021-06-28 20:00:00,33.52400000,34.31000000,32.55400000,33.00100000,601785.34800000
1074,2021-06-29 00:00:00,33.01800000,33.81300000,32.66500000,33.13300000,425451.59100000
1075,2021-06-29 04:00:00,33.13000000,34.00000000,32.96500000,33.47800000,551261.96900000
1076,2021-06-29 08:00:00,33.47800000,34.50000000,33.27400000,34.31300000,797607.42300000
1077,2021-06-29 12:00:00,34.31500000,35.83700000,34.15100000,35.28000000,1426910.83700000
1078,2021-06-29 16:00:00,35.28200000,35.69000000,34.57200000,34.79500000,616644.14000000
1079,2021-06-29 20:00:00,34.80100000,35.00000000,33.65600000,33.97000000,658409.83200000
1080,2021-06-30 00:00:00,33.97400000,34.24700000,32.10300000,32.24000000,782057.92000000
1081,2021-06-30 04:00:00,32.24400000,33.54200000,31.76800000,33.51500000,919702.64300000
1082,2021-06-30 08:00:00,33.51400000,33.79900000,32.05800000,33.00500000,829089.68000000
1083,2021-06-30 12:00:00,33.01800000,33.30000000,31.55500000,31.92300000,665108.96500000
1084,2021-06-30 16:00:00,31.91400000,34.48800000,31.62100000,34.32200000,803907.85100000
1085,2021-06-30 20:00:00,34.32100000,36.00000000,33.84600000,35.51000000,1361556.60600000
1086,2021-07-01 00:00:00,35.51000000,35.56700000,33.62400000,33.79400000,666704.25700000
1087,2021-07-01 04:00:00,33.78000000,34.96000000,32.35100000,32.39100000,1002400.52500000
1088,2021-07-01 08:00:00,32.38700000,34.35000000,32.17000000,34.26200000,896519.26500000
1089,2021-07-01 12:00:00,34.26100000,34.35000000,32.83900000,33.48600000,843358.65500000
1090,2021-07-01 16:00:00,33.47800000,34.23200000,33.03400000,33.69400000,620984.11900000
1091,2021-07-01 20:00:00,33.68100000,34.28300000,33.26000000,33.27100000,458958.07800000
1092,2021-07-02 00:00:00,33.27000000,34.01700000,31.98300000,32.19700000,676792.07300000
1093,2021-07-02 04:00:00,32.16700000,32.73100000,31.36700000,32.48000000,1059314.34600000
1094,2021-07-02 08:00:00,32.49200000,32.74900000,31.49400000,31.89300000,599327.42700000
1095,2021-07-02 12:00:00,31.89300000,32.99600000,31.73300000,32.97500000,830095.69800000
1096,2021-07-02 16:00:00,32.99400000,33.31200000,32.61100000,33.25500000,593723.10100000
1097,2021-07-02 20:00:00,33.26000000,34.21700000,32.64900000,34.00000000,564945.63100000
1098,2021-07-03 00:00:00,34.00100000,34.30800000,33.21700000,33.51700000,510774.67400000
1099,2021-07-03 04:00:00,33.51700000,35.00000000,33.33300000,34.78300000,606563.94900000
1100,2021-07-03 08:00:00,34.77100000,35.40600000,34.54800000,35.10000000,652934.13500000
1101,2021-07-03 12:00:00,35.10100000,35.30000000,34.46200000,34.81800000,562027.37900000
1102,2021-07-03 16:00:00,34.82000000,35.19800000,34.63600000,34.82800000,321715.91600000
1103,2021-07-03 20:00:00,34.84400000,34.90000000,33.89800000,34.49800000,409390.08800000
1104,2021-07-04 00:00:00,34.49700000,34.54600000,33.53300000,33.81700000,272437.82400000
1105,2021-07-04 04:00:00,33.81700000,35.44800000,33.74000000,35.34300000,689606.79800000
1106,2021-07-04 08:00:00,35.34300000,35.53100000,34.89600000,35.17200000,368623.26800000
1107,2021-07-04 12:00:00,35.16900000,35.24800000,34.34700000,34.89500000,523009.30600000
1108,2021-07-04 16:00:00,34.89500000,35.28400000,34.85200000,35.01900000,427434.29500000
1109,2021-07-04 20:00:00,35.01800000,35.33000000,34.05300000,34.28000000,691101.92700000
1110,2021-07-05 00:00:00,34.27800000,34.38400000,33.44600000,33.63000000,448926.06600000
1111,2021-07-05 04:00:00,33.63100000,34.20900000,33.27000000,33.99300000,350473.21500000
1112,2021-07-05 08:00:00,33.99900000,34.49000000,32.94100000,33.16600000,538521.10700000
1113,2021-07-05 12:00:00,33.16200000,33.66400000,32.63000000,32.76800000,736105.35800000
1114,2021-07-05 16:00:00,32.77200000,33.43800000,32.37000000,33.23500000,613998.84800000
1115,2021-07-05 20:00:00,33.23900000,33.66700000,32.80600000,32.90800000,320959.48800000
1116,2021-07-06 00:00:00,32.90800000,33.47400000,32.88300000,33.34500000,290936.74100000
1117,2021-07-06 04:00:00,33.33900000,34.39600000,33.32300000,34.22400000,474454.02000000
1118,2021-07-06 08:00:00,34.22800000,35.04100000,33.30900000,33.72200000,846292.81800000
1119,2021-07-06 12:00:00,33.71800000,34.58400000,33.40000000,33.81800000,893649.64700000
1120,2021-07-06 16:00:00,33.82300000,33.87900000,33.20300000,33.68700000,420284.70700000
1121,2021-07-06 20:00:00,33.69800000,34.42000000,33.22600000,34.22600000,364080.12800000
1122,2021-07-07 00:00:00,34.22100000,34.85700000,33.82000000,34.79900000,492655.95300000
1123,2021-07-07 04:00:00,34.81000000,35.38700000,34.54000000,34.99800000,487954.72700000
1124,2021-07-07 08:00:00,34.99900000,37.20000000,34.57700000,36.94900000,1276824.20100000
1125,2021-07-07 12:00:00,36.94600000,37.59900000,36.08900000,36.26400000,981591.42300000
1126,2021-07-07 16:00:00,36.26400000,38.10000000,36.21500000,37.55100000,733670.27700000
1127,2021-07-07 20:00:00,37.54500000,37.76900000,36.27400000,36.67300000,636561.97200000
1128,2021-07-08 00:00:00,36.66700000,36.93400000,35.55500000,36.61000000,837477.01000000
1129,2021-07-08 04:00:00,36.62600000,36.82400000,33.85700000,34.18300000,1432924.37500000
1130,2021-07-08 08:00:00,34.16700000,35.11800000,33.75000000,34.97600000,741321.34800000
1131,2021-07-08 12:00:00,34.96800000,35.30600000,33.70100000,34.34400000,663787.89800000
1132,2021-07-08 16:00:00,34.34100000,34.42400000,33.50000000,33.97600000,479649.20900000
1133,2021-07-08 20:00:00,33.97700000,34.06900000,32.65400000,33.14200000,339862.70000000
1134,2021-07-09 00:00:00,33.13400000,33.78400000,31.97600000,33.41200000,567675.05700000
1135,2021-07-09 04:00:00,33.40000000,33.64600000,32.63900000,32.96900000,365534.05500000
1136,2021-07-09 08:00:00,32.96000000,33.17000000,32.33000000,32.46600000,241916.25000000
1137,2021-07-09 12:00:00,32.44800000,34.46000000,32.19800000,33.92300000,805279.26100000
1138,2021-07-09 16:00:00,33.93600000,34.14100000,32.75600000,32.94700000,422681.69700000
1139,2021-07-09 20:00:00,32.94500000,33.77500000,32.82500000,33.31500000,407177.28200000
1140,2021-07-10 00:00:00,33.31500000,34.21500000,33.05200000,33.28400000,330528.96500000
1141,2021-07-10 04:00:00,33.28400000,33.61400000,32.78800000,33.36200000,220005.92300000
1142,2021-07-10 08:00:00,33.36800000,33.69000000,32.45900000,32.77700000,323887.65700000
1143,2021-07-10 12:00:00,32.77600000,33.32400000,32.15700000,32.36100000,975894.24400000
1144,2021-07-10 16:00:00,32.35300000,32.83300000,31.47700000,31.82200000,645254.73300000
1145,2021-07-10 20:00:00,31.80200000,32.00000000,31.02500000,31.69300000,342503.06400000
1146,2021-07-11 00:00:00,31.71600000,32.19300000,31.54800000,31.68600000,261705.52200000
1147,2021-07-11 04:00:00,31.68300000,32.06700000,31.30000000,31.62600000,387193.08100000
1148,2021-07-11 08:00:00,31.62700000,32.34800000,31.47900000,32.21100000,332792.86800000
1149,2021-07-11 12:00:00,32.21800000,32.56800000,31.81400000,32.39000000,365590.27400000
1150,2021-07-11 16:00:00,32.39100000,32.42400000,31.92600000,32.00100000,285583.56200000
1151,2021-07-11 20:00:00,32.00100000,32.54400000,31.84500000,32.18200000,311950.49700000
1152,2021-07-12 00:00:00,32.17300000,32.69600000,31.95200000,32.53500000,230890.87400000
1153,2021-07-12 04:00:00,32.54900000,32.68100000,32.10200000,32.20400000,314253.50600000
1154,2021-07-12 08:00:00,32.21300000,32.32900000,31.25400000,31.34800000,361614.49800000
1155,2021-07-12 12:00:00,31.34900000,31.68300000,31.06600000,31.08300000,295155.06700000
1156,2021-07-12 16:00:00,31.08300000,31.19600000,30.01100000,30.36100000,735785.99200000
1157,2021-07-12 20:00:00,30.35200000,31.00800000,30.10300000,30.77000000,313539.33200000
1158,2021-07-13 00:00:00,30.77000000,31.09600000,30.48100000,30.80000000,147729.86000000
1159,2021-07-13 04:00:00,30.81800000,31.01200000,30.01200000,30.49200000,239593.97900000
1160,2021-07-13 08:00:00,30.49800000,30.79500000,30.03900000,30.12500000,228429.99500000
1161,2021-07-13 12:00:00,30.12400000,30.31500000,29.10700000,30.25500000,587707.55000000
1162,2021-07-13 16:00:00,30.25600000,30.33100000,28.96100000,29.02700000,384370.78800000
1163,2021-07-13 20:00:00,29.02900000,29.52900000,28.81000000,29.13600000,249300.26400000
1164,2021-07-14 00:00:00,29.15400000,29.28100000,27.70600000,28.15900000,420388.27700000
1165,2021-07-14 04:00:00,28.14900000,28.36200000,27.36300000,28.10000000,455763.80500000
1166,2021-07-14 08:00:00,28.10000000,29.43000000,27.53600000,28.99900000,686923.65700000
1167,2021-07-14 12:00:00,29.00000000,31.20000000,28.76100000,30.58200000,1102771.24200000
1168,2021-07-14 16:00:00,30.58200000,31.50000000,30.35000000,30.50000000,508776.21500000
1169,2021-07-14 20:00:00,30.49700000,31.39300000,30.48400000,31.36500000,259561.98200000
1170,2021-07-15 00:00:00,31.36500000,31.48500000,30.55700000,30.58200000,383805.47000000
1171,2021-07-15 04:00:00,30.59400000,30.86700000,29.55400000,30.37400000,672104.96600000
1172,2021-07-15 08:00:00,30.37200000,30.84000000,29.11000000,29.14200000,941044.22000000
1173,2021-07-15 12:00:00,29.14000000,29.57300000,28.75100000,28.76500000,668014.99900000
1174,2021-07-15 16:00:00,28.76900000,28.90100000,27.97500000,28.66300000,538724.33200000
1175,2021-07-15 20:00:00,28.66100000,29.04300000,28.06500000,28.54500000,439317.54200000
1176,2021-07-16 00:00:00,28.56200000,29.47800000,28.14400000,29.16400000,422623.30100000
1177,2021-07-16 04:00:00,29.16500000,29.47800000,28.13500000,28.33400000,286045.63000000
1178,2021-07-16 08:00:00,28.33400000,28.33900000,27.00000000,27.14700000,530811.85800000
1179,2021-07-16 12:00:00,27.13400000,28.38000000,27.10100000,28.32500000,807897.51400000
1180,2021-07-16 16:00:00,28.31900000,28.35000000,27.03200000,27.14600000,399686.31200000
1181,2021-07-16 20:00:00,27.13100000,27.30100000,26.19600000,26.27100000,476511.17700000
1182,2021-07-17 00:00:00,26.26900000,26.86000000,26.00000000,26.23200000,481694.71700000
1183,2021-07-17 04:00:00,26.22600000,26.86300000,26.11200000,26.62500000,290032.25400000
1184,2021-07-17 08:00:00,26.62600000,27.16400000,25.97900000,26.45100000,415831.36700000
1185,2021-07-17 12:00:00,26.45100000,26.70000000,26.21700000,26.52700000,274669.32200000
1186,2021-07-17 16:00:00,26.53300000,27.25800000,26.36900000,27.13200000,304479.70200000
1187,2021-07-17 20:00:00,27.14400000,27.83600000,26.58700000,26.80200000,355681.73900000
1188,2021-07-18 00:00:00,26.78900000,27.75600000,26.67200000,27.49700000,370241.56500000
1189,2021-07-18 04:00:00,27.49900000,27.53100000,26.73800000,26.89300000,217015.92400000
1190,2021-07-18 08:00:00,26.90000000,27.44300000,26.84700000,27.39000000,242340.45900000
1191,2021-07-18 12:00:00,27.38400000,27.47800000,26.23300000,26.58600000,517173.49000000
1192,2021-07-18 16:00:00,26.58400000,26.92300000,26.48200000,26.78600000,168599.04800000
1193,2021-07-18 20:00:00,26.76600000,27.22100000,26.36100000,26.67300000,212231.30200000
1194,2021-07-19 00:00:00,26.67900000,26.71000000,25.59800000,25.95600000,379399.64900000
1195,2021-07-19 04:00:00,25.96100000,26.20000000,25.66800000,25.71800000,307256.88600000
1196,2021-07-19 08:00:00,25.71800000,25.87400000,24.79000000,24.80200000,705519.26400000
1197,2021-07-19 12:00:00,24.79800000,25.00000000,23.97500000,24.18900000,1073433.35800000
1198,2021-07-19 16:00:00,24.18500000,24.55400000,24.02100000,24.38200000,340710.96200000
1199,2021-07-19 20:00:00,24.39700000,24.86000000,24.25300000,24.50900000,324857.85800000
1200,2021-07-20 00:00:00,24.52400000,24.98200000,22.72300000,22.86000000,965279.23800000
1201,2021-07-20 04:00:00,22.86400000,23.20000000,22.71800000,23.09500000,439454.94800000
1202,2021-07-20 08:00:00,23.10200000,23.25000000,22.10000000,22.88700000,661222.97400000
1203,2021-07-20 12:00:00,22.88700000,23.94100000,22.61000000,23.80300000,691579.13600000
1204,2021-07-20 16:00:00,23.80400000,24.05500000,23.33300000,23.80500000,421729.83100000
1205,2021-07-20 20:00:00,23.81100000,24.11700000,23.20700000,23.47400000,376162.41500000
1206,2021-07-21 00:00:00,23.48400000,24.08900000,22.80000000,24.06400000,625311.04600000
1207,2021-07-21 04:00:00,24.06400000,26.00000000,24.04100000,25.71100000,1008573.63500000
1208,2021-07-21 08:00:00,25.70000000,26.51600000,25.33500000,26.20700000,755939.92100000
1209,2021-07-21 12:00:00,26.21200000,27.10000000,25.75400000,26.95400000,711925.40600000
1210,2021-07-21 16:00:00,26.95700000,27.46100000,25.23200000,25.53200000,1054562.14900000
1211,2021-07-21 20:00:00,25.54100000,26.72900000,25.27000000,26.70000000,405680.85000000
1212,2021-07-22 00:00:00,26.70600000,27.14900000,25.91000000,26.30000000,428914.12400000
1213,2021-07-22 04:00:00,26.30600000,27.29400000,26.20000000,27.02300000,447899.83300000
1214,2021-07-22 08:00:00,27.03600000,27.59800000,26.52100000,26.72900000,547280.55200000
1215,2021-07-22 12:00:00,26.73500000,27.79800000,26.32100000,27.79500000,537534.97800000
1216,2021-07-22 16:00:00,27.79600000,28.17000000,27.66400000,27.88800000,409183.95800000
1217,2021-07-22 20:00:00,27.88900000,27.99600000,27.28200000,27.69900000,272969.69900000
1218,2021-07-23 00:00:00,27.70000000,28.71300000,27.27800000,28.28100000,472373.25700000
1219,2021-07-23 04:00:00,28.28100000,28.60900000,27.42100000,27.92000000,557686.05100000
1220,2021-07-23 08:00:00,27.92600000,27.93300000,27.08600000,27.53700000,521332.41100000
1221,2021-07-23 12:00:00,27.51900000,27.87000000,26.70000000,26.87700000,472718.85200000
1222,2021-07-23 16:00:00,26.88000000,26.89200000,26.38500000,26.60600000,464649.13700000
1223,2021-07-23 20:00:00,26.60900000,28.54000000,26.54600000,28.51600000,551760.61300000
1224,2021-07-24 00:00:00,28.53000000,29.00000000,28.25000000,28.70000000,436963.01000000
1225,2021-07-24 04:00:00,28.71300000,29.51700000,28.53100000,28.75000000,572197.19500000
1226,2021-07-24 08:00:00,28.75400000,29.14300000,28.22300000,28.66000000,540675.55300000
1227,2021-07-24 12:00:00,28.66400000,28.95800000,28.31400000,28.40200000,284076.04500000
1228,2021-07-24 16:00:00,28.39200000,29.54800000,28.25800000,28.42600000,598724.64500000
1229,2021-07-24 20:00:00,28.41200000,28.73300000,28.01300000,28.61600000,245472.36200000
1230,2021-07-25 00:00:00,28.62600000,28.89800000,27.70400000,27.90200000,358959.91800000
1231,2021-07-25 04:00:00,27.90600000,28.78600000,27.66000000,28.60600000,415924.93100000
1232,2021-07-25 08:00:00,28.61400000,28.79200000,27.91100000,27.99000000,289844.11700000
1233,2021-07-25 12:00:00,28.00000000,28.00000000,26.50000000,27.35600000,806689.63600000
1234,2021-07-25 16:00:00,27.35100000,27.74300000,26.98000000,27.53500000,236048.39900000
1235,2021-07-25 20:00:00,27.53300000,28.24900000,27.35900000,28.24800000,243524.53300000
1236,2021-07-26 00:00:00,28.24700000,31.11500000,28.00000000,30.10800000,1825157.78300000
1237,2021-07-26 04:00:00,30.10800000,30.90000000,29.34700000,29.71500000,1048216.22200000
1238,2021-07-26 08:00:00,29.72000000,30.20000000,29.24400000,30.03900000,877305.16400000
1239,2021-07-26 12:00:00,30.05300000,30.49100000,29.53600000,30.08700000,642458.08200000
1240,2021-07-26 16:00:00,30.07000000,30.90000000,29.57800000,29.69200000,719212.38100000
1241,2021-07-26 20:00:00,29.66400000,29.78600000,27.83000000,28.18400000,1109342.26500000
1242,2021-07-27 00:00:00,28.18300000,28.58000000,27.12100000,27.59500000,538689.80500000
1243,2021-07-27 04:00:00,27.61600000,27.97600000,27.43800000,27.88100000,309679.24700000
1244,2021-07-27 08:00:00,27.87000000,28.78200000,27.71600000,28.65700000,420176.73700000
1245,2021-07-27 12:00:00,28.66700000,28.95000000,27.42500000,27.70000000,971044.15200000
1246,2021-07-27 16:00:00,27.70400000,27.85100000,26.89300000,27.23700000,460366.27400000
1247,2021-07-27 20:00:00,27.23200000,28.19000000,27.22800000,28.10300000,308418.54200000
1248,2021-07-28 00:00:00,28.11900000,28.59000000,27.53800000,27.97000000,438933.60200000
1249,2021-07-28 04:00:00,27.96300000,28.22800000,27.35400000,28.06000000,399019.21300000
1250,2021-07-28 08:00:00,28.06000000,28.74000000,27.72400000,28.61000000,473216.59000000
1251,2021-07-28 12:00:00,28.61200000,28.76000000,27.83000000,28.28000000,385870.05900000
1252,2021-07-28 16:00:00,28.27700000,28.51800000,27.41900000,27.99500000,432223.01100000
1253,2021-07-28 20:00:00,27.98800000,28.07800000,27.50000000,27.87500000,200639.08400000
1254,2021-07-29 00:00:00,27.89100000,27.89200000,27.31900000,27.61200000,210243.65300000
1255,2021-07-29 04:00:00,27.60900000,28.48000000,27.55900000,28.15400000,264570.23500000
1256,2021-07-29 08:00:00,28.15400000,28.69000000,27.99600000,28.13200000,366292.91500000
1257,2021-07-29 12:00:00,28.14100000,30.00200000,27.90400000,29.58700000,724422.73600000
1258,2021-07-29 16:00:00,29.58700000,31.66600000,29.58500000,31.36500000,1176625.15900000
1259,2021-07-29 20:00:00,31.36400000,31.88800000,30.85300000,31.23500000,949895.74700000
1260,2021-07-30 00:00:00,31.23800000,33.08400000,30.72100000,32.75100000,997727.63600000
1261,2021-07-30 04:00:00,32.75300000,32.91400000,31.73000000,32.05600000,587614.77700000
1262,2021-07-30 08:00:00,32.05900000,32.10000000,29.91000000,30.92100000,1368222.93400000
1263,2021-07-30 12:00:00,30.92000000,31.17900000,30.18000000,31.01800000,635038.31300000
1264,2021-07-30 16:00:00,31.03000000,31.85000000,30.43200000,31.78900000,720766.51500000
1265,2021-07-30 20:00:00,31.80100000,32.57300000,31.63600000,32.35400000,661289.83400000
1266,2021-07-31 00:00:00,32.35400000,33.78000000,31.95400000,32.60700000,675786.39800000
1267,2021-07-31 04:00:00,32.62300000,32.67600000,31.65300000,32.18500000,428098.06200000
1268,2021-07-31 08:00:00,32.18500000,34.80000000,32.16300000,34.61700000,1108618.87200000
1269,2021-07-31 12:00:00,34.63600000,34.98100000,33.69500000,34.24600000,713131.68200000
1270,2021-07-31 16:00:00,34.24100000,34.79800000,33.59500000,34.38000000,488277.80800000
1271,2021-07-31 20:00:00,34.37700000,37.00400000,34.27900000,36.74400000,906232.71500000
1272,2021-08-01 00:00:00,36.74200000,36.82200000,35.10100000,36.09000000,822876.18500000
1273,2021-08-01 04:00:00,36.09000000,36.18100000,35.11100000,35.30500000,449748.86600000
1274,2021-08-01 08:00:00,35.30500000,35.99900000,34.65100000,35.12100000,501046.28700000
1275,2021-08-01 12:00:00,35.12000000,35.98700000,35.00400000,35.46700000,372451.41900000
1276,2021-08-01 16:00:00,35.48000000,35.71100000,34.28100000,35.53200000,545017.72200000
1277,2021-08-01 20:00:00,35.54500000,36.25300000,33.16500000,34.16500000,799834.67900000
1278,2021-08-02 00:00:00,34.17800000,35.07400000,33.32200000,34.81200000,489468.96800000
1279,2021-08-02 04:00:00,34.81300000,35.95000000,34.26200000,35.41900000,439077.55700000
1280,2021-08-02 08:00:00,35.41400000,35.62100000,34.50000000,34.58200000,350873.06900000
1281,2021-08-02 12:00:00,34.57300000,34.71900000,33.54600000,33.82000000,890888.75300000
1282,2021-08-02 16:00:00,33.82000000,34.05900000,33.50000000,33.67400000,548458.08900000
1283,2021-08-02 20:00:00,33.67900000,33.75200000,33.00000000,33.16700000,387114.85800000
1284,2021-08-03 00:00:00,33.17700000,33.66500000,32.72000000,33.21900000,394715.62600000
1285,2021-08-03 04:00:00,33.20600000,33.55000000,32.32700000,33.53000000,418767.46500000
1286,2021-08-03 08:00:00,33.51900000,34.62100000,33.02300000,34.37000000,595566.04800000
1287,2021-08-03 12:00:00,34.37100000,35.90000000,33.68700000,34.92000000,1228708.43100000
1288,2021-08-03 16:00:00,34.92000000,35.51300000,34.39000000,34.65700000,487329.31300000
1289,2021-08-03 20:00:00,34.65600000,34.75500000,33.79900000,34.10500000,365104.75500000
1290,2021-08-04 00:00:00,34.09400000,34.43100000,33.49000000,33.73800000,398890.88600000
1291,2021-08-04 04:00:00,33.73700000,34.40000000,33.49300000,33.71400000,373390.94800000
1292,2021-08-04 08:00:00,33.70100000,34.42300000,33.23600000,34.35300000,378434.20900000
1293,2021-08-04 12:00:00,34.34800000,35.63900000,34.32500000,35.36300000,793518.54500000
1294,2021-08-04 16:00:00,35.37400000,36.50000000,35.35300000,36.23300000,568024.14000000
1295,2021-08-04 20:00:00,36.25400000,36.65800000,35.72100000,35.76000000,335579.94100000
1296,2021-08-05 00:00:00,35.75700000,37.45300000,35.50000000,37.23200000,497074.26000000
1297,2021-08-05 04:00:00,37.23700000,37.44800000,36.31300000,36.62900000,370290.13200000
1298,2021-08-05 08:00:00,36.60700000,37.20000000,35.91900000,36.83300000,603603.90900000
1299,2021-08-05 12:00:00,36.83200000,38.26700000,35.97600000,36.70200000,1722946.10400000
1300,2021-08-05 16:00:00,36.70700000,37.38200000,36.05000000,36.92600000,549300.59000000
1301,2021-08-05 20:00:00,36.92700000,37.78500000,36.83300000,37.35300000,316156.08800000
1302,2021-08-06 00:00:00,37.35400000,37.50300000,35.80000000,35.91600000,533423.21000000
1303,2021-08-06 04:00:00,35.92500000,37.05700000,35.61100000,37.00000000,356138.93100000
1304,2021-08-06 08:00:00,37.00000000,37.26900000,36.77000000,36.95300000,298552.88700000
1305,2021-08-06 12:00:00,36.94000000,39.69800000,36.71000000,39.68700000,1504472.45800000
1306,2021-08-06 16:00:00,39.68700000,40.40000000,39.33500000,39.89200000,979611.21400000
1307,2021-08-06 20:00:00,39.87000000,39.98000000,38.96500000,39.52500000,279118.87400000
1308,2021-08-07 00:00:00,39.50200000,40.15000000,38.75100000,40.06500000,354565.45200000
1309,2021-08-07 04:00:00,40.07100000,40.10300000,38.83500000,39.46100000,405440.20000000
1310,2021-08-07 08:00:00,39.45400000,40.50000000,39.21800000,40.02600000,562030.28900000
1311,2021-08-07 12:00:00,40.02400000,40.32400000,38.33800000,38.49500000,1009867.22100000
1312,2021-08-07 16:00:00,38.48900000,38.95000000,37.50200000,38.60300000,901147.71100000
1313,2021-08-07 20:00:00,38.59000000,39.57900000,38.50000000,39.46900000,328716.82800000
1314,2021-08-08 00:00:00,39.45400000,39.54900000,37.93300000,38.71100000,411161.70100000
1315,2021-08-08 04:00:00,38.72200000,39.40000000,38.22000000,38.77800000,348511.78500000
1316,2021-08-08 08:00:00,38.76000000,39.35900000,38.20700000,38.22100000,311927.46200000
1317,2021-08-08 12:00:00,38.20700000,38.83800000,37.30100000,37.74000000,419890.86900000
1318,2021-08-08 16:00:00,37.72900000,37.89800000,36.89600000,37.39100000,328986.61100000
1319,2021-08-08 20:00:00,37.41700000,38.44000000,37.09500000,37.65000000,210057.29500000
1320,2021-08-09 00:00:00,37.65300000,37.89800000,36.35100000,37.28800000,324038.93500000
1321,2021-08-09 04:00:00,37.29900000,37.80400000,36.94500000,37.77400000,172457.74300000
1322,2021-08-09 08:00:00,37.77400000,39.34200000,37.71100000,39.27200000,531257.88700000
1323,2021-08-09 12:00:00,39.28100000,39.93000000,38.70000000,39.85700000,381153.81500000
1324,2021-08-09 16:00:00,39.86100000,39.99900000,39.10000000,39.24600000,261844.50600000
1325,2021-08-09 20:00:00,39.25500000,39.47100000,37.98100000,38.64600000,457445.85500000
1326,2021-08-10 00:00:00,38.64600000,40.68300000,38.18300000,39.80200000,531773.71300000
1327,2021-08-10 04:00:00,39.81900000,40.31200000,39.20500000,39.97600000,303967.61500000
1328,2021-08-10 08:00:00,39.98000000,40.86900000,39.58000000,40.79500000,437634.82100000
1329,2021-08-10 12:00:00,40.78200000,41.67800000,39.81400000,40.12800000,622774.58700000
1330,2021-08-10 16:00:00,40.12400000,40.68900000,39.04100000,40.62700000,451102.23700000
1331,2021-08-10 20:00:00,40.63400000,41.37800000,40.19100000,40.64000000,255942.69200000
1332,2021-08-11 00:00:00,40.63900000,41.94700000,40.60500000,41.75800000,375955.30500000
1333,2021-08-11 04:00:00,41.77200000,43.00000000,41.40400000,42.51800000,512185.93300000
1334,2021-08-11 08:00:00,42.52400000,42.94000000,41.90700000,42.53400000,375369.28600000
1335,2021-08-11 12:00:00,42.53000000,43.41700000,42.19700000,42.58900000,495000.46200000
1336,2021-08-11 16:00:00,42.58900000,43.43700000,42.33000000,43.40200000,279501.71300000
1337,2021-08-11 20:00:00,43.38700000,43.72900000,41.39900000,41.62100000,474237.85600000
1338,2021-08-12 00:00:00,41.61900000,43.40100000,41.46900000,42.98500000,284589.70200000
1339,2021-08-12 04:00:00,42.98700000,43.04900000,40.21500000,41.43400000,599071.19900000
1340,2021-08-12 08:00:00,41.43400000,41.90000000,40.70800000,40.76200000,349730.39600000
1341,2021-08-12 12:00:00,40.76500000,41.22800000,39.31600000,39.82800000,565414.01600000
1342,2021-08-12 16:00:00,39.83100000,41.14900000,39.36000000,41.02400000,276549.67600000
1343,2021-08-12 20:00:00,41.01200000,41.37000000,39.58200000,41.10200000,338309.42300000
1344,2021-08-13 00:00:00,41.10500000,42.33200000,40.66800000,42.25300000,209983.41300000
1345,2021-08-13 04:00:00,42.25300000,43.85800000,42.25300000,43.39500000,244488.46600000
1346,2021-08-13 08:00:00,43.40500000,44.64700000,43.39700000,43.59600000,594041.29000000
1347,2021-08-13 12:00:00,43.58100000,44.39600000,42.81800000,43.61500000,473298.98600000
1348,2021-08-13 16:00:00,43.62400000,43.99700000,43.14700000,43.53800000,327059.90400000
1349,2021-08-13 20:00:00,43.53800000,44.91100000,43.37900000,44.83000000,432467.93100000
1350,2021-08-14 00:00:00,44.85900000,44.86900000,43.66500000,44.09600000,225268.20500000
1351,2021-08-14 04:00:00,44.08200000,44.64800000,43.67200000,44.47800000,200381.12900000
1352,2021-08-14 08:00:00,44.48600000,44.87400000,42.72700000,43.73900000,537564.94100000
1353,2021-08-14 12:00:00,43.74200000,44.12300000,43.00000000,44.06500000,270446.39600000
1354,2021-08-14 16:00:00,44.05000000,44.18400000,43.52500000,43.86900000,160455.58100000
1355,2021-08-14 20:00:00,43.88200000,44.24900000,43.02700000,44.14000000,154702.47000000
1356,2021-08-15 00:00:00,44.12400000,45.76700000,43.87300000,44.57300000,383854.34800000
1357,2021-08-15 04:00:00,44.58500000,45.57700000,43.36100000,43.64900000,308754.23200000
1358,2021-08-15 08:00:00,43.62600000,47.17700000,43.36800000,46.76700000,885047.77800000
1359,2021-08-15 12:00:00,46.76800000,48.85100000,46.00300000,48.70400000,1037689.50300000
1360,2021-08-15 16:00:00,48.70100000,54.80000000,47.84400000,52.94500000,2564667.58200000
1361,2021-08-15 20:00:00,52.94700000,54.20700000,51.97000000,53.53100000,1084270.12200000
1362,2021-08-16 00:00:00,53.51500000,59.37200000,52.26900000,58.60500000,1997029.18800000
1363,2021-08-16 04:00:00,58.60900000,64.80000000,57.61600000,61.91500000,3537828.28100000
1364,2021-08-16 08:00:00,61.93400000,62.61400000,60.38100000,61.79300000,1242302.27700000
1365,2021-08-16 12:00:00,61.79000000,68.86700000,60.86000000,67.07700000,4625524.97600000
1366,2021-08-16 16:00:00,67.05200000,69.13200000,62.80700000,62.91100000,1885787.72200000
1367,2021-08-16 20:00:00,62.91000000,66.60300000,61.55000000,62.01600000,1725892.48400000
1368,2021-08-17 00:00:00,62.04200000,74.60000000,61.21100000,71.83600000,3600497.25700000
1369,2021-08-17 04:00:00,71.85400000,75.15500000,69.40700000,74.05300000,2391016.40300000
1370,2021-08-17 08:00:00,74.02200000,74.37800000,69.39200000,70.14500000,2277681.72300000
1371,2021-08-17 12:00:00,70.14400000,71.48200000,66.75500000,69.85000000,1589855.25400000
1372,2021-08-17 16:00:00,69.86100000,69.90400000,64.03600000,65.13700000,1609401.33500000
1373,2021-08-17 20:00:00,65.18600000,67.82900000,58.82200000,64.12300000,3485373.97800000
1374,2021-08-18 00:00:00,64.13500000,67.30000000,59.72200000,65.79200000,2188980.46700000
1375,2021-08-18 04:00:00,65.79300000,70.37700000,63.92500000,67.44500000,1543256.24400000
1376,2021-08-18 08:00:00,67.43800000,78.44700000,67.38700000,74.95900000,3873605.99300000
1377,2021-08-18 12:00:00,74.95800000,80.50000000,73.45100000,77.33500000,3851694.34500000
1378,2021-08-18 16:00:00,77.34400000,78.73200000,72.37900000,73.32800000,1559503.24900000
1379,2021-08-18 20:00:00,73.33800000,76.26700000,69.92000000,72.66300000,2005092.15500000
1380,2021-08-19 00:00:00,72.65900000,75.43600000,68.98100000,69.66600000,1861475.98600000
1381,2021-08-19 04:00:00,69.63200000,73.55800000,69.25000000,71.25800000,1554351.36300000
1382,2021-08-19 08:00:00,71.27300000,73.07400000,69.50000000,69.61200000,1048328.56600000
1383,2021-08-19 12:00:00,69.60000000,74.48000000,68.24000000,73.52200000,1478915.32700000
1384,2021-08-19 16:00:00,73.52200000,74.08600000,70.60000000,72.33000000,1047454.09900000
1385,2021-08-19 20:00:00,72.33300000,74.84600000,71.00000000,72.76400000,828696.25700000
1386,2021-08-20 00:00:00,72.80000000,74.15800000,71.81300000,72.38800000,629545.59300000
1387,2021-08-20 04:00:00,72.38000000,72.60000000,71.00700000,71.21200000,744120.63100000
1388,2021-08-20 08:00:00,71.22200000,72.41900000,70.87300000,71.49400000,662019.14900000
1389,2021-08-20 12:00:00,71.51800000,74.22000000,71.37100000,73.35000000,1139267.31400000
1390,2021-08-20 16:00:00,73.33100000,78.33000000,72.93100000,78.22400000,1450539.12800000
1391,2021-08-20 20:00:00,78.22200000,80.00000000,77.21800000,78.64300000,1079584.90700000
1392,2021-08-21 00:00:00,78.68400000,82.00000000,76.33200000,79.65700000,1363999.18400000
1393,2021-08-21 04:00:00,79.66300000,80.30600000,78.23300000,78.85500000,760531.32600000
1394,2021-08-21 08:00:00,78.85200000,79.15000000,74.34100000,75.89800000,1065043.61100000
1395,2021-08-21 12:00:00,75.90000000,77.11700000,74.80800000,75.40600000,763926.11200000
1396,2021-08-21 16:00:00,75.39100000,76.48600000,72.60000000,73.24800000,708645.25800000
1397,2021-08-21 20:00:00,73.23900000,75.78900000,72.92600000,73.80100000,469653.87100000
1398,2021-08-22 00:00:00,73.85200000,75.56700000,73.39000000,74.30700000,447106.53200000
1399,2021-08-22 04:00:00,74.29200000,75.78000000,74.24200000,75.51200000,339569.18400000
1400,2021-08-22 08:00:00,75.52000000,77.60000000,75.00000000,77.07700000,627193.70900000
1401,2021-08-22 12:00:00,77.07700000,77.32400000,73.35000000,74.61200000,489591.04500000
1402,2021-08-22 16:00:00,74.59900000,75.07100000,71.50000000,73.07900000,413900.17100000
1403,2021-08-22 20:00:00,73.07800000,73.95000000,71.24400000,72.77500000,544826.41200000
1404,2021-08-23 00:00:00,72.75100000,75.94200000,72.00000000,75.39100000,741852.49300000
1405,2021-08-23 04:00:00,75.44400000,75.67200000,73.10000000,73.35700000,611870.24700000
1406,2021-08-23 08:00:00,73.35800000,74.05700000,71.75300000,72.75000000,762869.62800000
1407,2021-08-23 12:00:00,72.74500000,73.51900000,71.54500000,72.04000000,590020.66800000
1408,2021-08-23 16:00:00,72.04600000,73.79400000,71.90500000,72.82600000,454118.67800000
1409,2021-08-23 20:00:00,72.81100000,76.81000000,71.83500000,75.62300000,990048.88100000
1410,2021-08-24 00:00:00,75.64700000,78.89900000,73.38900000,78.24400000,1441875.43800000
1411,2021-08-24 04:00:00,78.24200000,79.45000000,76.63800000,77.27700000,1093149.34300000
1412,2021-08-24 08:00:00,77.26300000,78.97400000,76.01300000,77.76800000,946986.47600000
1413,2021-08-24 12:00:00,77.76600000,77.89300000,71.58400000,71.99900000,1488958.32000000
1414,2021-08-24 16:00:00,71.98500000,72.63400000,68.50000000,71.67200000,1274872.03300000
1415,2021-08-24 20:00:00,71.60700000,72.73100000,69.62400000,70.52700000,546794.52700000
1416,2021-08-25 00:00:00,70.51900000,72.38600000,70.20000000,70.66300000,566753.80300000
1417,2021-08-25 04:00:00,70.65300000,72.83000000,70.51700000,71.14100000,440321.84500000
1418,2021-08-25 08:00:00,71.14300000,71.24000000,66.03000000,67.69400000,1620158.82500000
1419,2021-08-25 12:00:00,67.68700000,71.57200000,66.37800000,71.30500000,1479442.02600000
1420,2021-08-25 16:00:00,71.27700000,71.50100000,69.59100000,70.23700000,633634.51300000
1421,2021-08-25 20:00:00,70.22300000,72.04500000,70.16900000,71.97300000,328753.79200000
1422,2021-08-26 00:00:00,71.98200000,74.04300000,70.05600000,70.74300000,783850.84900000
1423,2021-08-26 04:00:00,70.67300000,71.51300000,66.20000000,67.65000000,842973.90900000
1424,2021-08-26 08:00:00,67.66000000,68.49000000,66.57000000,67.20000000,528198.71000000
1425,2021-08-26 12:00:00,67.21000000,78.30000000,66.40000000,74.71000000,2175552.06900000
1426,2021-08-26 16:00:00,74.71000000,77.61000000,73.39000000,74.75000000,1316934.97000000
1427,2021-08-26 20:00:00,74.78000000,77.25000000,74.20000000,74.92000000,916160.24000000
1428,2021-08-27 00:00:00,74.92000000,83.93000000,72.55000000,81.40000000,2881990.26400000
1429,2021-08-27 04:00:00,81.40000000,83.27000000,78.98000000,81.92000000,1291162.85000000
1430,2021-08-27 08:00:00,81.92000000,84.17000000,81.60000000,82.33000000,1294028.85600000
1431,2021-08-27 12:00:00,82.32000000,83.15000000,80.38000000,82.49000000,1228765.47000000
1432,2021-08-27 16:00:00,82.50000000,86.66000000,81.77000000,85.64000000,1159518.55100000
1433,2021-08-27 20:00:00,85.64000000,88.92000000,84.50000000,87.98000000,930171.10200000
1434,2021-08-28 00:00:00,87.98000000,88.85000000,86.08000000,86.30000000,689022.15000000
1435,2021-08-28 04:00:00,86.32000000,87.30000000,85.59000000,86.92000000,417205.70000000
1436,2021-08-28 08:00:00,86.93000000,92.94000000,86.85000000,92.43000000,1324491.69500000
1437,2021-08-28 12:00:00,92.45000000,95.03900000,91.33000000,94.66000000,1460432.52000000
1438,2021-08-28 16:00:00,94.65000000,96.43000000,93.17000000,93.93000000,1056558.09300000
1439,2021-08-28 20:00:00,93.91000000,97.82000000,93.65000000,96.22000000,826661.10000000
1440,2021-08-29 00:00:00,96.17000000,97.82000000,91.86000000,93.95000000,1074945.73000000
1441,2021-08-29 04:00:00,93.95000000,96.11000000,92.88000000,94.08000000,724171.32000000
1442,2021-08-29 08:00:00,94.08000000,94.57000000,91.21000000,91.75000000,850680.00000000
1443,2021-08-29 12:00:00,91.75000000,94.40000000,90.30000000,92.16000000,705400.29000000
1444,2021-08-29 16:00:00,92.17000000,94.39000000,91.01000000,93.92000000,444502.30000000
1445,2021-08-29 20:00:00,93.91000000,95.00000000,92.68000000,94.23000000,372162.01000000
1446,2021-08-30 00:00:00,94.23000000,101.96000000,93.58000000,97.63000000,1936784.40800000
1447,2021-08-30 04:00:00,97.63000000,100.55000000,95.81000000,100.16000000,1017773.67000000
1448,2021-08-30 08:00:00,100.15000000,102.10000000,98.61000000,101.04000000,1093537.32000000
1449,2021-08-30 12:00:00,101.04000000,106.91000000,98.00000000,105.62000000,2122735.94200000
1450,2021-08-30 16:00:00,105.59000000,116.84000000,104.35000000,109.66000000,3227594.63500000
1451,2021-08-30 20:00:00,109.63000000,114.99000000,107.22000000,110.25000000,1711116.64000000
1452,2021-08-31 00:00:00,110.26000000,115.30000000,108.65000000,115.19000000,1538742.33000000
1453,2021-08-31 04:00:00,115.19000000,120.50000000,114.44000000,119.68000000,2026900.49300000
1454,2021-08-31 08:00:00,119.68000000,125.00000000,117.09000000,124.77000000,1651865.74400000
1455,2021-08-31 12:00:00,124.78000000,130.11000000,114.34000000,116.52000000,5187344.80500000
1456,2021-08-31 16:00:00,116.52000000,117.23000000,106.26000000,114.69000000,4073345.15000000
1457,2021-08-31 20:00:00,114.69000000,114.74000000,103.06000000,108.27000000,2031367.07000000
1458,2021-09-01 00:00:00,108.27000000,112.43000000,105.89000000,111.24000000,1424390.45000000
1459,2021-09-01 04:00:00,111.24000000,114.99000000,107.37000000,110.12000000,1265544.52000000
1460,2021-09-01 08:00:00,110.13000000,117.03000000,109.07000000,116.07000000,1494208.91000000
1461,2021-09-01 12:00:00,116.09000000,119.72000000,113.09000000,117.22000000,1796754.65000000
1462,2021-09-01 16:00:00,117.27000000,118.88000000,114.00000000,114.98000000,1202386.08000000
1463,2021-09-01 20:00:00,114.98000000,115.15000000,110.05000000,110.71000000,845019.18000000
1464,2021-09-02 00:00:00,110.71000000,114.68000000,109.18000000,113.70000000,940837.67000000
1465,2021-09-02 04:00:00,113.70000000,117.31000000,112.85000000,114.48000000,1005205.27000000
1466,2021-09-02 08:00:00,114.47000000,118.00000000,114.08000000,114.92000000,1009895.29000000
1467,2021-09-02 12:00:00,114.91000000,123.50000000,114.33000000,121.88000000,1821784.32000000
1468,2021-09-02 16:00:00,121.87000000,129.00000000,119.54000000,127.18000000,2706988.26000000
1469,2021-09-02 20:00:00,127.18000000,131.96000000,125.38000000,128.23000000,1722142.66200000
1470,2021-09-03 00:00:00,128.20000000,137.00000000,128.12000000,135.35000000,2412313.50100000
1471,2021-09-03 04:00:00,135.35000000,146.38000000,133.37000000,144.69000000,2778672.31500000
1472,2021-09-03 08:00:00,144.67000000,145.19000000,135.54000000,139.39000000,2473119.69000000
1473,2021-09-03 12:00:00,139.37000000,143.46000000,137.78000000,140.02000000,1531053.21000000
1474,2021-09-03 16:00:00,140.02000000,143.42000000,138.13000000,142.90000000,1085087.20000000
1475,2021-09-03 20:00:00,142.89000000,148.99000000,141.57000000,146.40000000,1646815.45400000
1476,2021-09-04 00:00:00,146.36000000,150.60000000,144.85000000,148.34000000,1301587.38600000
1477,2021-09-04 04:00:00,148.35000000,149.80000000,144.56000000,145.80000000,987114.65000000
1478,2021-09-04 08:00:00,145.83000000,147.65000000,140.43000000,141.68000000,1124697.37000000
1479,2021-09-04 12:00:00,141.67000000,144.45000000,139.36000000,142.36000000,993575.08000000
1480,2021-09-04 16:00:00,142.34000000,142.88000000,135.73000000,138.89000000,1102541.02000000
1481,2021-09-04 20:00:00,138.90000000,142.25000000,138.27000000,138.88000000,624547.02000000
1482,2021-09-05 00:00:00,138.88000000,144.99000000,137.82000000,140.63000000,800761.48000000
1483,2021-09-05 04:00:00,140.62000000,142.00000000,138.50000000,138.93000000,498896.81000000
1484,2021-09-05 08:00:00,138.97000000,141.88000000,138.92000000,140.36000000,560322.18000000
1485,2021-09-05 12:00:00,140.36000000,140.47000000,134.74000000,136.29000000,965291.96000000
1486,2021-09-05 16:00:00,136.29000000,138.88000000,135.18000000,137.87000000,805465.20000000
1487,2021-09-05 20:00:00,137.87000000,144.70000000,136.91000000,142.00000000,989147.79000000
1488,2021-09-06 00:00:00,141.98000000,143.50000000,139.34000000,140.74000000,591021.73000000
1489,2021-09-06 04:00:00,140.81000000,147.00000000,139.91000000,146.03000000,902065.41000000
1490,2021-09-06 08:00:00,146.02000000,146.62000000,141.42000000,142.41000000,766085.29000000
1491,2021-09-06 12:00:00,142.42000000,151.70000000,136.92000000,151.43000000,1845099.50200000
1492,2021-09-06 16:00:00,151.43000000,164.58000000,151.39000000,162.37000000,3011710.10100000
1493,2021-09-06 20:00:00,162.37000000,166.13000000,159.73000000,164.22000000,1319560.32000000
1494,2021-09-07 00:00:00,164.19000000,175.42000000,162.00000000,173.45000000,1843980.47900000
1495,2021-09-07 04:00:00,173.46000000,195.48000000,172.88000000,187.85000000,4984241.97200000
1496,2021-09-07 08:00:00,187.79000000,189.80000000,175.62000000,182.91000000,3587282.93000000
1497,2021-09-07 12:00:00,182.84000000,185.98000000,128.01000000,168.81000000,6652885.58000000
1498,2021-09-07 16:00:00,169.06000000,192.00000000,161.13000000,173.70000000,5318015.49000000
1499,2021-09-07 20:00:00,173.76000000,180.00000000,159.75000000,173.46000000,1990082.56000000
1500,2021-09-08 00:00:00,173.49000000,180.00000000,166.78000000,173.03000000,1491249.57000000
1501,2021-09-08 04:00:00,173.03000000,174.85000000,152.22000000,152.45000000,2641877.11000000
1502,2021-09-08 08:00:00,152.48000000,166.44000000,146.50000000,160.77000000,2963197.40000000
1503,2021-09-08 12:00:00,160.76000000,167.88000000,152.28000000,166.27000000,2391737.33000000
1504,2021-09-08 16:00:00,166.27000000,195.00000000,164.01000000,194.79000000,3422881.84000000
1505,2021-09-08 20:00:00,194.66000000,198.00000000,183.22000000,191.02000000,3755902.55000000
1506,2021-09-09 00:00:00,191.02000000,216.00000000,189.00000000,211.25000000,4412243.47000000
1507,2021-09-09 04:00:00,211.20000000,214.72000000,201.54000000,207.54000000,2385587.92000000
1508,2021-09-09 08:00:00,207.54000000,213.90000000,205.26000000,206.57000000,1993697.21000000
1509,2021-09-09 12:00:00,206.57000000,208.44000000,193.17000000,201.25000000,3435503.45000000
1510,2021-09-09 16:00:00,201.25000000,203.02000000,180.70000000,185.01000000,2506308.57000000
1511,2021-09-09 20:00:00,185.01000000,198.87000000,183.67000000,187.90000000,1616337.20000000
1512,2021-09-10 00:00:00,187.89000000,197.41000000,182.88000000,194.18000000,1239260.23000000
1513,2021-09-10 04:00:00,194.18000000,195.00000000,181.47000000,182.63000000,1120676.26000000
1514,2021-09-10 08:00:00,182.64000000,185.80000000,175.00000000,184.44000000,1585256.82000000
1515,2021-09-10 12:00:00,184.45000000,184.52000000,167.82000000,179.57000000,2431628.00000000
1516,2021-09-10 16:00:00,179.61000000,183.36000000,171.24000000,181.82000000,1366258.10000000
1517,2021-09-10 20:00:00,181.78000000,184.00000000,170.41000000,179.60000000,1312331.29000000
1518,2021-09-11 00:00:00,179.60000000,193.51000000,177.39000000,181.48000000,1696443.92000000
1519,2021-09-11 04:00:00,181.47000000,183.88000000,175.14000000,178.69000000,936515.37000000
1520,2021-09-11 08:00:00,178.71000000,187.36000000,175.89000000,181.26000000,1202790.71000000
1521,2021-09-11 12:00:00,181.29000000,191.53000000,180.23000000,188.48000000,1383102.62000000
1522,2021-09-11 16:00:00,188.42000000,190.00000000,181.21000000,181.99000000,761195.35000000
1523,2021-09-11 20:00:00,181.99000000,184.32000000,175.74000000,179.04000000,814615.28000000
1524,2021-09-12 00:00:00,179.05000000,180.79000000,172.89000000,179.04000000,755781.96000000
1525,2021-09-12 04:00:00,179.03000000,180.15000000,174.75000000,178.00000000,453346.94000000
1526,2021-09-12 08:00:00,178.00000000,181.75000000,177.38000000,179.07000000,593483.44000000
1527,2021-09-12 12:00:00,179.07000000,180.33000000,176.31000000,178.92000000,523479.96000000
1528,2021-09-12 16:00:00,178.92000000,179.85000000,174.02000000,177.67000000,538825.12000000
1529,2021-09-12 20:00:00,177.69000000,180.00000000,170.15000000,174.29000000,796294.22000000
1530,2021-09-13 00:00:00,174.31000000,174.60000000,154.10000000,154.95000000,1822366.50000000
1531,2021-09-13 04:00:00,154.95000000,163.32000000,151.10000000,152.91000000,1335714.17000000
1532,2021-09-13 08:00:00,152.84000000,161.11000000,150.30000000,160.23000000,1357820.18000000
1533,2021-09-13 12:00:00,160.12000000,167.73000000,151.00000000,157.03000000,1806170.34000000
1534,2021-09-13 16:00:00,157.06000000,166.00000000,154.22000000,164.08000000,850887.16000000
1535,2021-09-13 20:00:00,164.12000000,175.00000000,164.06000000,169.53000000,1250881.11000000
1536,2021-09-14 00:00:00,169.54000000,171.83000000,163.62000000,167.43000000,727412.93000000
1537,2021-09-14 04:00:00,167.44000000,168.96000000,163.40000000,165.96000000,701665.23000000
1538,2021-09-14 08:00:00,166.04000000,171.51000000,163.67000000,165.04000000,789380.48000000
1539,2021-09-14 12:00:00,165.01000000,165.80000000,155.22000000,159.26000000,1594215.53000000
1540,2021-09-14 16:00:00,159.26000000,160.25000000,150.85000000,154.21000000,1704952.00000000
1541,2021-09-14 20:00:00,154.20000000,159.87000000,142.60000000,158.88000000,2463770.35000000
1542,2021-09-15 00:00:00,158.72000000,163.83000000,155.77000000,157.27000000,1092439.59000000
1543,2021-09-15 04:00:00,157.27000000,166.50000000,153.69000000,162.03000000,1407601.36000000
1544,2021-09-15 08:00:00,162.03000000,164.42000000,156.50000000,157.93000000,1020605.42000000
1545,2021-09-15 12:00:00,157.96000000,162.61000000,155.02000000,161.97000000,1150794.57000000
1546,2021-09-15 16:00:00,161.96000000,164.78000000,160.07000000,161.64000000,781258.94000000
1547,2021-09-15 20:00:00,161.63000000,161.82000000,155.77000000,158.79000000,654619.72000000
1548,2021-09-16 00:00:00,158.77000000,159.64000000,152.33000000,155.16000000,760335.79000000
1549,2021-09-16 04:00:00,155.13000000,163.09000000,154.81000000,160.72000000,814116.61000000
1550,2021-09-16 08:00:00,160.72000000,163.50000000,157.00000000,158.37000000,610888.40000000
1551,2021-09-16 12:00:00,158.39000000,159.38000000,153.11000000,154.80000000,1041956.63000000
1552,2021-09-16 16:00:00,154.80000000,159.59000000,150.63000000,152.28000000,825756.65000000
1553,2021-09-16 20:00:00,152.30000000,152.89000000,147.35000000,152.29000000,686541.65000000
1554,2021-09-17 00:00:00,152.30000000,153.55000000,146.16000000,148.64000000,711636.64000000
1555,2021-09-17 04:00:00,148.65000000,150.36000000,143.00000000,143.48000000,906419.00000000
1556,2021-09-17 08:00:00,143.48000000,145.62000000,134.00000000,138.85000000,2467916.86000000
1557,2021-09-17 12:00:00,138.84000000,146.40000000,137.05000000,144.65000000,1612432.39000000
1558,2021-09-17 16:00:00,144.62000000,145.87000000,138.54000000,144.57000000,1141203.00000000
1559,2021-09-17 20:00:00,144.56000000,148.95000000,140.24000000,147.58000000,790317.66000000
1560,2021-09-18 00:00:00,147.59000000,149.00000000,144.11000000,144.83000000,824401.57000000
1561,2021-09-18 04:00:00,144.83000000,158.70000000,144.10000000,157.61000000,2046298.61000000
1562,2021-09-18 08:00:00,157.64000000,164.79000000,157.13000000,160.91000000,2061103.06000000
1563,2021-09-18 12:00:00,160.92000000,164.33000000,160.07000000,163.66000000,1048829.65000000
1564,2021-09-18 16:00:00,163.63000000,165.20000000,160.85000000,162.62000000,964909.01000000
1565,2021-09-18 20:00:00,162.62000000,171.47000000,157.47000000,169.22000000,1284258.04000000
1566,2021-09-19 00:00:00,169.22000000,170.96000000,162.00000000,164.33000000,1151724.89000000
1567,2021-09-19 04:00:00,164.32000000,165.25000000,159.84000000,161.54000000,763877.79000000
1568,2021-09-19 08:00:00,161.54000000,163.49000000,155.02000000,156.14000000,923078.76000000
1569,2021-09-19 12:00:00,156.09000000,162.09000000,155.42000000,159.38000000,861543.08000000
1570,2021-09-19 16:00:00,159.41000000,160.27000000,153.22000000,154.38000000,671461.32000000
1571,2021-09-19 20:00:00,154.38000000,156.67000000,150.60000000,152.76000000,574114.26000000
1572,2021-09-20 00:00:00,152.78000000,153.43000000,142.66000000,145.12000000,1364841.28000000
1573,2021-09-20 04:00:00,145.10000000,146.40000000,136.60000000,139.18000000,1383208.71000000
1574,2021-09-20 08:00:00,139.18000000,144.00000000,134.20000000,137.48000000,1872158.09000000
1575,2021-09-20 12:00:00,137.48000000,148.50000000,130.26000000,144.10000000,2960306.02000000
1576,2021-09-20 16:00:00,144.07000000,146.00000000,133.17000000,138.82000000,1453497.48000000
1577,2021-09-20 20:00:00,138.88000000,142.39000000,131.42000000,132.77000000,1119357.13000000
1578,2021-09-21 00:00:00,132.77000000,141.72000000,125.22000000,136.43000000,2204308.50000000
1579,2021-09-21 04:00:00,136.45000000,143.76000000,133.63000000,143.47000000,1118794.90000000
1580,2021-09-21 08:00:00,143.44000000,144.64000000,140.29000000,142.74000000,1017579.63000000
1581,2021-09-21 12:00:00,142.75000000,143.39000000,135.62000000,138.50000000,1069010.94000000
1582,2021-09-21 16:00:00,138.51000000,138.52000000,127.09000000,127.16000000,1454176.90000000
1583,2021-09-21 20:00:00,127.18000000,128.86000000,116.00000000,124.29000000,2744996.85000000
1584,2021-09-22 00:00:00,124.30000000,132.17000000,122.10000000,128.95000000,1314772.69000000
1585,2021-09-22 04:00:00,128.94000000,134.11000000,126.74000000,132.95000000,885077.47000000
1586,2021-09-22 08:00:00,132.95000000,133.82000000,127.66000000,128.64000000,799602.03000000
1587,2021-09-22 12:00:00,128.64000000,142.19000000,128.06000000,141.66000000,1571067.61000000
1588,2021-09-22 16:00:00,141.68000000,151.36000000,140.18000000,146.39000000,2022796.66000000
1589,2021-09-22 20:00:00,146.38000000,149.93000000,143.69000000,148.02000000,867279.88000000
1590,2021-09-23 00:00:00,148.02000000,151.68000000,144.60000000,148.58000000,936978.31000000
1591,2021-09-23 04:00:00,148.61000000,151.97000000,145.74000000,151.50000000,728867.80000000
1592,2021-09-23 08:00:00,151.44000000,152.50000000,142.92000000,144.35000000,924150.15000000
1593,2021-09-23 12:00:00,144.36000000,150.90000000,143.47000000,146.06000000,1023610.72000000
1594,2021-09-23 16:00:00,146.07000000,151.98000000,144.58000000,149.61000000,1002960.54000000
1595,2021-09-23 20:00:00,149.60000000,150.92000000,146.19000000,149.91000000,572365.25000000
1596,2021-09-24 00:00:00,149.90000000,151.20000000,144.47000000,144.86000000,537776.78000000
1597,2021-09-24 04:00:00,144.85000000,146.37000000,140.73000000,144.63000000,792762.87000000
1598,2021-09-24 08:00:00,144.60000000,146.44000000,128.15000000,134.89000000,2513308.86000000
1599,2021-09-24 12:00:00,134.91000000,141.12000000,130.95000000,137.66000000,1569117.21000000
1600,2021-09-24 16:00:00,137.66000000,139.73000000,136.50000000,138.14000000,685774.72000000
1601,2021-09-24 20:00:00,138.14000000,144.22000000,137.88000000,139.13000000,611664.01000000
1602,2021-09-25 00:00:00,139.11000000,142.15000000,136.60000000,138.59000000,498872.01000000
1603,2021-09-25 04:00:00,138.59000000,144.18000000,138.59000000,140.03000000,650142.13000000
1604,2021-09-25 08:00:00,140.07000000,142.22000000,135.44000000,140.12000000,765611.53000000
1605,2021-09-25 12:00:00,140.14000000,140.83000000,136.34000000,138.66000000,509116.71000000
1606,2021-09-25 16:00:00,138.65000000,139.20000000,135.70000000,137.33000000,459778.45000000
1607,2021-09-25 20:00:00,137.32000000,137.50000000,133.54000000,136.06000000,329212.48000000
1608,2021-09-26 00:00:00,136.05000000,136.32000000,128.24000000,131.03000000,751383.15000000
1609,2021-09-26 04:00:00,131.02000000,132.05000000,124.80000000,127.01000000,699842.85000000
1610,2021-09-26 08:00:00,126.98000000,137.65000000,125.51000000,135.09000000,1105135.00000000
1611,2021-09-26 12:00:00,135.10000000,140.26000000,134.47000000,140.07000000,818090.58000000
1612,2021-09-26 16:00:00,140.08000000,140.81000000,135.14000000,136.24000000,459361.69000000
1613,2021-09-26 20:00:00,136.25000000,139.50000000,133.37000000,135.64000000,508342.86000000
1614,2021-09-27 00:00:00,135.70000000,143.17000000,133.72000000,139.24000000,714843.93000000
1615,2021-09-27 04:00:00,139.24000000,142.55000000,137.53000000,138.16000000,551577.17000000
1616,2021-09-27 08:00:00,138.18000000,148.92000000,137.84000000,147.38000000,1457485.39000000
1617,2021-09-27 12:00:00,147.38000000,148.38000000,143.16000000,145.25000000,997122.62000000
1618,2021-09-27 16:00:00,145.29000000,145.43000000,140.41000000,143.29000000,722052.64000000
1619,2021-09-27 20:00:00,143.28000000,143.31000000,135.30000000,136.35000000,752542.52000000
1620,2021-09-28 00:00:00,136.34000000,138.67000000,135.07000000,138.12000000,527279.36000000
1621,2021-09-28 04:00:00,138.13000000,139.40000000,132.41000000,133.66000000,641965.09000000
1622,2021-09-28 08:00:00,133.69000000,136.53000000,132.84000000,135.75000000,610535.03000000
1623,2021-09-28 12:00:00,135.76000000,136.58000000,130.36000000,130.43000000,978417.82000000
1624,2021-09-28 16:00:00,130.39000000,132.14000000,128.17000000,131.06000000,625085.04000000
1625,2021-09-28 20:00:00,131.08000000,134.58000000,130.04000000,132.20000000,516663.24000000
1626,2021-09-29 00:00:00,132.22000000,139.42000000,132.09000000,138.81000000,964408.59000000
1627,2021-09-29 04:00:00,138.80000000,140.17000000,137.84000000,139.34000000,464079.56000000
1628,2021-09-29 08:00:00,139.30000000,140.00000000,136.83000000,139.53000000,471426.56000000
1629,2021-09-29 12:00:00,139.53000000,140.07000000,134.84000000,135.62000000,639871.21000000
1630,2021-09-29 16:00:00,135.62000000,136.38000000,131.59000000,132.01000000,660936.22000000
1631,2021-09-29 20:00:00,132.01000000,135.43000000,131.12000000,135.25000000,484776.14000000
1632,2021-09-30 00:00:00,135.24000000,140.10000000,134.80000000,139.91000000,687903.99000000
1633,2021-09-30 04:00:00,139.92000000,141.28000000,136.70000000,136.92000000,477011.01000000
1634,2021-09-30 08:00:00,136.94000000,139.06000000,134.02000000,137.35000000,611563.33000000
1635,2021-09-30 12:00:00,137.32000000,139.60000000,136.88000000,138.32000000,509116.33000000
1636,2021-09-30 16:00:00,138.30000000,142.95000000,136.17000000,139.24000000,725618.31000000
1637,2021-09-30 20:00:00,139.24000000,141.69000000,138.01000000,141.37000000,350241.61000000
1638,2021-10-01 00:00:00,141.38000000,144.96000000,138.25000000,139.52000000,711894.21000000
1639,2021-10-01 04:00:00,139.50000000,143.83000000,139.06000000,142.78000000,516720.73000000
1640,2021-10-01 08:00:00,142.78000000,156.23000000,142.50000000,153.26000000,1574366.29000000
1641,2021-10-01 12:00:00,153.27000000,159.09000000,149.25000000,157.40000000,1747450.23000000
1642,2021-10-01 16:00:00,157.43000000,164.95000000,155.32000000,162.81000000,1177737.09000000
1643,2021-10-01 20:00:00,162.81000000,163.20000000,156.68000000,161.56000000,1013998.33000000
1644,2021-10-02 00:00:00,161.62000000,161.68000000,156.06000000,156.69000000,668651.74000000
1645,2021-10-02 04:00:00,156.70000000,160.31000000,156.34000000,158.51000000,508324.44000000
1646,2021-10-02 08:00:00,158.51000000,159.45000000,156.59000000,159.04000000,473153.86000000
1647,2021-10-02 12:00:00,159.04000000,170.69000000,158.63000000,170.48000000,1595122.75000000
1648,2021-10-02 16:00:00,170.44000000,175.00000000,170.03000000,174.80000000,1127341.35000000
1649,2021-10-02 20:00:00,174.85000000,174.88000000,166.00000000,168.98000000,687392.88000000
1650,2021-10-03 00:00:00,169.00000000,171.65000000,165.58000000,170.62000000,662233.15000000
1651,2021-10-03 04:00:00,170.62000000,174.00000000,168.82000000,171.65000000,493098.48000000
1652,2021-10-03 08:00:00,171.65000000,173.37000000,168.69000000,170.82000000,498681.47000000
1653,2021-10-03 12:00:00,170.81000000,177.79000000,170.42000000,172.50000000,1130461.16000000
1654,2021-10-03 16:00:00,172.48000000,177.00000000,171.68000000,175.59000000,714570.47000000
1655,2021-10-03 20:00:00,175.58000000,176.00000000,167.69000000,172.98000000,734722.52000000
1656,2021-10-04 00:00:00,172.99000000,173.34000000,166.00000000,167.13000000,623464.50000000
1657,2021-10-04 04:00:00,167.09000000,170.13000000,164.12000000,169.61000000,643272.00000000
1658,2021-10-04 08:00:00,169.62000000,169.87000000,164.81000000,165.86000000,566646.68000000
1659,2021-10-04 12:00:00,165.83000000,172.80000000,162.00000000,166.44000000,1043188.55000000
1660,2021-10-04 16:00:00,166.44000000,172.40000000,165.81000000,169.27000000,953991.91000000
1661,2021-10-04 20:00:00,169.26000000,169.66000000,165.40000000,167.13000000,481936.28000000
1662,2021-10-05 00:00:00,167.13000000,170.18000000,164.04000000,166.90000000,536122.42000000
1663,2021-10-05 04:00:00,166.90000000,168.00000000,165.24000000,166.12000000,336863.71000000
1664,2021-10-05 08:00:00,166.13000000,170.00000000,165.40000000,168.34000000,610411.63000000
1665,2021-10-05 12:00:00,168.37000000,169.78000000,162.00000000,162.35000000,664848.50000000
1666,2021-10-05 16:00:00,162.34000000,163.85000000,159.68000000,161.80000000,661805.90000000
1667,2021-10-05 20:00:00,161.81000000,167.10000000,161.74000000,164.62000000,568389.55000000
1668,2021-10-06 00:00:00,164.64000000,165.42000000,157.83000000,157.96000000,478361.81000000
1669,2021-10-06 04:00:00,157.96000000,159.70000000,154.09000000,155.93000000,679702.75000000
1670,2021-10-06 08:00:00,155.93000000,156.33000000,150.10000000,152.91000000,899540.94000000
1671,2021-10-06 12:00:00,152.94000000,162.89000000,151.60000000,160.76000000,1308596.55000000
1672,2021-10-06 16:00:00,160.75000000,161.66000000,157.68000000,159.78000000,542679.75000000
1673,2021-10-06 20:00:00,159.80000000,160.08000000,152.58000000,153.87000000,590279.96000000
1674,2021-10-07 00:00:00,153.90000000,155.04000000,150.34000000,152.03000000,457742.57000000
1675,2021-10-07 04:00:00,152.02000000,159.40000000,151.83000000,158.47000000,554026.36000000
1676,2021-10-07 08:00:00,158.50000000,160.18000000,154.18000000,157.70000000,626478.63000000
1677,2021-10-07 12:00:00,157.69000000,161.42000000,153.50000000,155.88000000,707836.79000000
1678,2021-10-07 16:00:00,155.87000000,157.00000000,153.41000000,156.07000000,507805.56000000
1679,2021-10-07 20:00:00,156.07000000,158.80000000,153.01000000,154.26000000,397486.67000000
1680,2021-10-08 00:00:00,154.26000000,157.03000000,152.52000000,154.44000000,287038.58000000
1681,2021-10-08 04:00:00,154.43000000,159.09000000,152.39000000,158.77000000,427836.06000000
1682,2021-10-08 08:00:00,158.77000000,166.64000000,157.87000000,162.22000000,1171591.26000000
1683,2021-10-08 12:00:00,162.21000000,168.97000000,160.00000000,166.48000000,981631.69000000
1684,2021-10-08 16:00:00,166.51000000,168.06000000,162.41000000,163.57000000,461970.07000000
1685,2021-10-08 20:00:00,163.60000000,163.60000000,157.20000000,158.86000000,405017.72000000
1686,2021-10-09 00:00:00,158.88000000,160.57000000,156.06000000,160.02000000,333736.58000000
1687,2021-10-09 04:00:00,160.01000000,161.54000000,158.30000000,159.19000000,336170.80000000
1688,2021-10-09 08:00:00,159.15000000,160.48000000,157.43000000,158.38000000,328955.89000000
1689,2021-10-09 12:00:00,158.37000000,160.18000000,157.11000000,157.97000000,342087.37000000
1690,2021-10-09 16:00:00,157.97000000,158.40000000,156.10000000,156.40000000,254752.86000000
1691,2021-10-09 20:00:00,156.42000000,157.87000000,154.18000000,156.84000000,237605.52000000
1692,2021-10-10 00:00:00,156.80000000,156.90000000,152.38000000,155.41000000,383065.48000000
1693,2021-10-10 04:00:00,155.39000000,157.02000000,154.58000000,154.98000000,198384.39000000
1694,2021-10-10 08:00:00,155.00000000,158.50000000,154.00000000,154.69000000,349279.71000000
1695,2021-10-10 12:00:00,154.67000000,154.89000000,152.80000000,154.40000000,281834.86000000
1696,2021-10-10 16:00:00,154.41000000,154.67000000,152.00000000,153.48000000,195073.83000000
1697,2021-10-10 20:00:00,153.47000000,154.69000000,145.55000000,147.55000000,630257.42000000
1698,2021-10-11 00:00:00,147.56000000,151.62000000,145.34000000,151.47000000,350719.91000000
1699,2021-10-11 04:00:00,151.43000000,152.96000000,150.33000000,152.33000000,256208.75000000
1700,2021-10-11 08:00:00,152.30000000,154.00000000,147.11000000,148.54000000,385242.84000000
1701,2021-10-11 12:00:00,148.55000000,149.99000000,146.67000000,147.76000000,356947.60000000
1702,2021-10-11 16:00:00,147.76000000,148.10000000,141.32000000,141.58000000,474972.11000000
1703,2021-10-11 20:00:00,141.57000000,145.46000000,140.24000000,144.77000000,387231.93000000
1704,2021-10-12 00:00:00,144.79000000,145.82000000,140.82000000,143.20000000,395223.26000000
1705,2021-10-12 04:00:00,143.20000000,145.57000000,141.20000000,143.32000000,335657.47000000
1706,2021-10-12 08:00:00,143.34000000,145.20000000,140.17000000,142.50000000,377403.73000000
1707,2021-10-12 12:00:00,142.51000000,145.34000000,137.61000000,143.54000000,742606.72000000
1708,2021-10-12 16:00:00,143.53000000,153.50000000,142.90000000,150.04000000,1030153.89000000
1709,2021-10-12 20:00:00,150.01000000,153.10000000,147.92000000,152.32000000,496438.25000000
1710,2021-10-13 00:00:00,152.35000000,155.56000000,148.41000000,149.28000000,563096.57000000
1711,2021-10-13 04:00:00,149.28000000,150.41000000,144.58000000,145.43000000,467315.65000000
1712,2021-10-13 08:00:00,145.43000000,147.62000000,145.23000000,146.86000000,356680.76000000
1713,2021-10-13 12:00:00,146.86000000,147.42000000,144.28000000,146.31000000,400934.46000000
1714,2021-10-13 16:00:00,146.31000000,147.90000000,144.56000000,145.01000000,545291.86000000
1715,2021-10-13 20:00:00,145.02000000,149.50000000,144.74000000,148.04000000,427226.70000000
1716,2021-10-14 00:00:00,148.05000000,150.99000000,147.27000000,149.65000000,406284.05000000
1717,2021-10-14 04:00:00,149.65000000,152.00000000,148.48000000,150.36000000,467225.34000000
1718,2021-10-14 08:00:00,150.36000000,154.21000000,149.91000000,153.88000000,487621.09000000
1719,2021-10-14 12:00:00,153.87000000,155.65000000,152.22000000,152.81000000,591595.58000000
1720,2021-10-14 16:00:00,152.83000000,153.53000000,148.56000000,150.07000000,505712.30000000
1721,2021-10-14 20:00:00,150.06000000,151.49000000,148.90000000,150.02000000,196162.25000000
1722,2021-10-15 00:00:00,150.01000000,151.41000000,146.68000000,150.85000000,452261.35000000
1723,2021-10-15 04:00:00,150.85000000,163.64000000,150.80000000,161.57000000,1884919.83000000
1724,2021-10-15 08:00:00,161.60000000,165.75000000,157.02000000,157.82000000,1193741.63000000
1725,2021-10-15 12:00:00,157.82000000,163.11000000,157.02000000,159.36000000,619125.18000000
1726,2021-10-15 16:00:00,159.35000000,162.94000000,158.70000000,160.40000000,633307.12000000
1727,2021-10-15 20:00:00,160.39000000,164.30000000,159.14000000,163.18000000,605256.96000000
1728,2021-10-16 00:00:00,163.15000000,163.50000000,158.19000000,158.79000000,336690.29000000
1729,2021-10-16 04:00:00,158.78000000,159.71000000,157.51000000,158.29000000,286464.40000000
1730,2021-10-16 08:00:00,158.29000000,164.80000000,157.94000000,162.14000000,541147.00000000
1731,2021-10-16 12:00:00,162.14000000,162.98000000,158.71000000,159.55000000,423940.12000000
1732,2021-10-16 16:00:00,159.55000000,160.12000000,158.00000000,158.19000000,212423.80000000
1733,2021-10-16 20:00:00,158.19000000,158.85000000,156.36000000,157.54000000,184575.98000000
1734,2021-10-17 00:00:00,157.54000000,163.02000000,156.66000000,162.96000000,282379.29000000
1735,2021-10-17 04:00:00,162.96000000,165.00000000,160.67000000,162.16000000,695432.23000000
1736,2021-10-17 08:00:00,162.16000000,167.65000000,162.11000000,163.54000000,657306.74000000
1737,2021-10-17 12:00:00,163.54000000,165.49000000,160.01000000,160.77000000,457180.36000000
1738,2021-10-17 16:00:00,160.75000000,161.75000000,158.20000000,158.83000000,369491.28000000
1739,2021-10-17 20:00:00,158.83000000,160.15000000,153.13000000,160.12000000,608632.23000000
1740,2021-10-18 00:00:00,160.11000000,162.98000000,159.06000000,159.92000000,390300.89000000
1741,2021-10-18 04:00:00,159.92000000,161.48000000,158.60000000,158.87000000,244564.39000000
1742,2021-10-18 08:00:00,158.85000000,159.93000000,156.00000000,156.96000000,463310.91000000
1743,2021-10-18 12:00:00,156.97000000,159.68000000,155.58000000,156.66000000,509570.66000000
1744,2021-10-18 16:00:00,156.65000000,158.01000000,154.91000000,156.75000000,404257.44000000
1745,2021-10-18 20:00:00,156.75000000,158.25000000,155.63000000,157.12000000,228601.88000000
1746,2021-10-19 00:00:00,157.12000000,158.97000000,156.06000000,158.50000000,247815.27000000
1747,2021-10-19 04:00:00,158.50000000,159.45000000,156.72000000,157.67000000,264292.79000000
1748,2021-10-19 08:00:00,157.67000000,157.91000000,155.60000000,157.00000000,267690.82000000
1749,2021-10-19 12:00:00,157.01000000,157.99000000,154.79000000,155.53000000,392995.79000000
1750,2021-10-19 16:00:00,155.54000000,156.51000000,154.41000000,154.53000000,298865.58000000
1751,2021-10-19 20:00:00,154.52000000,157.30000000,153.06000000,155.78000000,349889.92000000
1752,2021-10-20 00:00:00,155.77000000,157.47000000,155.62000000,155.77000000,194352.92000000
1753,2021-10-20 04:00:00,155.76000000,157.11000000,155.00000000,156.52000000,208462.95000000
1754,2021-10-20 08:00:00,156.52000000,160.15000000,155.91000000,160.08000000,369859.99000000
1755,2021-10-20 12:00:00,160.07000000,169.95000000,159.44000000,168.74000000,1122857.70000000
1756,2021-10-20 16:00:00,168.75000000,174.90000000,166.78000000,173.06000000,1216369.29000000
1757,2021-10-20 20:00:00,173.07000000,176.87000000,169.92000000,176.72000000,772471.85000000
1758,2021-10-21 00:00:00,176.72000000,189.77000000,176.70000000,184.22000000,2147968.15000000
1759,2021-10-21 04:00:00,184.20000000,188.88000000,180.00000000,186.99000000,957463.38000000
1760,2021-10-21 08:00:00,186.99000000,194.21000000,183.15000000,187.09000000,1492644.24000000
1761,2021-10-21 12:00:00,187.09000000,191.10000000,177.80000000,182.60000000,1605117.44000000
1762,2021-10-21 16:00:00,182.62000000,188.59000000,180.43000000,184.75000000,912186.47000000
1763,2021-10-21 20:00:00,184.74000000,191.10000000,182.68000000,190.50000000,738331.09000000
1764,2021-10-22 00:00:00,190.46000000,205.00000000,187.96000000,201.71000000,1826331.07000000
1765,2021-10-22 04:00:00,201.72000000,208.00000000,200.25000000,203.24000000,1039307.97000000
1766,2021-10-22 08:00:00,203.24000000,206.00000000,201.05000000,204.18000000,653242.18000000
1767,2021-10-22 12:00:00,204.18000000,215.10000000,201.80000000,206.53000000,2548523.42000000
1768,2021-10-22 16:00:00,206.53000000,211.12000000,195.36000000,197.69000000,1509956.85000000
1769,2021-10-22 20:00:00,197.69000000,200.00000000,192.00000000,196.29000000,786877.93000000
1770,2021-10-23 00:00:00,196.29000000,204.09000000,191.86000000,202.84000000,770249.62000000
1771,2021-10-23 04:00:00,202.85000000,205.78000000,198.70000000,201.35000000,469442.38000000
1772,2021-10-23 08:00:00,201.38000000,203.10000000,196.80000000,202.25000000,594269.58000000
1773,2021-10-23 12:00:00,202.29000000,202.68000000,196.74000000,199.20000000,558439.27000000
1774,2021-10-23 16:00:00,199.20000000,201.69000000,193.00000000,193.74000000,588799.67000000
1775,2021-10-23 20:00:00,193.75000000,198.18000000,193.56000000,197.75000000,293502.53000000
1776,2021-10-24 00:00:00,197.75000000,200.13000000,195.69000000,196.56000000,312797.75000000
1777,2021-10-24 04:00:00,196.58000000,196.60000000,192.29000000,194.11000000,365620.91000000
1778,2021-10-24 08:00:00,194.10000000,196.42000000,188.69000000,188.82000000,536180.42000000
1779,2021-10-24 12:00:00,188.83000000,192.56000000,185.41000000,186.58000000,745160.18000000
1780,2021-10-24 16:00:00,186.58000000,191.70000000,185.22000000,191.53000000,536134.67000000
1781,2021-10-24 20:00:00,191.51000000,204.86000000,190.51000000,202.14000000,1078066.33000000
1782,2021-10-25 00:00:00,202.15000000,203.90000000,198.00000000,201.68000000,626308.33000000
1783,2021-10-25 04:00:00,201.68000000,210.82000000,200.81000000,207.75000000,854732.20000000
1784,2021-10-25 08:00:00,207.75000000,212.70000000,205.62000000,207.90000000,755981.08000000
1785,2021-10-25 12:00:00,207.90000000,218.93000000,204.90000000,218.63000000,1345815.60000000
1786,2021-10-25 16:00:00,218.62000000,218.75000000,209.88000000,210.40000000,839307.06000000
1787,2021-10-25 20:00:00,210.44000000,214.32000000,207.47000000,209.70000000,492335.02000000
1788,2021-10-26 00:00:00,209.73000000,214.20000000,207.50000000,208.63000000,577238.41000000
1789,2021-10-26 04:00:00,208.63000000,209.43000000,205.58000000,209.34000000,428382.96000000
1790,2021-10-26 08:00:00,209.35000000,211.70000000,207.25000000,207.28000000,495397.03000000
1791,2021-10-26 12:00:00,207.28000000,208.35000000,202.36000000,206.57000000,589159.37000000
1792,2021-10-26 16:00:00,206.57000000,209.60000000,204.01000000,207.10000000,385858.93000000
1793,2021-10-26 20:00:00,207.11000000,207.60000000,196.36000000,199.85000000,692670.46000000
1794,2021-10-27 00:00:00,199.87000000,204.78000000,198.15000000,202.83000000,417627.93000000
1795,2021-10-27 04:00:00,202.85000000,205.49000000,194.00000000,194.09000000,588287.25000000
1796,2021-10-27 08:00:00,194.09000000,195.87000000,176.94000000,190.00000000,1939449.34000000
1797,2021-10-27 12:00:00,189.98000000,194.20000000,187.15000000,188.97000000,739937.76000000
1798,2021-10-27 16:00:00,188.96000000,192.24000000,184.43000000,189.33000000,672626.42000000
1799,2021-10-27 20:00:00,189.30000000,191.17000000,181.12000000,184.49000000,645697.51000000
1800,2021-10-28 00:00:00,184.45000000,190.25000000,181.64000000,186.84000000,511425.55000000
1801,2021-10-28 04:00:00,186.83000000,191.19000000,184.79000000,186.74000000,589646.37000000
1802,2021-10-28 08:00:00,186.77000000,200.00000000,186.70000000,195.41000000,860606.84000000
1803,2021-10-28 12:00:00,195.41000000,201.38000000,194.70000000,197.30000000,526690.55000000
1804,2021-10-28 16:00:00,197.30000000,198.85000000,191.13000000,198.20000000,579573.07000000
1805,2021-10-28 20:00:00,198.20000000,201.00000000,193.75000000,195.42000000,435832.22000000
1806,2021-10-29 00:00:00,195.37000000,205.22000000,194.45000000,201.60000000,586595.88000000
1807,2021-10-29 04:00:00,201.63000000,202.19000000,196.55000000,198.03000000,367435.51000000
1808,2021-10-29 08:00:00,198.05000000,199.75000000,195.40000000,196.35000000,298322.01000000
1809,2021-10-29 12:00:00,196.35000000,203.43000000,195.61000000,201.82000000,465290.86000000
1810,2021-10-29 16:00:00,201.84000000,204.95000000,199.71000000,200.59000000,486223.56000000
1811,2021-10-29 20:00:00,200.60000000,203.86000000,199.09000000,200.41000000,280346.20000000
1812,2021-10-30 00:00:00,200.36000000,200.62000000,196.50000000,197.04000000,252453.60000000
1813,2021-10-30 04:00:00,197.04000000,199.04000000,195.95000000,198.07000000,191527.55000000
1814,2021-10-30 08:00:00,198.08000000,198.61000000,195.06000000,197.01000000,245403.86000000
1815,2021-10-30 12:00:00,197.03000000,197.24000000,190.29000000,193.18000000,378697.39000000
1816,2021-10-30 16:00:00,193.15000000,194.69000000,191.08000000,194.56000000,207420.82000000
1817,2021-10-30 20:00:00,194.57000000,195.86000000,187.30000000,195.70000000,334070.15000000
1818,2021-10-31 00:00:00,195.69000000,196.96000000,191.12000000,191.91000000,286314.15000000
1819,2021-10-31 04:00:00,191.92000000,192.50000000,189.14000000,190.58000000,187357.21000000
1820,2021-10-31 08:00:00,190.59000000,190.66000000,185.88000000,186.38000000,259210.70000000
1821,2021-10-31 12:00:00,186.40000000,202.00000000,185.31000000,195.00000000,782638.50000000
1822,2021-10-31 16:00:00,194.99000000,198.71000000,193.03000000,195.91000000,341125.59000000
1823,2021-10-31 20:00:00,195.92000000,205.00000000,195.00000000,202.49000000,519111.20000000
1824,2021-11-01 00:00:00,202.53000000,210.00000000,198.85000000,200.89000000,780994.30000000
1825,2021-11-01 04:00:00,200.89000000,210.00000000,197.70000000,209.91000000,624812.11000000
1826,2021-11-01 08:00:00,209.89000000,211.66000000,204.02000000,204.69000000,553949.76000000
1827,2021-11-01 12:00:00,204.64000000,206.40000000,200.97000000,204.05000000,512208.50000000
1828,2021-11-01 16:00:00,204.05000000,204.50000000,199.00000000,204.04000000,422239.79000000
1829,2021-11-01 20:00:00,204.04000000,206.28000000,200.80000000,203.90000000,255871.82000000
1830,2021-11-02 00:00:00,203.91000000,204.80000000,200.97000000,203.92000000,220929.26000000
1831,2021-11-02 04:00:00,203.91000000,205.80000000,202.67000000,203.43000000,214287.94000000
1832,2021-11-02 08:00:00,203.43000000,207.81000000,202.35000000,204.35000000,345485.05000000
1833,2021-11-02 12:00:00,204.33000000,208.90000000,203.69000000,208.84000000,364112.41000000
1834,2021-11-02 16:00:00,208.84000000,217.69000000,206.55000000,217.23000000,1040567.41000000
1835,2021-11-02 20:00:00,217.25000000,222.22000000,211.97000000,220.82000000,691322.47200000
1836,2021-11-03 00:00:00,220.81000000,231.95000000,215.69000000,229.60000000,1205119.38500000
1837,2021-11-03 04:00:00,229.60000000,232.66000000,224.00000000,232.47000000,549351.05000000
1838,2021-11-03 08:00:00,232.49000000,235.00000000,226.82000000,231.70000000,733800.81000000
1839,2021-11-03 12:00:00,231.70000000,232.02000000,223.12000000,225.31000000,760610.79000000
1840,2021-11-03 16:00:00,225.35000000,237.94000000,221.12000000,234.69000000,915732.44000000
1841,2021-11-03 20:00:00,234.68000000,247.00000000,234.38000000,243.37000000,1089101.87700000
1842,2021-11-04 00:00:00,243.37000000,248.00000000,238.00000000,238.10000000,612086.46000000
1843,2021-11-04 04:00:00,238.12000000,244.25000000,235.56000000,237.89000000,423231.07000000
1844,2021-11-04 08:00:00,237.80000000,244.08000000,236.76000000,239.00000000,490709.90000000
1845,2021-11-04 12:00:00,239.00000000,245.26000000,235.99000000,238.48000000,748786.59000000
1846,2021-11-04 16:00:00,238.47000000,242.74000000,234.00000000,240.44000000,578701.95000000
1847,2021-11-04 20:00:00,240.49000000,250.50000000,239.00000000,247.07000000,699132.61000000
1848,2021-11-05 00:00:00,247.06000000,248.84000000,240.53000000,242.93000000,481605.04000000
1849,2021-11-05 04:00:00,242.97000000,244.30000000,240.31000000,242.73000000,309391.15000000
1850,2021-11-05 08:00:00,242.75000000,243.80000000,236.28000000,236.47000000,327128.72000000
1851,2021-11-05 12:00:00,236.47000000,238.72000000,230.34000000,233.19000000,555236.19000000
1852,2021-11-05 16:00:00,233.24000000,238.77000000,232.46000000,235.80000000,285159.10000000
1853,2021-11-05 20:00:00,235.79000000,237.99000000,231.49000000,236.06000000,275280.03000000
1854,2021-11-06 00:00:00,236.04000000,242.00000000,234.79000000,239.79000000,365834.96000000
1855,2021-11-06 04:00:00,239.80000000,247.99000000,239.58000000,245.92000000,543568.04000000
1856,2021-11-06 08:00:00,245.91000000,249.88000000,239.77000000,242.33000000,574398.22000000
1857,2021-11-06 12:00:00,242.34000000,254.44000000,237.54000000,253.20000000,674622.42000000
1858,2021-11-06 16:00:00,253.21000000,255.00000000,248.10000000,254.28000000,441081.66000000
1859,2021-11-06 20:00:00,254.28000000,259.90000000,251.25000000,258.44000000,446557.16000000
1860,2021-11-07 00:00:00,258.41000000,258.66000000,251.14000000,254.18000000,383728.05000000
1861,2021-11-07 04:00:00,254.18000000,258.59000000,252.55000000,252.92000000,325406.74000000
1862,2021-11-07 08:00:00,252.91000000,253.90000000,250.00000000,252.60000000,363808.46000000
1863,2021-11-07 12:00:00,252.61000000,254.41000000,250.68000000,252.16000000,263915.84000000
1864,2021-11-07 16:00:00,252.15000000,253.43000000,246.68000000,247.00000000,324970.72000000
1865,2021-11-07 20:00:00,246.99000000,250.69000000,245.65000000,249.68000000,261263.06000000
1866,2021-11-08 00:00:00,249.62000000,250.30000000,240.68000000,248.29000000,590765.74000000
1867,2021-11-08 04:00:00,248.29000000,249.39000000,243.87000000,245.86000000,338190.93000000
1868,2021-11-08 08:00:00,245.86000000,247.77000000,242.37000000,243.77000000,327025.65000000
1869,2021-11-08 12:00:00,243.77000000,248.60000000,242.74000000,248.28000000,312085.85000000
1870,2021-11-08 16:00:00,248.28000000,253.30000000,245.83000000,246.43000000,401738.17000000
1871,2021-11-08 20:00:00,246.43000000,249.57000000,240.70000000,248.26000000,331545.42000000
1872,2021-11-09 00:00:00,248.27000000,253.22000000,246.17000000,246.72000000,408546.71000000
1873,2021-11-09 04:00:00,246.73000000,248.11000000,245.02000000,246.53000000,297631.44000000
1874,2021-11-09 08:00:00,246.54000000,248.88000000,244.65000000,245.91000000,298425.38000000
1875,2021-11-09 12:00:00,245.90000000,246.39000000,237.62000000,240.80000000,598630.05000000
1876,2021-11-09 16:00:00,240.80000000,243.53000000,237.92000000,240.15000000,362805.56000000
1877,2021-11-09 20:00:00,240.14000000,242.63000000,238.77000000,239.04000000,251048.92000000
1878,2021-11-10 00:00:00,239.06000000,241.23000000,235.89000000,236.60000000,326774.63000000
1879,2021-11-10 04:00:00,236.61000000,243.40000000,235.38000000,240.87000000,330022.96000000
1880,2021-11-10 08:00:00,240.87000000,243.96000000,240.36000000,240.63000000,260906.58000000
1881,2021-11-10 12:00:00,240.64000000,248.00000000,236.44000000,244.84000000,554211.08000000
1882,2021-11-10 16:00:00,244.84000000,246.02000000,236.32000000,236.48000000,407487.76000000
1883,2021-11-10 20:00:00,236.49000000,238.84000000,217.50000000,233.09000000,1213074.22000000
1884,2021-11-11 00:00:00,233.06000000,239.16000000,229.40000000,239.04000000,359034.08000000
1885,2021-11-11 04:00:00,239.02000000,246.50000000,237.74000000,244.20000000,456339.27000000
1886,2021-11-11 08:00:00,244.19000000,246.07000000,239.85000000,239.88000000,316879.35000000
1887,2021-11-11 12:00:00,239.88000000,243.21000000,236.16000000,239.42000000,391852.95000000
1888,2021-11-11 16:00:00,239.41000000,240.70000000,235.32000000,237.77000000,222897.83000000
1889,2021-11-11 20:00:00,237.77000000,238.79000000,233.31000000,233.37000000,250990.42000000
1890,2021-11-12 00:00:00,233.34000000,239.09000000,230.06000000,232.24000000,362425.43000000
1891,2021-11-12 04:00:00,232.24000000,234.85000000,227.03000000,228.09000000,335525.70000000
1892,2021-11-12 08:00:00,228.12000000,231.65000000,224.68000000,226.17000000,369737.06000000
1893,2021-11-12 12:00:00,226.17000000,229.33000000,221.48000000,222.30000000,422858.13000000
1894,2021-11-12 16:00:00,222.30000000,232.57000000,220.83000000,228.85000000,437537.14000000
1895,2021-11-12 20:00:00,228.85000000,233.35000000,227.81000000,228.48000000,186637.77000000
1896,2021-11-13 00:00:00,228.46000000,232.72000000,225.46000000,225.54000000,195941.06000000
1897,2021-11-13 04:00:00,225.54000000,227.38000000,224.79000000,227.07000000,149946.17000000
1898,2021-11-13 08:00:00,227.08000000,228.95000000,225.04000000,226.96000000,158168.87000000
1899,2021-11-13 12:00:00,226.98000000,237.20000000,226.39000000,233.62000000,378649.60000000
1900,2021-11-13 16:00:00,233.61000000,239.16000000,233.46000000,237.18000000,317854.11000000
1901,2021-11-13 20:00:00,237.20000000,241.97000000,236.93000000,241.59000000,257827.58000000
1902,2021-11-14 00:00:00,241.58000000,242.00000000,236.41000000,237.20000000,182123.28000000
1903,2021-11-14 04:00:00,237.20000000,238.73000000,234.77000000,235.31000000,136455.41000000
1904,2021-11-14 08:00:00,235.31000000,237.28000000,233.55000000,236.27000000,167793.25000000
1905,2021-11-14 12:00:00,236.27000000,238.78000000,234.06000000,234.41000000,178982.77000000
1906,2021-11-14 16:00:00,234.41000000,235.84000000,230.40000000,235.37000000,214323.88000000
1907,2021-11-14 20:00:00,235.36000000,239.06000000,235.27000000,238.64000000,195466.28000000
1908,2021-11-15 00:00:00,238.63000000,244.51000000,237.63000000,243.72000000,392206.98000000
1909,2021-11-15 04:00:00,243.71000000,244.48000000,239.46000000,241.28000000,227672.87000000
1910,2021-11-15 08:00:00,241.29000000,244.00000000,239.81000000,243.00000000,241304.84000000
1911,2021-11-15 12:00:00,243.01000000,246.36000000,238.62000000,239.76000000,441721.69000000
1912,2021-11-15 16:00:00,239.75000000,242.41000000,237.57000000,240.31000000,336195.82000000
1913,2021-11-15 20:00:00,240.30000000,240.61000000,234.49000000,238.20000000,282026.04000000
1914,2021-11-16 00:00:00,238.18000000,238.21000000,224.13000000,226.70000000,688316.56000000
1915,2021-11-16 04:00:00,226.74000000,230.62000000,224.37000000,226.63000000,332820.72000000
1916,2021-11-16 08:00:00,226.67000000,229.90000000,213.81000000,224.93000000,644796.33000000
1917,2021-11-16 12:00:00,224.93000000,227.82000000,220.28000000,225.29000000,360981.66000000
1918,2021-11-16 16:00:00,225.24000000,226.97000000,222.24000000,225.90000000,230397.45000000
1919,2021-11-16 20:00:00,225.82000000,225.89000000,216.81000000,219.04000000,300310.95000000
1920,2021-11-17 00:00:00,219.09000000,221.36000000,211.73000000,212.49000000,373911.19000000
1921,2021-11-17 04:00:00,212.50000000,216.55000000,210.71000000,214.81000000,331174.52000000
1922,2021-11-17 08:00:00,214.82000000,220.46000000,209.53000000,220.28000000,413184.11000000
1923,2021-11-17 12:00:00,220.32000000,222.44000000,210.02000000,213.67000000,379512.21000000
1924,2021-11-17 16:00:00,213.66000000,217.58000000,211.40000000,214.47000000,347724.96000000
1925,2021-11-17 20:00:00,214.46000000,218.97000000,212.52000000,218.94000000,249283.55000000
1926,2021-11-18 00:00:00,218.90000000,222.78000000,216.61000000,216.74000000,301718.43000000
1927,2021-11-18 04:00:00,216.75000000,218.14000000,211.38000000,212.63000000,274076.77000000
1928,2021-11-18 08:00:00,212.64000000,213.30000000,207.29000000,207.90000000,318347.92000000
1929,2021-11-18 12:00:00,207.90000000,209.60000000,193.00000000,196.99000000,814122.93000000
1930,2021-11-18 16:00:00,197.04000000,202.08000000,186.50000000,200.18000000,954856.54000000
1931,2021-11-18 20:00:00,200.21000000,202.82000000,192.45000000,195.01000000,414677.35000000
1932,2021-11-19 00:00:00,195.19000000,202.71000000,188.99000000,192.00000000,512198.28000000
1933,2021-11-19 04:00:00,192.03000000,199.97000000,191.51000000,196.44000000,310128.80000000
1934,2021-11-19 08:00:00,196.43000000,206.37000000,196.31000000,202.94000000,472697.10000000
1935,2021-11-19 12:00:00,202.90000000,215.99000000,201.98000000,213.99000000,625720.91000000
1936,2021-11-19 16:00:00,213.97000000,219.59000000,213.48000000,217.31000000,518106.78000000
1937,2021-11-19 20:00:00,217.32000000,218.51000000,212.64000000,215.25000000,273733.91000000
1938,2021-11-20 00:00:00,215.25000000,221.17000000,213.28000000,214.94000000,292278.83000000
1939,2021-11-20 04:00:00,214.95000000,216.00000000,212.75000000,212.83000000,187098.11000000
1940,2021-11-20 08:00:00,212.81000000,217.09000000,212.24000000,215.56000000,232594.34000000
1941,2021-11-20 12:00:00,215.55000000,216.12000000,207.00000000,207.10000000,325233.51000000
1942,2021-11-20 16:00:00,207.13000000,217.71000000,205.84000000,215.40000000,348288.76000000
1943,2021-11-20 20:00:00,215.42000000,218.82000000,215.33000000,217.63000000,175058.70000000
1944,2021-11-21 00:00:00,217.64000000,218.22000000,210.93000000,211.66000000,180983.11000000
1945,2021-11-21 04:00:00,211.67000000,215.36000000,211.11000000,213.87000000,143208.65000000
1946,2021-11-21 08:00:00,213.88000000,214.34000000,210.66000000,211.51000000,158027.41000000
1947,2021-11-21 12:00:00,211.52000000,215.32000000,210.53000000,215.06000000,205557.12000000
1948,2021-11-21 16:00:00,215.08000000,233.35000000,214.60000000,228.84000000,693506.77000000
1949,2021-11-21 20:00:00,228.84000000,240.00000000,226.24000000,230.51000000,506996.99000000
1950,2021-11-22 00:00:00,230.56000000,231.99000000,219.69000000,220.45000000,476366.71000000
1951,2021-11-22 04:00:00,220.45000000,222.27000000,215.32000000,215.99000000,361725.47000000
1952,2021-11-22 08:00:00,216.00000000,224.34000000,215.71000000,218.93000000,355024.35000000
1953,2021-11-22 12:00:00,218.94000000,225.32000000,214.37000000,222.54000000,479838.90000000
1954,2021-11-22 16:00:00,222.55000000,225.25000000,212.22000000,212.84000000,503432.61000000
1955,2021-11-22 20:00:00,212.86000000,218.82000000,211.60000000,215.59000000,280315.77000000
1956,2021-11-23 00:00:00,215.58000000,221.83000000,214.23000000,220.95000000,214247.28000000
1957,2021-11-23 04:00:00,220.97000000,221.17000000,212.16000000,212.95000000,198562.04000000
1958,2021-11-23 08:00:00,212.92000000,216.68000000,210.91000000,212.25000000,382130.38000000
1959,2021-11-23 12:00:00,212.27000000,219.64000000,211.13000000,215.99000000,303797.29000000
1960,2021-11-23 16:00:00,215.99000000,224.59000000,215.96000000,224.53000000,334779.94000000
1961,2021-11-23 20:00:00,224.54000000,226.08000000,221.29000000,221.75000000,220500.31000000
1962,2021-11-24 00:00:00,221.76000000,222.47000000,214.10000000,217.13000000,317538.74000000
1963,2021-11-24 04:00:00,217.06000000,220.33000000,215.20000000,216.92000000,163464.55000000
1964,2021-11-24 08:00:00,216.88000000,219.90000000,214.04000000,214.60000000,239999.62000000
1965,2021-11-24 12:00:00,214.58000000,215.34000000,207.11000000,212.34000000,397235.63000000
1966,2021-11-24 16:00:00,212.33000000,214.00000000,200.14000000,202.05000000,488655.19000000
1967,2021-11-24 20:00:00,202.06000000,207.92000000,200.73000000,205.70000000,271278.82000000
1968,2021-11-25 00:00:00,205.76000000,211.70000000,204.71000000,210.95000000,273308.04000000
1969,2021-11-25 04:00:00,210.87000000,211.22000000,204.80000000,205.70000000,219319.74000000
1970,2021-11-25 08:00:00,205.69000000,210.86000000,201.93000000,208.44000000,385057.04000000
1971,2021-11-25 12:00:00,208.43000000,214.67000000,208.00000000,214.42000000,375145.34000000
1972,2021-11-25 16:00:00,214.44000000,216.35000000,209.90000000,210.45000000,316402.87000000
1973,2021-11-25 20:00:00,210.44000000,212.65000000,207.45000000,209.97000000,195604.16000000
1974,2021-11-26 00:00:00,209.94000000,210.53000000,205.18000000,205.50000000,200486.06000000
1975,2021-11-26 04:00:00,205.50000000,207.10000000,200.01000000,201.39000000,402830.32000000
1976,2021-11-26 08:00:00,201.35000000,201.42000000,183.75000000,185.31000000,1079805.78000000
1977,2021-11-26 12:00:00,185.31000000,198.25000000,182.70000000,192.75000000,536557.03000000
1978,2021-11-26 16:00:00,192.73000000,198.46000000,190.13000000,197.73000000,300277.51000000
1979,2021-11-26 20:00:00,197.75000000,200.76000000,191.24000000,192.42000000,256148.74000000
1980,2021-11-27 00:00:00,192.37000000,196.34000000,191.29000000,195.39000000,174223.40000000
1981,2021-11-27 04:00:00,195.39000000,198.33000000,192.62000000,194.29000000,157030.09000000
1982,2021-11-27 08:00:00,194.30000000,198.62000000,194.27000000,196.20000000,230326.78000000
1983,2021-11-27 12:00:00,196.18000000,199.39000000,196.18000000,196.46000000,157145.71000000
1984,2021-11-27 16:00:00,196.46000000,199.12000000,195.89000000,196.29000000,134943.09000000
1985,2021-11-27 20:00:00,196.31000000,197.72000000,190.61000000,192.74000000,175286.20000000
1986,2021-11-28 00:00:00,192.74000000,193.15000000,184.70000000,187.13000000,353950.85000000
1987,2021-11-28 04:00:00,187.15000000,190.11000000,185.99000000,189.82000000,147749.15000000
1988,2021-11-28 08:00:00,189.82000000,191.49000000,187.34000000,190.07000000,135629.08000000
1989,2021-11-28 12:00:00,190.09000000,191.46000000,187.95000000,188.99000000,134466.03000000
1990,2021-11-28 16:00:00,188.98000000,189.76000000,180.93000000,188.51000000,300637.31000000
1991,2021-11-28 20:00:00,188.52000000,202.10000000,188.52000000,200.69000000,488548.43000000
1992,2021-11-29 00:00:00,200.71000000,203.98000000,199.63000000,200.85000000,241446.89000000
1993,2021-11-29 04:00:00,200.87000000,206.61000000,200.73000000,203.79000000,200800.04000000
1994,2021-11-29 08:00:00,203.79000000,206.25000000,201.02000000,203.38000000,211329.56000000
1995,2021-11-29 12:00:00,203.43000000,210.84000000,203.08000000,206.92000000,300121.93000000
1996,2021-11-29 16:00:00,206.91000000,212.75000000,205.24000000,206.05000000,317606.29000000
1997,2021-11-29 20:00:00,206.06000000,208.00000000,203.66000000,204.09000000,187458.86000000
1998,2021-11-30 00:00:00,204.10000000,206.53000000,201.20000000,203.72000000,186261.51000000
1999,2021-11-30 04:00:00,203.74000000,206.10000000,200.02000000,201.77000000,237736.36000000
2000,2021-11-30 08:00:00,201.82000000,207.50000000,199.55000000,207.19000000,255409.76000000
2001,2021-11-30 12:00:00,207.18000000,218.28000000,207.12000000,213.03000000,784756.29000000
2002,2021-11-30 16:00:00,213.03000000,216.13000000,207.74000000,215.41000000,483946.85000000
2003,2021-11-30 20:00:00,215.40000000,215.83000000,208.19000000,208.53000000,228623.62000000
2004,2021-12-01 00:00:00,208.52000000,215.00000000,207.89000000,214.93000000,237304.89000000
2005,2021-12-01 04:00:00,214.92000000,220.88000000,214.27000000,218.42000000,309922.29000000
2006,2021-12-01 08:00:00,218.44000000,224.45000000,216.24000000,221.29000000,456112.70000000
2007,2021-12-01 12:00:00,221.30000000,229.85000000,220.49000000,229.51000000,452046.19000000
2008,2021-12-01 16:00:00,229.51000000,232.63000000,221.45000000,230.14000000,595736.66000000
2009,2021-12-01 20:00:00,230.15000000,231.00000000,220.11000000,229.81000000,538355.50000000
2010,2021-12-02 00:00:00,229.81000000,236.24000000,220.00000000,224.24000000,682539.68000000
2011,2021-12-02 04:00:00,224.23000000,227.40000000,221.42000000,222.89000000,256066.43000000
2012,2021-12-02 08:00:00,222.88000000,229.72000000,222.41000000,226.79000000,335678.94000000
2013,2021-12-02 12:00:00,226.78000000,232.11000000,221.78000000,229.47000000,462047.98000000
2014,2021-12-02 16:00:00,229.43000000,235.98000000,224.65000000,234.12000000,685284.06000000
2015,2021-12-02 20:00:00,234.13000000,243.12000000,231.76000000,233.60000000,621095.58000000
2016,2021-12-03 00:00:00,233.59000000,236.40000000,226.33000000,229.97000000,331359.01000000
2017,2021-12-03 04:00:00,229.95000000,235.35000000,228.26000000,232.49000000,210188.32000000
2018,2021-12-03 08:00:00,232.50000000,238.34000000,229.68000000,237.54000000,325741.60000000
2019,2021-12-03 12:00:00,237.55000000,239.37000000,222.83000000,224.27000000,482844.66000000
2020,2021-12-03 16:00:00,224.30000000,226.13000000,210.85000000,212.75000000,825306.54000000
2021,2021-12-03 20:00:00,212.75000000,219.25000000,204.68000000,211.65000000,691694.28000000
2022,2021-12-04 00:00:00,211.65000000,212.62000000,195.92000000,196.09000000,524683.66000000
2023,2021-12-04 04:00:00,196.09000000,202.16000000,169.00000000,193.00000000,1970357.90000000
2024,2021-12-04 08:00:00,193.04000000,196.81000000,185.49000000,188.24000000,638412.68000000
2025,2021-12-04 12:00:00,188.29000000,207.66000000,188.29000000,205.05000000,745071.30000000
2026,2021-12-04 16:00:00,205.03000000,208.70000000,198.28000000,207.13000000,545540.54000000
2027,2021-12-04 20:00:00,207.13000000,210.52000000,198.75000000,200.67000000,471693.01000000
2028,2021-12-05 00:00:00,200.68000000,204.51000000,191.15000000,196.50000000,463683.56000000
2029,2021-12-05 04:00:00,196.51000000,203.35000000,194.10000000,200.49000000,282093.00000000
2030,2021-12-05 08:00:00,200.49000000,201.62000000,195.19000000,196.06000000,267218.05000000
2031,2021-12-05 12:00:00,196.17000000,199.58000000,181.44000000,185.45000000,613039.99000000
2032,2021-12-05 16:00:00,185.35000000,192.00000000,184.87000000,190.20000000,512897.08000000
2033,2021-12-05 20:00:00,190.18000000,197.78000000,186.64000000,196.43000000,343360.58000000
2034,2021-12-06 00:00:00,196.49000000,197.08000000,187.20000000,193.31000000,381730.09000000
2035,2021-12-06 04:00:00,193.25000000,196.56000000,183.00000000,184.99000000,334490.88000000
2036,2021-12-06 08:00:00,185.08000000,189.80000000,176.17000000,182.07000000,750918.91000000
2037,2021-12-06 12:00:00,182.02000000,188.47000000,179.19000000,188.35000000,454241.32000000
2038,2021-12-06 16:00:00,188.29000000,192.00000000,185.83000000,187.56000000,406586.04000000
2039,2021-12-06 20:00:00,187.56000000,197.71000000,187.56000000,193.56000000,487278.59000000
2040,2021-12-07 00:00:00,193.57000000,198.00000000,192.94000000,195.35000000,359512.66000000
2041,2021-12-07 04:00:00,195.34000000,201.08000000,194.62000000,199.36000000,291023.30000000
2042,2021-12-07 08:00:00,199.37000000,204.10000000,199.02000000,203.14000000,330568.52000000
2043,2021-12-07 12:00:00,203.15000000,203.45000000,196.23000000,198.11000000,356602.53000000
2044,2021-12-07 16:00:00,198.16000000,198.93000000,193.51000000,194.30000000,253620.68000000
2045,2021-12-07 20:00:00,194.34000000,195.18000000,187.26000000,190.19000000,348380.22000000
2046,2021-12-08 00:00:00,190.24000000,193.45000000,186.00000000,186.62000000,255541.83000000
2047,2021-12-08 04:00:00,186.61000000,190.94000000,186.53000000,189.62000000,235580.45000000
2048,2021-12-08 08:00:00,189.61000000,191.10000000,183.50000000,186.31000000,316840.51000000
2049,2021-12-08 12:00:00,186.35000000,196.27000000,184.80000000,192.49000000,391948.27000000
2050,2021-12-08 16:00:00,192.44000000,194.69000000,189.50000000,193.02000000,242294.31000000
2051,2021-12-08 20:00:00,193.03000000,194.63000000,191.05000000,194.61000000,228472.29000000
2052,2021-12-09 00:00:00,194.61000000,196.60000000,188.29000000,189.25000000,213246.65000000
2053,2021-12-09 04:00:00,189.22000000,192.08000000,188.52000000,190.85000000,156729.47000000
2054,2021-12-09 08:00:00,190.85000000,190.85000000,186.81000000,187.63000000,349372.79000000
2055,2021-12-09 12:00:00,187.62000000,189.50000000,182.23000000,184.90000000,302653.08000000
2056,2021-12-09 16:00:00,184.93000000,186.68000000,178.91000000,181.26000000,414951.08000000
2057,2021-12-09 20:00:00,181.27000000,184.05000000,178.64000000,181.11000000,227981.18000000
2058,2021-12-10 00:00:00,181.08000000,184.60000000,179.80000000,179.82000000,190063.11000000
2059,2021-12-10 04:00:00,179.88000000,180.33000000,175.18000000,176.16000000,254740.01000000
2060,2021-12-10 08:00:00,176.16000000,178.92000000,175.42000000,178.66000000,232645.78000000
2061,2021-12-10 12:00:00,178.67000000,183.61000000,172.51000000,173.65000000,518885.74000000
2062,2021-12-10 16:00:00,173.64000000,175.08000000,169.76000000,173.57000000,399108.67000000
2063,2021-12-10 20:00:00,173.58000000,175.72000000,167.00000000,167.39000000,267463.59000000
2064,2021-12-11 00:00:00,167.39000000,171.87000000,161.33000000,170.18000000,561743.34000000
2065,2021-12-11 04:00:00,170.21000000,172.46000000,167.50000000,169.23000000,192235.59000000
2066,2021-12-11 08:00:00,169.22000000,172.47000000,168.32000000,170.05000000,197275.78000000
2067,2021-12-11 12:00:00,170.09000000,171.18000000,167.70000000,170.99000000,210136.32000000
2068,2021-12-11 16:00:00,171.00000000,173.80000000,167.59000000,167.98000000,223703.41000000
2069,2021-12-11 20:00:00,167.99000000,172.42000000,167.71000000,172.15000000,156561.67000000
2070,2021-12-12 00:00:00,172.15000000,172.67000000,168.74000000,169.80000000,131513.49000000
2071,2021-12-12 04:00:00,169.77000000,170.92000000,168.00000000,170.24000000,103747.16000000
2072,2021-12-12 08:00:00,170.25000000,170.62000000,167.64000000,169.10000000,145485.93000000
2073,2021-12-12 12:00:00,169.14000000,172.00000000,168.71000000,170.41000000,179856.06000000
2074,2021-12-12 16:00:00,170.41000000,176.85000000,169.82000000,174.43000000,276155.64000000
2075,2021-12-12 20:00:00,174.43000000,175.40000000,172.73000000,172.80000000,139857.68000000
2076,2021-12-13 00:00:00,172.83000000,172.83000000,167.09000000,167.40000000,280505.82000000
2077,2021-12-13 04:00:00,167.38000000,167.97000000,163.49000000,164.09000000,250135.67000000
2078,2021-12-13 08:00:00,164.09000000,167.76000000,162.77000000,167.71000000,203302.48000000
2079,2021-12-13 12:00:00,167.71000000,168.79000000,155.35000000,158.19000000,531966.27000000
2080,2021-12-13 16:00:00,158.16000000,159.23000000,148.04000000,153.17000000,720953.32000000
2081,2021-12-13 20:00:00,153.15000000,159.32000000,149.18000000,155.21000000,483368.26000000
2082,2021-12-14 00:00:00,155.20000000,158.35000000,152.58000000,153.77000000,307867.48000000
2083,2021-12-14 04:00:00,153.76000000,155.23000000,149.60000000,154.77000000,358448.08000000
2084,2021-12-14 08:00:00,154.76000000,158.49000000,153.05000000,158.09000000,296686.61000000
2085,2021-12-14 12:00:00,158.14000000,161.72000000,156.68000000,157.70000000,494440.94000000
2086,2021-12-14 16:00:00,157.71000000,159.22000000,152.65000000,153.96000000,300553.11000000
2087,2021-12-14 20:00:00,153.97000000,163.35000000,153.91000000,161.26000000,393412.76000000
2088,2021-12-15 00:00:00,161.25000000,163.66000000,158.54000000,160.50000000,283652.92000000
2089,2021-12-15 04:00:00,160.50000000,166.66000000,159.55000000,166.29000000,334806.18000000
2090,2021-12-15 08:00:00,166.29000000,168.66000000,164.63000000,165.75000000,307251.19000000
2091,2021-12-15 12:00:00,165.76000000,166.88000000,157.25000000,157.70000000,435507.16000000
2092,2021-12-15 16:00:00,157.66000000,177.59000000,156.81000000,175.26000000,1209124.06000000
2093,2021-12-15 20:00:00,175.25000000,182.64000000,174.16000000,178.52000000,758209.38000000
2094,2021-12-16 00:00:00,178.53000000,179.90000000,176.43000000,178.77000000,289735.53000000
2095,2021-12-16 04:00:00,178.80000000,180.58000000,174.37000000,178.31000000,297625.54000000
2096,2021-12-16 08:00:00,178.27000000,186.12000000,177.98000000,185.87000000,430838.19000000
2097,2021-12-16 12:00:00,185.88000000,189.00000000,182.57000000,187.01000000,720794.90000000
2098,2021-12-16 16:00:00,187.05000000,187.49000000,179.54000000,180.08000000,363167.65000000
2099,2021-12-16 20:00:00,180.11000000,185.00000000,176.01000000,176.86000000,380739.57000000
2100,2021-12-17 00:00:00,176.89000000,181.65000000,176.46000000,179.25000000,256071.87000000
2101,2021-12-17 04:00:00,179.20000000,182.50000000,175.31000000,177.75000000,291883.78000000
2102,2021-12-17 08:00:00,177.76000000,179.36000000,174.80000000,175.94000000,252372.60000000
2103,2021-12-17 12:00:00,175.93000000,177.71000000,167.88000000,176.59000000,726000.63000000
2104,2021-12-17 16:00:00,176.55000000,181.59000000,174.75000000,177.55000000,511280.16000000
2105,2021-12-17 20:00:00,177.56000000,178.57000000,172.78000000,175.51000000,271003.90000000
2106,2021-12-18 00:00:00,175.48000000,176.20000000,170.96000000,174.15000000,250360.11000000
2107,2021-12-18 04:00:00,174.11000000,176.86000000,173.08000000,176.03000000,167075.43000000
2108,2021-12-18 08:00:00,176.02000000,181.09000000,176.00000000,179.93000000,274320.12000000
2109,2021-12-18 12:00:00,179.94000000,183.51000000,179.06000000,181.41000000,241488.45000000
2110,2021-12-18 16:00:00,181.41000000,182.76000000,179.76000000,181.74000000,142356.38000000
2111,2021-12-18 20:00:00,181.75000000,184.24000000,180.57000000,182.78000000,142848.50000000
2112,2021-12-19 00:00:00,182.78000000,184.90000000,179.77000000,184.49000000,201916.06000000
2113,2021-12-19 04:00:00,184.50000000,189.43000000,184.20000000,187.16000000,227892.90000000
2114,2021-12-19 08:00:00,187.16000000,187.87000000,182.79000000,184.83000000,200382.66000000
2115,2021-12-19 12:00:00,184.83000000,188.53000000,182.78000000,184.07000000,250489.54000000
2116,2021-12-19 16:00:00,184.07000000,185.16000000,179.33000000,180.33000000,165823.69000000
2117,2021-12-19 20:00:00,180.34000000,183.84000000,177.99000000,179.93000000,171377.75000000
2118,2021-12-20 00:00:00,179.90000000,181.18000000,177.10000000,178.38000000,222842.94000000
2119,2021-12-20 04:00:00,178.34000000,180.06000000,175.00000000,175.35000000,178867.50000000
2120,2021-12-20 08:00:00,175.36000000,176.28000000,171.37000000,172.54000000,266591.72000000
2121,2021-12-20 12:00:00,172.55000000,174.14000000,168.49000000,170.00000000,294250.82000000
2122,2021-12-20 16:00:00,169.99000000,176.52000000,169.37000000,175.98000000,249881.97000000
2123,2021-12-20 20:00:00,175.98000000,178.19000000,172.71000000,173.90000000,235750.85000000
2124,2021-12-21 00:00:00,173.90000000,176.28000000,170.27000000,175.49000000,205913.67000000
2125,2021-12-21 04:00:00,175.48000000,181.15000000,175.48000000,178.95000000,297339.65000000
2126,2021-12-21 08:00:00,178.93000000,181.10000000,178.60000000,179.71000000,184638.12000000
2127,2021-12-21 12:00:00,179.75000000,182.54000000,176.62000000,177.41000000,258154.91000000
2128,2021-12-21 16:00:00,177.44000000,179.24000000,176.08000000,177.01000000,170097.17000000
2129,2021-12-21 20:00:00,177.05000000,181.44000000,176.92000000,179.63000000,186623.08000000
2130,2021-12-22 00:00:00,179.62000000,181.57000000,177.41000000,179.61000000,185017.17000000
2131,2021-12-22 04:00:00,179.67000000,187.31000000,179.06000000,186.28000000,283040.02000000
2132,2021-12-22 08:00:00,186.30000000,187.55000000,182.83000000,185.56000000,251271.80000000
2133,2021-12-22 12:00:00,185.56000000,186.27000000,181.24000000,185.05000000,269981.67000000
2134,2021-12-22 16:00:00,185.06000000,185.69000000,179.53000000,180.27000000,214241.48000000
2135,2021-12-22 20:00:00,180.23000000,181.76000000,177.05000000,178.40000000,176087.31000000
2136,2021-12-23 00:00:00,178.38000000,182.91000000,175.64000000,180.87000000,283855.97000000
2137,2021-12-23 04:00:00,180.89000000,181.66000000,177.01000000,177.88000000,133761.87000000
2138,2021-12-23 08:00:00,177.87000000,180.66000000,177.13000000,179.02000000,176007.00000000
2139,2021-12-23 12:00:00,179.02000000,181.14000000,177.48000000,180.94000000,211099.04000000
2140,2021-12-23 16:00:00,180.94000000,193.50000000,180.10000000,191.15000000,625107.44000000
2141,2021-12-23 20:00:00,191.11000000,193.00000000,188.67000000,190.03000000,297075.98000000
2142,2021-12-24 00:00:00,190.08000000,191.89000000,186.98000000,187.69000000,265440.25000000
2143,2021-12-24 04:00:00,187.68000000,189.12000000,186.30000000,188.79000000,167439.78000000
2144,2021-12-24 08:00:00,188.81000000,191.39000000,188.12000000,188.76000000,211806.57000000
2145,2021-12-24 12:00:00,188.76000000,195.63000000,184.14000000,195.45000000,422656.64000000
2146,2021-12-24 16:00:00,195.45000000,197.55000000,191.77000000,192.08000000,367807.68000000
2147,2021-12-24 20:00:00,192.09000000,194.88000000,188.18000000,190.36000000,222312.64000000
2148,2021-12-25 00:00:00,190.37000000,195.00000000,189.76000000,191.65000000,214360.72000000
2149,2021-12-25 04:00:00,191.64000000,194.85000000,191.38000000,193.08000000,150157.54000000
2150,2021-12-25 08:00:00,193.05000000,193.24000000,189.08000000,190.24000000,164238.31000000
2151,2021-12-25 12:00:00,190.24000000,192.85000000,190.12000000,192.14000000,138030.67000000
2152,2021-12-25 16:00:00,192.14000000,192.84000000,189.24000000,190.97000000,151990.68000000
2153,2021-12-25 20:00:00,190.95000000,194.48000000,189.96000000,193.10000000,228373.94000000
2154,2021-12-26 00:00:00,193.03000000,197.00000000,190.80000000,190.90000000,401193.75000000
2155,2021-12-26 04:00:00,190.83000000,193.80000000,190.22000000,192.76000000,133987.96000000
2156,2021-12-26 08:00:00,192.77000000,198.73000000,192.43000000,196.50000000,317453.31000000
2157,2021-12-26 12:00:00,196.49000000,200.00000000,195.15000000,198.19000000,345834.52000000
2158,2021-12-26 16:00:00,198.18000000,200.59000000,197.41000000,198.42000000,203500.67000000
2159,2021-12-26 20:00:00,198.40000000,199.64000000,196.01000000,197.81000000,137559.82000000
2160,2021-12-27 00:00:00,197.85000000,201.29000000,196.64000000,201.02000000,157581.33000000
2161,2021-12-27 04:00:00,201.02000000,201.88000000,198.39000000,198.59000000,126337.19000000
2162,2021-12-27 08:00:00,198.57000000,201.00000000,194.71000000,200.28000000,211565.06000000
2163,2021-12-27 12:00:00,200.27000000,203.50000000,198.90000000,201.57000000,272492.05000000
2164,2021-12-27 16:00:00,201.57000000,204.75000000,200.41000000,200.55000000,222392.21000000
2165,2021-12-27 20:00:00,200.53000000,201.26000000,195.25000000,195.67000000,228131.86000000
2166,2021-12-28 00:00:00,195.68000000,195.68000000,187.04000000,190.29000000,349657.36000000
2167,2021-12-28 04:00:00,190.24000000,193.25000000,185.83000000,189.99000000,340785.05000000
2168,2021-12-28 08:00:00,189.98000000,192.97000000,188.53000000,192.14000000,221759.64000000
2169,2021-12-28 12:00:00,192.14000000,192.93000000,185.00000000,185.58000000,298564.58000000
2170,2021-12-28 16:00:00,185.57000000,186.00000000,176.20000000,180.17000000,562304.70000000
2171,2021-12-28 20:00:00,180.18000000,183.99000000,176.94000000,177.32000000,224171.87000000
2172,2021-12-29 00:00:00,177.28000000,180.62000000,176.44000000,179.63000000,182056.16000000
2173,2021-12-29 04:00:00,179.63000000,180.02000000,175.32000000,176.46000000,218506.07000000
2174,2021-12-29 08:00:00,176.46000000,177.94000000,174.41000000,175.55000000,214324.68000000
2175,2021-12-29 12:00:00,175.53000000,176.70000000,170.71000000,176.41000000,427289.91000000
2176,2021-12-29 16:00:00,176.42000000,177.49000000,173.50000000,174.57000000,216343.30000000
2177,2021-12-29 20:00:00,174.56000000,176.83000000,170.01000000,170.63000000,282083.63000000
2178,2021-12-30 00:00:00,170.65000000,172.32000000,168.17000000,170.21000000,306524.03000000
2179,2021-12-30 04:00:00,170.18000000,174.85000000,169.78000000,173.70000000,164208.47000000
2180,2021-12-30 08:00:00,173.71000000,175.24000000,171.84000000,174.70000000,144515.30000000
2181,2021-12-30 12:00:00,174.70000000,175.74000000,173.18000000,173.86000000,175354.28000000
2182,2021-12-30 16:00:00,173.86000000,175.63000000,173.54000000,174.33000000,108165.92000000
2183,2021-12-30 20:00:00,174.32000000,174.96000000,171.00000000,172.52000000,123941.31000000
2184,2021-12-31 00:00:00,172.53000000,173.78000000,170.81000000,171.59000000,135040.34000000
2185,2021-12-31 04:00:00,171.59000000,172.76000000,170.00000000,172.56000000,154576.20000000
2186,2021-12-31 08:00:00,172.55000000,177.65000000,172.32000000,175.12000000,231431.19000000
2187,2021-12-31 12:00:00,175.11000000,176.20000000,174.78000000,175.68000000,110205.43000000
2188,2021-12-31 16:00:00,175.71000000,176.10000000,167.67000000,167.96000000,232998.75000000
2189,2021-12-31 20:00:00,167.96000000,171.97000000,167.68000000,169.99000000,162351.43000000
2190,2022-01-01 00:00:00,170.01000000,174.30000000,169.93000000,172.94000000,123623.05000000
2191,2022-01-01 04:00:00,172.97000000,174.36000000,171.24000000,173.11000000,96869.62000000
2192,2022-01-01 08:00:00,173.11000000,173.40000000,170.80000000,171.53000000,69731.59000000
2193,2022-01-01 12:00:00,171.56000000,174.24000000,171.45000000,173.84000000,77620.88000000
2194,2022-01-01 16:00:00,173.84000000,177.34000000,173.57000000,177.30000000,126904.92000000
2195,2022-01-01 20:00:00,177.30000000,179.20000000,176.09000000,179.06000000,139849.33000000
2196,2022-01-02 00:00:00,179.06000000,179.53000000,176.90000000,177.65000000,148724.94000000
2197,2022-01-02 04:00:00,177.66000000,178.05000000,175.08000000,175.86000000,82525.80000000
2198,2022-01-02 08:00:00,175.83000000,176.29000000,174.51000000,175.66000000,82573.10000000
2199,2022-01-02 12:00:00,175.66000000,176.87000000,174.94000000,176.23000000,86832.56000000
2200,2022-01-02 16:00:00,176.24000000,178.69000000,174.31000000,175.32000000,150294.65000000
2201,2022-01-02 20:00:00,175.31000000,177.10000000,174.70000000,176.35000000,69136.33000000
2202,2022-01-03 00:00:00,176.34000000,176.49000000,172.13000000,172.80000000,113217.48000000
2203,2022-01-03 04:00:00,172.78000000,173.86000000,172.00000000,173.11000000,98608.79000000
2204,2022-01-03 08:00:00,173.11000000,175.02000000,172.35000000,174.74000000,98573.74000000
2205,2022-01-03 12:00:00,174.76000000,175.80000000,170.85000000,170.95000000,237905.02000000
2206,2022-01-03 16:00:00,170.94000000,171.70000000,168.75000000,169.94000000,266790.70000000
2207,2022-01-03 20:00:00,169.93000000,171.15000000,166.59000000,170.15000000,216220.70000000
2208,2022-01-04 00:00:00,170.14000000,170.41000000,166.94000000,167.84000000,166741.34000000
2209,2022-01-04 04:00:00,167.82000000,169.21000000,166.47000000,169.04000000,167832.08000000
2210,2022-01-04 08:00:00,169.03000000,172.28000000,167.07000000,171.63000000,189611.06000000
2211,2022-01-04 12:00:00,171.63000000,173.93000000,170.53000000,172.21000000,224424.44000000
2212,2022-01-04 16:00:00,172.20000000,172.46000000,167.00000000,168.60000000,199806.39000000
2213,2022-01-04 20:00:00,168.60000000,169.52000000,167.53000000,167.72000000,92917.32000000
2214,2022-01-05 00:00:00,167.74000000,169.34000000,167.17000000,169.15000000,114440.89000000
2215,2022-01-05 04:00:00,169.16000000,170.50000000,168.09000000,169.86000000,87007.27000000
2216,2022-01-05 08:00:00,169.89000000,171.32000000,168.00000000,168.51000000,132224.18000000
2217,2022-01-05 12:00:00,168.51000000,169.26000000,167.51000000,168.27000000,162814.60000000
2218,2022-01-05 16:00:00,168.26000000,168.69000000,157.53000000,158.65000000,453250.04000000
2219,2022-01-05 20:00:00,158.69000000,159.80000000,144.92000000,154.52000000,710111.19000000
2220,2022-01-06 00:00:00,154.48000000,154.80000000,148.06000000,148.12000000,261526.53000000
2221,2022-01-06 04:00:00,148.14000000,150.98000000,147.06000000,150.73000000,299516.03000000
2222,2022-01-06 08:00:00,150.73000000,151.00000000,145.98000000,147.56000000,287481.76000000
2223,2022-01-06 12:00:00,147.54000000,151.06000000,146.32000000,149.66000000,362357.09000000
2224,2022-01-06 16:00:00,149.67000000,154.44000000,148.83000000,153.84000000,206657.38000000
2225,2022-01-06 20:00:00,153.87000000,153.95000000,150.00000000,150.26000000,157532.51000000
2226,2022-01-07 00:00:00,150.28000000,150.72000000,138.00000000,139.63000000,619227.91000000
2227,2022-01-07 04:00:00,139.63000000,141.21000000,134.60000000,138.99000000,667955.75000000
2228,2022-01-07 08:00:00,139.00000000,144.00000000,138.25000000,139.21000000,401139.05000000
2229,2022-01-07 12:00:00,139.20000000,142.83000000,133.08000000,135.97000000,517642.88000000
2230,2022-01-07 16:00:00,135.97000000,140.48000000,134.44000000,140.21000000,346790.16000000
2231,2022-01-07 20:00:00,140.21000000,140.96000000,135.94000000,136.45000000,166641.55000000
2232,2022-01-08 00:00:00,136.43000000,141.52000000,135.80000000,139.36000000,231379.52000000
2233,2022-01-08 04:00:00,139.40000000,144.66000000,139.32000000,144.40000000,310411.23000000
2234,2022-01-08 08:00:00,144.40000000,148.11000000,144.25000000,146.43000000,431749.22000000
2235,2022-01-08 12:00:00,146.44000000,146.82000000,142.25000000,144.25000000,301737.40000000
2236,2022-01-08 16:00:00,144.21000000,146.16000000,133.00000000,135.38000000,811000.75000000
2237,2022-01-08 20:00:00,135.36000000,146.94000000,134.58000000,142.14000000,609137.39000000
2238,2022-01-09 00:00:00,142.10000000,145.36000000,140.75000000,141.93000000,370734.15000000
2239,2022-01-09 04:00:00,141.92000000,143.72000000,140.07000000,140.37000000,173973.94000000
2240,2022-01-09 08:00:00,140.38000000,141.34000000,137.83000000,140.56000000,223003.73000000
2241,2022-01-09 12:00:00,140.59000000,140.90000000,137.97000000,140.11000000,164267.03000000
2242,2022-01-09 16:00:00,140.11000000,145.71000000,139.70000000,145.26000000,324326.52000000
2243,2022-01-09 20:00:00,145.30000000,145.67000000,140.00000000,140.82000000,178847.78000000
2244,2022-01-10 00:00:00,140.82000000,142.55000000,138.88000000,140.62000000,170643.01000000
2245,2022-01-10 04:00:00,140.62000000,143.86000000,140.30000000,143.05000000,158596.71000000
2246,2022-01-10 08:00:00,143.05000000,143.48000000,138.96000000,139.44000000,155875.84000000
2247,2022-01-10 12:00:00,139.45000000,139.76000000,130.00000000,133.16000000,800570.62000000
2248,2022-01-10 16:00:00,133.17000000,138.55000000,130.96000000,132.64000000,422227.66000000
2249,2022-01-10 20:00:00,132.65000000,136.10000000,131.87000000,135.86000000,186598.67000000
2250,2022-01-11 00:00:00,135.84000000,137.50000000,133.58000000,137.28000000,186714.88000000
2251,2022-01-11 04:00:00,137.28000000,137.89000000,135.03000000,137.25000000,132074.94000000
2252,2022-01-11 08:00:00,137.26000000,138.52000000,134.27000000,135.40000000,155512.65000000
2253,2022-01-11 12:00:00,135.40000000,138.03000000,135.00000000,137.08000000,217661.00000000
2254,2022-01-11 16:00:00,137.09000000,143.50000000,136.94000000,142.39000000,486881.21000000
2255,2022-01-11 20:00:00,142.41000000,143.17000000,139.68000000,140.20000000,149734.89000000
2256,2022-01-12 00:00:00,140.19000000,141.53000000,139.07000000,140.07000000,162379.86000000
2257,2022-01-12 04:00:00,140.06000000,140.88000000,138.22000000,138.95000000,148564.60000000
2258,2022-01-12 08:00:00,138.94000000,144.10000000,138.72000000,141.42000000,295995.94000000
2259,2022-01-12 12:00:00,141.40000000,148.50000000,141.23000000,147.70000000,570425.00000000
2260,2022-01-12 16:00:00,147.70000000,153.20000000,147.59000000,152.71000000,540280.27000000
2261,2022-01-12 20:00:00,152.71000000,153.39000000,151.30000000,151.51000000,229143.09000000
2262,2022-01-13 00:00:00,151.50000000,152.22000000,148.12000000,148.65000000,193043.05000000
2263,2022-01-13 04:00:00,148.66000000,151.69000000,148.62000000,151.41000000,144358.07000000
2264,2022-01-13 08:00:00,151.39000000,152.80000000,149.90000000,150.32000000,208862.36000000
2265,2022-01-13 12:00:00,150.33000000,157.80000000,150.25000000,154.95000000,579656.23000000
2266,2022-01-13 16:00:00,154.90000000,155.25000000,146.50000000,147.65000000,593930.06000000
2267,2022-01-13 20:00:00,147.63000000,149.89000000,145.41000000,146.14000000,264271.82000000
2268,2022-01-14 00:00:00,146.13000000,147.99000000,144.39000000,147.52000000,201101.41000000
2269,2022-01-14 04:00:00,147.52000000,150.56000000,146.71000000,147.71000000,216155.34000000
2270,2022-01-14 08:00:00,147.71000000,147.79000000,141.84000000,143.45000000,325330.63000000
2271,2022-01-14 12:00:00,143.45000000,148.40000000,142.02000000,147.34000000,278954.23000000
2272,2022-01-14 16:00:00,147.34000000,149.80000000,145.59000000,148.36000000,252169.31000000
2273,2022-01-14 20:00:00,148.34000000,149.00000000,145.39000000,146.17000000,154434.38000000
2274,2022-01-15 00:00:00,146.18000000,147.29000000,145.06000000,145.98000000,112478.85000000
2275,2022-01-15 04:00:00,145.98000000,146.29000000,144.59000000,145.51000000,113837.03000000
2276,2022-01-15 08:00:00,145.51000000,146.82000000,144.78000000,146.40000000,115518.45000000
2277,2022-01-15 12:00:00,146.39000000,148.62000000,143.90000000,147.99000000,232226.41000000
2278,2022-01-15 16:00:00,148.00000000,148.83000000,147.13000000,147.95000000,162416.77000000
2279,2022-01-15 20:00:00,147.94000000,149.49000000,147.36000000,147.64000000,128537.24000000
2280,2022-01-16 00:00:00,147.61000000,148.22000000,146.09000000,146.83000000,95000.69000000
2281,2022-01-16 04:00:00,146.82000000,150.05000000,146.37000000,149.67000000,157935.03000000
2282,2022-01-16 08:00:00,149.73000000,150.73000000,147.63000000,148.13000000,152194.23000000
2283,2022-01-16 12:00:00,148.11000000,151.96000000,147.08000000,149.94000000,252206.98000000
2284,2022-01-16 16:00:00,149.97000000,150.96000000,147.76000000,147.97000000,148977.49000000
2285,2022-01-16 20:00:00,147.97000000,148.65000000,146.30000000,147.98000000,157955.72000000
2286,2022-01-17 00:00:00,147.98000000,148.29000000,142.85000000,142.95000000,256622.37000000
2287,2022-01-17 04:00:00,142.97000000,143.93000000,141.66000000,143.23000000,172336.95000000
2288,2022-01-17 08:00:00,143.26000000,144.01000000,142.27000000,142.46000000,200036.67000000
2289,2022-01-17 12:00:00,142.46000000,143.80000000,141.01000000,142.15000000,197426.54000000
2290,2022-01-17 16:00:00,142.16000000,142.51000000,138.80000000,139.87000000,287998.41000000
2291,2022-01-17 20:00:00,139.86000000,140.29000000,137.02000000,139.80000000,183233.20000000
2292,2022-01-18 00:00:00,139.81000000,141.83000000,139.00000000,139.21000000,226393.02000000
2293,2022-01-18 04:00:00,139.22000000,140.90000000,138.11000000,140.23000000,137612.82000000
2294,2022-01-18 08:00:00,140.22000000,140.39000000,135.95000000,137.62000000,196465.69000000
2295,2022-01-18 12:00:00,137.61000000,138.24000000,134.39000000,136.67000000,276165.48000000
2296,2022-01-18 16:00:00,136.67000000,137.88000000,135.64000000,137.01000000,164874.77000000
2297,2022-01-18 20:00:00,137.06000000,142.77000000,136.20000000,141.22000000,252825.39000000
2298,2022-01-19 00:00:00,141.32000000,142.70000000,136.96000000,138.00000000,222832.98000000
2299,2022-01-19 04:00:00,137.98000000,139.12000000,134.06000000,134.44000000,158796.36000000
2300,2022-01-19 08:00:00,134.44000000,136.37000000,132.77000000,136.13000000,248307.57000000
2301,2022-01-19 12:00:00,136.15000000,138.61000000,135.46000000,136.94000000,224608.74000000
2302,2022-01-19 16:00:00,136.94000000,138.05000000,135.33000000,136.74000000,170239.36000000
2303,2022-01-19 20:00:00,136.71000000,137.50000000,134.71000000,135.25000000,150386.38000000
2304,2022-01-20 00:00:00,135.23000000,137.23000000,134.49000000,137.03000000,107801.23000000
2305,2022-01-20 04:00:00,137.06000000,137.86000000,136.20000000,137.42000000,74839.52000000
2306,2022-01-20 08:00:00,137.41000000,138.20000000,135.60000000,137.89000000,121919.29000000
2307,2022-01-20 12:00:00,137.90000000,143.50000000,136.96000000,143.18000000,321304.26000000
2308,2022-01-20 16:00:00,143.15000000,143.83000000,139.69000000,139.93000000,324355.21000000
2309,2022-01-20 20:00:00,139.92000000,140.23000000,126.01000000,127.54000000,514374.47000000
2310,2022-01-21 00:00:00,127.54000000,128.73000000,121.04000000,124.21000000,908951.91000000
2311,2022-01-21 04:00:00,124.20000000,126.82000000,123.81000000,126.54000000,311222.02000000
2312,2022-01-21 08:00:00,126.53000000,126.91000000,121.27000000,122.19000000,325877.54000000
2313,2022-01-21 12:00:00,122.19000000,122.78000000,115.55000000,121.91000000,863431.35000000
2314,2022-01-21 16:00:00,121.91000000,126.89000000,120.12000000,120.33000000,814582.00000000
2315,2022-01-21 20:00:00,120.32000000,122.02000000,106.11000000,112.27000000,1298955.87000000
2316,2022-01-22 00:00:00,112.24000000,114.89000000,108.27000000,109.67000000,494859.66000000
2317,2022-01-22 04:00:00,109.67000000,110.42000000,98.26000000,100.39000000,1135773.74000000
2318,2022-01-22 08:00:00,100.40000000,103.79000000,87.73000000,98.69000000,2051828.01000000
2319,2022-01-22 12:00:00,98.69000000,103.30000000,92.88000000,93.05000000,950543.21000000
2320,2022-01-22 16:00:00,93.04000000,98.50000000,88.54000000,90.58000000,1131661.84000000
2321,2022-01-22 20:00:00,90.57000000,97.48000000,89.70000000,94.54000000,690942.52000000
2322,2022-01-23 00:00:00,94.57000000,99.25000000,93.25000000,94.37000000,514583.71000000
2323,2022-01-23 04:00:00,94.36000000,101.60000000,93.47000000,101.19000000,559272.36000000
2324,2022-01-23 08:00:00,101.21000000,104.82000000,99.80000000,101.85000000,851603.75000000
2325,2022-01-23 12:00:00,101.85000000,103.19000000,96.12000000,98.86000000,606540.56000000
2326,2022-01-23 16:00:00,98.85000000,99.75000000,93.95000000,94.75000000,492393.57000000
2327,2022-01-23 20:00:00,94.73000000,101.85000000,94.19000000,99.78000000,537357.09000000
2328,2022-01-24 00:00:00,99.74000000,99.83000000,91.25000000,92.10000000,998180.88000000
2329,2022-01-24 04:00:00,92.09000000,92.83000000,86.06000000,86.75000000,775278.34000000
2330,2022-01-24 08:00:00,86.77000000,89.57000000,81.71000000,83.94000000,1440649.81000000
2331,2022-01-24 12:00:00,83.95000000,88.00000000,80.83000000,87.47000000,1535676.71000000
2332,2022-01-24 16:00:00,87.48000000,91.54000000,83.47000000,89.61000000,1305843.10000000
2333,2022-01-24 20:00:00,89.61000000,96.31000000,89.51000000,91.93000000,934407.87000000
2334,2022-01-25 00:00:00,91.94000000,92.03000000,87.88000000,90.07000000,408441.14000000
2335,2022-01-25 04:00:00,90.10000000,90.74000000,87.41000000,90.00000000,363458.70000000
2336,2022-01-25 08:00:00,89.98000000,94.52000000,89.91000000,91.59000000,654688.82000000
2337,2022-01-25 12:00:00,91.60000000,94.90000000,90.38000000,92.95000000,625228.95000000
2338,2022-01-25 16:00:00,92.95000000,99.95000000,92.66000000,96.13000000,888006.16000000
2339,2022-01-25 20:00:00,96.13000000,96.30000000,91.94000000,94.67000000,542887.55000000
2340,2022-01-26 00:00:00,94.65000000,95.40000000,91.37000000,94.73000000,396428.95000000
2341,2022-01-26 04:00:00,94.71000000,97.00000000,93.63000000,94.45000000,324205.93000000
2342,2022-01-26 08:00:00,94.44000000,98.23000000,94.39000000,98.05000000,399878.06000000
2343,2022-01-26 12:00:00,98.05000000,103.00000000,96.02000000,98.79000000,884012.51000000
2344,2022-01-26 16:00:00,98.79000000,104.43000000,96.38000000,98.21000000,1313043.92000000
2345,2022-01-26 20:00:00,98.21000000,98.21000000,89.19000000,92.12000000,1183771.32000000
2346,2022-01-27 00:00:00,92.11000000,93.65000000,85.71000000,86.75000000,803455.97000000
2347,2022-01-27 04:00:00,86.73000000,90.78000000,86.33000000,88.78000000,441804.21000000
2348,2022-01-27 08:00:00,88.80000000,91.35000000,88.21000000,91.18000000,439296.63000000
2349,2022-01-27 12:00:00,91.19000000,94.60000000,90.75000000,92.32000000,697591.67000000
2350,2022-01-27 16:00:00,92.30000000,93.46000000,89.11000000,89.87000000,499196.89000000
2351,2022-01-27 20:00:00,89.88000000,90.69000000,85.71000000,89.51000000,648672.39000000
2352,2022-01-28 00:00:00,89.51000000,92.96000000,88.67000000,92.42000000,469900.93000000
2353,2022-01-28 04:00:00,92.45000000,93.55000000,89.56000000,89.69000000,346809.07000000
2354,2022-01-28 08:00:00,89.68000000,90.99000000,87.58000000,88.65000000,352474.90000000
2355,2022-01-28 12:00:00,88.64000000,91.48000000,87.21000000,91.16000000,535755.45000000
2356,2022-01-28 16:00:00,91.15000000,93.13000000,90.05000000,91.58000000,507871.34000000
2357,2022-01-28 20:00:00,91.61000000,93.48000000,90.21000000,91.34000000,434505.48000000
2358,2022-01-29 00:00:00,91.35000000,94.00000000,90.50000000,92.11000000,318893.55000000
2359,2022-01-29 04:00:00,92.13000000,97.30000000,91.99000000,97.20000000,418122.15000000
2360,2022-01-29 08:00:00,97.21000000,97.70000000,95.24000000,96.31000000,296688.34000000
2361,2022-01-29 12:00:00,96.30000000,98.93000000,93.83000000,95.08000000,430250.66000000
2362,2022-01-29 16:00:00,95.05000000,95.79000000,93.29000000,95.24000000,299715.82000000
2363,2022-01-29 20:00:00,95.25000000,97.00000000,94.51000000,96.13000000,287221.24000000
2364,2022-01-30 00:00:00,96.15000000,96.34000000,93.46000000,94.45000000,256186.18000000
2365,2022-01-30 04:00:00,94.47000000,97.60000000,94.36000000,96.71000000,178732.99000000
2366,2022-01-30 08:00:00,96.73000000,97.11000000,95.03000000,96.37000000,165389.19000000
2367,2022-01-30 12:00:00,96.37000000,96.54000000,93.88000000,95.15000000,189101.60000000
2368,2022-01-30 16:00:00,95.16000000,95.92000000,91.71000000,92.04000000,258040.61000000
2369,2022-01-30 20:00:00,92.03000000,94.27000000,91.38000000,93.29000000,210586.94000000
2370,2022-01-31 00:00:00,93.26000000,93.62000000,89.25000000,90.72000000,351678.02000000
2371,2022-01-31 04:00:00,90.73000000,90.75000000,89.18000000,90.25000000,190115.54000000
2372,2022-01-31 08:00:00,90.26000000,91.77000000,89.95000000,91.37000000,156702.42000000
2373,2022-01-31 12:00:00,91.36000000,96.00000000,90.32000000,95.41000000,541230.06000000
2374,2022-01-31 16:00:00,95.42000000,98.80000000,94.95000000,98.39000000,652775.48000000
2375,2022-01-31 20:00:00,98.40000000,101.40000000,95.31000000,99.49000000,521600.03000000
2376,2022-02-01 00:00:00,99.50000000,108.00000000,99.02000000,106.92000000,720503.97000000
2377,2022-02-01 04:00:00,106.92000000,107.54000000,104.52000000,105.42000000,434449.06000000
2378,2022-02-01 08:00:00,105.41000000,109.00000000,103.80000000,106.35000000,723680.23000000
2379,2022-02-01 12:00:00,106.35000000,110.93000000,106.04000000,108.71000000,748581.68000000
2380,2022-02-01 16:00:00,108.70000000,113.66000000,107.77000000,107.89000000,1066069.15000000
2381,2022-02-01 20:00:00,107.87000000,112.20000000,107.79000000,110.02000000,497223.56000000
2382,2022-02-02 00:00:00,109.99000000,112.35000000,108.15000000,110.63000000,515529.19000000
2383,2022-02-02 04:00:00,110.62000000,110.73000000,107.54000000,108.50000000,401651.29000000
2384,2022-02-02 08:00:00,108.52000000,110.65000000,108.26000000,109.98000000,257134.76000000
2385,2022-02-02 12:00:00,110.01000000,112.30000000,105.12000000,105.92000000,876912.54000000
2386,2022-02-02 16:00:00,105.95000000,111.97000000,103.60000000,110.03000000,823841.77000000
2387,2022-02-02 20:00:00,110.02000000,110.13000000,96.99000000,101.88000000,1988288.55000000
2388,2022-02-03 00:00:00,101.91000000,103.13000000,96.70000000,97.40000000,687666.48000000
2389,2022-02-03 04:00:00,97.38000000,99.55000000,97.15000000,99.36000000,381962.56000000
2390,2022-02-03 08:00:00,99.40000000,100.01000000,94.00000000,97.43000000,1017889.18000000
2391,2022-02-03 12:00:00,97.43000000,99.50000000,94.08000000,98.26000000,834279.48000000
2392,2022-02-03 16:00:00,98.25000000,99.21000000,95.83000000,96.81000000,385033.59000000
2393,2022-02-03 20:00:00,96.80000000,102.23000000,95.85000000,101.77000000,579732.27000000
2394,2022-02-04 00:00:00,101.83000000,103.84000000,100.28000000,102.39000000,329781.13000000
2395,2022-02-04 04:00:00,102.39000000,106.91000000,101.61000000,104.92000000,599159.42000000
2396,2022-02-04 08:00:00,104.90000000,107.00000000,104.44000000,104.80000000,424097.68000000
2397,2022-02-04 12:00:00,104.80000000,109.83000000,101.69000000,107.19000000,1392386.08000000
2398,2022-02-04 16:00:00,107.19000000,111.38000000,106.94000000,110.65000000,987265.25000000
2399,2022-02-04 20:00:00,110.64000000,112.81000000,109.31000000,112.62000000,453698.72000000
2400,2022-02-05 00:00:00,112.63000000,114.25000000,110.22000000,114.01000000,527980.04000000
2401,2022-02-05 04:00:00,114.02000000,118.60000000,113.53000000,115.56000000,598612.17000000
2402,2022-02-05 08:00:00,115.56000000,116.93000000,114.49000000,114.95000000,358615.26000000
2403,2022-02-05 12:00:00,114.95000000,117.19000000,114.17000000,116.03000000,373107.17000000
2404,2022-02-05 16:00:00,116.01000000,116.42000000,110.76000000,113.50000000,560932.51000000
2405,2022-02-05 20:00:00,113.49000000,115.77000000,112.87000000,113.75000000,229771.99000000
2406,2022-02-06 00:00:00,113.74000000,115.80000000,113.67000000,114.40000000,227678.04000000
2407,2022-02-06 04:00:00,114.41000000,114.94000000,112.08000000,114.32000000,278361.43000000
2408,2022-02-06 08:00:00,114.31000000,116.06000000,113.56000000,114.41000000,209249.82000000
2409,2022-02-06 12:00:00,114.41000000,115.93000000,111.09000000,113.07000000,392945.25000000
2410,2022-02-06 16:00:00,113.06000000,114.56000000,112.03000000,112.88000000,198589.88000000
2411,2022-02-06 20:00:00,112.88000000,115.50000000,112.05000000,115.28000000,254970.70000000
2412,2022-02-07 00:00:00,115.26000000,119.65000000,112.69000000,119.20000000,466311.37000000
2413,2022-02-07 04:00:00,119.21000000,120.00000000,116.93000000,117.27000000,405594.43000000
2414,2022-02-07 08:00:00,117.29000000,117.90000000,115.20000000,117.53000000,318921.22000000
2415,2022-02-07 12:00:00,117.50000000,121.72000000,116.61000000,121.30000000,573419.94000000
2416,2022-02-07 16:00:00,121.31000000,121.93000000,119.26000000,120.03000000,562227.92000000
2417,2022-02-07 20:00:00,120.04000000,121.00000000,116.58000000,117.55000000,404220.92000000
2418,2022-02-08 00:00:00,117.57000000,119.00000000,115.51000000,117.47000000,361095.41000000
2419,2022-02-08 04:00:00,117.48000000,120.36000000,116.85000000,117.73000000,589417.91000000
2420,2022-02-08 08:00:00,117.70000000,117.90000000,112.02000000,114.36000000,589325.98000000
2421,2022-02-08 12:00:00,114.32000000,114.32000000,110.04000000,112.03000000,500328.18000000
2422,2022-02-08 16:00:00,112.07000000,112.73000000,110.31000000,110.82000000,355539.83000000
2423,2022-02-08 20:00:00,110.84000000,114.79000000,109.66000000,113.45000000,415790.19000000
2424,2022-02-09 00:00:00,113.44000000,115.10000000,110.86000000,111.23000000,319671.85000000
2425,2022-02-09 04:00:00,111.23000000,111.93000000,109.40000000,111.50000000,267105.06000000
2426,2022-02-09 08:00:00,111.50000000,113.73000000,110.43000000,113.27000000,315066.78000000
2427,2022-02-09 12:00:00,113.27000000,117.08000000,112.82000000,113.18000000,501741.37000000
2428,2022-02-09 16:00:00,113.18000000,115.68000000,112.50000000,115.06000000,387630.82000000
2429,2022-02-09 20:00:00,115.07000000,116.43000000,113.65000000,113.93000000,323195.50000000
2430,2022-02-10 00:00:00,113.96000000,114.08000000,110.60000000,111.01000000,310478.39000000
2431,2022-02-10 04:00:00,111.02000000,112.54000000,110.80000000,112.40000000,211844.31000000
2432,2022-02-10 08:00:00,112.39000000,115.38000000,112.06000000,113.77000000,348900.50000000
2433,2022-02-10 12:00:00,113.78000000,114.20000000,105.70000000,111.96000000,1087232.17000000
2434,2022-02-10 16:00:00,111.94000000,113.00000000,108.12000000,108.92000000,520205.83000000
2435,2022-02-10 20:00:00,108.93000000,109.48000000,105.68000000,106.17000000,302920.57000000
2436,2022-02-11 00:00:00,106.18000000,106.61000000,103.61000000,104.67000000,375574.41000000
2437,2022-02-11 04:00:00,104.66000000,105.83000000,103.23000000,105.71000000,276182.56000000
2438,2022-02-11 08:00:00,105.72000000,106.49000000,104.45000000,105.56000000,243123.88000000
2439,2022-02-11 12:00:00,105.55000000,108.14000000,105.02000000,106.84000000,371502.00000000
2440,2022-02-11 16:00:00,106.82000000,107.10000000,99.19000000,99.74000000,693735.15000000
2441,2022-02-11 20:00:00,99.72000000,100.10000000,95.14000000,96.53000000,577109.68000000
2442,2022-02-12 00:00:00,96.53000000,98.49000000,95.39000000,96.92000000,239300.76000000
2443,2022-02-12 04:00:00,96.93000000,97.65000000,92.80000000,93.77000000,374254.80000000
2444,2022-02-12 08:00:00,93.77000000,96.22000000,93.70000000,96.09000000,280708.71000000
2445,2022-02-12 12:00:00,96.10000000,96.20000000,93.54000000,95.00000000,248819.23000000
2446,2022-02-12 16:00:00,94.99000000,99.79000000,94.67000000,97.17000000,386960.49000000
2447,2022-02-12 20:00:00,97.14000000,98.31000000,94.36000000,95.96000000,273886.68000000
2448,2022-02-13 00:00:00,95.98000000,97.36000000,95.11000000,95.95000000,155206.36000000
2449,2022-02-13 04:00:00,95.98000000,96.72000000,95.22000000,96.34000000,124480.83000000
2450,2022-02-13 08:00:00,96.33000000,97.04000000,95.44000000,96.19000000,176271.22000000
2451,2022-02-13 12:00:00,96.19000000,96.94000000,95.37000000,95.62000000,200379.59000000
2452,2022-02-13 16:00:00,95.64000000,95.68000000,91.35000000,92.25000000,385071.29000000
2453,2022-02-13 20:00:00,92.26000000,94.12000000,91.93000000,92.85000000,174674.09000000
2454,2022-02-14 00:00:00,92.85000000,93.75000000,90.72000000,93.55000000,257722.71000000
2455,2022-02-14 04:00:00,93.56000000,94.91000000,92.70000000,94.80000000,207745.30000000
2456,2022-02-14 08:00:00,94.80000000,94.93000000,91.86000000,93.15000000,239850.04000000
2457,2022-02-14 12:00:00,93.15000000,97.90000000,92.34000000,96.59000000,468162.50000000
2458,2022-02-14 16:00:00,96.59000000,97.99000000,93.31000000,94.32000000,397239.63000000
2459,2022-02-14 20:00:00,94.32000000,97.20000000,93.61000000,96.37000000,222001.12000000
2460,2022-02-15 00:00:00,96.39000000,102.49000000,96.38000000,101.32000000,456392.97000000
2461,2022-02-15 04:00:00,101.32000000,102.30000000,100.33000000,102.00000000,322071.65000000
2462,2022-02-15 08:00:00,102.00000000,103.71000000,101.29000000,102.40000000,479120.67000000
2463,2022-02-15 12:00:00,102.40000000,103.30000000,100.74000000,102.76000000,450323.49000000
2464,2022-02-15 16:00:00,102.77000000,103.25000000,100.84000000,101.60000000,302916.63000000
2465,2022-02-15 20:00:00,101.59000000,105.77000000,100.96000000,105.52000000,351398.04000000
2466,2022-02-16 00:00:00,105.52000000,105.60000000,102.44000000,102.80000000,229524.20000000
2467,2022-02-16 04:00:00,102.80000000,104.44000000,100.77000000,104.25000000,297834.75000000
2468,2022-02-16 08:00:00,104.26000000,104.41000000,101.45000000,102.51000000,258794.17000000
2469,2022-02-16 12:00:00,102.49000000,102.75000000,98.30000000,99.09000000,627343.43000000
2470,2022-02-16 16:00:00,99.10000000,103.70000000,98.27000000,103.25000000,495547.90000000
2471,2022-02-16 20:00:00,103.26000000,103.55000000,101.56000000,101.86000000,214114.66000000
2472,2022-02-17 00:00:00,101.85000000,102.82000000,99.13000000,99.19000000,227789.26000000
2473,2022-02-17 04:00:00,99.17000000,100.96000000,98.00000000,100.93000000,254150.14000000
2474,2022-02-17 08:00:00,100.93000000,101.10000000,97.31000000,99.09000000,293331.37000000
2475,2022-02-17 12:00:00,99.09000000,99.70000000,96.59000000,97.33000000,373294.52000000
2476,2022-02-17 16:00:00,97.33000000,97.80000000,93.00000000,94.92000000,500447.56000000
2477,2022-02-17 20:00:00,94.92000000,94.92000000,92.33000000,93.52000000,352068.45000000
2478,2022-02-18 00:00:00,93.55000000,95.52000000,92.75000000,94.38000000,294691.65000000
2479,2022-02-18 04:00:00,94.38000000,95.50000000,93.81000000,95.18000000,144418.78000000
2480,2022-02-18 08:00:00,95.17000000,96.37000000,93.62000000,93.90000000,271910.29000000
2481,2022-02-18 12:00:00,93.93000000,94.82000000,90.13000000,90.96000000,599795.83000000
2482,2022-02-18 16:00:00,90.95000000,92.03000000,89.31000000,91.03000000,466227.02000000
2483,2022-02-18 20:00:00,91.03000000,91.41000000,89.36000000,89.86000000,233033.08000000
2484,2022-02-19 00:00:00,89.86000000,92.21000000,89.78000000,91.21000000,144771.65000000
2485,2022-02-19 04:00:00,91.21000000,92.75000000,91.03000000,92.13000000,157119.32000000
2486,2022-02-19 08:00:00,92.13000000,92.35000000,88.60000000,89.48000000,309207.64000000
2487,2022-02-19 12:00:00,89.50000000,91.12000000,88.68000000,90.99000000,317831.80000000
2488,2022-02-19 16:00:00,90.99000000,92.18000000,89.68000000,89.90000000,233188.84000000
2489,2022-02-19 20:00:00,89.85000000,91.75000000,89.51000000,91.27000000,123458.89000000
2490,2022-02-20 00:00:00,91.27000000,91.41000000,87.78000000,88.41000000,233089.67000000
2491,2022-02-20 04:00:00,88.41000000,88.68000000,85.56000000,87.39000000,420479.92000000
2492,2022-02-20 08:00:00,87.37000000,90.16000000,85.73000000,89.18000000,470250.96000000
2493,2022-02-20 12:00:00,89.20000000,90.94000000,87.43000000,89.43000000,411967.49000000
2494,2022-02-20 16:00:00,89.42000000,93.45000000,89.23000000,92.02000000,473442.21000000
2495,2022-02-20 20:00:00,92.02000000,94.50000000,90.26000000,90.72000000,550243.29000000
2496,2022-02-21 00:00:00,90.70000000,95.26000000,90.46000000,93.83000000,535312.61000000
2497,2022-02-21 04:00:00,93.83000000,95.79000000,93.77000000,95.43000000,302652.09000000
2498,2022-02-21 08:00:00,95.43000000,96.14000000,88.16000000,89.15000000,709455.88000000
2499,2022-02-21 12:00:00,89.16000000,92.18000000,86.86000000,89.62000000,1070495.44000000
2500,2022-02-21 16:00:00,89.60000000,90.30000000,86.26000000,87.49000000,726658.71000000
2501,2022-02-21 20:00:00,87.49000000,88.27000000,82.62000000,82.96000000,718508.07000000
2502,2022-02-22 00:00:00,82.95000000,84.60000000,81.06000000,81.64000000,554781.00000000
2503,2022-02-22 04:00:00,81.65000000,83.83000000,81.39000000,82.12000000,492946.96000000
2504,2022-02-22 08:00:00,82.11000000,86.00000000,81.87000000,85.20000000,530964.72000000
2505,2022-02-22 12:00:00,85.19000000,87.56000000,84.18000000,85.85000000,573285.77000000
2506,2022-02-22 16:00:00,85.85000000,86.54000000,83.81000000,86.28000000,428300.26000000
2507,2022-02-22 20:00:00,86.30000000,87.13000000,84.77000000,86.38000000,255275.65000000
2508,2022-02-23 00:00:00,86.39000000,88.78000000,86.08000000,87.24000000,383898.16000000
2509,2022-02-23 04:00:00,87.24000000,89.98000000,86.96000000,89.14000000,371027.12000000
2510,2022-02-23 08:00:00,89.17000000,93.36000000,88.73000000,92.04000000,543227.31000000
2511,2022-02-23 12:00:00,92.06000000,93.40000000,89.08000000,89.72000000,718420.69000000
2512,2022-02-23 16:00:00,89.73000000,92.15000000,87.56000000,88.11000000,608628.66000000
2513,2022-02-23 20:00:00,88.11000000,88.43000000,84.38000000,84.59000000,568492.16000000
2514,2022-02-24 00:00:00,84.58000000,85.81000000,76.10000000,77.52000000,1023411.78000000
2515,2022-02-24 04:00:00,77.55000000,84.26000000,75.35000000,82.19000000,1750005.71000000
2516,2022-02-24 08:00:00,82.18000000,84.60000000,79.32000000,81.37000000,1181020.35000000
2517,2022-02-24 12:00:00,81.36000000,86.20000000,79.46000000,84.92000000,1185957.63000000
2518,2022-02-24 16:00:00,84.95000000,91.37000000,83.35000000,90.81000000,1202773.96000000
2519,2022-02-24 20:00:00,90.81000000,93.90000000,86.73000000,89.36000000,1154370.65000000
2520,2022-02-25 00:00:00,89.35000000,90.82000000,87.57000000,89.65000000,540195.74000000
2521,2022-02-25 04:00:00,89.64000000,89.88000000,86.86000000,88.74000000,386437.20000000
2522,2022-02-25 08:00:00,88.74000000,89.46000000,86.93000000,89.20000000,517519.98000000
2523,2022-02-25 12:00:00,89.22000000,92.20000000,87.85000000,91.06000000,946995.41000000
2524,2022-02-25 16:00:00,91.06000000,92.00000000,88.81000000,89.55000000,611548.67000000
2525,2022-02-25 20:00:00,89.55000000,95.00000000,89.00000000,92.71000000,689199.58000000
2526,2022-02-26 00:00:00,92.73000000,95.49000000,92.14000000,92.79000000,508173.82000000
2527,2022-02-26 04:00:00,92.77000000,93.65000000,90.40000000,92.02000000,288774.38000000
2528,2022-02-26 08:00:00,92.05000000,92.99000000,90.08000000,90.66000000,476259.95000000
2529,2022-02-26 12:00:00,90.67000000,92.14000000,90.14000000,91.26000000,280041.80000000
2530,2022-02-26 16:00:00,91.28000000,91.66000000,89.23000000,90.78000000,334490.50000000
2531,2022-02-26 20:00:00,90.78000000,92.59000000,89.54000000,90.23000000,391861.72000000
2532,2022-02-27 00:00:00,90.25000000,90.69000000,86.00000000,87.01000000,437722.90000000
2533,2022-02-27 04:00:00,87.01000000,89.22000000,86.59000000,88.83000000,172830.28000000
2534,2022-02-27 08:00:00,88.83000000,90.97000000,88.07000000,90.79000000,294193.87000000
2535,2022-02-27 12:00:00,90.78000000,92.19000000,88.31000000,91.20000000,677958.64000000
2536,2022-02-27 16:00:00,91.21000000,91.28000000,84.48000000,84.87000000,547581.90000000
2537,2022-02-27 20:00:00,84.85000000,86.58000000,84.08000000,85.63000000,463246.38000000
2538,2022-02-28 00:00:00,85.61000000,88.05000000,84.17000000,86.68000000,340683.41000000
2539,2022-02-28 04:00:00,86.69000000,88.70000000,84.71000000,88.12000000,341422.17000000
2540,2022-02-28 08:00:00,88.13000000,91.15000000,88.10000000,90.76000000,583470.68000000
2541,2022-02-28 12:00:00,90.75000000,96.83000000,88.85000000,95.59000000,1235477.05000000
2542,2022-02-28 16:00:00,95.58000000,97.10000000,94.21000000,96.22000000,796340.80000000
2543,2022-02-28 20:00:00,96.20000000,103.00000000,95.89000000,99.68000000,914681.46000000
2544,2022-03-01 00:00:00,99.67000000,101.09000000,95.97000000,97.31000000,724369.92000000
2545,2022-03-01 04:00:00,97.31000000,97.96000000,95.05000000,96.94000000,392454.71000000
2546,2022-03-01 08:00:00,96.96000000,98.54000000,94.21000000,97.80000000,631984.27000000
2547,2022-03-01 12:00:00,97.80000000,102.03000000,96.67000000,97.87000000,1221340.90000000
2548,2022-03-01 16:00:00,97.87000000,99.12000000,96.02000000,97.71000000,395474.58000000
2549,2022-03-01 20:00:00,97.71000000,99.38000000,96.78000000,98.66000000,299712.38000000
2550,2022-03-02 00:00:00,98.65000000,105.19000000,96.76000000,104.24000000,887202.49000000
2551,2022-03-02 04:00:00,104.25000000,105.34000000,101.19000000,102.37000000,687738.45000000
2552,2022-03-02 08:00:00,102.39000000,106.43000000,101.20000000,104.58000000,747130.25000000
2553,2022-03-02 12:00:00,104.57000000,105.24000000,100.17000000,101.60000000,1183008.87000000
2554,2022-03-02 16:00:00,101.61000000,103.36000000,99.80000000,100.99000000,464857.84000000
2555,2022-03-02 20:00:00,100.98000000,102.08000000,99.88000000,100.68000000,336388.74000000
2556,2022-03-03 00:00:00,100.69000000,101.70000000,97.73000000,98.39000000,534949.19000000
2557,2022-03-03 04:00:00,98.34000000,100.75000000,97.83000000,99.79000000,255813.67000000
2558,2022-03-03 08:00:00,99.78000000,101.20000000,98.74000000,99.71000000,371102.62000000
2559,2022-03-03 12:00:00,99.70000000,101.00000000,95.02000000,95.95000000,671694.36000000
2560,2022-03-03 16:00:00,95.94000000,96.26000000,94.00000000,94.96000000,439332.55000000
2561,2022-03-03 20:00:00,94.95000000,96.44000000,94.05000000,95.62000000,322668.28000000
2562,2022-03-04 00:00:00,95.63000000,95.94000000,90.50000000,91.56000000,659663.41000000
2563,2022-03-04 04:00:00,91.53000000,92.28000000,90.86000000,91.99000000,258486.31000000
2564,2022-03-04 08:00:00,91.99000000,93.90000000,90.52000000,93.16000000,424878.59000000
2565,2022-03-04 12:00:00,93.16000000,93.80000000,90.66000000,91.32000000,592482.02000000
2566,2022-03-04 16:00:00,91.32000000,92.87000000,88.36000000,88.70000000,479774.65000000
2567,2022-03-04 20:00:00,88.71000000,89.40000000,87.00000000,88.32000000,439685.21000000
2568,2022-03-05 00:00:00,88.33000000,88.41000000,86.00000000,87.71000000,353109.74000000
2569,2022-03-05 04:00:00,87.71000000,89.22000000,86.83000000,88.85000000,246100.92000000
2570,2022-03-05 08:00:00,88.85000000,89.13000000,87.80000000,88.72000000,218230.70000000
2571,2022-03-05 12:00:00,88.72000000,89.82000000,87.81000000,89.13000000,214827.63000000
2572,2022-03-05 16:00:00,89.13000000,91.22000000,89.12000000,90.14000000,323517.52000000
2573,2022-03-05 20:00:00,90.14000000,90.50000000,89.06000000,89.63000000,139766.99000000
2574,2022-03-06 00:00:00,89.61000000,89.96000000,87.46000000,87.69000000,213833.25000000
2575,2022-03-06 04:00:00,87.69000000,88.90000000,86.63000000,88.33000000,251782.18000000
2576,2022-03-06 08:00:00,88.32000000,88.42000000,85.68000000,87.02000000,359826.31000000
2577,2022-03-06 12:00:00,87.02000000,88.25000000,86.47000000,87.25000000,271828.11000000
2578,2022-03-06 16:00:00,87.26000000,88.26000000,84.82000000,85.38000000,337371.29000000
2579,2022-03-06 20:00:00,85.40000000,86.62000000,84.09000000,84.57000000,393629.43000000
2580,2022-03-07 00:00:00,84.58000000,84.79000000,81.12000000,82.26000000,627399.12000000
2581,2022-03-07 04:00:00,82.27000000,83.38000000,81.17000000,81.82000000,383156.91000000
2582,2022-03-07 08:00:00,81.83000000,83.32000000,81.25000000,83.13000000,370861.90000000
2583,2022-03-07 12:00:00,83.12000000,86.71000000,83.12000000,85.06000000,643090.24000000
2584,2022-03-07 16:00:00,85.04000000,86.04000000,80.00000000,80.34000000,714660.04000000
2585,2022-03-07 20:00:00,80.34000000,82.97000000,79.92000000,81.66000000,491821.13000000
2586,2022-03-08 00:00:00,81.65000000,84.62000000,81.30000000,83.48000000,349781.12000000
2587,2022-03-08 04:00:00,83.48000000,84.18000000,82.50000000,83.03000000,342962.82000000
2588,2022-03-08 08:00:00,83.03000000,84.95000000,82.64000000,83.92000000,414370.97000000
2589,2022-03-08 12:00:00,83.92000000,84.58000000,81.37000000,82.77000000,521465.85000000
2590,2022-03-08 16:00:00,82.78000000,85.04000000,81.34000000,82.90000000,698110.25000000
2591,2022-03-08 20:00:00,82.90000000,83.19000000,81.36000000,82.32000000,277843.78000000
2592,2022-03-09 00:00:00,82.32000000,88.50000000,81.90000000,88.13000000,688547.92000000
2593,2022-03-09 04:00:00,88.13000000,89.66000000,86.96000000,89.26000000,669578.14000000
2594,2022-03-09 08:00:00,89.26000000,89.92000000,87.86000000,88.19000000,449317.77000000
2595,2022-03-09 12:00:00,88.19000000,89.30000000,86.54000000,88.91000000,720148.74000000
2596,2022-03-09 16:00:00,88.91000000,89.44000000,86.04000000,86.95000000,520383.20000000
2597,2022-03-09 20:00:00,86.96000000,88.83000000,86.05000000,88.06000000,307242.96000000
2598,2022-03-10 00:00:00,88.06000000,88.57000000,85.28000000,85.31000000,434235.85000000
2599,2022-03-10 04:00:00,85.31000000,85.52000000,81.94000000,82.68000000,648787.53000000
2600,2022-03-10 08:00:00,82.68000000,83.17000000,81.86000000,82.08000000,377842.42000000
2601,2022-03-10 12:00:00,82.08000000,84.04000000,80.63000000,81.94000000,704289.00000000
2602,2022-03-10 16:00:00,81.92000000,82.85000000,81.68000000,82.44000000,394614.66000000
2603,2022-03-10 20:00:00,82.44000000,84.00000000,82.00000000,82.87000000,268721.75000000
2604,2022-03-11 00:00:00,82.86000000,83.17000000,80.75000000,81.92000000,416083.30000000
2605,2022-03-11 04:00:00,81.92000000,82.66000000,80.22000000,82.26000000,420003.20000000
2606,2022-03-11 08:00:00,82.26000000,83.89000000,81.21000000,83.28000000,454474.53000000
2607,2022-03-11 12:00:00,83.27000000,84.29000000,81.33000000,81.75000000,556901.67000000
2608,2022-03-11 16:00:00,81.77000000,81.80000000,80.38000000,80.59000000,402013.70000000
2609,2022-03-11 20:00:00,80.59000000,81.60000000,80.07000000,80.67000000,278858.45000000
2610,2022-03-12 00:00:00,80.67000000,82.75000000,80.57000000,81.80000000,290185.19000000
2611,2022-03-12 04:00:00,81.80000000,82.47000000,81.31000000,81.69000000,214960.05000000
2612,2022-03-12 08:00:00,81.70000000,81.74000000,80.58000000,81.08000000,305819.92000000
2613,2022-03-12 12:00:00,81.08000000,82.34000000,80.91000000,81.68000000,223497.36000000
2614,2022-03-12 16:00:00,81.67000000,82.40000000,81.53000000,81.66000000,186575.01000000
2615,2022-03-12 20:00:00,81.67000000,82.19000000,81.24000000,81.38000000,141230.60000000
2616,2022-03-13 00:00:00,81.40000000,82.58000000,81.01000000,82.56000000,264697.63000000
2617,2022-03-13 04:00:00,82.59000000,83.34000000,81.67000000,81.74000000,222628.68000000
2618,2022-03-13 08:00:00,81.75000000,81.81000000,80.80000000,81.05000000,289613.21000000
2619,2022-03-13 12:00:00,81.04000000,81.68000000,80.00000000,81.20000000,465302.59000000
2620,2022-03-13 16:00:00,81.20000000,81.47000000,80.32000000,80.48000000,196402.29000000
2621,2022-03-13 20:00:00,80.48000000,80.48000000,77.65000000,78.73000000,570790.57000000
2622,2022-03-14 00:00:00,78.72000000,79.95000000,78.00000000,79.50000000,313795.96000000
2623,2022-03-14 04:00:00,79.51000000,81.70000000,79.49000000,80.90000000,373742.05000000
2624,2022-03-14 08:00:00,80.90000000,82.29000000,80.81000000,80.90000000,301045.72000000
2625,2022-03-14 12:00:00,80.90000000,81.46000000,80.13000000,80.97000000,428786.44000000
2626,2022-03-14 16:00:00,80.96000000,81.02000000,78.51000000,79.95000000,362087.94000000
2627,2022-03-14 20:00:00,79.96000000,81.45000000,79.13000000,81.22000000,300461.28000000
2628,2022-03-15 00:00:00,81.23000000,81.55000000,79.30000000,79.66000000,354569.21000000
2629,2022-03-15 04:00:00,79.64000000,80.40000000,78.72000000,79.32000000,200726.64000000
2630,2022-03-15 08:00:00,79.34000000,80.50000000,78.99000000,80.10000000,248678.44000000
2631,2022-03-15 12:00:00,80.11000000,81.25000000,79.63000000,81.05000000,313482.62000000
2632,2022-03-15 16:00:00,81.05000000,85.99000000,80.71000000,84.58000000,642517.36000000
2633,2022-03-15 20:00:00,84.58000000,85.20000000,82.74000000,82.84000000,363629.10000000
2634,2022-03-16 00:00:00,82.84000000,86.38000000,82.15000000,82.38000000,652599.95000000
2635,2022-03-16 04:00:00,82.37000000,82.94000000,81.53000000,82.82000000,253207.16000000
2636,2022-03-16 08:00:00,82.83000000,84.60000000,82.72000000,84.24000000,337483.04000000
2637,2022-03-16 12:00:00,84.25000000,84.94000000,82.74000000,83.94000000,370003.29000000
2638,2022-03-16 16:00:00,83.96000000,86.05000000,82.17000000,85.81000000,655065.85000000
2639,2022-03-16 20:00:00,85.82000000,87.98000000,85.56000000,87.77000000,370431.04000000
2640,2022-03-17 00:00:00,87.77000000,89.20000000,86.93000000,87.99000000,479749.02000000
2641,2022-03-17 04:00:00,87.97000000,88.97000000,86.73000000,87.23000000,340930.23000000
2642,2022-03-17 08:00:00,87.22000000,87.80000000,86.58000000,87.67000000,231030.01000000
2643,2022-03-17 12:00:00,87.67000000,90.72000000,87.53000000,89.35000000,684612.47000000
2644,2022-03-17 16:00:00,89.36000000,90.81000000,88.64000000,90.81000000,484444.57000000
2645,2022-03-17 20:00:00,90.80000000,91.00000000,87.64000000,87.80000000,395685.50000000
2646,2022-03-18 00:00:00,87.80000000,88.10000000,85.61000000,85.91000000,529189.60000000
2647,2022-03-18 04:00:00,85.90000000,87.13000000,85.55000000,85.76000000,305048.25000000
2648,2022-03-18 08:00:00,85.77000000,86.60000000,84.41000000,84.96000000,426704.98000000
2649,2022-03-18 12:00:00,84.97000000,88.29000000,84.64000000,88.28000000,541085.28000000
2650,2022-03-18 16:00:00,88.28000000,92.28000000,88.20000000,91.12000000,777460.26000000
2651,2022-03-18 20:00:00,91.12000000,91.72000000,88.85000000,89.80000000,356460.64000000
2652,2022-03-19 00:00:00,89.81000000,92.35000000,89.33000000,90.25000000,336354.62000000
2653,2022-03-19 04:00:00,90.25000000,90.83000000,89.25000000,89.35000000,166984.99000000
2654,2022-03-19 08:00:00,89.35000000,90.99000000,89.25000000,90.73000000,200370.53000000
2655,2022-03-19 12:00:00,90.73000000,94.25000000,90.40000000,94.05000000,623813.96000000
2656,2022-03-19 16:00:00,94.04000000,94.55000000,92.32000000,92.65000000,411726.02000000
2657,2022-03-19 20:00:00,92.64000000,93.43000000,91.14000000,92.31000000,319098.84000000
2658,2022-03-20 00:00:00,92.31000000,92.55000000,90.34000000,90.78000000,280567.12000000
2659,2022-03-20 04:00:00,90.78000000,91.57000000,90.32000000,91.00000000,201157.33000000
2660,2022-03-20 08:00:00,91.01000000,91.64000000,89.58000000,89.93000000,265516.45000000
2661,2022-03-20 12:00:00,89.93000000,90.64000000,88.94000000,89.15000000,271811.49000000
2662,2022-03-20 16:00:00,89.14000000,89.89000000,87.82000000,89.52000000,253136.60000000
2663,2022-03-20 20:00:00,89.52000000,90.33000000,88.29000000,88.62000000,228269.30000000
2664,2022-03-21 00:00:00,88.62000000,89.18000000,86.74000000,87.70000000,301594.81000000
2665,2022-03-21 04:00:00,87.72000000,89.74000000,87.57000000,89.66000000,206020.21000000
2666,2022-03-21 08:00:00,89.65000000,91.14000000,89.39000000,89.83000000,385556.93000000
2667,2022-03-21 12:00:00,89.83000000,91.28000000,88.57000000,89.61000000,542820.61000000
2668,2022-03-21 16:00:00,89.58000000,89.68000000,87.45000000,88.75000000,380800.71000000
2669,2022-03-21 20:00:00,88.76000000,89.23000000,88.21000000,88.59000000,168289.30000000
2670,2022-03-22 00:00:00,88.58000000,91.75000000,88.00000000,90.99000000,501712.89000000
2671,2022-03-22 04:00:00,90.99000000,92.41000000,89.50000000,90.25000000,428610.23000000
2672,2022-03-22 08:00:00,90.26000000,92.20000000,90.03000000,92.00000000,372644.00000000
2673,2022-03-22 12:00:00,92.00000000,93.98000000,91.00000000,92.56000000,675745.37000000
2674,2022-03-22 16:00:00,92.57000000,93.59000000,91.37000000,91.39000000,361942.26000000
2675,2022-03-22 20:00:00,91.39000000,92.44000000,90.25000000,90.43000000,270690.81000000
2676,2022-03-23 00:00:00,90.44000000,91.29000000,89.19000000,90.11000000,330069.69000000
2677,2022-03-23 04:00:00,90.10000000,91.79000000,89.65000000,91.13000000,227828.85000000
2678,2022-03-23 08:00:00,91.13000000,91.79000000,90.62000000,91.33000000,262060.75000000
2679,2022-03-23 12:00:00,91.33000000,96.36000000,90.92000000,95.67000000,943577.35000000
2680,2022-03-23 16:00:00,95.68000000,96.13000000,92.56000000,92.79000000,715049.22000000
2681,2022-03-23 20:00:00,92.81000000,95.25000000,92.65000000,94.89000000,376239.34000000
2682,2022-03-24 00:00:00,94.88000000,96.00000000,93.26000000,94.66000000,627057.75000000
2683,2022-03-24 04:00:00,94.65000000,97.60000000,94.61000000,97.11000000,578621.24000000
2684,2022-03-24 08:00:00,97.11000000,101.85000000,96.66000000,100.05000000,1134848.18000000
2685,2022-03-24 12:00:00,100.05000000,102.19000000,98.21000000,101.62000000,1225892.79000000
2686,2022-03-24 16:00:00,101.62000000,103.70000000,100.61000000,102.88000000,785848.27000000
2687,2022-03-24 20:00:00,102.89000000,103.49000000,101.47000000,102.32000000,424740.28000000
2688,2022-03-25 00:00:00,102.32000000,104.75000000,100.82000000,103.51000000,690048.22000000
2689,2022-03-25 04:00:00,103.50000000,104.86000000,102.63000000,102.88000000,413216.24000000
2690,2022-03-25 08:00:00,102.87000000,104.46000000,101.46000000,104.25000000,538244.85000000
2691,2022-03-25 12:00:00,104.25000000,104.49000000,99.61000000,100.23000000,758264.46000000
2692,2022-03-25 16:00:00,100.24000000,100.85000000,96.95000000,98.47000000,736795.19000000
2693,2022-03-25 20:00:00,98.48000000,99.24000000,97.80000000,98.60000000,223871.61000000
2694,2022-03-26 00:00:00,98.60000000,99.25000000,97.63000000,98.92000000,250241.57000000
2695,2022-03-26 04:00:00,98.92000000,101.49000000,98.57000000,101.24000000,349571.35000000
2696,2022-03-26 08:00:00,101.23000000,101.48000000,99.96000000,100.39000000,281861.37000000
2697,2022-03-26 12:00:00,100.39000000,101.95000000,99.72000000,101.20000000,300618.64000000
2698,2022-03-26 16:00:00,101.20000000,103.30000000,101.09000000,102.69000000,453633.44000000
2699,2022-03-26 20:00:00,102.69000000,103.40000000,101.22000000,101.73000000,270417.07000000
2700,2022-03-27 00:00:00,101.73000000,103.03000000,101.35000000,101.82000000,242275.16000000
2701,2022-03-27 04:00:00,101.82000000,102.44000000,101.08000000,102.21000000,167466.48000000
2702,2022-03-27 08:00:00,102.22000000,102.45000000,100.22000000,100.46000000,216839.41000000
2703,2022-03-27 12:00:00,100.47000000,101.58000000,98.77000000,101.46000000,395627.49000000
2704,2022-03-27 16:00:00,101.45000000,103.44000000,100.93000000,103.23000000,397399.63000000
2705,2022-03-27 20:00:00,103.23000000,107.46000000,101.81000000,107.04000000,931472.47000000
2706,2022-03-28 00:00:00,107.04000000,107.71000000,105.22000000,106.84000000,537697.73000000
2707,2022-03-28 04:00:00,106.84000000,111.93000000,105.89000000,108.91000000,770049.13000000
2708,2022-03-28 08:00:00,108.92000000,111.66000000,107.66000000,110.06000000,545275.55000000
2709,2022-03-28 12:00:00,110.07000000,113.87000000,109.23000000,109.89000000,949123.68000000
2710,2022-03-28 16:00:00,109.89000000,112.98000000,108.88000000,111.38000000,603037.04000000
2711,2022-03-28 20:00:00,111.38000000,113.04000000,105.40000000,105.75000000,740840.09000000
2712,2022-03-29 00:00:00,105.75000000,110.47000000,105.49000000,109.17000000,439623.27000000
2713,2022-03-29 04:00:00,109.16000000,111.75000000,108.56000000,109.92000000,443615.89000000
2714,2022-03-29 08:00:00,109.88000000,113.66000000,109.84000000,113.38000000,463176.67000000
2715,2022-03-29 12:00:00,113.37000000,115.70000000,111.21000000,111.62000000,942282.01000000
2716,2022-03-29 16:00:00,111.62000000,114.13000000,108.84000000,113.91000000,953500.79000000
2717,2022-03-29 20:00:00,113.92000000,113.98000000,109.23000000,111.62000000,485061.29000000
2718,2022-03-30 00:00:00,111.62000000,111.62000000,107.11000000,110.75000000,555536.39000000
2719,2022-03-30 04:00:00,110.75000000,112.89000000,109.57000000,112.33000000,565727.23000000
2720,2022-03-30 08:00:00,112.32000000,112.93000000,110.72000000,112.18000000,374750.50000000
2721,2022-03-30 12:00:00,112.19000000,125.26000000,111.52000000,122.63000000,2215964.44000000
2722,2022-03-30 16:00:00,122.62000000,125.05000000,119.60000000,121.16000000,1031764.92000000
2723,2022-03-30 20:00:00,121.16000000,121.48000000,119.10000000,120.82000000,506680.68000000
2724,2022-03-31 00:00:00,120.82000000,123.95000000,119.95000000,121.25000000,593354.87000000
2725,2022-03-31 04:00:00,121.26000000,123.59000000,120.39000000,123.28000000,304086.14000000
2726,2022-03-31 08:00:00,123.28000000,127.98000000,122.41000000,127.24000000,750998.28000000
2727,2022-03-31 12:00:00,127.24000000,129.50000000,121.24000000,125.30000000,1786204.10000000
2728,2022-03-31 16:00:00,125.28000000,127.48000000,121.72000000,122.96000000,1227760.47000000
2729,2022-03-31 20:00:00,122.96000000,125.60000000,122.21000000,122.77000000,481571.04000000
2730,2022-04-01 00:00:00,122.79000000,124.94000000,117.39000000,121.95000000,1105757.83000000
2731,2022-04-01 04:00:00,121.95000000,126.46000000,119.82000000,126.45000000,766272.40000000
2732,2022-04-01 08:00:00,126.45000000,127.20000000,123.99000000,124.37000000,617000.71000000
2733,2022-04-01 12:00:00,124.34000000,133.71000000,122.10000000,132.75000000,1519470.26000000
2734,2022-04-01 16:00:00,132.73000000,137.59000000,132.12000000,137.44000000,874196.76000000
2735,2022-04-01 20:00:00,137.42000000,138.40000000,133.42000000,134.52000000,622379.67000000
2736,2022-04-02 00:00:00,134.53000000,137.28000000,133.05000000,134.78000000,794611.64000000
2737,2022-04-02 04:00:00,134.80000000,136.32000000,134.13000000,135.81000000,340299.66000000
2738,2022-04-02 08:00:00,135.81000000,138.43000000,135.04000000,137.66000000,483990.57000000
2739,2022-04-02 12:00:00,137.67000000,143.51000000,136.12000000,137.96000000,1344646.67000000
2740,2022-04-02 16:00:00,137.96000000,140.55000000,134.36000000,135.87000000,778942.67000000
2741,2022-04-02 20:00:00,135.87000000,137.51000000,131.47000000,132.49000000,451492.99000000
2742,2022-04-03 00:00:00,132.48000000,136.19000000,130.52000000,135.45000000,632085.60000000
2743,2022-04-03 04:00:00,135.46000000,138.95000000,135.46000000,137.56000000,471239.75000000
2744,2022-04-03 08:00:00,137.59000000,141.11000000,136.28000000,139.10000000,528521.64000000
2745,2022-04-03 12:00:00,139.10000000,140.02000000,135.51000000,136.05000000,500177.79000000
2746,2022-04-03 16:00:00,136.05000000,136.98000000,134.09000000,135.29000000,363318.04000000
2747,2022-04-03 20:00:00,135.30000000,139.45000000,135.05000000,136.90000000,469164.23000000
2748,2022-04-04 00:00:00,136.90000000,137.39000000,134.07000000,135.31000000,429450.77000000
2749,2022-04-04 04:00:00,135.31000000,138.29000000,134.86000000,136.93000000,308229.16000000
2750,2022-04-04 08:00:00,136.94000000,137.88000000,133.14000000,134.76000000,495681.81000000
2751,2022-04-04 12:00:00,134.76000000,135.48000000,128.26000000,129.32000000,931758.53000000
2752,2022-04-04 16:00:00,129.32000000,131.54000000,125.82000000,130.11000000,824364.44000000
2753,2022-04-04 20:00:00,130.11000000,133.09000000,129.04000000,132.14000000,467416.72000000
2754,2022-04-05 00:00:00,132.14000000,133.97000000,129.73000000,133.36000000,329876.00000000
2755,2022-04-05 04:00:00,133.38000000,134.22000000,131.39000000,133.34000000,286877.96000000
2756,2022-04-05 08:00:00,133.35000000,134.86000000,131.46000000,134.51000000,316567.54000000
2757,2022-04-05 12:00:00,134.51000000,136.63000000,129.24000000,131.51000000,914548.38000000
2758,2022-04-05 16:00:00,131.50000000,133.61000000,129.17000000,131.19000000,626550.52000000
2759,2022-04-05 20:00:00,131.19000000,131.50000000,126.07000000,126.87000000,359465.14000000
2760,2022-04-06 00:00:00,126.88000000,126.97000000,120.12000000,123.69000000,765680.70000000
2761,2022-04-06 04:00:00,123.70000000,127.40000000,123.00000000,125.51000000,300221.36000000
2762,2022-04-06 08:00:00,125.52000000,125.85000000,119.25000000,121.63000000,556094.42000000
2763,2022-04-06 12:00:00,121.62000000,123.20000000,114.71000000,117.63000000,1195498.00000000
2764,2022-04-06 16:00:00,117.63000000,120.00000000,114.50000000,118.80000000,952722.34000000
2765,2022-04-06 20:00:00,118.78000000,119.60000000,112.10000000,112.95000000,496653.38000000
2766,2022-04-07 00:00:00,112.94000000,114.94000000,110.88000000,113.78000000,813874.74000000
2767,2022-04-07 04:00:00,113.78000000,116.48000000,113.05000000,116.03000000,417369.03000000
2768,2022-04-07 08:00:00,116.02000000,117.70000000,113.78000000,117.46000000,482942.56000000
2769,2022-04-07 12:00:00,117.46000000,118.62000000,111.74000000,113.23000000,767176.86000000
2770,2022-04-07 16:00:00,113.23000000,118.60000000,112.71000000,117.71000000,572636.27000000
2771,2022-04-07 20:00:00,117.70000000,120.00000000,116.76000000,118.48000000,272347.29000000
2772,2022-04-08 00:00:00,118.47000000,122.42000000,118.01000000,122.08000000,520556.63000000
2773,2022-04-08 04:00:00,122.10000000,122.36000000,116.68000000,119.11000000,422915.75000000
2774,2022-04-08 08:00:00,119.13000000,120.24000000,114.86000000,115.28000000,533861.06000000
2775,2022-04-08 12:00:00,115.28000000,118.57000000,112.89000000,116.48000000,801195.88000000
2776,2022-04-08 16:00:00,116.48000000,116.87000000,112.72000000,113.57000000,545996.44000000
2777,2022-04-08 20:00:00,113.56000000,114.00000000,108.10000000,109.92000000,504440.73000000
2778,2022-04-09 00:00:00,109.92000000,111.81000000,108.28000000,109.43000000,330578.49000000
2779,2022-04-09 04:00:00,109.46000000,111.17000000,109.01000000,110.63000000,220287.31000000
2780,2022-04-09 08:00:00,110.62000000,111.17000000,108.96000000,110.50000000,195063.10000000
2781,2022-04-09 12:00:00,110.51000000,111.80000000,109.33000000,109.59000000,263360.87000000
2782,2022-04-09 16:00:00,109.60000000,111.58000000,109.28000000,109.78000000,163970.15000000
2783,2022-04-09 20:00:00,109.78000000,113.69000000,109.55000000,112.96000000,203636.85000000
2784,2022-04-10 00:00:00,112.97000000,113.97000000,110.98000000,113.40000000,201749.38000000
2785,2022-04-10 04:00:00,113.38000000,113.63000000,111.40000000,111.59000000,191201.35000000
2786,2022-04-10 08:00:00,111.58000000,112.21000000,109.71000000,111.05000000,225096.04000000
2787,2022-04-10 12:00:00,111.06000000,112.60000000,110.49000000,112.38000000,207614.71000000
2788,2022-04-10 16:00:00,112.39000000,116.09000000,111.89000000,114.54000000,322344.30000000
2789,2022-04-10 20:00:00,114.54000000,115.34000000,110.52000000,111.07000000,412714.26000000
2790,2022-04-11 00:00:00,111.06000000,111.94000000,108.33000000,109.96000000,396818.89000000
2791,2022-04-11 04:00:00,109.97000000,111.34000000,109.53000000,111.10000000,225770.29000000
2792,2022-04-11 08:00:00,111.10000000,111.86000000,103.36000000,103.93000000,836994.95000000
2793,2022-04-11 12:00:00,103.93000000,104.79000000,101.21000000,101.44000000,684263.67000000
2794,2022-04-11 16:00:00,101.43000000,103.86000000,100.42000000,101.37000000,619990.53000000
2795,2022-04-11 20:00:00,101.37000000,102.62000000,98.10000000,99.67000000,568294.80000000
2796,2022-04-12 00:00:00,99.64000000,101.10000000,98.31000000,99.72000000,465744.11000000
2797,2022-04-12 04:00:00,99.70000000,103.30000000,99.26000000,103.05000000,405008.05000000
2798,2022-04-12 08:00:00,103.04000000,105.70000000,102.23000000,105.55000000,449093.80000000
2799,2022-04-12 12:00:00,105.54000000,109.36000000,104.81000000,106.00000000,1150350.55000000
2800,2022-04-12 16:00:00,105.99000000,107.04000000,100.32000000,101.00000000,618193.90000000
2801,2022-04-12 20:00:00,101.00000000,103.65000000,100.78000000,103.22000000,439243.78000000
2802,2022-04-13 00:00:00,103.21000000,105.11000000,101.87000000,103.68000000,302837.84000000
2803,2022-04-13 04:00:00,103.67000000,104.84000000,102.93000000,103.94000000,236410.82000000
2804,2022-04-13 08:00:00,103.95000000,104.29000000,101.00000000,101.05000000,294106.19000000
2805,2022-04-13 12:00:00,101.05000000,106.04000000,100.09000000,105.15000000,714199.00000000
2806,2022-04-13 16:00:00,105.13000000,105.99000000,103.64000000,103.95000000,388075.97000000
2807,2022-04-13 20:00:00,103.92000000,105.47000000,103.66000000,104.94000000,268676.58000000
2808,2022-04-14 00:00:00,104.92000000,107.34000000,104.53000000,105.62000000,352599.93000000
2809,2022-04-14 04:00:00,105.63000000,107.72000000,105.56000000,106.41000000,339439.57000000
2810,2022-04-14 08:00:00,106.40000000,107.28000000,103.23000000,103.67000000,408112.34000000
2811,2022-04-14 12:00:00,103.66000000,105.78000000,101.13000000,101.34000000,615939.36000000
2812,2022-04-14 16:00:00,101.36000000,101.98000000,98.77000000,99.57000000,713840.17000000
2813,2022-04-14 20:00:00,99.57000000,101.29000000,99.09000000,100.77000000,281142.39000000
2814,2022-04-15 00:00:00,100.77000000,102.11000000,99.55000000,102.07000000,227690.10000000
2815,2022-04-15 04:00:00,102.06000000,102.49000000,100.53000000,101.79000000,231024.21000000
2816,2022-04-15 08:00:00,101.81000000,102.10000000,100.86000000,101.72000000,166503.61000000
2817,2022-04-15 12:00:00,101.72000000,102.91000000,99.85000000,102.31000000,359114.22000000
2818,2022-04-15 16:00:00,102.32000000,102.81000000,100.20000000,100.39000000,251121.84000000
2819,2022-04-15 20:00:00,100.38000000,101.42000000,100.33000000,101.31000000,149036.39000000
2820,2022-04-16 00:00:00,101.38000000,102.07000000,100.90000000,101.07000000,128322.49000000
2821,2022-04-16 04:00:00,101.06000000,101.91000000,101.00000000,101.48000000,90531.03000000
2822,2022-04-16 08:00:00,101.47000000,102.78000000,101.10000000,101.89000000,174466.83000000
2823,2022-04-16 12:00:00,101.89000000,103.50000000,100.71000000,100.98000000,318929.62000000
2824,2022-04-16 16:00:00,100.96000000,102.70000000,100.76000000,101.99000000,152075.17000000
2825,2022-04-16 20:00:00,101.98000000,102.90000000,101.73000000,102.06000000,141891.22000000
2826,2022-04-17 00:00:00,102.06000000,102.36000000,101.01000000,101.51000000,118825.30000000
2827,2022-04-17 04:00:00,101.50000000,102.25000000,101.34000000,101.89000000,114076.02000000
2828,2022-04-17 08:00:00,101.89000000,102.50000000,101.81000000,102.44000000,131925.71000000
2829,2022-04-17 12:00:00,102.45000000,105.28000000,102.33000000,105.11000000,386772.48000000
2830,2022-04-17 16:00:00,105.10000000,105.44000000,102.76000000,104.07000000,361850.94000000
2831,2022-04-17 20:00:00,104.06000000,104.26000000,99.62000000,100.15000000,396349.59000000
2832,2022-04-18 00:00:00,100.15000000,101.74000000,99.87000000,101.18000000,226649.15000000
2833,2022-04-18 04:00:00,101.19000000,101.32000000,95.03000000,96.43000000,725419.85000000
2834,2022-04-18 08:00:00,96.43000000,97.28000000,94.62000000,96.79000000,349711.63000000
2835,2022-04-18 12:00:00,96.78000000,99.19000000,96.78000000,98.66000000,520078.80000000
2836,2022-04-18 16:00:00,98.66000000,102.41000000,97.10000000,101.18000000,643988.69000000
2837,2022-04-18 20:00:00,101.18000000,102.65000000,100.99000000,102.33000000,285586.71000000
2838,2022-04-19 00:00:00,102.37000000,103.79000000,101.20000000,101.42000000,367426.66000000
2839,2022-04-19 04:00:00,101.43000000,102.59000000,101.02000000,101.85000000,226729.69000000
2840,2022-04-19 08:00:00,101.85000000,103.56000000,101.24000000,102.34000000,364085.70000000
2841,2022-04-19 12:00:00,102.34000000,108.58000000,102.28000000,106.46000000,821547.94000000
2842,2022-04-19 16:00:00,106.46000000,107.19000000,105.28000000,106.92000000,464928.41000000
2843,2022-04-19 20:00:00,106.93000000,109.00000000,105.80000000,108.51000000,430642.03000000
2844,2022-04-20 00:00:00,108.51000000,109.50000000,107.05000000,108.29000000,439424.75000000
2845,2022-04-20 04:00:00,108.28000000,108.60000000,106.67000000,107.01000000,298234.68000000
2846,2022-04-20 08:00:00,107.01000000,110.90000000,106.61000000,110.42000000,486476.15000000
2847,2022-04-20 12:00:00,110.43000000,110.74000000,104.75000000,105.72000000,859508.27000000
2848,2022-04-20 16:00:00,105.72000000,106.67000000,104.25000000,106.04000000,402520.07000000
2849,2022-04-20 20:00:00,106.04000000,107.59000000,105.00000000,105.59000000,281992.89000000
2850,2022-04-21 00:00:00,105.58000000,107.17000000,105.39000000,107.06000000,204238.78000000
2851,2022-04-21 04:00:00,107.06000000,107.63000000,105.31000000,106.85000000,262832.14000000
2852,2022-04-21 08:00:00,106.85000000,109.07000000,105.75000000,108.38000000,392040.38000000
2853,2022-04-21 12:00:00,108.39000000,110.00000000,107.66000000,107.75000000,764779.96000000
2854,2022-04-21 16:00:00,107.74000000,107.75000000,104.18000000,104.29000000,525845.60000000
2855,2022-04-21 20:00:00,104.29000000,104.34000000,99.86000000,101.78000000,521909.50000000
2856,2022-04-22 00:00:00,101.78000000,103.15000000,101.40000000,102.55000000,260618.53000000
2857,2022-04-22 04:00:00,102.56000000,103.55000000,101.33000000,102.62000000,254218.79000000
2858,2022-04-22 08:00:00,102.63000000,102.98000000,100.11000000,102.20000000,333082.22000000
2859,2022-04-22 12:00:00,102.20000000,102.78000000,99.38000000,99.69000000,510807.30000000
2860,2022-04-22 16:00:00,99.69000000,101.98000000,99.19000000,100.91000000,300907.08000000
2861,2022-04-22 20:00:00,100.91000000,101.74000000,100.00000000,100.55000000,117979.93000000
2862,2022-04-23 00:00:00,100.55000000,101.04000000,99.32000000,99.86000000,154663.18000000
2863,2022-04-23 04:00:00,99.86000000,101.27000000,98.31000000,101.21000000,214471.23000000
2864,2022-04-23 08:00:00,101.21000000,102.05000000,100.68000000,101.54000000,198986.00000000
2865,2022-04-23 12:00:00,101.55000000,102.55000000,100.82000000,102.14000000,191286.60000000
2866,2022-04-23 16:00:00,102.16000000,102.90000000,101.44000000,102.07000000,186399.51000000
2867,2022-04-23 20:00:00,102.08000000,102.49000000,100.13000000,100.63000000,135821.62000000
2868,2022-04-24 00:00:00,100.63000000,101.62000000,100.26000000,101.30000000,135661.56000000
2869,2022-04-24 04:00:00,101.29000000,102.01000000,101.18000000,101.81000000,106409.44000000
2870,2022-04-24 08:00:00,101.80000000,102.31000000,100.82000000,101.13000000,129633.70000000
2871,2022-04-24 12:00:00,101.13000000,101.54000000,99.88000000,100.11000000,240048.57000000
2872,2022-04-24 16:00:00,100.11000000,101.25000000,98.55000000,100.48000000,290265.27000000
2873,2022-04-24 20:00:00,100.49000000,100.69000000,98.99000000,99.23000000,162117.61000000
2874,2022-04-25 00:00:00,99.22000000,99.42000000,96.18000000,98.05000000,410350.25000000
2875,2022-04-25 04:00:00,98.05000000,98.30000000,94.32000000,95.13000000,397702.54000000
2876,2022-04-25 08:00:00,95.12000000,96.94000000,94.49000000,96.75000000,340350.13000000
2877,2022-04-25 12:00:00,96.75000000,98.25000000,95.86000000,96.95000000,438027.80000000
2878,2022-04-25 16:00:00,96.95000000,100.78000000,96.80000000,100.69000000,478493.72000000
2879,2022-04-25 20:00:00,100.67000000,101.59000000,99.80000000,100.99000000,252369.36000000
2880,2022-04-26 00:00:00,100.98000000,101.98000000,100.23000000,101.00000000,194841.04000000
2881,2022-04-26 04:00:00,101.01000000,101.53000000,99.92000000,100.88000000,231037.98000000
2882,2022-04-26 08:00:00,100.89000000,101.62000000,99.77000000,100.51000000,230779.82000000
2883,2022-04-26 12:00:00,100.51000000,101.09000000,96.37000000,96.53000000,485171.21000000
2884,2022-04-26 16:00:00,96.53000000,97.77000000,95.63000000,96.58000000,477789.51000000
2885,2022-04-26 20:00:00,96.56000000,97.50000000,94.61000000,95.70000000,278115.58000000
2886,2022-04-27 00:00:00,95.70000000,97.20000000,94.89000000,96.80000000,211366.84000000
2887,2022-04-27 04:00:00,96.79000000,99.54000000,96.61000000,99.52000000,220983.61000000
2888,2022-04-27 08:00:00,99.55000000,100.11000000,98.01000000,99.22000000,361814.51000000
2889,2022-04-27 12:00:00,99.22000000,100.79000000,96.84000000,98.15000000,582726.29000000
2890,2022-04-27 16:00:00,98.17000000,98.99000000,96.82000000,97.42000000,312355.67000000
2891,2022-04-27 20:00:00,97.42000000,98.89000000,97.21000000,98.36000000,144495.71000000
2892,2022-04-28 00:00:00,98.35000000,99.98000000,97.98000000,99.14000000,208564.67000000
2893,2022-04-28 04:00:00,99.14000000,100.00000000,98.45000000,99.48000000,214869.98000000
2894,2022-04-28 08:00:00,99.48000000,100.55000000,98.97000000,99.84000000,256033.68000000
2895,2022-04-28 12:00:00,99.84000000,100.07000000,96.33000000,97.51000000,573964.56000000
2896,2022-04-28 16:00:00,97.48000000,100.20000000,96.88000000,98.76000000,381281.89000000
2897,2022-04-28 20:00:00,98.77000000,99.11000000,97.30000000,98.24000000,214679.26000000
2898,2022-04-29 00:00:00,98.23000000,98.68000000,96.96000000,97.23000000,186260.21000000
2899,2022-04-29 04:00:00,97.24000000,98.05000000,96.75000000,97.81000000,173677.75000000
2900,2022-04-29 08:00:00,97.81000000,98.02000000,95.10000000,95.61000000,322554.29000000
2901,2022-04-29 12:00:00,95.60000000,97.05000000,95.22000000,96.16000000,383364.46000000
2902,2022-04-29 16:00:00,96.16000000,96.36000000,92.35000000,92.93000000,458003.85000000
2903,2022-04-29 20:00:00,92.93000000,94.50000000,92.62000000,93.96000000,212374.31000000
2904,2022-04-30 00:00:00,93.96000000,94.95000000,93.71000000,94.09000000,157067.88000000
2905,2022-04-30 04:00:00,94.10000000,94.95000000,93.70000000,94.03000000,153408.42000000
2906,2022-04-30 08:00:00,94.03000000,94.53000000,93.56000000,93.88000000,143192.42000000
2907,2022-04-30 12:00:00,93.88000000,94.20000000,91.46000000,92.25000000,268620.00000000
2908,2022-04-30 16:00:00,92.24000000,92.58000000,90.30000000,91.58000000,282941.82000000
2909,2022-04-30 20:00:00,91.58000000,91.58000000,81.91000000,84.63000000,824306.73000000
2910,2022-05-01 00:00:00,84.63000000,88.43000000,84.15000000,88.03000000,633437.44000000
2911,2022-05-01 04:00:00,88.04000000,89.85000000,87.08000000,88.89000000,346329.66000000
2912,2022-05-01 08:00:00,88.90000000,89.92000000,87.76000000,88.24000000,263666.68000000
2913,2022-05-01 12:00:00,88.22000000,90.37000000,87.03000000,90.03000000,379710.78000000
2914,2022-05-01 16:00:00,90.04000000,93.12000000,87.07000000,88.02000000,457102.05000000
2915,2022-05-01 20:00:00,88.01000000,90.48000000,87.74000000,89.68000000,273651.32000000
2916,2022-05-02 00:00:00,89.67000000,90.89000000,88.67000000,89.34000000,264547.97000000
2917,2022-05-02 04:00:00,89.34000000,90.77000000,89.05000000,89.79000000,207570.40000000
2918,2022-05-02 08:00:00,89.79000000,90.00000000,86.29000000,86.78000000,349736.17000000
2919,2022-05-02 12:00:00,86.77000000,88.94000000,86.25000000,87.72000000,535389.10000000
2920,2022-05-02 16:00:00,87.74000000,87.96000000,85.10000000,87.26000000,372006.68000000
2921,2022-05-02 20:00:00,87.29000000,88.49000000,86.32000000,87.50000000,186555.65000000
2922,2022-05-03 00:00:00,87.49000000,88.66000000,86.72000000,88.65000000,190310.94000000
2923,2022-05-03 04:00:00,88.65000000,88.81000000,87.85000000,88.35000000,179868.77000000
2924,2022-05-03 08:00:00,88.35000000,88.74000000,87.23000000,88.48000000,209574.45000000
2925,2022-05-03 12:00:00,88.49000000,88.58000000,86.74000000,87.22000000,330199.88000000
2926,2022-05-03 16:00:00,87.22000000,87.44000000,84.82000000,85.45000000,442479.62000000
2927,2022-05-03 20:00:00,85.46000000,86.59000000,84.66000000,85.86000000,209932.79000000
2928,2022-05-04 00:00:00,85.86000000,86.78000000,85.47000000,86.14000000,174356.78000000
2929,2022-05-04 04:00:00,86.14000000,87.53000000,85.51000000,87.34000000,190945.84000000
2930,2022-05-04 08:00:00,87.33000000,88.75000000,87.06000000,88.45000000,325204.73000000
2931,2022-05-04 12:00:00,88.46000000,88.75000000,86.31000000,87.19000000,409010.12000000
2932,2022-05-04 16:00:00,87.19000000,92.18000000,86.50000000,91.64000000,882733.82000000
2933,2022-05-04 20:00:00,91.64000000,93.06000000,91.38000000,92.77000000,263818.87000000
2934,2022-05-05 00:00:00,92.77000000,95.25000000,92.67000000,94.32000000,373487.80000000
2935,2022-05-05 04:00:00,94.32000000,94.57000000,92.81000000,93.19000000,235617.13000000
2936,2022-05-05 08:00:00,93.19000000,93.39000000,92.08000000,92.31000000,241956.04000000
2937,2022-05-05 12:00:00,92.32000000,92.99000000,84.23000000,84.95000000,1087642.80000000
2938,2022-05-05 16:00:00,84.95000000,86.27000000,81.32000000,83.76000000,1038314.79000000
2939,2022-05-05 20:00:00,83.76000000,85.38000000,83.05000000,84.52000000,334403.36000000
2940,2022-05-06 00:00:00,84.52000000,84.84000000,82.56000000,82.84000000,273958.12000000
2941,2022-05-06 04:00:00,82.84000000,83.51000000,81.00000000,82.41000000,469483.92000000
2942,2022-05-06 08:00:00,82.42000000,83.65000000,80.40000000,81.23000000,450704.50000000
2943,2022-05-06 12:00:00,81.24000000,83.20000000,79.98000000,81.79000000,862190.73000000
2944,2022-05-06 16:00:00,81.79000000,82.47000000,81.02000000,81.97000000,390999.45000000
2945,2022-05-06 20:00:00,81.97000000,82.40000000,81.33000000,81.68000000,159889.09000000
2946,2022-05-07 00:00:00,81.67000000,81.99000000,80.38000000,80.50000000,187958.71000000
2947,2022-05-07 04:00:00,80.50000000,80.97000000,79.12000000,80.46000000,342941.47000000
2948,2022-05-07 08:00:00,80.46000000,82.03000000,80.24000000,81.79000000,276822.59000000
2949,2022-05-07 12:00:00,81.79000000,82.33000000,80.90000000,82.08000000,337797.01000000
2950,2022-05-07 16:00:00,82.09000000,82.22000000,81.20000000,81.44000000,217718.14000000
2951,2022-05-07 20:00:00,81.44000000,81.44000000,77.03000000,78.86000000,543535.33000000
2952,2022-05-08 00:00:00,78.86000000,79.41000000,75.93000000,76.94000000,536930.44000000
2953,2022-05-08 04:00:00,76.94000000,78.60000000,76.93000000,77.84000000,339246.37000000
2954,2022-05-08 08:00:00,77.84000000,79.36000000,77.79000000,79.09000000,243515.43000000
2955,2022-05-08 12:00:00,79.10000000,79.34000000,76.75000000,77.14000000,479963.57000000
2956,2022-05-08 16:00:00,77.14000000,78.10000000,73.69000000,76.36000000,866738.90000000
2957,2022-05-08 20:00:00,76.36000000,76.55000000,74.67000000,75.38000000,270441.69000000
2958,2022-05-09 00:00:00,75.39000000,77.21000000,73.75000000,75.24000000,533201.08000000
2959,2022-05-09 04:00:00,75.25000000,76.06000000,73.32000000,73.94000000,347822.57000000
2960,2022-05-09 08:00:00,73.93000000,75.25000000,70.68000000,72.23000000,734083.75000000
2961,2022-05-09 12:00:00,72.24000000,73.13000000,69.22000000,69.84000000,1071627.01000000
2962,2022-05-09 16:00:00,69.84000000,70.36000000,62.88000000,65.09000000,1964641.07900000
2963,2022-05-09 20:00:00,65.14000000,68.43000000,61.70000000,62.16000000,1194661.19300000
2964,2022-05-10 00:00:00,62.16000000,66.65000000,60.13000000,64.46000000,2005491.91100000
2965,2022-05-10 04:00:00,64.46000000,73.00000000,64.09000000,68.91000000,1671925.70000000
2966,2022-05-10 08:00:00,68.91000000,72.10000000,68.44000000,71.56000000,1061646.77000000
2967,2022-05-10 12:00:00,71.56000000,74.03000000,67.27000000,69.46000000,1386878.58000000
2968,2022-05-10 16:00:00,69.46000000,71.10000000,67.17000000,67.52000000,715431.83000000
2969,2022-05-10 20:00:00,67.51000000,67.72000000,63.23000000,66.90000000,1013666.54000000
2970,2022-05-11 00:00:00,66.90000000,68.31000000,65.01000000,66.20000000,802995.10000000
2971,2022-05-11 04:00:00,66.19000000,68.44000000,60.67000000,62.62000000,1468779.50000000
2972,2022-05-11 08:00:00,62.60000000,66.41000000,61.01000000,61.39000000,1429999.22000000
2973,2022-05-11 12:00:00,61.39000000,63.93000000,48.00000000,55.53000000,4231695.53800000
2974,2022-05-11 16:00:00,55.52000000,56.75000000,47.00000000,47.90000000,1653477.67000000
2975,2022-05-11 20:00:00,47.89000000,51.01000000,43.17000000,50.90000000,2039175.99300000
2976,2022-05-12 00:00:00,50.90000000,54.29000000,45.07000000,45.18000000,2596284.14000000
2977,2022-05-12 04:00:00,45.17000000,46.76000000,37.37000000,44.70000000,4654030.07500000
2978,2022-05-12 08:00:00,44.70000000,47.95000000,41.44000000,43.95000000,2349500.85000000
2979,2022-05-12 12:00:00,43.94000000,49.33000000,42.68000000,44.67000000,1842532.03000000
2980,2022-05-12 16:00:00,44.66000000,48.07000000,43.32000000,44.63000000,1223532.36000000
2981,2022-05-12 20:00:00,44.65000000,45.67000000,41.50000000,44.64000000,969941.01000000
2982,2022-05-13 00:00:00,44.64000000,52.11000000,43.83000000,50.43000000,1768865.76000000
2983,2022-05-13 04:00:00,50.43000000,53.92000000,48.88000000,49.07000000,1941655.15000000
2984,2022-05-13 08:00:00,49.08000000,53.28000000,49.06000000,53.18000000,1254138.81000000
2985,2022-05-13 12:00:00,53.19000000,56.99000000,51.91000000,53.08000000,1812002.33000000
2986,2022-05-13 16:00:00,53.09000000,54.25000000,49.70000000,51.49000000,1275270.40000000
2987,2022-05-13 20:00:00,51.51000000,51.91000000,48.24000000,48.92000000,666662.05000000
2988,2022-05-14 00:00:00,48.93000000,53.91000000,48.56000000,51.73000000,882937.91000000
2989,2022-05-14 04:00:00,51.72000000,53.37000000,50.55000000,50.74000000,629761.16000000
2990,2022-05-14 08:00:00,50.75000000,51.57000000,47.34000000,48.04000000,896213.49000000
2991,2022-05-14 12:00:00,48.05000000,49.18000000,46.14000000,46.47000000,941960.79000000
2992,2022-05-14 16:00:00,46.47000000,50.74000000,45.81000000,49.37000000,1043575.48000000
2993,2022-05-14 20:00:00,49.37000000,52.98000000,49.32000000,52.43000000,705038.38000000
2994,2022-05-15 00:00:00,52.43000000,52.83000000,49.63000000,50.20000000,529270.86000000
2995,2022-05-15 04:00:00,50.19000000,52.60000000,49.86000000,51.46000000,464114.58000000
2996,2022-05-15 08:00:00,51.46000000,53.68000000,50.81000000,53.45000000,535327.16000000
2997,2022-05-15 12:00:00,53.45000000,54.77000000,52.21000000,52.88000000,758261.33000000
2998,2022-05-15 16:00:00,52.88000000,55.65000000,52.69000000,55.27000000,618783.47000000
2999,2022-05-15 20:00:00,55.27000000,59.31000000,55.01000000,58.83000000,979801.37000000
3000,2022-05-16 00:00:00,58.83000000,58.83000000,55.31000000,56.09000000,716367.84000000
3001,2022-05-16 04:00:00,56.10000000,56.43000000,53.18000000,53.79000000,866441.59000000
3002,2022-05-16 08:00:00,53.79000000,55.24000000,52.58000000,53.82000000,934484.92000000
3003,2022-05-16 12:00:00,53.83000000,55.50000000,51.89000000,53.29000000,1162341.88000000
3004,2022-05-16 16:00:00,53.29000000,55.48000000,52.22000000,54.00000000,951345.71000000
3005,2022-05-16 20:00:00,54.01000000,55.80000000,53.20000000,53.79000000,787239.69000000
3006,2022-05-17 00:00:00,53.80000000,56.13000000,53.70000000,55.77000000,553906.06000000
3007,2022-05-17 04:00:00,55.76000000,57.67000000,55.09000000,55.78000000,698826.76000000
3008,2022-05-17 08:00:00,55.78000000,57.10000000,55.42000000,55.67000000,466134.78000000
3009,2022-05-17 12:00:00,55.66000000,58.22000000,54.33000000,55.17000000,1091733.24000000
3010,2022-05-17 16:00:00,55.17000000,56.08000000,53.04000000,55.19000000,984709.34000000
3011,2022-05-17 20:00:00,55.18000000,57.62000000,55.00000000,57.02000000,550756.41000000
3012,2022-05-18 00:00:00,57.01000000,57.85000000,54.88000000,55.09000000,451901.08000000
3013,2022-05-18 04:00:00,55.08000000,56.25000000,54.78000000,55.42000000,532799.67000000
3014,2022-05-18 08:00:00,55.42000000,55.55000000,53.78000000,54.20000000,632262.63000000
3015,2022-05-18 12:00:00,54.20000000,54.31000000,49.68000000,50.40000000,1268324.04000000
3016,2022-05-18 16:00:00,50.40000000,51.99000000,49.83000000,51.72000000,1050681.76000000
3017,2022-05-18 20:00:00,51.73000000,51.76000000,49.38000000,49.93000000,534878.85000000
3018,2022-05-19 00:00:00,49.93000000,50.97000000,48.20000000,50.63000000,632481.38000000
3019,2022-05-19 04:00:00,50.63000000,52.26000000,50.16000000,51.08000000,486840.35000000
3020,2022-05-19 08:00:00,51.07000000,51.56000000,48.25000000,51.22000000,807265.46000000
3021,2022-05-19 12:00:00,51.22000000,54.09000000,50.30000000,53.22000000,1643641.17000000
3022,2022-05-19 16:00:00,53.22000000,53.58000000,51.58000000,51.60000000,765581.72000000
3023,2022-05-19 20:00:00,51.60000000,52.65000000,50.71000000,52.20000000,458525.86000000
3024,2022-05-20 00:00:00,52.20000000,53.54000000,51.43000000,51.50000000,586870.14000000
3025,2022-05-20 04:00:00,51.49000000,52.36000000,50.60000000,52.08000000,792941.48000000
3026,2022-05-20 08:00:00,52.08000000,53.62000000,51.81000000,53.16000000,726679.89000000
3027,2022-05-20 12:00:00,53.17000000,53.24000000,49.29000000,49.41000000,1281805.12000000
3028,2022-05-20 16:00:00,49.41000000,50.31000000,47.81000000,50.16000000,991087.68000000
3029,2022-05-20 20:00:00,50.16000000,50.77000000,49.33000000,49.43000000,432251.36000000
3030,2022-05-21 00:00:00,49.42000000,50.23000000,48.43000000,50.13000000,429028.61000000
3031,2022-05-21 04:00:00,50.13000000,50.38000000,49.45000000,50.00000000,301282.14000000
3032,2022-05-21 08:00:00,50.00000000,50.20000000,48.93000000,49.44000000,290726.62000000
3033,2022-05-21 12:00:00,49.44000000,50.84000000,48.99000000,50.71000000,362114.18000000
3034,2022-05-21 16:00:00,50.71000000,51.21000000,49.95000000,50.22000000,374887.08000000
3035,2022-05-21 20:00:00,50.21000000,50.65000000,49.45000000,50.31000000,211066.31000000
3036,2022-05-22 00:00:00,50.30000000,50.74000000,49.93000000,50.14000000,205163.33000000
3037,2022-05-22 04:00:00,50.14000000,50.54000000,49.69000000,50.27000000,238719.84000000
3038,2022-05-22 08:00:00,50.27000000,52.01000000,50.19000000,51.49000000,635307.26000000
3039,2022-05-22 12:00:00,51.49000000,52.89000000,51.33000000,51.81000000,855856.02000000
3040,2022-05-22 16:00:00,51.82000000,52.23000000,51.14000000,51.42000000,319079.62000000
3041,2022-05-22 20:00:00,51.42000000,53.20000000,51.32000000,52.48000000,469592.38000000
3042,2022-05-23 00:00:00,52.48000000,53.19000000,51.82000000,52.22000000,274299.03000000
3043,2022-05-23 04:00:00,52.22000000,54.38000000,51.91000000,53.56000000,609323.45000000
3044,2022-05-23 08:00:00,53.56000000,54.68000000,52.94000000,54.01000000,577319.77000000
3045,2022-05-23 12:00:00,54.01000000,54.64000000,52.22000000,53.86000000,948701.84000000
3046,2022-05-23 16:00:00,53.87000000,54.44000000,50.03000000,50.09000000,941483.70000000
3047,2022-05-23 20:00:00,50.09000000,51.05000000,48.61000000,49.17000000,850527.09000000
3048,2022-05-24 00:00:00,49.17000000,49.98000000,48.89000000,49.89000000,313008.02000000
3049,2022-05-24 04:00:00,49.89000000,50.32000000,49.41000000,49.84000000,367585.87000000
3050,2022-05-24 08:00:00,49.83000000,49.97000000,48.68000000,49.55000000,463506.87000000
3051,2022-05-24 12:00:00,49.54000000,50.61000000,47.10000000,50.09000000,1311624.91000000
3052,2022-05-24 16:00:00,50.08000000,50.85000000,48.56000000,49.09000000,795689.00000000
3053,2022-05-24 20:00:00,49.09000000,50.12000000,48.74000000,49.67000000,394033.98000000
3054,2022-05-25 00:00:00,49.67000000,50.55000000,49.01000000,50.32000000,488938.97000000
3055,2022-05-25 04:00:00,50.33000000,50.35000000,48.56000000,48.83000000,406476.88000000
3056,2022-05-25 08:00:00,48.83000000,49.38000000,47.59000000,47.69000000,545785.32000000
3057,2022-05-25 12:00:00,47.68000000,48.89000000,47.57000000,48.25000000,788401.17000000
3058,2022-05-25 16:00:00,48.25000000,49.13000000,47.81000000,48.31000000,684377.21000000
3059,2022-05-25 20:00:00,48.30000000,48.89000000,47.87000000,47.98000000,380939.21000000
3060,2022-05-26 00:00:00,47.97000000,48.66000000,47.86000000,48.18000000,385398.32000000
3061,2022-05-26 04:00:00,48.19000000,48.32000000,45.57000000,46.42000000,852202.37000000
3062,2022-05-26 08:00:00,46.41000000,46.50000000,43.14000000,43.72000000,1659247.70000000
3063,2022-05-26 12:00:00,43.71000000,45.89000000,41.69000000,45.11000000,2229700.46000000
3064,2022-05-26 16:00:00,45.11000000,46.68000000,43.90000000,44.05000000,1185830.21000000
3065,2022-05-26 20:00:00,44.04000000,44.83000000,43.29000000,43.44000000,713607.68000000
3066,2022-05-27 00:00:00,43.44000000,43.95000000,41.18000000,42.65000000,1333049.96000000
3067,2022-05-27 04:00:00,42.66000000,42.91000000,39.93000000,41.04000000,1764082.88000000
3068,2022-05-27 08:00:00,41.04000000,42.27000000,40.52000000,41.59000000,1174262.67000000
3069,2022-05-27 12:00:00,41.58000000,43.61000000,41.27000000,42.15000000,1543672.70000000
3070,2022-05-27 16:00:00,42.14000000,42.36000000,40.42000000,41.86000000,1190551.03000000
3071,2022-05-27 20:00:00,41.86000000,42.60000000,40.56000000,41.17000000,542195.56000000
3072,2022-05-28 00:00:00,41.18000000,42.56000000,40.33000000,41.32000000,936054.28000000
3073,2022-05-28 04:00:00,41.33000000,42.20000000,41.09000000,41.71000000,496577.97000000
3074,2022-05-28 08:00:00,41.72000000,41.99000000,41.12000000,41.59000000,454961.48000000
3075,2022-05-28 12:00:00,41.59000000,43.50000000,41.47000000,42.98000000,926852.16000000
3076,2022-05-28 16:00:00,42.98000000,44.76000000,42.49000000,44.43000000,984989.85000000
3077,2022-05-28 20:00:00,44.43000000,45.08000000,43.72000000,44.25000000,518081.32000000
3078,2022-05-29 00:00:00,44.24000000,44.41000000,42.14000000,42.36000000,1013068.99000000
3079,2022-05-29 04:00:00,42.36000000,42.66000000,41.79000000,42.45000000,459486.33000000
3080,2022-05-29 08:00:00,42.44000000,44.18000000,42.28000000,44.07000000,952513.78000000
3081,2022-05-29 12:00:00,44.06000000,45.67000000,44.06000000,44.71000000,1138105.75000000
3082,2022-05-29 16:00:00,44.70000000,45.32000000,44.08000000,44.26000000,554492.73000000
3083,2022-05-29 20:00:00,44.25000000,45.17000000,44.16000000,44.98000000,511203.52000000
3084,2022-05-30 00:00:00,44.98000000,46.79000000,44.27000000,45.95000000,1025608.60000000
3085,2022-05-30 04:00:00,45.95000000,47.37000000,45.54000000,47.07000000,953015.34000000
3086,2022-05-30 08:00:00,47.06000000,47.24000000,45.87000000,46.07000000,653371.46000000
3087,2022-05-30 12:00:00,46.06000000,46.65000000,44.94000000,45.84000000,953112.89000000
3088,2022-05-30 16:00:00,45.85000000,46.36000000,45.40000000,45.67000000,527655.28000000
3089,2022-05-30 20:00:00,45.66000000,48.39000000,45.46000000,47.22000000,1363549.57000000
3090,2022-05-31 00:00:00,47.22000000,48.24000000,46.19000000,47.70000000,793168.37000000
3091,2022-05-31 04:00:00,47.70000000,47.83000000,45.87000000,46.36000000,944938.89000000
3092,2022-05-31 08:00:00,46.36000000,46.93000000,45.96000000,46.59000000,589956.24000000
3093,2022-05-31 12:00:00,46.58000000,46.78000000,44.56000000,46.35000000,1067426.77000000
3094,2022-05-31 16:00:00,46.34000000,46.83000000,45.21000000,45.53000000,707504.93000000
3095,2022-05-31 20:00:00,45.53000000,46.21000000,45.40000000,45.77000000,376541.53000000
3096,2022-06-01 00:00:00,45.78000000,46.12000000,44.67000000,44.78000000,457925.08000000
3097,2022-06-01 04:00:00,44.77000000,45.21000000,44.34000000,44.59000000,528554.04000000
3098,2022-06-01 08:00:00,44.59000000,45.29000000,44.23000000,44.60000000,416057.41000000
3099,2022-06-01 12:00:00,44.60000000,45.67000000,42.81000000,42.93000000,1188763.62000000
3100,2022-06-01 16:00:00,42.94000000,43.12000000,40.77000000,41.29000000,1270027.78000000
3101,2022-06-01 20:00:00,41.29000000,41.38000000,39.51000000,40.11000000,917369.01000000
3102,2022-06-02 00:00:00,40.11000000,40.24000000,38.70000000,38.85000000,1026539.96000000
3103,2022-06-02 04:00:00,38.86000000,40.10000000,38.13000000,39.68000000,875608.57000000
3104,2022-06-02 08:00:00,39.69000000,41.20000000,39.48000000,41.04000000,765420.82000000
3105,2022-06-02 12:00:00,41.04000000,41.22000000,39.64000000,40.70000000,1367706.94000000
3106,2022-06-02 16:00:00,40.70000000,41.05000000,39.91000000,40.45000000,566297.94000000
3107,2022-06-02 20:00:00,40.45000000,41.65000000,40.39000000,40.85000000,552296.04000000
3108,2022-06-03 00:00:00,40.86000000,41.54000000,40.43000000,41.15000000,518060.51000000
3109,2022-06-03 04:00:00,41.13000000,41.22000000,40.27000000,40.32000000,371027.15000000
3110,2022-06-03 08:00:00,40.33000000,40.47000000,37.93000000,38.25000000,1261230.45000000
3111,2022-06-03 12:00:00,38.26000000,38.71000000,37.63000000,38.05000000,1128286.60000000
3112,2022-06-03 16:00:00,38.05000000,38.59000000,37.77000000,38.17000000,691037.51000000
3113,2022-06-03 20:00:00,38.18000000,38.97000000,37.92000000,38.28000000,467682.42000000
3114,2022-06-04 00:00:00,38.28000000,38.38000000,35.71000000,36.30000000,1093200.49000000
3115,2022-06-04 04:00:00,36.30000000,37.48000000,36.22000000,37.34000000,550633.45000000
3116,2022-06-04 08:00:00,37.34000000,37.90000000,36.84000000,37.00000000,511308.57000000
3117,2022-06-04 12:00:00,37.00000000,38.22000000,36.55000000,37.77000000,697210.18000000
3118,2022-06-04 16:00:00,37.76000000,38.21000000,37.34000000,37.51000000,411222.97000000
3119,2022-06-04 20:00:00,37.51000000,39.50000000,37.44000000,39.00000000,472601.13000000
3120,2022-06-05 00:00:00,39.02000000,39.47000000,37.85000000,38.30000000,398854.94000000
3121,2022-06-05 04:00:00,38.31000000,39.35000000,37.94000000,38.83000000,618300.92000000
3122,2022-06-05 08:00:00,38.82000000,39.96000000,38.74000000,39.47000000,994208.23000000
3123,2022-06-05 12:00:00,39.46000000,39.86000000,38.76000000,39.82000000,517383.49000000
3124,2022-06-05 16:00:00,39.82000000,40.22000000,39.21000000,39.65000000,443944.00000000
3125,2022-06-05 20:00:00,39.66000000,40.09000000,38.41000000,38.52000000,645819.80000000
3126,2022-06-06 00:00:00,38.53000000,41.97000000,38.33000000,41.77000000,1267471.65000000
3127,2022-06-06 04:00:00,41.77000000,43.99000000,41.52000000,43.05000000,1176115.16000000
3128,2022-06-06 08:00:00,43.05000000,44.87000000,42.94000000,43.92000000,1188437.47000000
3129,2022-06-06 12:00:00,43.93000000,44.14000000,42.31000000,42.83000000,1457032.22000000
3130,2022-06-06 16:00:00,42.83000000,42.86000000,41.53000000,42.23000000,917309.95000000
3131,2022-06-06 20:00:00,42.23000000,43.28000000,41.10000000,42.39000000,816891.85000000
3132,2022-06-07 00:00:00,42.39000000,42.80000000,38.70000000,39.55000000,2177248.28000000
3133,2022-06-07 04:00:00,39.55000000,39.68000000,38.83000000,39.31000000,588584.08000000
3134,2022-06-07 08:00:00,39.32000000,39.67000000,37.12000000,38.07000000,1592419.71000000
3135,2022-06-07 12:00:00,38.07000000,39.64000000,37.66000000,39.14000000,1021706.11000000
3136,2022-06-07 16:00:00,39.14000000,41.16000000,38.63000000,40.44000000,988549.55000000
3137,2022-06-07 20:00:00,40.44000000,41.36000000,38.40000000,39.31000000,1308779.10000000
3138,2022-06-08 00:00:00,39.32000000,40.96000000,38.31000000,38.65000000,1116643.85000000
3139,2022-06-08 04:00:00,38.64000000,39.55000000,38.28000000,39.25000000,615761.20000000
3140,2022-06-08 08:00:00,39.26000000,39.74000000,38.98000000,39.31000000,565045.14000000
3141,2022-06-08 12:00:00,39.31000000,40.16000000,38.72000000,39.71000000,782040.03000000
3142,2022-06-08 16:00:00,39.71000000,39.87000000,38.40000000,38.79000000,580831.79000000
3143,2022-06-08 20:00:00,38.78000000,39.40000000,38.68000000,38.83000000,327832.29000000
3144,2022-06-09 00:00:00,38.83000000,39.23000000,38.44000000,39.12000000,418395.50000000
3145,2022-06-09 04:00:00,39.13000000,39.55000000,38.88000000,39.54000000,281817.49000000
3146,2022-06-09 08:00:00,39.55000000,41.97000000,39.31000000,41.22000000,2039857.06000000
3147,2022-06-09 12:00:00,41.22000000,41.42000000,39.82000000,40.34000000,867400.37000000
3148,2022-06-09 16:00:00,40.34000000,41.44000000,39.55000000,39.66000000,617539.51000000
3149,2022-06-09 20:00:00,39.66000000,40.16000000,39.44000000,39.96000000,362317.82000000
3150,2022-06-10 00:00:00,39.96000000,40.90000000,39.03000000,40.27000000,626882.61000000
3151,2022-06-10 04:00:00,40.28000000,40.83000000,40.05000000,40.32000000,301592.59000000
3152,2022-06-10 08:00:00,40.32000000,40.76000000,38.90000000,39.31000000,899781.19000000
3153,2022-06-10 12:00:00,39.30000000,39.70000000,37.45000000,37.98000000,1322634.43000000
3154,2022-06-10 16:00:00,37.97000000,38.09000000,37.00000000,37.26000000,814115.45000000
3155,2022-06-10 20:00:00,37.27000000,38.08000000,36.80000000,37.17000000,399637.07000000
3156,2022-06-11 00:00:00,37.17000000,37.72000000,36.99000000,37.54000000,262896.25000000
3157,2022-06-11 04:00:00,37.54000000,37.93000000,37.11000000,37.70000000,573891.52000000
3158,2022-06-11 08:00:00,37.71000000,37.77000000,35.13000000,35.47000000,1171840.03700000
3159,2022-06-11 12:00:00,35.47000000,35.78000000,33.17000000,33.76000000,1371043.11000000
3160,2022-06-11 16:00:00,33.77000000,34.77000000,33.34000000,34.12000000,767699.05000000
3161,2022-06-11 20:00:00,34.12000000,34.69000000,33.62000000,33.93000000,490784.35000000
3162,2022-06-12 00:00:00,33.94000000,34.31000000,31.45000000,32.31000000,1266827.04400000
3163,2022-06-12 04:00:00,32.31000000,33.20000000,31.08000000,33.16000000,1024969.73000000
3164,2022-06-12 08:00:00,33.16000000,33.85000000,32.29000000,32.74000000,892366.23000000
3165,2022-06-12 12:00:00,32.75000000,34.50000000,31.40000000,34.01000000,1473466.18000000
3166,2022-06-12 16:00:00,34.00000000,34.29000000,32.31000000,32.61000000,943873.16000000
3167,2022-06-12 20:00:00,32.61000000,32.82000000,30.56000000,30.61000000,1209245.76000000
3168,2022-06-13 00:00:00,30.60000000,31.11000000,27.62000000,28.85000000,2486670.83300000
3169,2022-06-13 04:00:00,28.84000000,29.70000000,27.21000000,27.57000000,1997428.33000000
3170,2022-06-13 08:00:00,27.57000000,28.50000000,26.05000000,26.84000000,3388160.73300000
3171,2022-06-13 12:00:00,26.84000000,28.27000000,26.11000000,27.92000000,2647518.66000000
3172,2022-06-13 16:00:00,27.92000000,29.45000000,27.42000000,28.31000000,1634621.40000000
3173,2022-06-13 20:00:00,28.31000000,29.89000000,27.00000000,28.60000000,1182572.51000000
3174,2022-06-14 00:00:00,28.59000000,29.19000000,25.86000000,28.94000000,2478919.87000000
3175,2022-06-14 04:00:00,28.94000000,32.32000000,28.07000000,31.02000000,2740207.76000000
3176,2022-06-14 08:00:00,31.02000000,31.12000000,28.66000000,29.10000000,1663627.02000000
3177,2022-06-14 12:00:00,29.09000000,31.41000000,28.37000000,31.03000000,2137691.90000000
3178,2022-06-14 16:00:00,31.03000000,31.20000000,29.05000000,29.44000000,1319798.12000000
3179,2022-06-14 20:00:00,29.45000000,30.06000000,27.92000000,29.59000000,1097374.60000000
3180,2022-06-15 00:00:00,29.59000000,30.29000000,28.64000000,28.80000000,1251877.41000000
3181,2022-06-15 04:00:00,28.80000000,28.82000000,27.35000000,27.66000000,1627755.89000000
3182,2022-06-15 08:00:00,27.65000000,29.24000000,26.79000000,28.90000000,2610493.99000000
3183,2022-06-15 12:00:00,28.91000000,30.01000000,28.62000000,29.51000000,1808285.72000000
3184,2022-06-15 16:00:00,29.50000000,33.00000000,28.11000000,31.48000000,3495987.61000000
3185,2022-06-15 20:00:00,31.48000000,34.86000000,31.06000000,34.76000000,1879043.47000000
3186,2022-06-16 00:00:00,34.75000000,36.00000000,33.73000000,33.79000000,1596979.39000000
3187,2022-06-16 04:00:00,33.79000000,34.25000000,32.45000000,32.61000000,1297999.42000000
3188,2022-06-16 08:00:00,32.61000000,33.00000000,30.73000000,31.28000000,2187958.18000000
3189,2022-06-16 12:00:00,31.28000000,32.56000000,30.03000000,31.31000000,2438083.51000000
3190,2022-06-16 16:00:00,31.31000000,32.65000000,30.44000000,30.87000000,1778743.27000000
3191,2022-06-16 20:00:00,30.87000000,31.57000000,29.52000000,30.12000000,1118948.89000000
3192,2022-06-17 00:00:00,30.12000000,31.34000000,29.26000000,30.03000000,1364242.74000000
3193,2022-06-17 04:00:00,30.04000000,31.97000000,29.94000000,31.59000000,992113.69000000
3194,2022-06-17 08:00:00,31.59000000,32.19000000,30.96000000,31.58000000,880762.09000000
3195,2022-06-17 12:00:00,31.58000000,32.08000000,30.83000000,31.21000000,1372573.59000000
3196,2022-06-17 16:00:00,31.20000000,32.12000000,30.96000000,31.14000000,1073170.51000000
3197,2022-06-17 20:00:00,31.14000000,31.74000000,30.57000000,30.71000000,591507.88000000
3198,2022-06-18 00:00:00,30.72000000,31.32000000,29.76000000,30.08000000,798614.98000000
3199,2022-06-18 04:00:00,30.08000000,30.41000000,28.10000000,28.48000000,1352046.71000000
3200,2022-06-18 08:00:00,28.48000000,30.69000000,27.82000000,30.00000000,2099919.56000000
3201,2022-06-18 12:00:00,30.00000000,30.44000000,29.52000000,29.81000000,761030.70000000
3202,2022-06-18 16:00:00,29.80000000,30.64000000,28.07000000,28.09000000,1455901.56000000
3203,2022-06-18 20:00:00,28.10000000,32.06000000,27.15000000,32.02000000,2863130.83000000
3204,2022-06-19 00:00:00,32.01000000,32.35000000,29.74000000,30.19000000,1878464.20000000
3205,2022-06-19 04:00:00,30.18000000,30.61000000,28.84000000,29.21000000,1197854.74000000
3206,2022-06-19 08:00:00,29.21000000,33.00000000,28.68000000,32.40000000,2269209.90000000
3207,2022-06-19 12:00:00,32.41000000,33.62000000,31.54000000,33.47000000,1395173.84000000
3208,2022-06-19 16:00:00,33.47000000,34.28000000,32.00000000,33.21000000,1280599.55000000
3209,2022-06-19 20:00:00,33.20000000,35.40000000,33.04000000,34.19000000,1231820.55000000
3210,2022-06-20 00:00:00,34.19000000,34.58000000,31.81000000,32.27000000,1338057.16000000
3211,2022-06-20 04:00:00,32.27000000,32.83000000,31.73000000,32.33000000,645729.14000000
3212,2022-06-20 08:00:00,32.33000000,36.90000000,32.17000000,36.34000000,2367987.40000000
3213,2022-06-20 12:00:00,36.33000000,36.73000000,34.46000000,35.29000000,1753783.24000000
3214,2022-06-20 16:00:00,35.28000000,35.29000000,33.94000000,34.45000000,1252426.96000000
3215,2022-06-20 20:00:00,34.45000000,35.76000000,33.78000000,35.24000000,860162.90000000
3216,2022-06-21 00:00:00,35.25000000,35.90000000,34.20000000,35.22000000,952840.99000000
3217,2022-06-21 04:00:00,35.22000000,37.67000000,34.74000000,36.83000000,1848966.64000000
3218,2022-06-21 08:00:00,36.82000000,38.55000000,36.71000000,37.15000000,1356229.02000000
3219,2022-06-21 12:00:00,37.15000000,39.19000000,36.93000000,37.95000000,1437532.08000000
3220,2022-06-21 16:00:00,37.94000000,38.61000000,36.52000000,36.60000000,1083983.16000000
3221,2022-06-21 20:00:00,36.59000000,36.84000000,35.64000000,36.42000000,749546.87000000
3222,2022-06-22 00:00:00,36.42000000,36.73000000,34.53000000,34.70000000,791802.56000000
3223,2022-06-22 04:00:00,34.70000000,35.31000000,33.72000000,33.86000000,1038281.38000000
3224,2022-06-22 08:00:00,33.86000000,36.13000000,33.65000000,35.48000000,993272.83000000
3225,2022-06-22 12:00:00,35.49000000,36.87000000,34.54000000,34.75000000,1838703.73000000
3226,2022-06-22 16:00:00,34.75000000,35.34000000,33.95000000,34.40000000,1167914.85000000
3227,2022-06-22 20:00:00,34.39000000,35.10000000,33.86000000,34.12000000,664731.66000000
3228,2022-06-23 00:00:00,34.13000000,35.86000000,33.91000000,35.13000000,781697.29000000
3229,2022-06-23 04:00:00,35.12000000,36.66000000,35.01000000,35.97000000,949437.89000000
3230,2022-06-23 08:00:00,35.96000000,37.48000000,35.71000000,36.91000000,1351242.83000000
3231,2022-06-23 12:00:00,36.92000000,37.79000000,36.10000000,37.22000000,1278575.11000000
3232,2022-06-23 16:00:00,37.21000000,38.48000000,36.26000000,37.57000000,1620403.14000000
3233,2022-06-23 20:00:00,37.56000000,38.65000000,37.23000000,38.15000000,1021254.19000000
3234,2022-06-24 00:00:00,38.15000000,39.60000000,37.67000000,38.93000000,1216791.93000000
3235,2022-06-24 04:00:00,38.93000000,39.31000000,37.75000000,38.33000000,685720.23000000
3236,2022-06-24 08:00:00,38.34000000,40.48000000,38.08000000,40.28000000,1143965.77000000
3237,2022-06-24 12:00:00,40.28000000,41.36000000,39.75000000,40.09000000,1451286.63000000
3238,2022-06-24 16:00:00,40.10000000,41.16000000,39.42000000,41.16000000,869258.80000000
3239,2022-06-24 20:00:00,41.17000000,42.92000000,40.89000000,41.91000000,1216022.87000000
3240,2022-06-25 00:00:00,41.91000000,42.46000000,40.70000000,41.41000000,756050.35000000
3241,2022-06-25 04:00:00,41.41000000,42.37000000,40.96000000,42.17000000,596190.02000000
3242,2022-06-25 08:00:00,42.17000000,42.64000000,41.75000000,41.86000000,639353.00000000
3243,2022-06-25 12:00:00,41.86000000,42.08000000,39.73000000,39.86000000,1019127.70000000
3244,2022-06-25 16:00:00,39.86000000,40.95000000,39.75000000,40.36000000,513876.82000000
3245,2022-06-25 20:00:00,40.36000000,42.60000000,40.09000000,42.22000000,769613.18000000
3246,2022-06-26 00:00:00,42.22000000,42.49000000,40.70000000,41.41000000,523231.45000000
3247,2022-06-26 04:00:00,41.41000000,41.82000000,40.79000000,41.32000000,462855.00000000
3248,2022-06-26 08:00:00,41.32000000,42.21000000,40.58000000,42.08000000,713191.74000000
3249,2022-06-26 12:00:00,42.08000000,42.49000000,39.99000000,40.62000000,941513.82000000
3250,2022-06-26 16:00:00,40.61000000,40.94000000,39.59000000,40.69000000,603216.28000000
3251,2022-06-26 20:00:00,40.68000000,41.40000000,39.14000000,39.39000000,780135.55000000
3252,2022-06-27 00:00:00,39.39000000,40.30000000,38.91000000,40.15000000,694818.78000000
3253,2022-06-27 04:00:00,40.15000000,40.86000000,39.64000000,40.61000000,519217.36000000
3254,2022-06-27 08:00:00,40.61000000,41.25000000,40.27000000,40.33000000,535071.63000000
3255,2022-06-27 12:00:00,40.32000000,40.46000000,38.27000000,38.75000000,1214240.29000000
3256,2022-06-27 16:00:00,38.76000000,39.18000000,37.90000000,38.33000000,779286.03000000
3257,2022-06-27 20:00:00,38.34000000,39.15000000,38.30000000,38.52000000,430303.31000000
3258,2022-06-28 00:00:00,38.50000000,38.97000000,37.00000000,37.74000000,693966.09000000
3259,2022-06-28 04:00:00,37.75000000,38.72000000,37.55000000,38.61000000,441584.21000000
3260,2022-06-28 08:00:00,38.62000000,39.71000000,38.45000000,39.24000000,948562.80000000
3261,2022-06-28 12:00:00,39.23000000,39.90000000,37.02000000,37.05000000,1288771.90000000
3262,2022-06-28 16:00:00,37.06000000,37.22000000,35.62000000,35.93000000,1429656.36000000
3263,2022-06-28 20:00:00,35.93000000,36.70000000,35.02000000,35.35000000,778794.49000000
3264,2022-06-29 00:00:00,35.34000000,36.12000000,35.03000000,35.46000000,707209.57000000
3265,2022-06-29 04:00:00,35.46000000,35.72000000,34.45000000,35.35000000,879181.09000000
3266,2022-06-29 08:00:00,35.34000000,35.75000000,34.30000000,34.97000000,866492.34000000
3267,2022-06-29 12:00:00,34.96000000,35.16000000,33.61000000,34.67000000,1443762.45000000
3268,2022-06-29 16:00:00,34.66000000,34.69000000,33.10000000,34.49000000,1064399.40000000
3269,2022-06-29 20:00:00,34.48000000,35.12000000,33.53000000,34.05000000,794233.59000000
3270,2022-06-30 00:00:00,34.06000000,34.20000000,32.53000000,33.01000000,688043.07000000
3271,2022-06-30 04:00:00,33.01000000,33.22000000,31.55000000,31.91000000,742426.77000000
3272,2022-06-30 08:00:00,31.91000000,32.14000000,31.21000000,31.68000000,882124.84000000
3273,2022-06-30 12:00:00,31.68000000,32.31000000,30.92000000,32.10000000,1067756.66000000
3274,2022-06-30 16:00:00,32.10000000,32.88000000,31.54000000,32.03000000,719051.66000000
3275,2022-06-30 20:00:00,32.03000000,33.93000000,31.41000000,33.76000000,1237702.46000000
3276,2022-07-01 00:00:00,33.76000000,35.40000000,33.47000000,33.66000000,1711484.76000000
3277,2022-07-01 04:00:00,33.65000000,33.76000000,32.34000000,33.13000000,1329399.60000000
3278,2022-07-01 08:00:00,33.14000000,33.58000000,31.82000000,32.34000000,913947.55000000
3279,2022-07-01 12:00:00,32.33000000,33.15000000,32.03000000,32.33000000,978963.22000000
3280,2022-07-01 16:00:00,32.33000000,33.48000000,32.25000000,33.24000000,672618.89000000
3281,2022-07-01 20:00:00,33.25000000,33.97000000,32.63000000,32.84000000,549342.74000000
3282,2022-07-02 00:00:00,32.85000000,33.44000000,32.08000000,32.16000000,621647.10000000
3283,2022-07-02 04:00:00,32.16000000,32.88000000,32.10000000,32.42000000,277466.16000000
3284,2022-07-02 08:00:00,32.43000000,32.79000000,31.87000000,32.77000000,408929.05000000
3285,2022-07-02 12:00:00,32.77000000,33.37000000,32.60000000,32.87000000,577373.32000000
3286,2022-07-02 16:00:00,32.87000000,33.52000000,32.69000000,33.13000000,447114.05000000
3287,2022-07-02 20:00:00,33.12000000,34.14000000,32.90000000,33.36000000,407970.51000000
3288,2022-07-03 00:00:00,33.36000000,33.62000000,32.70000000,33.07000000,302779.75000000
3289,2022-07-03 04:00:00,33.08000000,33.77000000,32.32000000,32.87000000,613298.37000000
3290,2022-07-03 08:00:00,32.87000000,33.13000000,32.50000000,32.91000000,280477.11000000
3291,2022-07-03 12:00:00,32.91000000,33.01000000,32.14000000,32.34000000,386594.57000000
3292,2022-07-03 16:00:00,32.34000000,33.57000000,32.29000000,33.45000000,366907.78000000
3293,2022-07-03 20:00:00,33.45000000,33.68000000,33.13000000,33.39000000,444514.81000000
3294,2022-07-04 00:00:00,33.40000000,33.87000000,32.63000000,32.64000000,437681.36000000
3295,2022-07-04 04:00:00,32.63000000,33.08000000,32.45000000,32.78000000,263757.71000000
3296,2022-07-04 08:00:00,32.78000000,34.40000000,32.74000000,34.39000000,705894.74000000
3297,2022-07-04 12:00:00,34.39000000,34.98000000,33.77000000,34.30000000,1066495.43000000
3298,2022-07-04 16:00:00,34.30000000,35.15000000,34.13000000,34.87000000,615437.95000000
3299,2022-07-04 20:00:00,34.88000000,36.94000000,34.73000000,36.71000000,975347.94000000
3300,2022-07-05 00:00:00,36.71000000,36.99000000,35.17000000,35.85000000,827311.89000000
3301,2022-07-05 04:00:00,35.85000000,36.31000000,35.59000000,35.92000000,549673.41000000
3302,2022-07-05 08:00:00,35.93000000,35.94000000,33.83000000,33.98000000,992486.85000000
3303,2022-07-05 12:00:00,33.98000000,34.09000000,33.03000000,33.87000000,1371068.89000000
3304,2022-07-05 16:00:00,33.86000000,36.08000000,33.62000000,35.71000000,1223064.39000000
3305,2022-07-05 20:00:00,35.70000000,36.48000000,35.14000000,35.40000000,1134866.61000000
3306,2022-07-06 00:00:00,35.41000000,36.06000000,34.80000000,35.56000000,931711.04000000
3307,2022-07-06 04:00:00,35.56000000,36.50000000,35.27000000,35.96000000,974541.31000000
3308,2022-07-06 08:00:00,35.95000000,36.67000000,35.60000000,35.62000000,798812.00000000
3309,2022-07-06 12:00:00,35.62000000,36.50000000,35.30000000,35.74000000,940120.55000000
3310,2022-07-06 16:00:00,35.74000000,36.80000000,35.68000000,36.28000000,1013878.71000000
3311,2022-07-06 20:00:00,36.27000000,37.65000000,35.93000000,37.04000000,639489.29000000
3312,2022-07-07 00:00:00,37.04000000,37.41000000,36.73000000,37.09000000,535810.96000000
3313,2022-07-07 04:00:00,37.09000000,37.12000000,36.39000000,36.82000000,419523.07000000
3314,2022-07-07 08:00:00,36.81000000,37.43000000,36.64000000,37.26000000,419334.28000000
3315,2022-07-07 12:00:00,37.26000000,38.57000000,36.75000000,38.29000000,1115108.28000000
3316,2022-07-07 16:00:00,38.29000000,39.29000000,38.07000000,39.01000000,1087693.77000000
3317,2022-07-07 20:00:00,39.01000000,39.07000000,38.14000000,38.46000000,514306.92000000
3318,2022-07-08 00:00:00,38.46000000,39.72000000,38.04000000,38.64000000,695427.36000000
3319,2022-07-08 04:00:00,38.64000000,38.80000000,37.17000000,37.51000000,739044.09000000
3320,2022-07-08 08:00:00,37.51000000,37.65000000,36.58000000,37.21000000,729212.18000000
3321,2022-07-08 12:00:00,37.20000000,38.79000000,36.46000000,38.58000000,1476857.46000000
3322,2022-07-08 16:00:00,38.59000000,39.35000000,37.93000000,38.96000000,1143841.01000000
3323,2022-07-08 20:00:00,38.95000000,39.17000000,38.00000000,38.12000000,493610.66000000
3324,2022-07-09 00:00:00,38.12000000,38.83000000,37.78000000,38.33000000,482169.84000000
3325,2022-07-09 04:00:00,38.32000000,38.90000000,38.23000000,38.61000000,280134.37000000
3326,2022-07-09 08:00:00,38.61000000,38.86000000,38.04000000,38.18000000,280679.35000000
3327,2022-07-09 12:00:00,38.19000000,38.36000000,37.77000000,38.05000000,398584.40000000
3328,2022-07-09 16:00:00,38.05000000,38.95000000,37.97000000,38.40000000,396666.90000000
3329,2022-07-09 20:00:00,38.41000000,38.51000000,37.94000000,38.06000000,249839.00000000
3330,2022-07-10 00:00:00,38.06000000,38.14000000,37.06000000,37.38000000,356128.94000000
3331,2022-07-10 04:00:00,37.37000000,37.54000000,37.15000000,37.29000000,242669.73000000
3332,2022-07-10 08:00:00,37.30000000,37.39000000,36.65000000,36.93000000,320630.28000000
3333,2022-07-10 12:00:00,36.93000000,37.13000000,36.26000000,36.69000000,535537.54000000
3334,2022-07-10 16:00:00,36.68000000,37.30000000,36.39000000,37.30000000,365269.31000000
3335,2022-07-10 20:00:00,37.30000000,37.43000000,36.52000000,36.71000000,361351.80000000
3336,2022-07-11 00:00:00,36.71000000,36.73000000,35.35000000,35.81000000,532652.44000000
3337,2022-07-11 04:00:00,35.80000000,35.84000000,34.78000000,35.19000000,415281.93000000
3338,2022-07-11 08:00:00,35.19000000,35.66000000,35.01000000,35.16000000,289707.09000000
3339,2022-07-11 12:00:00,35.15000000,35.79000000,34.49000000,35.19000000,664795.68000000
3340,2022-07-11 16:00:00,35.18000000,35.68000000,35.06000000,35.36000000,327611.02000000
3341,2022-07-11 20:00:00,35.36000000,35.46000000,33.24000000,33.42000000,697919.21000000
3342,2022-07-12 00:00:00,33.42000000,34.00000000,33.25000000,33.63000000,419787.33000000
3343,2022-07-12 04:00:00,33.62000000,34.13000000,33.27000000,33.50000000,510510.72000000
3344,2022-07-12 08:00:00,33.51000000,34.18000000,33.14000000,33.93000000,518054.07000000
3345,2022-07-12 12:00:00,33.93000000,34.61000000,33.75000000,34.21000000,738068.55000000
3346,2022-07-12 16:00:00,34.21000000,34.50000000,32.71000000,32.95000000,677388.97000000
3347,2022-07-12 20:00:00,32.94000000,33.31000000,32.60000000,32.68000000,339160.76000000
3348,2022-07-13 00:00:00,32.69000000,33.24000000,32.38000000,33.05000000,314766.79000000
3349,2022-07-13 04:00:00,33.06000000,33.75000000,32.95000000,33.70000000,309592.81000000
3350,2022-07-13 08:00:00,33.71000000,34.22000000,33.62000000,33.97000000,470656.16000000
3351,2022-07-13 12:00:00,33.96000000,34.51000000,31.82000000,33.22000000,2246206.49000000
3352,2022-07-13 16:00:00,33.22000000,34.08000000,33.00000000,33.64000000,819271.91000000
3353,2022-07-13 20:00:00,33.65000000,35.08000000,33.49000000,34.94000000,637537.97000000
3354,2022-07-14 00:00:00,34.94000000,35.33000000,34.52000000,34.58000000,802719.47000000
3355,2022-07-14 04:00:00,34.58000000,34.74000000,34.19000000,34.35000000,492177.73000000
3356,2022-07-14 08:00:00,34.34000000,34.49000000,33.58000000,33.81000000,640461.85000000
3357,2022-07-14 12:00:00,33.80000000,35.22000000,33.61000000,35.16000000,984691.09000000
3358,2022-07-14 16:00:00,35.17000000,37.20000000,34.83000000,36.36000000,1750739.92000000
3359,2022-07-14 20:00:00,36.37000000,37.31000000,36.35000000,37.15000000,543976.96000000
3360,2022-07-15 00:00:00,37.14000000,37.88000000,36.56000000,37.36000000,594022.30000000
3361,2022-07-15 04:00:00,37.36000000,37.54000000,36.49000000,37.46000000,705443.58000000
3362,2022-07-15 08:00:00,37.47000000,38.51000000,37.45000000,37.71000000,857603.59000000
3363,2022-07-15 12:00:00,37.72000000,38.56000000,37.36000000,37.69000000,820155.48000000
3364,2022-07-15 16:00:00,37.68000000,38.88000000,37.06000000,38.82000000,817189.15000000
3365,2022-07-15 20:00:00,38.82000000,39.10000000,37.25000000,37.36000000,646214.94000000
3366,2022-07-16 00:00:00,37.36000000,37.53000000,36.74000000,37.21000000,342972.88000000
3367,2022-07-16 04:00:00,37.22000000,37.26000000,36.35000000,36.43000000,320163.48000000
3368,2022-07-16 08:00:00,36.44000000,36.92000000,36.40000000,36.75000000,247596.19000000
3369,2022-07-16 12:00:00,36.75000000,38.00000000,36.63000000,37.94000000,538673.47000000
3370,2022-07-16 16:00:00,37.94000000,40.41000000,37.89000000,39.42000000,1809744.10000000
3371,2022-07-16 20:00:00,39.42000000,39.92000000,38.79000000,39.58000000,686075.08000000
3372,2022-07-17 00:00:00,39.59000000,40.49000000,39.28000000,39.89000000,595811.25000000
3373,2022-07-17 04:00:00,39.89000000,41.09000000,39.86000000,40.35000000,871874.27000000
3374,2022-07-17 08:00:00,40.36000000,40.58000000,39.29000000,39.78000000,639596.27000000
3375,2022-07-17 12:00:00,39.78000000,39.90000000,39.03000000,39.28000000,488135.80000000
3376,2022-07-17 16:00:00,39.27000000,39.81000000,38.29000000,39.01000000,771627.21000000
3377,2022-07-17 20:00:00,39.01000000,39.55000000,38.49000000,38.62000000,428906.61000000
3378,2022-07-18 00:00:00,38.61000000,40.90000000,38.55000000,40.56000000,687433.80000000
3379,2022-07-18 04:00:00,40.55000000,42.47000000,40.27000000,42.13000000,1226802.58000000
3380,2022-07-18 08:00:00,42.14000000,42.69000000,41.31000000,41.63000000,1040323.54000000
3381,2022-07-18 12:00:00,41.63000000,42.58000000,41.21000000,42.31000000,1001607.38000000
3382,2022-07-18 16:00:00,42.31000000,42.47000000,39.69000000,40.04000000,1267756.30000000
3383,2022-07-18 20:00:00,40.05000000,44.07000000,39.78000000,43.52000000,1076359.35000000
3384,2022-07-19 00:00:00,43.52000000,46.00000000,42.80000000,42.99000000,1933169.64000000
3385,2022-07-19 04:00:00,43.00000000,44.15000000,42.54000000,43.48000000,898941.18000000
3386,2022-07-19 08:00:00,43.48000000,45.90000000,43.24000000,45.54000000,1113510.05000000
3387,2022-07-19 12:00:00,45.54000000,47.36000000,45.25000000,46.58000000,1973534.93000000
3388,2022-07-19 16:00:00,46.58000000,47.26000000,45.38000000,45.42000000,1233220.73000000
3389,2022-07-19 20:00:00,45.42000000,46.10000000,44.59000000,44.87000000,724275.29000000
3390,2022-07-20 00:00:00,44.87000000,45.78000000,44.09000000,45.45000000,796772.78000000
3391,2022-07-20 04:00:00,45.46000000,46.05000000,44.37000000,44.41000000,779234.06000000
3392,2022-07-20 08:00:00,44.41000000,45.64000000,43.71000000,45.33000000,909870.29000000
3393,2022-07-20 12:00:00,45.33000000,46.30000000,44.86000000,45.35000000,1198281.62000000
3394,2022-07-20 16:00:00,45.34000000,45.47000000,43.12000000,43.21000000,1206963.10000000
3395,2022-07-20 20:00:00,43.22000000,43.56000000,41.24000000,42.04000000,1489319.89000000
3396,2022-07-21 00:00:00,42.03000000,42.47000000,39.86000000,40.02000000,1228066.03000000
3397,2022-07-21 04:00:00,40.03000000,41.49000000,39.64000000,41.05000000,909214.72000000
3398,2022-07-21 08:00:00,41.05000000,41.88000000,40.61000000,41.76000000,847448.30000000
3399,2022-07-21 12:00:00,41.75000000,42.44000000,40.84000000,41.88000000,1113425.50000000
3400,2022-07-21 16:00:00,41.87000000,43.89000000,41.84000000,43.80000000,1206930.40000000
3401,2022-07-21 20:00:00,43.81000000,44.24000000,42.53000000,43.11000000,829014.34000000
3402,2022-07-22 00:00:00,43.10000000,43.52000000,42.28000000,42.66000000,462434.49000000
3403,2022-07-22 04:00:00,42.66000000,43.46000000,42.08000000,43.05000000,555092.34000000
3404,2022-07-22 08:00:00,43.06000000,44.33000000,42.85000000,44.14000000,802035.55000000
3405,2022-07-22 12:00:00,44.14000000,44.20000000,41.52000000,41.69000000,1224684.26000000
3406,2022-07-22 16:00:00,41.69000000,41.90000000,40.03000000,40.20000000,952575.48000000
3407,2022-07-22 20:00:00,40.21000000,41.09000000,40.14000000,40.54000000,498907.43000000
3408,2022-07-23 00:00:00,40.54000000,41.49000000,40.10000000,41.08000000,399310.95000000
3409,2022-07-23 04:00:00,41.09000000,41.91000000,41.00000000,41.33000000,378212.05000000
3410,2022-07-23 08:00:00,41.34000000,41.51000000,39.52000000,39.60000000,694018.05000000
3411,2022-07-23 12:00:00,39.61000000,40.49000000,39.37000000,40.20000000,593643.60000000
3412,2022-07-23 16:00:00,40.20000000,40.39000000,38.60000000,39.36000000,864559.59000000
3413,2022-07-23 20:00:00,39.36000000,40.23000000,39.17000000,39.97000000,492227.25000000
3414,2022-07-24 00:00:00,39.97000000,40.44000000,39.47000000,39.61000000,401058.39000000
3415,2022-07-24 04:00:00,39.60000000,41.18000000,39.50000000,40.72000000,620764.09000000
3416,2022-07-24 08:00:00,40.72000000,41.43000000,40.22000000,40.89000000,558545.55000000
3417,2022-07-24 12:00:00,40.89000000,41.32000000,40.11000000,41.21000000,591541.52000000
3418,2022-07-24 16:00:00,41.20000000,41.28000000,40.60000000,40.83000000,355249.64000000
3419,2022-07-24 20:00:00,40.82000000,42.10000000,40.71000000,40.93000000,800060.28000000
3420,2022-07-25 00:00:00,40.93000000,41.09000000,37.74000000,38.09000000,1006633.37000000
3421,2022-07-25 04:00:00,38.08000000,38.73000000,37.78000000,38.57000000,463208.50000000
3422,2022-07-25 08:00:00,38.57000000,39.27000000,38.34000000,38.88000000,436230.47000000
3423,2022-07-25 12:00:00,38.89000000,39.36000000,38.27000000,38.49000000,634220.53000000
3424,2022-07-25 16:00:00,38.49000000,38.99000000,37.33000000,37.95000000,681494.44000000
3425,2022-07-25 20:00:00,37.95000000,38.99000000,36.56000000,36.65000000,1016132.68000000
3426,2022-07-26 00:00:00,36.66000000,36.84000000,35.51000000,36.21000000,1034360.15000000
3427,2022-07-26 04:00:00,36.21000000,36.49000000,35.46000000,35.65000000,468328.81000000
3428,2022-07-26 08:00:00,35.66000000,36.24000000,35.33000000,35.81000000,542616.57000000
3429,2022-07-26 12:00:00,35.82000000,36.29000000,34.92000000,35.00000000,1026559.41000000
3430,2022-07-26 16:00:00,34.99000000,35.59000000,34.67000000,35.02000000,619561.77000000
3431,2022-07-26 20:00:00,35.02000000,36.34000000,34.79000000,36.25000000,804751.86000000
3432,2022-07-27 00:00:00,36.26000000,36.38000000,35.68000000,35.78000000,389490.68000000
3433,2022-07-27 04:00:00,35.78000000,37.20000000,35.77000000,36.82000000,540912.40000000
3434,2022-07-27 08:00:00,36.83000000,37.06000000,36.30000000,36.39000000,424381.48000000
3435,2022-07-27 12:00:00,36.39000000,37.46000000,36.19000000,37.17000000,637695.14000000
3436,2022-07-27 16:00:00,37.17000000,40.34000000,36.42000000,39.38000000,2711060.95000000
3437,2022-07-27 20:00:00,39.38000000,40.55000000,39.28000000,40.23000000,1157135.52000000
3438,2022-07-28 00:00:00,40.23000000,40.55000000,39.03000000,39.73000000,859141.38000000
3439,2022-07-28 04:00:00,39.73000000,40.00000000,39.26000000,39.33000000,594943.08000000
3440,2022-07-28 08:00:00,39.33000000,40.86000000,39.27000000,40.53000000,797826.89000000
3441,2022-07-28 12:00:00,40.53000000,42.12000000,39.22000000,41.93000000,2299399.15000000
3442,2022-07-28 16:00:00,41.93000000,42.97000000,41.75000000,42.12000000,1146752.69000000
3443,2022-07-28 20:00:00,42.13000000,44.15000000,42.12000000,42.91000000,1056278.96000000
3444,2022-07-29 00:00:00,42.92000000,43.55000000,42.40000000,43.48000000,649746.03000000
3445,2022-07-29 04:00:00,43.49000000,44.42000000,42.72000000,43.05000000,857791.36000000
3446,2022-07-29 08:00:00,43.06000000,43.30000000,41.31000000,41.93000000,879368.43000000
3447,2022-07-29 12:00:00,41.93000000,43.47000000,41.13000000,42.63000000,1066353.92000000
3448,2022-07-29 16:00:00,42.64000000,42.68000000,41.25000000,41.84000000,864013.26000000
3449,2022-07-29 20:00:00,41.80000000,43.10000000,41.52000000,41.91000000,632046.15000000
3450,2022-07-30 00:00:00,41.92000000,42.49000000,41.41000000,41.87000000,713145.71000000
3451,2022-07-30 04:00:00,41.88000000,42.49000000,41.47000000,42.35000000,494284.06000000
3452,2022-07-30 08:00:00,42.36000000,43.09000000,41.84000000,42.41000000,564008.02000000
3453,2022-07-30 12:00:00,42.41000000,46.31000000,42.21000000,46.28000000,1678535.38000000
3454,2022-07-30 16:00:00,46.29000000,46.65000000,44.81000000,45.08000000,1178932.34000000
3455,2022-07-30 20:00:00,45.07000000,45.47000000,43.41000000,43.84000000,759573.79000000
3456,2022-07-31 00:00:00,43.84000000,44.19000000,43.00000000,43.23000000,590459.50000000
3457,2022-07-31 04:00:00,43.23000000,44.45000000,43.22000000,43.84000000,492998.51000000
3458,2022-07-31 08:00:00,43.85000000,44.76000000,43.28000000,44.41000000,500791.66000000
3459,2022-07-31 12:00:00,44.41000000,44.60000000,43.62000000,44.13000000,385458.01000000
3460,2022-07-31 16:00:00,44.13000000,45.21000000,42.80000000,43.78000000,815138.01000000
3461,2022-07-31 20:00:00,43.77000000,43.91000000,42.22000000,42.35000000,502725.68000000
3462,2022-08-01 00:00:00,42.34000000,43.26000000,42.04000000,43.01000000,405658.30000000
3463,2022-08-01 04:00:00,43.00000000,43.12000000,42.26000000,42.94000000,384347.27000000
3464,2022-08-01 08:00:00,42.95000000,43.12000000,41.64000000,42.23000000,617506.11000000
3465,2022-08-01 12:00:00,42.22000000,42.96000000,41.35000000,42.47000000,824759.70000000
3466,2022-08-01 16:00:00,42.46000000,42.54000000,40.57000000,41.11000000,711960.51000000
3467,2022-08-01 20:00:00,41.10000000,41.89000000,40.77000000,41.65000000,358603.55000000
3468,2022-08-02 00:00:00,41.65000000,42.11000000,39.97000000,40.24000000,591053.67000000
3469,2022-08-02 04:00:00,40.24000000,40.65000000,39.93000000,40.53000000,331641.69000000
3470,2022-08-02 08:00:00,40.53000000,40.82000000,39.82000000,40.56000000,353988.90000000
3471,2022-08-02 12:00:00,40.56000000,41.85000000,39.91000000,41.49000000,986145.94000000
3472,2022-08-02 16:00:00,41.49000000,42.45000000,40.94000000,41.15000000,732453.43000000
3473,2022-08-02 20:00:00,41.14000000,41.50000000,39.50000000,39.79000000,602957.33000000
3474,2022-08-03 00:00:00,39.78000000,40.11000000,37.43000000,38.54000000,2747485.76000000
3475,2022-08-03 04:00:00,38.54000000,39.41000000,38.18000000,38.33000000,1572385.03000000
3476,2022-08-03 08:00:00,38.33000000,39.99000000,38.33000000,39.67000000,1148675.61000000
3477,2022-08-03 12:00:00,39.66000000,40.99000000,39.51000000,40.16000000,1460514.84000000
3478,2022-08-03 16:00:00,40.17000000,40.75000000,39.80000000,40.10000000,591913.62000000
3479,2022-08-03 20:00:00,40.10000000,40.28000000,38.21000000,38.54000000,870466.68000000
3480,2022-08-04 00:00:00,38.54000000,39.70000000,38.43000000,39.36000000,793903.94000000
3481,2022-08-04 04:00:00,39.37000000,39.74000000,38.55000000,39.21000000,766195.63000000
3482,2022-08-04 08:00:00,39.21000000,39.32000000,38.56000000,38.61000000,646278.18000000
3483,2022-08-04 12:00:00,38.61000000,39.85000000,38.33000000,38.88000000,1001922.46000000
3484,2022-08-04 16:00:00,38.88000000,39.00000000,37.96000000,38.38000000,647341.18000000
3485,2022-08-04 20:00:00,38.39000000,39.03000000,38.17000000,38.83000000,295455.51000000
3486,2022-08-05 00:00:00,38.83000000,40.16000000,38.71000000,40.10000000,495236.92000000
3487,2022-08-05 04:00:00,40.11000000,40.58000000,39.68000000,40.08000000,492463.04000000
3488,2022-08-05 08:00:00,40.08000000,41.07000000,39.85000000,41.01000000,522366.19000000
3489,2022-08-05 12:00:00,41.01000000,41.33000000,39.62000000,40.01000000,1033189.80000000
3490,2022-08-05 16:00:00,40.01000000,40.15000000,39.44000000,39.94000000,499310.16000000
3491,2022-08-05 20:00:00,39.93000000,40.76000000,39.74000000,40.55000000,468121.80000000
3492,2022-08-06 00:00:00,40.55000000,40.72000000,40.17000000,40.51000000,283927.54000000
3493,2022-08-06 04:00:00,40.52000000,40.67000000,40.25000000,40.42000000,198184.99000000
3494,2022-08-06 08:00:00,40.42000000,40.88000000,40.27000000,40.29000000,282988.89000000
3495,2022-08-06 12:00:00,40.30000000,40.56000000,40.17000000,40.45000000,218219.22000000
3496,2022-08-06 16:00:00,40.45000000,40.89000000,39.85000000,40.81000000,348783.59000000
3497,2022-08-06 20:00:00,40.81000000,40.89000000,39.92000000,40.07000000,268547.77000000
3498,2022-08-07 00:00:00,40.07000000,40.26000000,39.21000000,39.76000000,313823.52000000
3499,2022-08-07 04:00:00,39.76000000,40.21000000,39.72000000,39.99000000,177520.23000000
3500,2022-08-07 08:00:00,39.98000000,40.16000000,39.69000000,40.13000000,215509.38000000
3501,2022-08-07 12:00:00,40.14000000,40.63000000,40.09000000,40.33000000,297542.20000000
3502,2022-08-07 16:00:00,40.34000000,40.79000000,40.25000000,40.56000000,250672.51000000
3503,2022-08-07 20:00:00,40.55000000,41.57000000,40.47000000,40.60000000,490829.86000000
3504,2022-08-08 00:00:00,40.60000000,42.09000000,40.55000000,41.93000000,591942.11000000
3505,2022-08-08 04:00:00,41.93000000,42.80000000,41.86000000,42.68000000,536913.95000000
3506,2022-08-08 08:00:00,42.67000000,43.42000000,42.42000000,43.41000000,704851.16000000
3507,2022-08-08 12:00:00,43.40000000,43.71000000,42.41000000,42.50000000,956924.79000000
3508,2022-08-08 16:00:00,42.50000000,42.56000000,42.01000000,42.50000000,468908.18000000
3509,2022-08-08 20:00:00,42.50000000,43.14000000,41.77000000,42.18000000,564209.41000000
3510,2022-08-09 00:00:00,42.17000000,42.47000000,41.52000000,42.44000000,362564.48000000
3511,2022-08-09 04:00:00,42.43000000,42.76000000,42.23000000,42.56000000,313734.05000000
3512,2022-08-09 08:00:00,42.56000000,42.59000000,40.68000000,40.85000000,881250.09000000
3513,2022-08-09 12:00:00,40.85000000,41.44000000,39.73000000,40.14000000,680316.92000000
3514,2022-08-09 16:00:00,40.13000000,40.48000000,39.94000000,40.08000000,298343.07000000
3515,2022-08-09 20:00:00,40.07000000,40.72000000,40.05000000,40.33000000,296267.13000000
3516,2022-08-10 00:00:00,40.34000000,40.34000000,39.15000000,39.28000000,822647.15000000
3517,2022-08-10 04:00:00,39.28000000,39.81000000,39.15000000,39.68000000,311727.96000000
3518,2022-08-10 08:00:00,39.68000000,40.20000000,39.66000000,40.04000000,348259.02000000
3519,2022-08-10 12:00:00,40.05000000,42.45000000,39.84000000,42.08000000,1825043.06000000
3520,2022-08-10 16:00:00,42.08000000,42.45000000,41.22000000,41.31000000,644306.62000000
3521,2022-08-10 20:00:00,41.32000000,42.87000000,41.31000000,42.47000000,515811.13000000
3522,2022-08-11 00:00:00,42.47000000,44.14000000,42.34000000,43.82000000,1025582.98000000
3523,2022-08-11 04:00:00,43.83000000,45.08000000,43.82000000,44.52000000,1285701.07000000
3524,2022-08-11 08:00:00,44.52000000,44.61000000,43.69000000,44.08000000,658492.08000000
3525,2022-08-11 12:00:00,44.08000000,45.32000000,43.37000000,43.46000000,1752381.21000000
3526,2022-08-11 16:00:00,43.46000000,44.01000000,42.85000000,43.37000000,678066.39000000
3527,2022-08-11 20:00:00,43.38000000,43.50000000,42.38000000,42.77000000,408635.71000000
3528,2022-08-12 00:00:00,42.78000000,43.64000000,42.21000000,43.40000000,501479.74000000
3529,2022-08-12 04:00:00,43.40000000,43.66000000,42.81000000,43.15000000,256655.91000000
3530,2022-08-12 08:00:00,43.15000000,43.80000000,42.12000000,42.31000000,584249.25000000
3531,2022-08-12 12:00:00,42.31000000,43.29000000,42.29000000,43.20000000,564104.42000000
3532,2022-08-12 16:00:00,43.20000000,44.83000000,42.94000000,44.65000000,772130.16000000
3533,2022-08-12 20:00:00,44.64000000,45.49000000,44.31000000,45.48000000,698370.20000000
3534,2022-08-13 00:00:00,45.49000000,47.78000000,45.27000000,47.42000000,1653940.21000000
3535,2022-08-13 04:00:00,47.43000000,48.38000000,46.91000000,47.16000000,1014539.67000000
3536,2022-08-13 08:00:00,47.16000000,47.76000000,46.36000000,46.73000000,699825.04000000
3537,2022-08-13 12:00:00,46.72000000,47.13000000,46.04000000,46.24000000,450278.00000000
3538,2022-08-13 16:00:00,46.24000000,46.78000000,46.06000000,46.30000000,499817.81000000
3539,2022-08-13 20:00:00,46.30000000,47.39000000,46.20000000,46.60000000,388248.21000000
3540,2022-08-14 00:00:00,46.59000000,47.64000000,46.05000000,46.74000000,510034.07000000
3541,2022-08-14 04:00:00,46.74000000,48.06000000,46.54000000,47.74000000,556404.74000000
3542,2022-08-14 08:00:00,47.73000000,47.77000000,46.60000000,46.71000000,544910.52000000
3543,2022-08-14 12:00:00,46.70000000,46.72000000,45.75000000,46.04000000,481553.42000000
3544,2022-08-14 16:00:00,46.04000000,46.10000000,44.46000000,45.09000000,801214.50000000
3545,2022-08-14 20:00:00,45.09000000,45.82000000,44.75000000,44.87000000,582061.91000000
3546,2022-08-15 00:00:00,44.86000000,47.24000000,44.36000000,46.46000000,868257.46000000
3547,2022-08-15 04:00:00,46.47000000,46.65000000,43.53000000,43.83000000,957525.78000000
3548,2022-08-15 08:00:00,43.82000000,44.43000000,43.23000000,43.80000000,605282.92000000
3549,2022-08-15 12:00:00,43.80000000,44.57000000,43.30000000,44.51000000,608021.26000000
3550,2022-08-15 16:00:00,44.51000000,44.76000000,43.65000000,43.81000000,463712.72000000
3551,2022-08-15 20:00:00,43.82000000,44.14000000,42.75000000,43.72000000,642314.60000000
3552,2022-08-16 00:00:00,43.72000000,44.20000000,42.53000000,43.66000000,762719.44000000
3553,2022-08-16 04:00:00,43.66000000,43.78000000,42.78000000,43.31000000,486551.78000000
3554,2022-08-16 08:00:00,43.31000000,44.31000000,43.13000000,43.97000000,574438.01000000
3555,2022-08-16 12:00:00,43.98000000,44.23000000,42.61000000,43.41000000,922115.15000000
3556,2022-08-16 16:00:00,43.42000000,43.59000000,42.54000000,43.12000000,590416.21000000
3557,2022-08-16 20:00:00,43.13000000,43.52000000,42.83000000,43.08000000,268495.14000000
3558,2022-08-17 00:00:00,43.08000000,44.09000000,42.96000000,44.00000000,463576.09000000
3559,2022-08-17 04:00:00,44.01000000,44.75000000,43.00000000,43.14000000,632797.38000000
3560,2022-08-17 08:00:00,43.14000000,43.44000000,42.61000000,42.77000000,436677.12000000
3561,2022-08-17 12:00:00,42.77000000,42.81000000,40.76000000,41.11000000,1270594.51000000
3562,2022-08-17 16:00:00,41.11000000,41.91000000,40.66000000,40.76000000,819618.50000000
3563,2022-08-17 20:00:00,40.75000000,41.17000000,40.18000000,40.54000000,584069.40000000
3564,2022-08-18 00:00:00,40.54000000,41.05000000,40.09000000,40.82000000,455689.38000000
3565,2022-08-18 04:00:00,40.82000000,41.06000000,40.55000000,40.92000000,310688.23000000
3566,2022-08-18 08:00:00,40.92000000,41.42000000,40.70000000,41.33000000,396662.36000000
3567,2022-08-18 12:00:00,41.34000000,41.67000000,40.69000000,41.18000000,534288.75000000
3568,2022-08-18 16:00:00,41.18000000,41.27000000,40.37000000,40.78000000,400888.81000000
3569,2022-08-18 20:00:00,40.77000000,41.25000000,39.31000000,39.52000000,741146.45000000
3570,2022-08-19 00:00:00,39.51000000,39.59000000,37.84000000,38.31000000,1304356.63000000
3571,2022-08-19 04:00:00,38.31000000,38.43000000,35.25000000,36.65000000,1433862.85000000
3572,2022-08-19 08:00:00,36.65000000,36.67000000,35.55000000,36.37000000,975137.95000000
3573,2022-08-19 12:00:00,36.37000000,37.22000000,36.07000000,36.95000000,857679.31000000
3574,2022-08-19 16:00:00,36.96000000,37.80000000,36.74000000,37.15000000,754261.06000000
3575,2022-08-19 20:00:00,37.16000000,37.28000000,35.61000000,35.81000000,884311.23000000
3576,2022-08-20 00:00:00,35.82000000,36.86000000,35.77000000,36.60000000,643499.17000000
3577,2022-08-20 04:00:00,36.61000000,37.27000000,36.45000000,37.04000000,595323.80000000
3578,2022-08-20 08:00:00,37.05000000,37.13000000,36.39000000,36.57000000,442001.34000000
3579,2022-08-20 12:00:00,36.58000000,36.96000000,36.19000000,36.50000000,446138.40000000
3580,2022-08-20 16:00:00,36.50000000,36.60000000,34.39000000,34.44000000,928100.67000000
3581,2022-08-20 20:00:00,34.44000000,35.36000000,34.21000000,35.28000000,818014.10000000
3582,2022-08-21 00:00:00,35.28000000,35.66000000,35.02000000,35.11000000,396072.01000000
3583,2022-08-21 04:00:00,35.11000000,35.48000000,34.51000000,35.45000000,557104.31000000
3584,2022-08-21 08:00:00,35.45000000,36.27000000,35.41000000,36.20000000,648025.18000000
3585,2022-08-21 12:00:00,36.20000000,36.31000000,35.61000000,36.02000000,377638.72000000
3586,2022-08-21 16:00:00,36.02000000,36.57000000,35.85000000,36.33000000,394028.06000000
3587,2022-08-21 20:00:00,36.33000000,37.09000000,35.95000000,36.47000000,812049.44000000
3588,2022-08-22 00:00:00,36.48000000,36.56000000,36.05000000,36.12000000,394390.26000000
3589,2022-08-22 04:00:00,36.11000000,36.34000000,34.81000000,34.89000000,622769.01000000
3590,2022-08-22 08:00:00,34.90000000,34.94000000,33.73000000,34.65000000,954947.33000000
3591,2022-08-22 12:00:00,34.66000000,34.88000000,33.91000000,34.82000000,785480.89000000
3592,2022-08-22 16:00:00,34.81000000,35.03000000,34.00000000,34.61000000,490966.19000000
3593,2022-08-22 20:00:00,34.61000000,35.58000000,34.49000000,35.41000000,491894.46000000
3594,2022-08-23 00:00:00,35.42000000,35.59000000,35.09000000,35.22000000,332505.47000000
3595,2022-08-23 04:00:00,35.22000000,35.41000000,34.24000000,34.97000000,467336.34000000
3596,2022-08-23 08:00:00,34.96000000,35.74000000,34.84000000,35.67000000,504624.59000000
3597,2022-08-23 12:00:00,35.68000000,36.11000000,35.17000000,35.70000000,668143.35000000
3598,2022-08-23 16:00:00,35.71000000,35.79000000,35.18000000,35.40000000,445743.03000000
3599,2022-08-23 20:00:00,35.41000000,35.91000000,35.31000000,35.68000000,318325.58000000
3600,2022-08-24 00:00:00,35.69000000,35.72000000,34.31000000,34.61000000,527606.27000000
3601,2022-08-24 04:00:00,34.60000000,35.35000000,34.49000000,34.89000000,411492.61000000
3602,2022-08-24 08:00:00,34.89000000,35.44000000,34.87000000,35.39000000,277275.09000000
3603,2022-08-24 12:00:00,35.38000000,36.10000000,35.17000000,36.05000000,532628.82000000
3604,2022-08-24 16:00:00,36.06000000,36.40000000,35.68000000,35.83000000,420766.28000000
3605,2022-08-24 20:00:00,35.83000000,36.08000000,34.88000000,34.89000000,418999.34000000
3606,2022-08-25 00:00:00,34.90000000,35.68000000,34.87000000,35.23000000,355560.36000000
3607,2022-08-25 04:00:00,35.23000000,36.28000000,35.20000000,36.26000000,422792.65000000
3608,2022-08-25 08:00:00,36.25000000,36.37000000,35.95000000,36.33000000,414338.76000000
3609,2022-08-25 12:00:00,36.32000000,36.49000000,35.38000000,35.74000000,574030.32000000
3610,2022-08-25 16:00:00,35.73000000,35.86000000,35.40000000,35.79000000,337311.85000000
3611,2022-08-25 20:00:00,35.79000000,35.99000000,35.06000000,35.27000000,368065.56000000
3612,2022-08-26 00:00:00,35.26000000,35.27000000,34.51000000,35.10000000,449028.31000000
3613,2022-08-26 04:00:00,35.10000000,35.23000000,34.41000000,34.69000000,429052.05000000
3614,2022-08-26 08:00:00,34.68000000,34.78000000,33.89000000,34.25000000,473493.42000000
3615,2022-08-26 12:00:00,34.24000000,35.79000000,33.00000000,33.28000000,2262655.12000000
3616,2022-08-26 16:00:00,33.29000000,33.39000000,32.56000000,32.92000000,772110.76000000
3617,2022-08-26 20:00:00,32.93000000,33.16000000,31.36000000,31.72000000,882388.31000000
3618,2022-08-27 00:00:00,31.72000000,32.03000000,31.52000000,31.88000000,480018.35000000
3619,2022-08-27 04:00:00,31.87000000,32.25000000,31.14000000,32.23000000,504050.25000000
3620,2022-08-27 08:00:00,32.23000000,32.25000000,31.77000000,31.99000000,423181.53000000
3621,2022-08-27 12:00:00,31.98000000,32.05000000,31.05000000,31.35000000,662274.63000000
3622,2022-08-27 16:00:00,31.36000000,31.44000000,30.86000000,31.33000000,632173.63000000
3623,2022-08-27 20:00:00,31.33000000,31.67000000,31.04000000,31.53000000,323695.76000000
3624,2022-08-28 00:00:00,31.53000000,31.79000000,31.17000000,31.41000000,317037.56000000
3625,2022-08-28 04:00:00,31.41000000,31.86000000,31.26000000,31.79000000,235008.92000000
3626,2022-08-28 08:00:00,31.79000000,32.05000000,31.51000000,31.77000000,419154.25000000
3627,2022-08-28 12:00:00,31.78000000,31.92000000,31.22000000,31.85000000,318423.02000000
3628,2022-08-28 16:00:00,31.85000000,32.21000000,31.66000000,31.70000000,353596.07000000
3629,2022-08-28 20:00:00,31.70000000,31.90000000,30.19000000,30.44000000,601867.51000000
3630,2022-08-29 00:00:00,30.43000000,30.97000000,30.00000000,30.69000000,648880.24000000
3631,2022-08-29 04:00:00,30.68000000,30.79000000,30.11000000,30.58000000,467361.64000000
3632,2022-08-29 08:00:00,30.58000000,30.78000000,30.34000000,30.70000000,418793.83000000
3633,2022-08-29 12:00:00,30.70000000,32.29000000,30.64000000,31.79000000,1239070.08000000
3634,2022-08-29 16:00:00,31.79000000,31.94000000,31.42000000,31.53000000,575240.31000000
3635,2022-08-29 20:00:00,31.52000000,32.64000000,31.48000000,32.42000000,409554.61000000
3636,2022-08-30 00:00:00,32.42000000,32.52000000,31.86000000,32.32000000,383522.78000000
3637,2022-08-30 04:00:00,32.33000000,33.06000000,32.29000000,32.75000000,440084.51000000
3638,2022-08-30 08:00:00,32.74000000,33.16000000,32.60000000,32.75000000,360418.57000000
3639,2022-08-30 12:00:00,32.75000000,32.87000000,30.92000000,31.21000000,903152.92000000
3640,2022-08-30 16:00:00,31.21000000,32.03000000,30.64000000,31.55000000,937248.03000000
3641,2022-08-30 20:00:00,31.55000000,32.12000000,31.28000000,31.47000000,442418.56000000
3642,2022-08-31 00:00:00,31.47000000,32.65000000,31.45000000,32.45000000,510057.16000000
3643,2022-08-31 04:00:00,32.46000000,32.88000000,32.19000000,32.31000000,364257.95000000
3644,2022-08-31 08:00:00,32.30000000,32.81000000,31.93000000,32.58000000,428983.95000000
3645,2022-08-31 12:00:00,32.58000000,32.95000000,31.57000000,31.93000000,615228.19000000
3646,2022-08-31 16:00:00,31.92000000,32.36000000,31.44000000,32.11000000,424232.65000000
3647,2022-08-31 20:00:00,32.11000000,32.49000000,31.18000000,31.50000000,363035.39000000
3648,2022-09-01 00:00:00,31.49000000,31.77000000,30.98000000,31.24000000,437810.43000000
3649,2022-09-01 04:00:00,31.23000000,31.55000000,30.83000000,31.08000000,231577.71000000
3650,2022-09-01 08:00:00,31.08000000,31.58000000,30.86000000,31.45000000,408090.56000000
3651,2022-09-01 12:00:00,31.46000000,31.50000000,30.44000000,30.76000000,576103.73000000
3652,2022-09-01 16:00:00,30.76000000,31.09000000,30.48000000,31.07000000,346308.88000000
3653,2022-09-01 20:00:00,31.07000000,31.79000000,31.00000000,31.61000000,304276.25000000
3654,2022-09-02 00:00:00,31.61000000,31.81000000,31.11000000,31.57000000,268884.12000000
3655,2022-09-02 04:00:00,31.57000000,31.96000000,31.43000000,31.63000000,230890.89000000
3656,2022-09-02 08:00:00,31.62000000,31.70000000,31.25000000,31.58000000,240608.28000000
3657,2022-09-02 12:00:00,31.57000000,32.38000000,31.46000000,32.28000000,840180.22000000
3658,2022-09-02 16:00:00,32.28000000,32.34000000,30.76000000,31.06000000,565151.95000000
3659,2022-09-02 20:00:00,31.06000000,31.28000000,30.89000000,31.23000000,181478.75000000
3660,2022-09-03 00:00:00,31.23000000,31.27000000,30.87000000,30.95000000,145472.77000000
3661,2022-09-03 04:00:00,30.95000000,31.29000000,30.80000000,31.04000000,166799.24000000
3662,2022-09-03 08:00:00,31.04000000,31.22000000,30.89000000,31.04000000,115209.66000000
3663,2022-09-03 12:00:00,31.05000000,31.27000000,31.01000000,31.12000000,109934.32000000
3664,2022-09-03 16:00:00,31.12000000,31.21000000,30.80000000,30.99000000,145446.22000000
3665,2022-09-03 20:00:00,30.98000000,31.22000000,30.91000000,31.12000000,90551.99000000
3666,2022-09-04 00:00:00,31.11000000,31.73000000,31.07000000,31.43000000,180087.11000000
3667,2022-09-04 04:00:00,31.43000000,31.54000000,31.08000000,31.10000000,132355.86000000
3668,2022-09-04 08:00:00,31.10000000,31.87000000,31.02000000,31.86000000,228413.35000000
3669,2022-09-04 12:00:00,31.87000000,32.00000000,31.45000000,31.82000000,262914.07000000
3670,2022-09-04 16:00:00,31.81000000,31.95000000,31.63000000,31.74000000,245254.17000000
3671,2022-09-04 20:00:00,31.75000000,32.20000000,31.74000000,32.16000000,253936.19000000
3672,2022-09-05 00:00:00,32.17000000,32.50000000,32.06000000,32.10000000,212906.62000000
3673,2022-09-05 04:00:00,32.11000000,32.19000000,31.47000000,31.68000000,233035.97000000
3674,2022-09-05 08:00:00,31.68000000,31.75000000,31.15000000,31.28000000,250722.25000000
3675,2022-09-05 12:00:00,31.28000000,31.93000000,31.18000000,31.85000000,304231.49000000
3676,2022-09-05 16:00:00,31.86000000,32.02000000,31.70000000,31.72000000,208616.70000000
3677,2022-09-05 20:00:00,31.72000000,32.44000000,31.72000000,32.18000000,335782.69000000
3678,2022-09-06 00:00:00,32.17000000,33.56000000,32.16000000,32.73000000,828215.19000000
3679,2022-09-06 04:00:00,32.73000000,33.24000000,32.51000000,32.97000000,437460.61000000
3680,2022-09-06 08:00:00,32.97000000,33.32000000,32.75000000,33.24000000,322972.73000000
3681,2022-09-06 12:00:00,33.24000000,33.90000000,32.41000000,33.79000000,796962.10000000
3682,2022-09-06 16:00:00,33.79000000,33.84000000,30.73000000,31.01000000,1604935.39000000
3683,2022-09-06 20:00:00,31.02000000,31.33000000,30.44000000,30.88000000,672515.66000000
3684,2022-09-07 00:00:00,30.88000000,31.21000000,30.31000000,30.88000000,442787.16000000
3685,2022-09-07 04:00:00,30.88000000,31.18000000,30.70000000,31.10000000,255089.91000000
3686,2022-09-07 08:00:00,31.10000000,31.33000000,30.95000000,31.15000000,215618.60000000
3687,2022-09-07 12:00:00,31.16000000,31.59000000,30.85000000,31.50000000,496792.34000000
3688,2022-09-07 16:00:00,31.50000000,32.37000000,31.41000000,31.95000000,512594.12000000
3689,2022-09-07 20:00:00,31.96000000,32.94000000,31.96000000,32.69000000,593123.38000000
3690,2022-09-08 00:00:00,32.70000000,32.84000000,32.24000000,32.45000000,300488.53000000
3691,2022-09-08 04:00:00,32.44000000,32.78000000,31.97000000,32.37000000,421378.19000000
3692,2022-09-08 08:00:00,32.37000000,33.30000000,32.34000000,32.89000000,509035.92000000
3693,2022-09-08 12:00:00,32.90000000,33.98000000,32.16000000,33.40000000,1091421.73000000
3694,2022-09-08 16:00:00,33.40000000,33.48000000,32.89000000,33.47000000,434107.04000000
3695,2022-09-08 20:00:00,33.47000000,33.82000000,33.33000000,33.61000000,305939.13000000
3696,2022-09-09 00:00:00,33.62000000,34.84000000,33.59000000,34.74000000,631151.38000000
3697,2022-09-09 04:00:00,34.74000000,35.54000000,34.66000000,35.38000000,809370.99000000
3698,2022-09-09 08:00:00,35.37000000,35.96000000,35.12000000,35.37000000,712874.96000000
3699,2022-09-09 12:00:00,35.38000000,35.93000000,34.82000000,34.97000000,666100.41000000
3700,2022-09-09 16:00:00,34.96000000,35.18000000,34.43000000,34.80000000,504251.40000000
3701,2022-09-09 20:00:00,34.80000000,35.19000000,34.26000000,34.67000000,424554.86000000
3702,2022-09-10 00:00:00,34.68000000,35.00000000,34.29000000,34.69000000,346526.29000000
3703,2022-09-10 04:00:00,34.69000000,35.17000000,34.27000000,34.36000000,422635.34000000
3704,2022-09-10 08:00:00,34.36000000,34.85000000,34.34000000,34.74000000,279138.67000000
3705,2022-09-10 12:00:00,34.75000000,34.94000000,34.30000000,34.50000000,293934.84000000
3706,2022-09-10 16:00:00,34.50000000,35.02000000,34.29000000,34.92000000,296147.83000000
3707,2022-09-10 20:00:00,34.92000000,35.41000000,34.61000000,35.03000000,339247.99000000
3708,2022-09-11 00:00:00,35.04000000,35.31000000,34.70000000,34.76000000,295020.71000000
3709,2022-09-11 04:00:00,34.76000000,34.94000000,34.04000000,34.62000000,288787.24000000
3710,2022-09-11 08:00:00,34.63000000,34.84000000,34.44000000,34.77000000,161671.82000000
3711,2022-09-11 12:00:00,34.77000000,35.25000000,34.53000000,35.24000000,275111.99000000
3712,2022-09-11 16:00:00,35.24000000,36.00000000,35.15000000,35.27000000,501684.33000000
3713,2022-09-11 20:00:00,35.28000000,35.55000000,34.31000000,34.99000000,477660.10000000
3714,2022-09-12 00:00:00,34.99000000,36.30000000,34.40000000,34.91000000,821668.19000000
3715,2022-09-12 04:00:00,34.91000000,35.50000000,34.58000000,35.46000000,349687.87000000
3716,2022-09-12 08:00:00,35.47000000,38.15000000,35.31000000,37.71000000,2036882.30000000
3717,2022-09-12 12:00:00,37.70000000,38.39000000,36.83000000,37.14000000,990861.28000000
3718,2022-09-12 16:00:00,37.14000000,37.86000000,36.80000000,37.64000000,637309.64000000
3719,2022-09-12 20:00:00,37.64000000,37.82000000,37.18000000,37.44000000,350433.35000000
3720,2022-09-13 00:00:00,37.44000000,38.92000000,36.70000000,38.79000000,830636.90000000
3721,2022-09-13 04:00:00,38.78000000,39.01000000,38.14000000,38.54000000,748524.19000000
3722,2022-09-13 08:00:00,38.54000000,38.98000000,38.15000000,38.46000000,498748.19000000
3723,2022-09-13 12:00:00,38.46000000,38.86000000,34.41000000,34.73000000,2846704.27000000
3724,2022-09-13 16:00:00,34.74000000,35.32000000,33.30000000,34.09000000,906152.74000000
3725,2022-09-13 20:00:00,34.08000000,34.35000000,32.93000000,33.00000000,570949.15000000
3726,2022-09-14 00:00:00,33.00000000,33.82000000,32.67000000,33.60000000,602777.01000000
3727,2022-09-14 04:00:00,33.60000000,33.92000000,32.81000000,33.17000000,442467.90000000
3728,2022-09-14 08:00:00,33.17000000,33.67000000,32.97000000,33.23000000,480697.90000000
3729,2022-09-14 12:00:00,33.24000000,33.71000000,32.94000000,33.53000000,657263.10000000
3730,2022-09-14 16:00:00,33.54000000,33.62000000,32.72000000,33.49000000,511095.84000000
3731,2022-09-14 20:00:00,33.49000000,34.35000000,33.26000000,34.12000000,476182.47000000
3732,2022-09-15 00:00:00,34.12000000,34.14000000,32.85000000,33.06000000,506685.18000000
3733,2022-09-15 04:00:00,33.06000000,34.84000000,32.76000000,34.70000000,1012855.83000000
3734,2022-09-15 08:00:00,34.71000000,34.81000000,33.69000000,33.92000000,483900.49000000
3735,2022-09-15 12:00:00,33.92000000,34.07000000,32.42000000,32.99000000,945839.54000000
3736,2022-09-15 16:00:00,32.98000000,33.68000000,32.82000000,33.42000000,365436.46000000
3737,2022-09-15 20:00:00,33.42000000,33.80000000,32.76000000,33.07000000,381600.73000000
3738,2022-09-16 00:00:00,33.08000000,33.26000000,32.50000000,32.86000000,453151.28000000
3739,2022-09-16 04:00:00,32.86000000,33.11000000,32.80000000,32.82000000,146818.53000000
3740,2022-09-16 08:00:00,32.83000000,33.14000000,32.34000000,33.07000000,270974.43000000
3741,2022-09-16 12:00:00,33.08000000,33.12000000,31.83000000,32.27000000,658611.81000000
3742,2022-09-16 16:00:00,32.27000000,32.27000000,31.50000000,32.11000000,468420.15000000
3743,2022-09-16 20:00:00,32.11000000,32.39000000,32.06000000,32.25000000,182246.36000000
3744,2022-09-17 00:00:00,32.25000000,32.97000000,32.23000000,32.67000000,270797.36000000
3745,2022-09-17 04:00:00,32.68000000,33.07000000,32.53000000,32.85000000,210116.76000000
3746,2022-09-17 08:00:00,32.85000000,32.99000000,32.62000000,32.63000000,126056.74000000
3747,2022-09-17 12:00:00,32.62000000,33.32000000,32.53000000,33.30000000,253627.58000000
3748,2022-09-17 16:00:00,33.30000000,33.63000000,33.10000000,33.26000000,306477.64000000
3749,2022-09-17 20:00:00,33.27000000,33.89000000,33.18000000,33.68000000,247827.03000000
3750,2022-09-18 00:00:00,33.69000000,33.88000000,33.23000000,33.42000000,266398.45000000
3751,2022-09-18 04:00:00,33.41000000,33.87000000,33.39000000,33.83000000,151150.56000000
3752,2022-09-18 08:00:00,33.83000000,33.99000000,32.97000000,33.34000000,351762.37000000
3753,2022-09-18 12:00:00,33.34000000,33.49000000,32.75000000,32.90000000,257117.92000000
3754,2022-09-18 16:00:00,32.89000000,32.99000000,32.07000000,32.41000000,560632.55000000
3755,2022-09-18 20:00:00,32.40000000,32.44000000,30.86000000,31.10000000,712006.54000000
3756,2022-09-19 00:00:00,31.10000000,31.77000000,30.50000000,30.90000000,645158.63000000
3757,2022-09-19 04:00:00,30.90000000,31.65000000,30.84000000,31.11000000,587500.17000000
3758,2022-09-19 08:00:00,31.11000000,31.47000000,30.62000000,31.26000000,421708.18000000
3759,2022-09-19 12:00:00,31.26000000,32.53000000,31.18000000,31.92000000,855726.76000000
3760,2022-09-19 16:00:00,31.92000000,32.98000000,31.68000000,32.81000000,560876.43000000
3761,2022-09-19 20:00:00,32.82000000,33.08000000,32.56000000,32.62000000,432502.17000000
3762,2022-09-20 00:00:00,32.63000000,32.88000000,31.94000000,32.44000000,366760.63000000
3763,2022-09-20 04:00:00,32.45000000,32.75000000,32.10000000,32.32000000,333602.74000000
3764,2022-09-20 08:00:00,32.33000000,32.53000000,31.90000000,32.19000000,341588.15000000
3765,2022-09-20 12:00:00,32.19000000,32.56000000,31.57000000,32.51000000,618614.53000000
3766,2022-09-20 16:00:00,32.52000000,32.53000000,31.45000000,31.84000000,565219.78000000
3767,2022-09-20 20:00:00,31.84000000,31.99000000,31.29000000,31.41000000,333005.82000000
3768,2022-09-21 00:00:00,31.42000000,31.99000000,31.32000000,31.84000000,219414.58000000
3769,2022-09-21 04:00:00,31.84000000,32.04000000,31.42000000,31.76000000,227435.63000000
3770,2022-09-21 08:00:00,31.76000000,32.10000000,31.43000000,32.04000000,286244.59000000
3771,2022-09-21 12:00:00,32.05000000,32.34000000,31.23000000,31.51000000,469283.33000000
3772,2022-09-21 16:00:00,31.50000000,33.48000000,30.78000000,31.55000000,2453011.44000000
3773,2022-09-21 20:00:00,31.55000000,31.68000000,30.01000000,30.65000000,890149.51000000
3774,2022-09-22 00:00:00,30.65000000,31.14000000,30.59000000,31.02000000,410694.42000000
3775,2022-09-22 04:00:00,31.02000000,31.76000000,31.02000000,31.74000000,363387.83000000
3776,2022-09-22 08:00:00,31.74000000,32.45000000,31.70000000,32.35000000,548624.65000000
3777,2022-09-22 12:00:00,32.36000000,32.49000000,31.59000000,31.91000000,664155.47000000
3778,2022-09-22 16:00:00,31.91000000,32.87000000,31.56000000,32.46000000,617967.58000000
3779,2022-09-22 20:00:00,32.46000000,32.77000000,32.07000000,32.43000000,370495.95000000
3780,2022-09-23 00:00:00,32.43000000,33.23000000,32.16000000,33.00000000,455824.10000000
3781,2022-09-23 04:00:00,33.01000000,33.30000000,32.54000000,32.58000000,384925.94000000
3782,2022-09-23 08:00:00,32.58000000,32.68000000,31.53000000,31.75000000,499613.28000000
3783,2022-09-23 12:00:00,31.75000000,32.28000000,31.20000000,31.59000000,680980.21000000
3784,2022-09-23 16:00:00,31.58000000,31.95000000,31.25000000,31.93000000,508841.02000000
3785,2022-09-23 20:00:00,31.94000000,33.98000000,31.93000000,33.66000000,950892.18000000
3786,2022-09-24 00:00:00,33.67000000,34.49000000,33.41000000,33.98000000,712944.48000000
3787,2022-09-24 04:00:00,33.98000000,34.03000000,33.49000000,33.73000000,400362.38000000
3788,2022-09-24 08:00:00,33.73000000,34.79000000,33.55000000,34.48000000,563735.92000000
3789,2022-09-24 12:00:00,34.48000000,34.59000000,33.56000000,33.72000000,561161.22000000
3790,2022-09-24 16:00:00,33.72000000,34.17000000,33.26000000,34.06000000,340422.15000000
3791,2022-09-24 20:00:00,34.06000000,34.09000000,33.14000000,33.38000000,523688.20000000
3792,2022-09-25 00:00:00,33.39000000,33.70000000,33.36000000,33.69000000,147632.97000000
3793,2022-09-25 04:00:00,33.70000000,34.05000000,33.62000000,33.97000000,259301.31000000
3794,2022-09-25 08:00:00,33.96000000,33.99000000,33.46000000,33.64000000,271934.26000000
3795,2022-09-25 12:00:00,33.63000000,33.80000000,32.81000000,33.22000000,379936.83000000
3796,2022-09-25 16:00:00,33.22000000,33.37000000,32.57000000,32.73000000,368229.50000000
3797,2022-09-25 20:00:00,32.73000000,32.73000000,31.87000000,32.34000000,411474.46000000
3798,2022-09-26 00:00:00,32.33000000,32.71000000,32.04000000,32.52000000,433011.17000000
3799,2022-09-26 04:00:00,32.51000000,32.61000000,31.87000000,32.47000000,436384.50000000
3800,2022-09-26 08:00:00,32.47000000,33.32000000,32.13000000,32.54000000,576789.70000000
3801,2022-09-26 12:00:00,32.55000000,33.43000000,32.26000000,33.11000000,618872.32000000
3802,2022-09-26 16:00:00,33.11000000,33.95000000,32.69000000,33.74000000,642861.64000000
3803,2022-09-26 20:00:00,33.74000000,33.94000000,33.32000000,33.88000000,576223.60000000
3804,2022-09-27 00:00:00,33.89000000,34.97000000,33.73000000,34.73000000,1021918.74000000
3805,2022-09-27 04:00:00,34.73000000,35.04000000,34.48000000,34.52000000,539647.92000000
3806,2022-09-27 08:00:00,34.52000000,34.96000000,34.33000000,34.66000000,353214.13000000
3807,2022-09-27 12:00:00,34.65000000,35.41000000,34.31000000,34.37000000,773833.04000000
3808,2022-09-27 16:00:00,34.38000000,34.57000000,32.08000000,32.61000000,1388829.49000000
3809,2022-09-27 20:00:00,32.60000000,32.94000000,32.35000000,32.69000000,333671.31000000
3810,2022-09-28 00:00:00,32.68000000,32.94000000,31.65000000,32.34000000,545903.68000000
3811,2022-09-28 04:00:00,32.34000000,32.60000000,31.87000000,32.32000000,416235.09000000
3812,2022-09-28 08:00:00,32.33000000,32.85000000,31.84000000,32.49000000,569756.48000000
3813,2022-09-28 12:00:00,32.49000000,33.16000000,32.39000000,33.12000000,616648.12000000
3814,2022-09-28 16:00:00,33.13000000,33.76000000,32.79000000,33.58000000,614952.80000000
3815,2022-09-28 20:00:00,33.59000000,33.81000000,33.11000000,33.22000000,327610.33000000
3816,2022-09-29 00:00:00,33.23000000,33.92000000,32.96000000,33.74000000,315206.78000000
3817,2022-09-29 04:00:00,33.74000000,33.96000000,33.13000000,33.36000000,256492.56000000
3818,2022-09-29 08:00:00,33.35000000,33.94000000,33.21000000,33.75000000,266899.30000000
3819,2022-09-29 12:00:00,33.76000000,34.21000000,32.65000000,34.11000000,929333.01000000
3820,2022-09-29 16:00:00,34.12000000,34.42000000,33.40000000,33.82000000,685501.94000000
3821,2022-09-29 20:00:00,33.82000000,34.12000000,33.62000000,33.93000000,281947.62000000
3822,2022-09-30 00:00:00,33.94000000,34.36000000,33.73000000,34.10000000,624647.94000000
3823,2022-09-30 04:00:00,34.09000000,34.35000000,33.87000000,34.23000000,265022.83000000
3824,2022-09-30 08:00:00,34.23000000,34.64000000,33.89000000,33.96000000,536907.63000000
3825,2022-09-30 12:00:00,33.95000000,35.22000000,33.31000000,34.65000000,1583706.42000000
3826,2022-09-30 16:00:00,34.66000000,34.85000000,33.64000000,33.72000000,692623.96000000
3827,2022-09-30 20:00:00,33.72000000,33.88000000,32.62000000,33.25000000,561381.64000000
3828,2022-10-01 00:00:00,33.25000000,33.25000000,32.70000000,33.08000000,235029.51000000
3829,2022-10-01 04:00:00,33.08000000,33.09000000,32.78000000,33.01000000,288123.39000000
3830,2022-10-01 08:00:00,33.01000000,33.18000000,32.81000000,33.02000000,236235.18000000
3831,2022-10-01 12:00:00,33.02000000,33.10000000,32.81000000,32.99000000,182661.47000000
3832,2022-10-01 16:00:00,32.98000000,33.00000000,32.34000000,32.65000000,362381.73000000
3833,2022-10-01 20:00:00,32.65000000,32.69000000,32.40000000,32.44000000,154403.96000000
3834,2022-10-02 00:00:00,32.44000000,32.96000000,32.42000000,32.84000000,163695.73000000
3835,2022-10-02 04:00:00,32.84000000,33.00000000,32.74000000,32.83000000,146321.39000000
3836,2022-10-02 08:00:00,32.82000000,32.89000000,32.10000000,32.54000000,259297.44000000
3837,2022-10-02 12:00:00,32.54000000,32.61000000,32.22000000,32.42000000,178898.78000000
3838,2022-10-02 16:00:00,32.41000000,32.84000000,32.36000000,32.73000000,263005.45000000
3839,2022-10-02 20:00:00,32.73000000,32.77000000,31.90000000,32.06000000,461630.45000000
3840,2022-10-03 00:00:00,32.06000000,32.51000000,31.73000000,32.32000000,248944.86000000
3841,2022-10-03 04:00:00,32.33000000,32.46000000,31.97000000,32.26000000,211692.47000000
3842,2022-10-03 08:00:00,32.26000000,32.51000000,32.12000000,32.50000000,155411.96000000
3843,2022-10-03 12:00:00,32.51000000,33.14000000,32.42000000,32.83000000,516024.81000000
3844,2022-10-03 16:00:00,32.84000000,33.23000000,32.67000000,32.95000000,438136.08000000
3845,2022-10-03 20:00:00,32.96000000,33.27000000,32.72000000,32.89000000,320260.02000000
3846,2022-10-04 00:00:00,32.90000000,33.16000000,32.84000000,33.10000000,151899.32000000
3847,2022-10-04 04:00:00,33.11000000,33.79000000,32.98000000,33.73000000,356923.51000000
3848,2022-10-04 08:00:00,33.73000000,33.88000000,33.40000000,33.67000000,272621.68000000
3849,2022-10-04 12:00:00,33.67000000,34.39000000,33.55000000,34.17000000,490822.25000000
3850,2022-10-04 16:00:00,34.17000000,34.25000000,33.79000000,34.10000000,422465.15000000
3851,2022-10-04 20:00:00,34.11000000,34.40000000,33.92000000,34.09000000,255008.97000000
3852,2022-10-05 00:00:00,34.10000000,34.37000000,33.89000000,34.08000000,232849.55000000
3853,2022-10-05 04:00:00,34.08000000,34.32000000,33.93000000,34.12000000,201298.08000000
3854,2022-10-05 08:00:00,34.12000000,34.14000000,33.44000000,33.52000000,333133.59000000
3855,2022-10-05 12:00:00,33.52000000,33.70000000,33.18000000,33.68000000,397074.50000000
3856,2022-10-05 16:00:00,33.68000000,34.28000000,33.62000000,33.87000000,339087.79000000
3857,2022-10-05 20:00:00,33.87000000,34.15000000,33.66000000,34.04000000,274107.30000000
3858,2022-10-06 00:00:00,34.04000000,34.50000000,34.03000000,34.32000000,301019.94000000
3859,2022-10-06 04:00:00,34.32000000,34.46000000,33.89000000,34.05000000,251092.82000000
3860,2022-10-06 08:00:00,34.05000000,34.17000000,33.84000000,34.14000000,188058.22000000
3861,2022-10-06 12:00:00,34.15000000,34.32000000,33.57000000,33.83000000,501877.33000000
3862,2022-10-06 16:00:00,33.83000000,34.04000000,33.58000000,33.64000000,289327.00000000
3863,2022-10-06 20:00:00,33.63000000,33.80000000,33.23000000,33.36000000,268375.91000000
3864,2022-10-07 00:00:00,33.35000000,33.76000000,33.33000000,33.62000000,184398.27000000
3865,2022-10-07 04:00:00,33.62000000,33.74000000,33.14000000,33.33000000,243638.05000000
3866,2022-10-07 08:00:00,33.33000000,33.47000000,33.15000000,33.35000000,234345.03000000
3867,2022-10-07 12:00:00,33.35000000,33.39000000,32.43000000,32.91000000,895836.03000000
3868,2022-10-07 16:00:00,32.90000000,33.06000000,32.61000000,32.96000000,254880.71000000
3869,2022-10-07 20:00:00,32.96000000,33.15000000,32.83000000,32.98000000,150019.73000000
3870,2022-10-08 00:00:00,32.98000000,33.08000000,32.77000000,32.83000000,146536.84000000
3871,2022-10-08 04:00:00,32.83000000,33.02000000,32.72000000,33.00000000,88005.55000000
3872,2022-10-08 08:00:00,33.00000000,33.00000000,32.84000000,32.96000000,80818.40000000
3873,2022-10-08 12:00:00,32.95000000,32.98000000,32.68000000,32.83000000,114403.69000000
3874,2022-10-08 16:00:00,32.83000000,32.99000000,32.66000000,32.72000000,157250.82000000
3875,2022-10-08 20:00:00,32.72000000,32.82000000,32.35000000,32.58000000,198544.29000000
3876,2022-10-09 00:00:00,32.57000000,32.64000000,32.44000000,32.51000000,86685.99000000
3877,2022-10-09 04:00:00,32.50000000,32.77000000,32.47000000,32.72000000,84022.42000000
3878,2022-10-09 08:00:00,32.72000000,32.95000000,32.60000000,32.83000000,159585.54000000
3879,2022-10-09 12:00:00,32.83000000,33.14000000,32.80000000,33.11000000,185919.58000000
3880,2022-10-09 16:00:00,33.10000000,33.12000000,32.85000000,32.96000000,145418.67000000
3881,2022-10-09 20:00:00,32.96000000,32.99000000,32.60000000,32.92000000,221603.54000000
3882,2022-10-10 00:00:00,32.92000000,33.46000000,32.84000000,33.04000000,226215.42000000
3883,2022-10-10 04:00:00,33.04000000,33.11000000,32.77000000,32.90000000,133408.16000000
3884,2022-10-10 08:00:00,32.90000000,32.91000000,32.36000000,32.70000000,306745.24000000
3885,2022-10-10 12:00:00,32.71000000,32.91000000,32.41000000,32.60000000,302608.96000000
3886,2022-10-10 16:00:00,32.60000000,32.65000000,32.27000000,32.46000000,284008.44000000
3887,2022-10-10 20:00:00,32.46000000,32.57000000,31.88000000,31.96000000,301694.18000000
3888,2022-10-11 00:00:00,31.95000000,31.96000000,31.07000000,31.36000000,490325.17000000
3889,2022-10-11 04:00:00,31.36000000,31.61000000,31.28000000,31.56000000,200180.27000000
3890,2022-10-11 08:00:00,31.55000000,31.64000000,31.27000000,31.55000000,164835.20000000
3891,2022-10-11 12:00:00,31.56000000,31.74000000,31.07000000,31.57000000,384356.48000000
3892,2022-10-11 16:00:00,31.57000000,31.89000000,31.13000000,31.16000000,322338.21000000
3893,2022-10-11 20:00:00,31.15000000,31.39000000,30.42000000,30.80000000,361631.64000000
3894,2022-10-12 00:00:00,30.80000000,31.12000000,30.67000000,30.94000000,158516.74000000
3895,2022-10-12 04:00:00,30.94000000,31.43000000,30.93000000,31.25000000,197471.63000000
3896,2022-10-12 08:00:00,31.26000000,31.55000000,31.15000000,31.24000000,124533.27000000
3897,2022-10-12 12:00:00,31.24000000,31.35000000,30.91000000,31.28000000,293723.70000000
3898,2022-10-12 16:00:00,31.29000000,31.29000000,30.85000000,31.11000000,173321.74000000
3899,2022-10-12 20:00:00,31.11000000,31.28000000,31.09000000,31.16000000,100644.88000000
3900,2022-10-13 00:00:00,31.15000000,31.21000000,30.52000000,30.76000000,154036.33000000
3901,2022-10-13 04:00:00,30.77000000,30.77000000,29.31000000,29.72000000,630174.55000000
3902,2022-10-13 08:00:00,29.73000000,29.96000000,28.25000000,28.80000000,927862.20000000
3903,2022-10-13 12:00:00,28.80000000,30.10000000,27.87000000,29.67000000,1706284.40000000
3904,2022-10-13 16:00:00,29.67000000,30.93000000,29.60000000,30.59000000,707567.04000000
3905,2022-10-13 20:00:00,30.59000000,30.90000000,30.49000000,30.49000000,276724.19000000
3906,2022-10-14 00:00:00,30.48000000,31.89000000,30.38000000,31.65000000,502145.95000000
3907,2022-10-14 04:00:00,31.65000000,31.98000000,31.21000000,31.33000000,308252.79000000
3908,2022-10-14 08:00:00,31.33000000,31.52000000,31.15000000,31.21000000,266840.59000000
3909,2022-10-14 12:00:00,31.22000000,31.80000000,30.81000000,30.82000000,627450.93000000
3910,2022-10-14 16:00:00,30.81000000,30.90000000,29.97000000,30.20000000,406445.48000000
3911,2022-10-14 20:00:00,30.21000000,30.30000000,29.62000000,30.00000000,272967.93000000
3912,2022-10-15 00:00:00,30.00000000,30.20000000,29.88000000,30.11000000,163766.09000000
3913,2022-10-15 04:00:00,30.11000000,30.19000000,29.85000000,30.05000000,123832.66000000
3914,2022-10-15 08:00:00,30.05000000,30.06000000,29.55000000,29.99000000,226016.33000000
3915,2022-10-15 12:00:00,29.99000000,30.10000000,29.72000000,29.92000000,191944.52000000
3916,2022-10-15 16:00:00,29.92000000,30.08000000,29.76000000,29.86000000,108930.33000000
3917,2022-10-15 20:00:00,29.86000000,29.86000000,29.42000000,29.59000000,194753.66000000
3918,2022-10-16 00:00:00,29.59000000,29.94000000,29.56000000,29.79000000,105500.25000000
3919,2022-10-16 04:00:00,29.79000000,29.92000000,29.68000000,29.76000000,100305.30000000
3920,2022-10-16 08:00:00,29.76000000,30.04000000,29.76000000,29.95000000,142375.36000000
3921,2022-10-16 12:00:00,29.95000000,30.05000000,29.82000000,29.96000000,117069.82000000
3922,2022-10-16 16:00:00,29.96000000,30.40000000,29.82000000,30.38000000,192169.67000000
3923,2022-10-16 20:00:00,30.39000000,30.53000000,29.88000000,30.17000000,277529.00000000
3924,2022-10-17 00:00:00,30.16000000,30.26000000,29.84000000,30.01000000,153880.80000000
3925,2022-10-17 04:00:00,30.01000000,30.37000000,29.95000000,30.31000000,182302.35000000
3926,2022-10-17 08:00:00,30.32000000,30.77000000,30.17000000,30.53000000,240827.79000000
3927,2022-10-17 12:00:00,30.53000000,31.21000000,30.42000000,30.93000000,589200.90000000
3928,2022-10-17 16:00:00,30.93000000,30.99000000,30.56000000,30.80000000,247512.99000000
3929,2022-10-17 20:00:00,30.79000000,31.29000000,30.76000000,31.21000000,280705.13000000
3930,2022-10-18 00:00:00,31.22000000,31.48000000,30.91000000,31.11000000,250086.91000000
3931,2022-10-18 04:00:00,31.11000000,31.25000000,30.92000000,31.12000000,248323.72000000
3932,2022-10-18 08:00:00,31.12000000,31.14000000,30.41000000,30.84000000,341279.60000000
3933,2022-10-18 12:00:00,30.84000000,31.02000000,30.13000000,30.32000000,454146.78000000
3934,2022-10-18 16:00:00,30.31000000,30.50000000,29.73000000,30.08000000,442159.78000000
3935,2022-10-18 20:00:00,30.09000000,30.48000000,30.03000000,30.15000000,230284.35000000
3936,2022-10-19 00:00:00,30.14000000,30.26000000,29.89000000,30.03000000,229614.61000000
3937,2022-10-19 04:00:00,30.03000000,30.07000000,29.76000000,30.06000000,217823.90000000
3938,2022-10-19 08:00:00,30.06000000,30.18000000,29.77000000,29.93000000,235405.78000000
3939,2022-10-19 12:00:00,29.93000000,30.02000000,29.56000000,29.99000000,338640.65000000
3940,2022-10-19 16:00:00,29.99000000,30.01000000,29.52000000,29.76000000,256137.73000000
3941,2022-10-19 20:00:00,29.75000000,29.85000000,28.61000000,28.86000000,436105.09000000
3942,2022-10-20 00:00:00,28.86000000,29.01000000,28.42000000,28.91000000,359669.33000000
3943,2022-10-20 04:00:00,28.92000000,29.37000000,28.89000000,29.25000000,361462.28000000
3944,2022-10-20 08:00:00,29.25000000,29.47000000,29.16000000,29.33000000,183359.20000000
3945,2022-10-20 12:00:00,29.34000000,29.44000000,28.96000000,29.14000000,405047.17000000
3946,2022-10-20 16:00:00,29.14000000,29.15000000,28.05000000,28.26000000,681234.50000000
3947,2022-10-20 20:00:00,28.25000000,28.41000000,27.98000000,28.01000000,388543.39000000
3948,2022-10-21 00:00:00,28.01000000,28.24000000,27.51000000,28.13000000,472778.05000000
3949,2022-10-21 04:00:00,28.13000000,28.21000000,27.84000000,27.92000000,230034.68000000
3950,2022-10-21 08:00:00,27.91000000,27.95000000,27.23000000,27.48000000,487795.32000000
3951,2022-10-21 12:00:00,27.49000000,27.72000000,26.84000000,27.58000000,1087917.27000000
3952,2022-10-21 16:00:00,27.58000000,28.26000000,27.57000000,28.19000000,678106.99000000
3953,2022-10-21 20:00:00,28.19000000,28.28000000,27.87000000,28.10000000,252246.65000000
3954,2022-10-22 00:00:00,28.10000000,28.17000000,27.66000000,27.82000000,212895.26000000
3955,2022-10-22 04:00:00,27.81000000,27.89000000,27.48000000,27.77000000,183724.71000000
3956,2022-10-22 08:00:00,27.77000000,28.02000000,27.72000000,27.99000000,183071.32000000
3957,2022-10-22 12:00:00,27.98000000,28.22000000,27.83000000,28.00000000,306959.45000000
3958,2022-10-22 16:00:00,27.99000000,28.08000000,27.64000000,27.82000000,260547.00000000
3959,2022-10-22 20:00:00,27.82000000,28.19000000,27.75000000,28.01000000,186184.89000000
3960,2022-10-23 00:00:00,28.01000000,28.58000000,27.91000000,28.36000000,319133.41000000
3961,2022-10-23 04:00:00,28.35000000,28.58000000,28.21000000,28.42000000,244944.20000000
3962,2022-10-23 08:00:00,28.42000000,28.53000000,27.93000000,27.96000000,272502.94000000
3963,2022-10-23 12:00:00,27.96000000,28.16000000,27.73000000,27.94000000,247332.64000000
3964,2022-10-23 16:00:00,27.94000000,29.03000000,27.89000000,28.81000000,565266.57000000
3965,2022-10-23 20:00:00,28.82000000,29.44000000,28.73000000,29.28000000,501644.24000000
3966,2022-10-24 00:00:00,29.28000000,29.50000000,28.57000000,28.62000000,528853.41000000
3967,2022-10-24 04:00:00,28.61000000,28.78000000,28.35000000,28.54000000,370438.68000000
3968,2022-10-24 08:00:00,28.54000000,29.20000000,28.47000000,29.13000000,305031.76000000
3969,2022-10-24 12:00:00,29.13000000,29.19000000,28.18000000,28.45000000,685230.09000000
3970,2022-10-24 16:00:00,28.44000000,28.59000000,28.16000000,28.41000000,428319.73000000
3971,2022-10-24 20:00:00,28.41000000,28.57000000,28.23000000,28.30000000,207990.85000000
3972,2022-10-25 00:00:00,28.31000000,28.53000000,28.09000000,28.47000000,238429.47000000
3973,2022-10-25 04:00:00,28.48000000,28.60000000,28.34000000,28.44000000,163162.55000000
3974,2022-10-25 08:00:00,28.43000000,28.45000000,28.05000000,28.22000000,226370.99000000
3975,2022-10-25 12:00:00,28.22000000,29.79000000,28.10000000,29.69000000,836074.33000000
3976,2022-10-25 16:00:00,29.69000000,32.31000000,29.69000000,31.50000000,2203260.83000000
3977,2022-10-25 20:00:00,31.51000000,31.58000000,30.71000000,30.86000000,722340.70000000
3978,2022-10-26 00:00:00,30.87000000,31.36000000,30.80000000,31.11000000,712746.58000000
3979,2022-10-26 04:00:00,31.11000000,31.53000000,30.98000000,31.34000000,429728.02000000
3980,2022-10-26 08:00:00,31.34000000,31.91000000,31.11000000,31.25000000,587882.36000000
3981,2022-10-26 12:00:00,31.25000000,32.17000000,30.63000000,31.42000000,1162754.19000000
3982,2022-10-26 16:00:00,31.42000000,31.67000000,30.94000000,31.27000000,532895.22000000
3983,2022-10-26 20:00:00,31.27000000,31.60000000,30.99000000,31.29000000,483678.37000000
3984,2022-10-27 00:00:00,31.29000000,31.63000000,31.06000000,31.44000000,366486.44000000
3985,2022-10-27 04:00:00,31.44000000,32.36000000,31.39000000,31.65000000,811465.27000000
3986,2022-10-27 08:00:00,31.64000000,31.85000000,31.19000000,31.37000000,375601.38000000
3987,2022-10-27 12:00:00,31.36000000,32.10000000,31.18000000,31.30000000,903302.28000000
3988,2022-10-27 16:00:00,31.31000000,31.61000000,31.10000000,31.42000000,335172.24000000
3989,2022-10-27 20:00:00,31.43000000,31.50000000,30.41000000,30.58000000,816294.74000000
3990,2022-10-28 00:00:00,30.60000000,30.86000000,30.38000000,30.68000000,279504.70000000
3991,2022-10-28 04:00:00,30.67000000,30.72000000,30.11000000,30.22000000,252086.84000000
3992,2022-10-28 08:00:00,30.22000000,30.64000000,30.21000000,30.42000000,304438.94000000
3993,2022-10-28 12:00:00,30.41000000,31.32000000,30.12000000,31.10000000,756696.99000000
3994,2022-10-28 16:00:00,31.09000000,32.28000000,31.03000000,32.01000000,871295.16000000
3995,2022-10-28 20:00:00,32.01000000,32.54000000,31.98000000,32.07000000,553449.94000000
3996,2022-10-29 00:00:00,32.06000000,33.00000000,31.85000000,32.89000000,455111.00000000
3997,2022-10-29 04:00:00,32.90000000,33.30000000,32.53000000,33.29000000,509931.66000000
3998,2022-10-29 08:00:00,33.28000000,33.84000000,32.86000000,32.97000000,802075.04000000
3999,2022-10-29 12:00:00,32.98000000,33.40000000,32.74000000,33.15000000,536452.51000000
4000,2022-10-29 16:00:00,33.15000000,33.73000000,32.77000000,32.93000000,746023.35000000
4001,2022-10-29 20:00:00,32.94000000,33.14000000,32.60000000,32.87000000,267080.53000000
4002,2022-10-30 00:00:00,32.87000000,33.26000000,32.72000000,33.00000000,199401.75000000
4003,2022-10-30 04:00:00,33.01000000,33.53000000,32.74000000,33.42000000,325807.45000000
4004,2022-10-30 08:00:00,33.41000000,33.54000000,32.38000000,32.69000000,468800.96000000
4005,2022-10-30 12:00:00,32.69000000,32.72000000,32.12000000,32.22000000,325744.71000000
4006,2022-10-30 16:00:00,32.21000000,32.49000000,32.00000000,32.34000000,187636.33000000
4007,2022-10-30 20:00:00,32.35000000,33.15000000,31.93000000,32.94000000,455120.56000000
4008,2022-10-31 00:00:00,32.93000000,33.38000000,32.41000000,32.82000000,428147.03000000
4009,2022-10-31 04:00:00,32.82000000,33.49000000,32.82000000,33.41000000,435604.75000000
4010,2022-10-31 08:00:00,33.42000000,34.39000000,33.13000000,34.03000000,674822.75000000
4011,2022-10-31 12:00:00,34.03000000,34.17000000,32.63000000,33.01000000,875478.82000000
4012,2022-10-31 16:00:00,33.00000000,33.24000000,32.54000000,32.55000000,335492.06000000
4013,2022-10-31 20:00:00,32.55000000,32.77000000,32.20000000,32.56000000,332939.66000000
4014,2022-11-01 00:00:00,32.57000000,33.00000000,32.50000000,32.61000000,299685.43000000
4015,2022-11-01 04:00:00,32.61000000,33.23000000,32.57000000,33.03000000,298206.46000000
4016,2022-11-01 08:00:00,33.03000000,33.39000000,32.83000000,32.90000000,416808.58000000
4017,2022-11-01 12:00:00,32.91000000,33.14000000,32.27000000,32.48000000,449419.71000000
4018,2022-11-01 16:00:00,32.47000000,32.59000000,32.16000000,32.22000000,352744.37000000
4019,2022-11-01 20:00:00,32.22000000,32.44000000,32.15000000,32.20000000,198865.97000000
4020,2022-11-02 00:00:00,32.20000000,32.38000000,31.93000000,32.26000000,297246.16000000
4021,2022-11-02 04:00:00,32.26000000,32.42000000,31.53000000,31.73000000,262962.88000000
4022,2022-11-02 08:00:00,31.72000000,31.96000000,31.11000000,31.30000000,305883.32000000
4023,2022-11-02 12:00:00,31.30000000,31.56000000,31.13000000,31.33000000,264540.41000000
4024,2022-11-02 16:00:00,31.32000000,32.95000000,30.83000000,30.91000000,1540435.33000000
4025,2022-11-02 20:00:00,30.91000000,31.03000000,30.24000000,30.80000000,752761.03000000
4026,2022-11-03 00:00:00,30.81000000,31.81000000,30.61000000,31.64000000,474173.07000000
4027,2022-11-03 04:00:00,31.65000000,32.25000000,31.59000000,31.64000000,521452.92000000
4028,2022-11-03 08:00:00,31.65000000,32.06000000,31.13000000,31.26000000,370131.33000000
4029,2022-11-03 12:00:00,31.26000000,31.57000000,30.86000000,31.20000000,485842.00000000
4030,2022-11-03 16:00:00,31.19000000,31.44000000,31.16000000,31.31000000,209752.85000000
4031,2022-11-03 20:00:00,31.31000000,31.43000000,30.62000000,30.85000000,241514.29000000
4032,2022-11-04 00:00:00,30.86000000,31.94000000,30.66000000,31.94000000,343677.18000000
4033,2022-11-04 04:00:00,31.94000000,32.58000000,31.68000000,32.39000000,471661.59000000
4034,2022-11-04 08:00:00,32.39000000,32.77000000,32.15000000,32.31000000,401674.70000000
4035,2022-11-04 12:00:00,32.31000000,34.00000000,31.87000000,33.13000000,1628402.92000000
4036,2022-11-04 16:00:00,33.12000000,33.53000000,32.70000000,33.50000000,853309.39000000
4037,2022-11-04 20:00:00,33.50000000,34.20000000,33.38000000,33.74000000,408044.82000000
4038,2022-11-05 00:00:00,33.73000000,35.04000000,33.66000000,34.70000000,734857.69000000
4039,2022-11-05 04:00:00,34.69000000,35.60000000,34.51000000,35.24000000,586297.44000000
4040,2022-11-05 08:00:00,35.23000000,35.55000000,34.80000000,35.42000000,485063.26000000
4041,2022-11-05 12:00:00,35.42000000,38.08000000,34.39000000,37.24000000,2117180.92000000
4042,2022-11-05 16:00:00,37.24000000,38.79000000,35.77000000,37.09000000,2860405.24000000
4043,2022-11-05 20:00:00,37.10000000,37.32000000,36.46000000,36.90000000,682278.97000000
4044,2022-11-06 00:00:00,36.90000000,37.06000000,35.63000000,36.01000000,695528.90000000
4045,2022-11-06 04:00:00,36.01000000,36.23000000,35.53000000,36.16000000,462434.07000000
4046,2022-11-06 08:00:00,36.17000000,36.41000000,35.57000000,35.75000000,525314.25000000
4047,2022-11-06 12:00:00,35.75000000,36.00000000,34.96000000,35.05000000,619567.77000000
4048,2022-11-06 16:00:00,35.06000000,35.40000000,33.71000000,34.19000000,1204661.69000000
4049,2022-11-06 20:00:00,34.18000000,34.18000000,32.31000000,32.62000000,1214567.37000000
4050,2022-11-07 00:00:00,32.61000000,33.13000000,32.12000000,32.44000000,1154992.40000000
4051,2022-11-07 04:00:00,32.45000000,32.57000000,30.70000000,30.78000000,1378203.07000000
4052,2022-11-07 08:00:00,30.78000000,31.93000000,30.62000000,31.62000000,1393003.72000000
4053,2022-11-07 12:00:00,31.61000000,32.85000000,30.87000000,32.82000000,2014952.62000000
4054,2022-11-07 16:00:00,32.82000000,32.87000000,31.86000000,32.38000000,1178455.54000000
4055,2022-11-07 20:00:00,32.38000000,32.47000000,28.00000000,29.62000000,2691330.29000000
4056,2022-11-08 00:00:00,29.62000000,29.70000000,26.00000000,26.50000000,3150564.19000000
4057,2022-11-08 04:00:00,26.50000000,28.68000000,25.00000000,27.96000000,4766524.40000000
4058,2022-11-08 08:00:00,27.95000000,29.09000000,27.78000000,28.00000000,2580096.64000000
4059,2022-11-08 12:00:00,28.01000000,28.51000000,26.65000000,27.72000000,2518673.67000000
4060,2022-11-08 16:00:00,27.71000000,31.72000000,19.80000000,23.77000000,11909662.88900000
4061,2022-11-08 20:00:00,23.77000000,24.73000000,22.63000000,24.38000000,3231322.23000000
4062,2022-11-09 00:00:00,24.38000000,24.38000000,21.21000000,22.10000000,2357501.32000000
4063,2022-11-09 04:00:00,22.11000000,22.17000000,19.12000000,19.29000000,4995851.81100000
4064,2022-11-09 08:00:00,19.29000000,20.48000000,16.24000000,20.05000000,8122742.53600000
4065,2022-11-09 12:00:00,20.05000000,20.77000000,15.73000000,16.07000000,5364086.02000000
4066,2022-11-09 16:00:00,16.08000000,17.84000000,12.54000000,13.84000000,8213011.12900000
4067,2022-11-09 20:00:00,13.85000000,14.87000000,12.37000000,14.08000000,5911828.26000000
4068,2022-11-10 00:00:00,14.08000000,16.05000000,13.19000000,15.28000000,6015387.12000000
4069,2022-11-10 04:00:00,15.29000000,16.06000000,14.53000000,15.34000000,3283068.17000000
4070,2022-11-10 08:00:00,15.34000000,15.34000000,13.14000000,14.15000000,5377360.28000000
4071,2022-11-10 12:00:00,14.16000000,18.55000000,14.00000000,17.67000000,9163169.14000000
4072,2022-11-10 16:00:00,17.66000000,18.87000000,16.24000000,17.28000000,4575888.02000000
4073,2022-11-10 20:00:00,17.29000000,18.50000000,16.90000000,17.66000000,2863406.52000000
4074,2022-11-11 00:00:00,17.65000000,18.15000000,15.81000000,16.39000000,3003478.34000000
4075,2022-11-11 04:00:00,16.38000000,17.69000000,16.16000000,17.22000000,2208973.03000000
4076,2022-11-11 08:00:00,17.22000000,18.31000000,17.07000000,18.13000000,2391622.73000000
4077,2022-11-11 12:00:00,18.13000000,18.28000000,15.10000000,16.46000000,5046514.99000000
4078,2022-11-11 16:00:00,16.46000000,16.65000000,15.79000000,16.22000000,2260156.65000000
4079,2022-11-11 20:00:00,16.21000000,16.50000000,15.37000000,16.45000000,2041577.41000000
4080,2022-11-12 00:00:00,16.46000000,16.53000000,15.67000000,15.81000000,1124481.62000000
4081,2022-11-12 04:00:00,15.82000000,15.93000000,14.75000000,15.49000000,1817137.06000000
4082,2022-11-12 08:00:00,15.49000000,15.70000000,15.04000000,15.31000000,1147866.67000000
4083,2022-11-12 12:00:00,15.31000000,15.50000000,14.79000000,14.82000000,1261953.55000000
4084,2022-11-12 16:00:00,14.82000000,15.26000000,14.76000000,15.16000000,776156.64000000
4085,2022-11-12 20:00:00,15.15000000,15.17000000,14.47000000,14.58000000,830670.60000000
4086,2022-11-13 00:00:00,14.58000000,14.74000000,14.04000000,14.55000000,1222011.94000000
4087,2022-11-13 04:00:00,14.55000000,14.67000000,13.50000000,13.95000000,1793481.86000000
4088,2022-11-13 08:00:00,13.95000000,13.99000000,13.33000000,13.78000000,1180164.05000000
4089,2022-11-13 12:00:00,13.78000000,14.43000000,13.61000000,14.06000000,1306750.21000000
4090,2022-11-13 16:00:00,14.05000000,14.19000000,13.63000000,13.99000000,877310.81000000
4091,2022-11-13 20:00:00,13.98000000,14.02000000,13.02000000,13.18000000,1252685.95000000
4092,2022-11-14 00:00:00,13.18000000,13.34000000,12.07000000,13.00000000,2111257.26000000
4093,2022-11-14 04:00:00,13.01000000,14.98000000,12.46000000,14.54000000,3618340.02000000
4094,2022-11-14 08:00:00,14.54000000,15.01000000,14.19000000,14.22000000,1937458.40000000
4095,2022-11-14 12:00:00,14.23000000,14.97000000,13.50000000,13.72000000,2232685.47000000
4096,2022-11-14 16:00:00,13.72000000,14.24000000,13.25000000,13.74000000,1363411.59000000
4097,2022-11-14 20:00:00,13.75000000,14.23000000,13.59000000,14.00000000,1149029.21000000
4098,2022-11-15 00:00:00,14.00000000,14.47000000,13.82000000,14.20000000,1540066.64000000
4099,2022-11-15 04:00:00,14.19000000,14.70000000,13.91000000,14.48000000,886363.24000000
4100,2022-11-15 08:00:00,14.48000000,14.91000000,14.45000000,14.53000000,1007658.10000000
4101,2022-11-15 12:00:00,14.54000000,15.10000000,14.05000000,14.35000000,2461508.00000000
4102,2022-11-15 16:00:00,14.34000000,14.62000000,14.05000000,14.34000000,1151648.87000000
4103,2022-11-15 20:00:00,14.35000000,14.44000000,14.15000000,14.32000000,619411.49000000
4104,2022-11-16 00:00:00,14.32000000,14.60000000,14.10000000,14.51000000,657226.37000000
4105,2022-11-16 04:00:00,14.51000000,14.57000000,14.27000000,14.34000000,387600.34000000
4106,2022-11-16 08:00:00,14.34000000,14.64000000,14.08000000,14.17000000,830595.70000000
4107,2022-11-16 12:00:00,14.16000000,14.20000000,13.67000000,13.77000000,976441.57000000
4108,2022-11-16 16:00:00,13.77000000,14.22000000,13.64000000,14.12000000,771825.60000000
4109,2022-11-16 20:00:00,14.12000000,14.42000000,14.10000000,14.27000000,493722.90000000
4110,2022-11-17 00:00:00,14.27000000,14.50000000,14.19000000,14.25000000,567541.38000000
4111,2022-11-17 04:00:00,14.25000000,14.43000000,14.06000000,14.27000000,527256.73000000
4112,2022-11-17 08:00:00,14.26000000,14.34000000,14.07000000,14.22000000,408761.00000000
4113,2022-11-17 12:00:00,14.22000000,14.23000000,12.93000000,13.52000000,3575623.04000000
4114,2022-11-17 16:00:00,13.52000000,13.76000000,13.32000000,13.45000000,1016422.57000000
4115,2022-11-17 20:00:00,13.44000000,13.81000000,13.40000000,13.65000000,493673.27000000
4116,2022-11-18 00:00:00,13.65000000,13.89000000,13.55000000,13.72000000,480753.17000000
4117,2022-11-18 04:00:00,13.71000000,13.74000000,13.55000000,13.62000000,409495.67000000
4118,2022-11-18 08:00:00,13.62000000,13.73000000,13.47000000,13.57000000,418796.81000000
4119,2022-11-18 12:00:00,13.57000000,13.65000000,13.25000000,13.37000000,602775.01000000
4120,2022-11-18 16:00:00,13.37000000,13.41000000,13.00000000,13.17000000,729169.18000000
4121,2022-11-18 20:00:00,13.16000000,13.30000000,13.12000000,13.27000000,308505.34000000
4122,2022-11-19 00:00:00,13.28000000,13.28000000,12.65000000,12.88000000,517751.37000000
4123,2022-11-19 04:00:00,12.88000000,13.02000000,12.71000000,12.85000000,438007.01000000
4124,2022-11-19 08:00:00,12.86000000,13.00000000,12.80000000,12.85000000,357826.35000000
4125,2022-11-19 12:00:00,12.85000000,12.89000000,12.58000000,12.72000000,804885.83000000
4126,2022-11-19 16:00:00,12.72000000,12.90000000,12.66000000,12.79000000,426585.60000000
4127,2022-11-19 20:00:00,12.80000000,12.98000000,12.76000000,12.84000000,375092.06000000
4128,2022-11-20 00:00:00,12.84000000,12.94000000,12.70000000,12.92000000,343988.74000000
4129,2022-11-20 04:00:00,12.92000000,13.58000000,12.92000000,13.06000000,912773.91000000
4130,2022-11-20 08:00:00,13.07000000,13.09000000,12.55000000,12.55000000,676754.45000000
4131,2022-11-20 12:00:00,12.56000000,13.16000000,12.47000000,13.00000000,1322186.48000000
4132,2022-11-20 16:00:00,13.00000000,13.03000000,12.67000000,12.76000000,499004.92000000
4133,2022-11-20 20:00:00,12.76000000,12.80000000,12.10000000,12.27000000,1035357.53000000
4134,2022-11-21 00:00:00,12.26000000,12.29000000,11.56000000,11.75000000,1289966.67900000
4135,2022-11-21 04:00:00,11.75000000,12.01000000,11.65000000,11.72000000,624418.54000000
4136,2022-11-21 08:00:00,11.72000000,11.90000000,11.54000000,11.81000000,701364.85000000
4137,2022-11-21 12:00:00,11.82000000,12.17000000,11.73000000,11.92000000,692115.91000000
4138,2022-11-21 16:00:00,11.92000000,12.08000000,11.27000000,11.42000000,804191.81000000
4139,2022-11-21 20:00:00,11.42000000,12.01000000,11.40000000,11.83000000,809119.47000000
4140,2022-11-22 00:00:00,11.83000000,12.08000000,11.57000000,11.61000000,506063.67000000
4141,2022-11-22 04:00:00,11.60000000,11.70000000,11.32000000,11.51000000,463750.54000000
4142,2022-11-22 08:00:00,11.51000000,11.52000000,11.00000000,11.04000000,744493.62000000
4143,2022-11-22 12:00:00,11.03000000,12.09000000,10.94000000,12.06000000,2010281.87000000
4144,2022-11-22 16:00:00,12.06000000,12.18000000,11.66000000,11.84000000,951420.86000000
4145,2022-11-22 20:00:00,11.83000000,12.50000000,11.83000000,12.44000000,819340.99000000
4146,2022-11-23 00:00:00,12.43000000,13.44000000,12.40000000,13.08000000,1593649.05000000
4147,2022-11-23 04:00:00,13.07000000,13.27000000,12.82000000,13.13000000,945981.30000000
4148,2022-11-23 08:00:00,13.14000000,13.48000000,12.94000000,13.34000000,1322384.64000000
4149,2022-11-23 12:00:00,13.33000000,13.37000000,12.71000000,13.08000000,997254.12000000
4150,2022-11-23 16:00:00,13.09000000,14.50000000,12.99000000,14.06000000,1772751.94000000
4151,2022-11-23 20:00:00,14.06000000,14.48000000,13.85000000,14.36000000,1240861.37000000
4152,2022-11-24 00:00:00,14.36000000,14.96000000,13.98000000,14.61000000,1304787.00000000
4153,2022-11-24 04:00:00,14.62000000,14.63000000,14.18000000,14.42000000,688211.66000000
4154,2022-11-24 08:00:00,14.41000000,14.50000000,13.84000000,14.09000000,834645.73000000
4155,2022-11-24 12:00:00,14.10000000,14.55000000,13.99000000,14.44000000,777070.26000000
4156,2022-11-24 16:00:00,14.44000000,14.79000000,14.32000000,14.44000000,700397.46000000
4157,2022-11-24 20:00:00,14.43000000,14.68000000,14.30000000,14.59000000,420183.58000000
4158,2022-11-25 00:00:00,14.60000000,14.61000000,13.97000000,14.20000000,708215.93000000
4159,2022-11-25 04:00:00,14.20000000,14.26000000,13.91000000,14.24000000,353220.11000000
4160,2022-11-25 08:00:00,14.25000000,14.48000000,13.98000000,14.31000000,518154.54000000
4161,2022-11-25 12:00:00,14.31000000,14.43000000,14.04000000,14.15000000,464052.35000000
4162,2022-11-25 16:00:00,14.15000000,14.23000000,13.95000000,14.23000000,382103.64000000
4163,2022-11-25 20:00:00,14.22000000,14.31000000,14.01000000,14.03000000,393768.71000000
4164,2022-11-26 00:00:00,14.03000000,14.58000000,13.99000000,14.37000000,606534.42000000
4165,2022-11-26 04:00:00,14.37000000,14.50000000,14.23000000,14.48000000,280775.13000000
4166,2022-11-26 08:00:00,14.47000000,14.98000000,14.34000000,14.75000000,685572.37000000
4167,2022-11-26 12:00:00,14.74000000,14.76000000,14.35000000,14.42000000,537541.19000000
4168,2022-11-26 16:00:00,14.43000000,14.44000000,14.07000000,14.24000000,453898.11000000
4169,2022-11-26 20:00:00,14.23000000,14.24000000,13.97000000,14.17000000,347506.56000000
4170,2022-11-27 00:00:00,14.17000000,14.31000000,14.06000000,14.27000000,196670.96000000
4171,2022-11-27 04:00:00,14.26000000,14.45000000,14.21000000,14.31000000,331020.32000000
4172,2022-11-27 08:00:00,14.32000000,14.38000000,14.21000000,14.35000000,308343.89000000
4173,2022-11-27 12:00:00,14.35000000,14.43000000,14.16000000,14.41000000,497854.74000000
4174,2022-11-27 16:00:00,14.41000000,14.43000000,14.21000000,14.31000000,314695.94000000
4175,2022-11-27 20:00:00,14.30000000,14.44000000,14.05000000,14.12000000,414741.23000000
4176,2022-11-28 00:00:00,14.11000000,14.17000000,12.78000000,13.10000000,1695674.89000000
4177,2022-11-28 04:00:00,13.10000000,13.54000000,13.05000000,13.43000000,611188.17000000
4178,2022-11-28 08:00:00,13.43000000,13.56000000,13.27000000,13.47000000,439739.80000000
4179,2022-11-28 12:00:00,13.46000000,13.53000000,13.09000000,13.23000000,611750.58000000
4180,2022-11-28 16:00:00,13.24000000,13.76000000,13.00000000,13.35000000,1089451.06000000
4181,2022-11-28 20:00:00,13.36000000,13.43000000,13.27000000,13.32000000,270877.94000000
4182,2022-11-29 00:00:00,13.33000000,13.58000000,13.14000000,13.47000000,517271.43000000
4183,2022-11-29 04:00:00,13.47000000,13.90000000,13.45000000,13.73000000,538930.83000000
4184,2022-11-29 08:00:00,13.74000000,13.96000000,13.60000000,13.64000000,432829.49000000
4185,2022-11-29 12:00:00,13.65000000,13.67000000,13.33000000,13.44000000,450215.65000000
4186,2022-11-29 16:00:00,13.45000000,13.46000000,13.28000000,13.42000000,353643.23000000
4187,2022-11-29 20:00:00,13.42000000,13.47000000,13.27000000,13.34000000,312745.78000000
4188,2022-11-30 00:00:00,13.35000000,13.93000000,13.33000000,13.50000000,790849.05000000
4189,2022-11-30 04:00:00,13.50000000,13.74000000,13.50000000,13.70000000,450113.18000000
4190,2022-11-30 08:00:00,13.71000000,13.80000000,13.65000000,13.71000000,323399.78000000
4191,2022-11-30 12:00:00,13.72000000,13.73000000,13.47000000,13.53000000,545748.63000000
4192,2022-11-30 16:00:00,13.53000000,13.85000000,13.21000000,13.64000000,835400.30000000
4193,2022-11-30 20:00:00,13.65000000,14.32000000,13.61000000,14.16000000,654451.94000000
4194,2022-12-01 00:00:00,14.17000000,14.19000000,13.81000000,13.92000000,516665.30000000
4195,2022-12-01 04:00:00,13.93000000,14.00000000,13.81000000,13.81000000,295307.78000000
4196,2022-12-01 08:00:00,13.82000000,13.93000000,13.74000000,13.82000000,289582.23000000
4197,2022-12-01 12:00:00,13.82000000,13.95000000,13.46000000,13.62000000,754215.84000000
4198,2022-12-01 16:00:00,13.63000000,13.65000000,13.50000000,13.52000000,331101.19000000
4199,2022-12-01 20:00:00,13.52000000,13.57000000,13.40000000,13.51000000,380963.58000000
4200,2022-12-02 00:00:00,13.51000000,13.68000000,13.33000000,13.44000000,448577.90000000
4201,2022-12-02 04:00:00,13.44000000,13.56000000,13.33000000,13.53000000,198752.17000000
4202,2022-12-02 08:00:00,13.52000000,13.68000000,13.49000000,13.61000000,446116.88000000
4203,2022-12-02 12:00:00,13.61000000,13.84000000,13.37000000,13.54000000,923939.63000000
4204,2022-12-02 16:00:00,13.53000000,13.70000000,13.45000000,13.69000000,415308.51000000
4205,2022-12-02 20:00:00,13.69000000,13.79000000,13.66000000,13.71000000,432313.62000000
4206,2022-12-03 00:00:00,13.71000000,13.77000000,13.56000000,13.63000000,316364.23000000
4207,2022-12-03 04:00:00,13.64000000,13.69000000,13.51000000,13.56000000,371197.97000000
4208,2022-12-03 08:00:00,13.56000000,13.60000000,13.44000000,13.50000000,314706.15000000
4209,2022-12-03 12:00:00,13.49000000,13.59000000,13.48000000,13.58000000,238984.91000000
4210,2022-12-03 16:00:00,13.57000000,13.64000000,13.48000000,13.52000000,341532.27000000
4211,2022-12-03 20:00:00,13.52000000,13.53000000,13.20000000,13.29000000,376073.85000000
4212,2022-12-04 00:00:00,13.29000000,13.54000000,13.27000000,13.42000000,292250.57000000
4213,2022-12-04 04:00:00,13.42000000,13.52000000,13.41000000,13.46000000,182301.59000000
4214,2022-12-04 08:00:00,13.46000000,13.48000000,13.34000000,13.38000000,171736.09000000
4215,2022-12-04 12:00:00,13.37000000,13.51000000,13.35000000,13.48000000,387213.20000000
4216,2022-12-04 16:00:00,13.48000000,13.57000000,13.44000000,13.55000000,348026.24000000
4217,2022-12-04 20:00:00,13.54000000,13.75000000,13.53000000,13.71000000,396591.06000000
4218,2022-12-05 00:00:00,13.71000000,14.17000000,13.66000000,13.91000000,1050138.96000000
4219,2022-12-05 04:00:00,13.90000000,14.04000000,13.84000000,13.93000000,535585.24000000
4220,2022-12-05 08:00:00,13.93000000,14.09000000,13.93000000,13.98000000,578589.48000000
4221,2022-12-05 12:00:00,13.98000000,14.00000000,13.66000000,13.75000000,516445.58000000
4222,2022-12-05 16:00:00,13.76000000,14.01000000,13.58000000,13.68000000,649831.71000000
4223,2022-12-05 20:00:00,13.68000000,14.00000000,13.65000000,13.82000000,631898.92000000
4224,2022-12-06 00:00:00,13.82000000,14.29000000,13.81000000,14.16000000,713044.75000000
4225,2022-12-06 04:00:00,14.17000000,14.38000000,14.02000000,14.15000000,794620.39000000
4226,2022-12-06 08:00:00,14.14000000,14.19000000,13.89000000,14.02000000,469923.40000000
4227,2022-12-06 12:00:00,14.01000000,14.12000000,13.90000000,13.98000000,480046.39000000
4228,2022-12-06 16:00:00,13.98000000,14.10000000,13.93000000,14.01000000,364885.65000000
4229,2022-12-06 20:00:00,14.01000000,14.31000000,14.01000000,14.30000000,457564.13000000
4230,2022-12-07 00:00:00,14.30000000,14.34000000,14.04000000,14.05000000,352263.28000000
4231,2022-12-07 04:00:00,14.04000000,14.08000000,13.57000000,13.62000000,623101.86000000
4232,2022-12-07 08:00:00,13.62000000,13.73000000,13.39000000,13.62000000,711114.73000000
4233,2022-12-07 12:00:00,13.61000000,13.73000000,13.58000000,13.68000000,392833.67000000
4234,2022-12-07 16:00:00,13.68000000,13.74000000,13.53000000,13.58000000,248443.90000000
4235,2022-12-07 20:00:00,13.57000000,13.62000000,13.46000000,13.49000000,319573.22000000
4236,2022-12-08 00:00:00,13.49000000,13.54000000,13.32000000,13.45000000,430899.14000000
4237,2022-12-08 04:00:00,13.45000000,13.55000000,13.27000000,13.51000000,469654.74000000
4238,2022-12-08 08:00:00,13.50000000,13.59000000,13.39000000,13.50000000,392925.77000000
4239,2022-12-08 12:00:00,13.49000000,13.62000000,13.43000000,13.57000000,326431.81000000
4240,2022-12-08 16:00:00,13.57000000,13.77000000,13.54000000,13.73000000,328560.24000000
4241,2022-12-08 20:00:00,13.74000000,13.77000000,13.62000000,13.69000000,269899.32000000
4242,2022-12-09 00:00:00,13.69000000,13.79000000,13.62000000,13.75000000,284231.05000000
4243,2022-12-09 04:00:00,13.74000000,13.75000000,13.64000000,13.70000000,175010.40000000
4244,2022-12-09 08:00:00,13.70000000,14.02000000,13.64000000,13.86000000,746052.13000000
4245,2022-12-09 12:00:00,13.87000000,13.93000000,13.68000000,13.87000000,629147.17000000
4246,2022-12-09 16:00:00,13.87000000,13.89000000,13.55000000,13.62000000,504241.49000000
4247,2022-12-09 20:00:00,13.61000000,13.63000000,13.51000000,13.59000000,259259.72000000
4248,2022-12-10 00:00:00,13.58000000,13.66000000,13.55000000,13.62000000,133110.77000000
4249,2022-12-10 04:00:00,13.62000000,13.73000000,13.61000000,13.62000000,190259.39000000
4250,2022-12-10 08:00:00,13.62000000,13.64000000,13.55000000,13.59000000,156301.70000000
4251,2022-12-10 12:00:00,13.59000000,13.67000000,13.56000000,13.64000000,199769.55000000
4252,2022-12-10 16:00:00,13.64000000,13.70000000,13.61000000,13.64000000,132791.41000000
4253,2022-12-10 20:00:00,13.65000000,13.69000000,13.54000000,13.58000000,137885.29000000
4254,2022-12-11 00:00:00,13.58000000,13.65000000,13.53000000,13.64000000,102010.68000000
4255,2022-12-11 04:00:00,13.65000000,13.67000000,13.61000000,13.64000000,81456.55000000
4256,2022-12-11 08:00:00,13.64000000,13.66000000,13.62000000,13.63000000,88423.68000000
4257,2022-12-11 12:00:00,13.63000000,13.77000000,13.62000000,13.66000000,280869.78000000
4258,2022-12-11 16:00:00,13.66000000,13.80000000,13.64000000,13.73000000,190547.28000000
4259,2022-12-11 20:00:00,13.73000000,13.73000000,13.39000000,13.42000000,466926.59000000
4260,2022-12-12 00:00:00,13.42000000,13.50000000,12.82000000,12.96000000,684509.85000000
4261,2022-12-12 04:00:00,12.97000000,13.04000000,12.93000000,12.98000000,229553.35000000
4262,2022-12-12 08:00:00,12.98000000,13.25000000,12.96000000,13.17000000,342916.86000000
4263,2022-12-12 12:00:00,13.17000000,13.20000000,13.01000000,13.10000000,422720.69000000
4264,2022-12-12 16:00:00,13.11000000,13.25000000,13.10000000,13.23000000,585908.32000000
4265,2022-12-12 20:00:00,13.24000000,13.39000000,13.20000000,13.31000000,378408.01000000
4266,2022-12-13 00:00:00,13.31000000,13.39000000,13.06000000,13.09000000,314835.95000000
4267,2022-12-13 04:00:00,13.08000000,13.18000000,12.76000000,12.96000000,485780.25000000
4268,2022-12-13 08:00:00,12.96000000,13.36000000,12.92000000,13.35000000,557708.69000000
4269,2022-12-13 12:00:00,13.35000000,14.15000000,13.18000000,13.72000000,1921238.52000000
4270,2022-12-13 16:00:00,13.73000000,13.84000000,13.57000000,13.79000000,410533.64000000
4271,2022-12-13 20:00:00,13.79000000,13.90000000,13.72000000,13.89000000,273857.44000000
4272,2022-12-14 00:00:00,13.90000000,14.00000000,13.82000000,13.96000000,322080.90000000
4273,2022-12-14 04:00:00,13.95000000,14.04000000,13.81000000,13.90000000,241258.08000000
4274,2022-12-14 08:00:00,13.90000000,14.02000000,13.90000000,13.97000000,285151.87000000
4275,2022-12-14 12:00:00,13.97000000,14.55000000,13.95000000,14.48000000,1034140.62000000
4276,2022-12-14 16:00:00,14.48000000,14.96000000,14.15000000,14.30000000,2475560.80000000
4277,2022-12-14 20:00:00,14.30000000,14.48000000,14.07000000,14.12000000,726398.86000000
4278,2022-12-15 00:00:00,14.12000000,14.52000000,13.86000000,14.38000000,795916.19000000
4279,2022-12-15 04:00:00,14.38000000,14.40000000,14.13000000,14.14000000,321837.34000000
4280,2022-12-15 08:00:00,14.15000000,14.20000000,14.02000000,14.10000000,359044.34000000
4281,2022-12-15 12:00:00,14.10000000,14.16000000,13.86000000,14.00000000,579269.97000000
4282,2022-12-15 16:00:00,13.99000000,14.13000000,13.87000000,14.11000000,327657.82000000
4283,2022-12-15 20:00:00,14.11000000,14.20000000,13.92000000,14.04000000,327655.59000000
4284,2022-12-16 00:00:00,14.05000000,14.17000000,13.88000000,14.04000000,275922.43000000
4285,2022-12-16 04:00:00,14.04000000,14.11000000,13.91000000,14.09000000,181300.50000000
4286,2022-12-16 08:00:00,14.09000000,14.10000000,13.35000000,13.50000000,889284.58000000
4287,2022-12-16 12:00:00,13.50000000,13.50000000,12.95000000,13.01000000,826641.11000000
4288,2022-12-16 16:00:00,13.01000000,13.11000000,12.63000000,13.01000000,1040221.64000000
4289,2022-12-16 20:00:00,13.01000000,13.11000000,12.00000000,12.25000000,1309462.97000000
4290,2022-12-17 00:00:00,12.25000000,12.38000000,11.92000000,12.26000000,718844.63000000
4291,2022-12-17 04:00:00,12.26000000,12.60000000,12.18000000,12.46000000,525323.08000000
4292,2022-12-17 08:00:00,12.46000000,12.50000000,12.25000000,12.31000000,455539.67000000
4293,2022-12-17 12:00:00,12.30000000,12.37000000,12.21000000,12.31000000,268002.46000000
4294,2022-12-17 16:00:00,12.31000000,12.34000000,12.14000000,12.26000000,247215.79000000
4295,2022-12-17 20:00:00,12.26000000,12.55000000,12.24000000,12.51000000,250954.82000000
4296,2022-12-18 00:00:00,12.50000000,12.55000000,12.37000000,12.49000000,156460.98000000
4297,2022-12-18 04:00:00,12.49000000,12.60000000,12.41000000,12.43000000,338082.87000000
4298,2022-12-18 08:00:00,12.43000000,12.48000000,12.25000000,12.39000000,201210.74000000
4299,2022-12-18 12:00:00,12.39000000,12.45000000,12.29000000,12.31000000,128086.23000000
4300,2022-12-18 16:00:00,12.31000000,12.54000000,12.29000000,12.44000000,237139.13000000
4301,2022-12-18 20:00:00,12.45000000,12.60000000,12.34000000,12.38000000,297613.54000000
4302,2022-12-19 00:00:00,12.38000000,12.59000000,12.16000000,12.23000000,429193.79000000
4303,2022-12-19 04:00:00,12.24000000,12.34000000,12.18000000,12.24000000,231928.98000000
4304,2022-12-19 08:00:00,12.23000000,12.36000000,12.21000000,12.28000000,243717.28000000
4305,2022-12-19 12:00:00,12.28000000,12.34000000,12.15000000,12.17000000,338470.57000000
4306,2022-12-19 16:00:00,12.17000000,12.23000000,11.92000000,12.02000000,695590.11000000
4307,2022-12-19 20:00:00,12.02000000,12.15000000,11.66000000,11.94000000,446151.86000000
4308,2022-12-20 00:00:00,11.94000000,12.32000000,11.84000000,12.19000000,359728.61000000
4309,2022-12-20 04:00:00,12.20000000,12.45000000,12.19000000,12.34000000,234037.82000000
4310,2022-12-20 08:00:00,12.35000000,12.44000000,12.31000000,12.38000000,169877.22000000
4311,2022-12-20 12:00:00,12.38000000,12.49000000,12.19000000,12.35000000,441786.15000000
4312,2022-12-20 16:00:00,12.34000000,12.35000000,12.12000000,12.24000000,277219.47000000
4313,2022-12-20 20:00:00,12.24000000,12.33000000,12.20000000,12.26000000,216607.10000000
4314,2022-12-21 00:00:00,12.26000000,12.29000000,12.06000000,12.08000000,260918.12000000
4315,2022-12-21 04:00:00,12.08000000,12.11000000,11.92000000,12.03000000,239155.41000000
4316,2022-12-21 08:00:00,12.03000000,12.15000000,11.97000000,12.11000000,221212.33000000
4317,2022-12-21 12:00:00,12.11000000,12.13000000,11.93000000,12.07000000,336527.52000000
4318,2022-12-21 16:00:00,12.07000000,12.07000000,11.93000000,11.96000000,178531.70000000
4319,2022-12-21 20:00:00,11.96000000,12.22000000,11.90000000,12.14000000,313429.58000000
4320,2022-12-22 00:00:00,12.14000000,12.19000000,12.08000000,12.12000000,143874.58000000
4321,2022-12-22 04:00:00,12.13000000,12.15000000,11.98000000,12.07000000,150129.97000000
4322,2022-12-22 08:00:00,12.06000000,12.17000000,12.04000000,12.12000000,205526.86000000
4323,2022-12-22 12:00:00,12.11000000,12.15000000,11.72000000,11.77000000,482153.82000000
4324,2022-12-22 16:00:00,11.76000000,11.88000000,11.69000000,11.84000000,251415.19000000
4325,2022-12-22 20:00:00,11.85000000,12.10000000,11.67000000,11.82000000,572306.67000000
4326,2022-12-23 00:00:00,11.81000000,12.11000000,11.72000000,12.02000000,379335.57000000
4327,2022-12-23 04:00:00,12.03000000,12.04000000,11.84000000,11.89000000,273430.71000000
4328,2022-12-23 08:00:00,11.90000000,11.98000000,11.80000000,11.89000000,234649.35000000
4329,2022-12-23 12:00:00,11.88000000,11.97000000,11.77000000,11.85000000,444341.84000000
4330,2022-12-23 16:00:00,11.84000000,11.88000000,11.79000000,11.86000000,150053.85000000
4331,2022-12-23 20:00:00,11.86000000,11.88000000,11.75000000,11.78000000,165571.00000000
4332,2022-12-24 00:00:00,11.79000000,11.79000000,11.71000000,11.78000000,152556.50000000
4333,2022-12-24 04:00:00,11.78000000,11.79000000,11.07000000,11.37000000,1085251.89000000
4334,2022-12-24 08:00:00,11.36000000,11.38000000,11.20000000,11.33000000,367259.38000000
4335,2022-12-24 12:00:00,11.32000000,11.40000000,11.27000000,11.37000000,192156.83000000
4336,2022-12-24 16:00:00,11.38000000,11.57000000,11.34000000,11.56000000,293690.30000000
4337,2022-12-24 20:00:00,11.55000000,11.61000000,11.35000000,11.45000000,195963.24000000
4338,2022-12-25 00:00:00,11.45000000,11.50000000,11.40000000,11.47000000,98390.16000000
4339,2022-12-25 04:00:00,11.47000000,11.56000000,11.40000000,11.48000000,143708.70000000
4340,2022-12-25 08:00:00,11.49000000,11.51000000,11.37000000,11.40000000,129036.17000000
4341,2022-12-25 12:00:00,11.40000000,11.44000000,11.24000000,11.34000000,240136.93000000
4342,2022-12-25 16:00:00,11.35000000,11.40000000,11.27000000,11.39000000,164934.40000000
4343,2022-12-25 20:00:00,11.40000000,11.45000000,11.32000000,11.38000000,140211.28000000
4344,2022-12-26 00:00:00,11.39000000,11.49000000,11.25000000,11.43000000,245991.33000000
4345,2022-12-26 04:00:00,11.43000000,11.45000000,11.27000000,11.32000000,171761.81000000
4346,2022-12-26 08:00:00,11.32000000,11.37000000,11.27000000,11.35000000,200666.40000000
4347,2022-12-26 12:00:00,11.35000000,11.38000000,11.12000000,11.19000000,362855.53000000
4348,2022-12-26 16:00:00,11.19000000,11.25000000,11.06000000,11.19000000,374932.22000000
4349,2022-12-26 20:00:00,11.19000000,11.35000000,11.16000000,11.32000000,257018.53000000
4350,2022-12-27 00:00:00,11.33000000,11.44000000,11.26000000,11.28000000,254123.24000000
4351,2022-12-27 04:00:00,11.28000000,11.30000000,11.20000000,11.23000000,153115.62000000
4352,2022-12-27 08:00:00,11.23000000,11.24000000,11.11000000,11.14000000,297611.11000000
4353,2022-12-27 12:00:00,11.14000000,11.17000000,10.71000000,10.77000000,1119555.29000000
4354,2022-12-27 16:00:00,10.76000000,11.03000000,10.71000000,11.02000000,863491.06000000
4355,2022-12-27 20:00:00,11.02000000,11.16000000,10.97000000,11.09000000,364301.27000000
4356,2022-12-28 00:00:00,11.10000000,11.12000000,10.68000000,10.78000000,444632.05000000
4357,2022-12-28 04:00:00,10.78000000,10.79000000,9.65000000,10.14000000,2435352.65100000
4358,2022-12-28 08:00:00,10.15000000,10.20000000,9.84000000,10.03000000,822708.03000000
4359,2022-12-28 12:00:00,10.02000000,10.37000000,9.87000000,9.95000000,1593250.94000000
4360,2022-12-28 16:00:00,9.95000000,10.10000000,9.77000000,9.79000000,715275.41000000
4361,2022-12-28 20:00:00,9.78000000,9.91000000,9.39000000,9.76000000,1350986.10000000
4362,2022-12-29 00:00:00,9.76000000,9.89000000,9.52000000,9.76000000,769197.77000000
4363,2022-12-29 04:00:00,9.76000000,9.79000000,9.56000000,9.62000000,409955.86000000
4364,2022-12-29 08:00:00,9.61000000,9.65000000,9.26000000,9.46000000,1071282.63000000
4365,2022-12-29 12:00:00,9.46000000,9.52000000,9.31000000,9.39000000,1027285.93000000
4366,2022-12-29 16:00:00,9.38000000,9.45000000,8.68000000,8.79000000,1972099.38000000
4367,2022-12-29 20:00:00,8.78000000,10.89000000,8.00000000,9.64000000,6844167.96000000
4368,2022-12-30 00:00:00,9.64000000,10.26000000,9.38000000,9.52000000,3802836.04000000
4369,2022-12-30 04:00:00,9.52000000,9.74000000,9.09000000,9.12000000,2206230.19000000
4370,2022-12-30 08:00:00,9.13000000,9.24000000,9.00000000,9.12000000,1097494.97000000
4371,2022-12-30 12:00:00,9.12000000,10.00000000,9.11000000,9.58000000,2455437.44000000
4372,2022-12-30 16:00:00,9.58000000,10.07000000,9.50000000,9.85000000,1665272.20000000
4373,2022-12-30 20:00:00,9.85000000,10.07000000,9.70000000,9.90000000,1359808.67000000
4374,2022-12-31 00:00:00,9.91000000,10.06000000,9.74000000,9.74000000,821136.94000000
4375,2022-12-31 04:00:00,9.75000000,9.87000000,9.66000000,9.83000000,328807.16000000
4376,2022-12-31 08:00:00,9.83000000,9.93000000,9.74000000,9.85000000,447060.78000000
4377,2022-12-31 12:00:00,9.85000000,10.20000000,9.85000000,10.15000000,1058661.18000000
4378,2022-12-31 16:00:00,10.16000000,10.19000000,9.93000000,10.07000000,557205.36000000
4379,2022-12-31 20:00:00,10.07000000,10.12000000,9.86000000,9.97000000,408563.23000000
4380,2023-01-01 00:00:00,9.97000000,10.09000000,9.91000000,9.97000000,388499.09000000
4381,2023-01-01 04:00:00,9.97000000,9.99000000,9.69000000,9.80000000,402695.10000000
4382,2023-01-01 08:00:00,9.80000000,9.98000000,9.70000000,9.93000000,419399.11000000
4383,2023-01-01 12:00:00,9.93000000,9.97000000,9.80000000,9.87000000,341447.69000000
4384,2023-01-01 16:00:00,9.86000000,10.06000000,9.85000000,9.97000000,425262.92000000
4385,2023-01-01 20:00:00,9.97000000,10.06000000,9.94000000,9.99000000,310208.72000000
4386,2023-01-02 00:00:00,9.99000000,10.02000000,9.81000000,9.99000000,377527.05000000
4387,2023-01-02 04:00:00,10.00000000,12.00000000,9.94000000,11.09000000,2826907.79000000
4388,2023-01-02 08:00:00,11.10000000,11.38000000,10.88000000,11.01000000,1977405.48000000
4389,2023-01-02 12:00:00,11.02000000,11.23000000,11.01000000,11.11000000,1079344.45000000
4390,2023-01-02 16:00:00,11.12000000,11.49000000,11.08000000,11.26000000,679438.82000000
4391,2023-01-02 20:00:00,11.26000000,11.44000000,11.19000000,11.28000000,687641.34000000
4392,2023-01-03 00:00:00,11.28000000,11.34000000,11.00000000,11.22000000,850728.24000000
4393,2023-01-03 04:00:00,11.22000000,12.05000000,11.21000000,11.95000000,2408167.30000000
4394,2023-01-03 08:00:00,11.95000000,12.02000000,11.70000000,11.84000000,1034071.37000000
4395,2023-01-03 12:00:00,11.84000000,13.29000000,11.79000000,13.09000000,4609920.88000000
4396,2023-01-03 16:00:00,13.09000000,13.91000000,12.70000000,12.94000000,4501379.90000000
4397,2023-01-03 20:00:00,12.93000000,13.49000000,12.93000000,13.37000000,1582223.67000000
4398,2023-01-04 00:00:00,13.37000000,14.05000000,13.23000000,13.57000000,3728337.78000000
4399,2023-01-04 04:00:00,13.58000000,14.24000000,13.29000000,14.16000000,2354917.40000000
4400,2023-01-04 08:00:00,14.16000000,14.16000000,13.55000000,13.65000000,1518830.40000000
4401,2023-01-04 12:00:00,13.65000000,13.75000000,13.17000000,13.36000000,1955157.35000000
4402,2023-01-04 16:00:00,13.36000000,13.64000000,13.08000000,13.20000000,1705764.95000000
4403,2023-01-04 20:00:00,13.21000000,13.65000000,12.83000000,13.43000000,1349727.61000000
4404,2023-01-05 00:00:00,13.43000000,13.45000000,13.05000000,13.21000000,1047660.49000000
4405,2023-01-05 04:00:00,13.22000000,13.49000000,13.12000000,13.25000000,941313.14000000
4406,2023-01-05 08:00:00,13.24000000,13.32000000,12.95000000,13.26000000,815817.18000000
4407,2023-01-05 12:00:00,13.26000000,13.40000000,13.04000000,13.29000000,854574.80000000
4408,2023-01-05 16:00:00,13.30000000,13.49000000,13.06000000,13.40000000,611099.60000000
4409,2023-01-05 20:00:00,13.40000000,13.89000000,13.36000000,13.43000000,1563888.55000000
4410,2023-01-06 00:00:00,13.43000000,13.58000000,13.14000000,13.19000000,1032034.54000000
4411,2023-01-06 04:00:00,13.19000000,13.25000000,13.02000000,13.12000000,728416.96000000
4412,2023-01-06 08:00:00,13.12000000,13.26000000,12.87000000,13.00000000,770658.03000000
4413,2023-01-06 12:00:00,13.00000000,13.21000000,12.69000000,13.19000000,1268487.45000000
4414,2023-01-06 16:00:00,13.20000000,13.44000000,13.07000000,13.37000000,904369.53000000
4415,2023-01-06 20:00:00,13.37000000,13.60000000,13.16000000,13.50000000,700681.97000000
4416,2023-01-07 00:00:00,13.51000000,13.51000000,13.29000000,13.32000000,540831.69000000
4417,2023-01-07 04:00:00,13.33000000,13.33000000,13.21000000,13.29000000,346715.77000000
4418,2023-01-07 08:00:00,13.29000000,13.32000000,13.13000000,13.15000000,293595.23000000
4419,2023-01-07 12:00:00,13.15000000,13.29000000,13.14000000,13.27000000,258247.39000000
4420,2023-01-07 16:00:00,13.27000000,13.28000000,13.18000000,13.22000000,181694.42000000
4421,2023-01-07 20:00:00,13.22000000,13.25000000,13.01000000,13.10000000,283866.41000000
4422,2023-01-08 00:00:00,13.10000000,13.42000000,12.85000000,13.37000000,1186390.59000000
4423,2023-01-08 04:00:00,13.37000000,13.44000000,13.25000000,13.33000000,310874.33000000
4424,2023-01-08 08:00:00,13.33000000,13.78000000,13.28000000,13.51000000,946006.74000000
4425,2023-01-08 12:00:00,13.51000000,13.94000000,13.43000000,13.88000000,1081292.72000000
4426,2023-01-08 16:00:00,13.88000000,13.91000000,13.47000000,13.55000000,831911.06000000
4427,2023-01-08 20:00:00,13.55000000,14.89000000,13.53000000,14.45000000,1939120.68000000
4428,2023-01-09 00:00:00,14.46000000,17.02000000,14.28000000,16.05000000,6412686.47000000
4429,2023-01-09 04:00:00,16.05000000,16.53000000,15.90000000,16.35000000,2622272.61000000
4430,2023-01-09 08:00:00,16.35000000,16.83000000,16.09000000,16.38000000,2101674.21000000
4431,2023-01-09 12:00:00,16.37000000,17.50000000,16.09000000,17.13000000,3650009.46000000
4432,2023-01-09 16:00:00,17.14000000,17.38000000,16.23000000,16.28000000,2994832.88000000
4433,2023-01-09 20:00:00,16.28000000,16.68000000,16.02000000,16.25000000,1700483.94000000
4434,2023-01-10 00:00:00,16.25000000,16.60000000,15.57000000,15.97000000,1686378.45000000
4435,2023-01-10 04:00:00,15.98000000,16.31000000,15.86000000,15.89000000,1317257.52000000
4436,2023-01-10 08:00:00,15.90000000,16.35000000,15.82000000,16.03000000,1327246.31000000
4437,2023-01-10 12:00:00,16.03000000,16.49000000,15.82000000,16.25000000,1807411.82000000
4438,2023-01-10 16:00:00,16.24000000,16.48000000,16.03000000,16.39000000,1078973.07000000
4439,2023-01-10 20:00:00,16.39000000,16.73000000,16.14000000,16.20000000,1272150.60000000
4440,2023-01-11 00:00:00,16.20000000,16.33000000,15.87000000,16.01000000,930647.66000000
4441,2023-01-11 04:00:00,16.01000000,16.16000000,15.85000000,16.10000000,687569.86000000
4442,2023-01-11 08:00:00,16.10000000,16.14000000,15.95000000,16.03000000,481227.00000000
4443,2023-01-11 12:00:00,16.03000000,16.03000000,15.30000000,15.41000000,1709694.78000000
4444,2023-01-11 16:00:00,15.41000000,16.13000000,15.28000000,16.00000000,1284491.23000000
4445,2023-01-11 20:00:00,16.01000000,16.67000000,15.74000000,16.36000000,1567986.14000000
4446,2023-01-12 00:00:00,16.37000000,17.00000000,16.14000000,16.42000000,2043462.85000000
4447,2023-01-12 04:00:00,16.43000000,16.51000000,16.16000000,16.25000000,797506.16000000
4448,2023-01-12 08:00:00,16.25000000,16.26000000,15.89000000,16.07000000,774811.87000000
4449,2023-01-12 12:00:00,16.07000000,16.50000000,15.54000000,15.96000000,2602482.96000000
4450,2023-01-12 16:00:00,15.96000000,16.80000000,15.90000000,16.54000000,2183261.00000000
4451,2023-01-12 20:00:00,16.54000000,16.71000000,16.31000000,16.59000000,1207146.12000000
4452,2023-01-13 00:00:00,16.59000000,16.85000000,16.29000000,16.70000000,858437.67000000
4453,2023-01-13 04:00:00,16.70000000,17.35000000,16.69000000,16.90000000,2787515.80000000
4454,2023-01-13 08:00:00,16.90000000,17.10000000,16.54000000,16.67000000,1095518.76000000
4455,2023-01-13 12:00:00,16.68000000,16.88000000,16.46000000,16.81000000,917366.33000000
4456,2023-01-13 16:00:00,16.82000000,17.21000000,16.52000000,17.18000000,1241486.79000000
4457,2023-01-13 20:00:00,17.17000000,18.65000000,17.00000000,18.29000000,4029559.05000000
4458,2023-01-14 00:00:00,18.29000000,22.84000000,18.20000000,21.92000000,7544541.95000000
4459,2023-01-14 04:00:00,21.93000000,24.74000000,21.78000000,23.57000000,6245906.89000000
4460,2023-01-14 08:00:00,23.57000000,23.93000000,21.31000000,22.36000000,4226735.84000000
4461,2023-01-14 12:00:00,22.37000000,23.60000000,21.80000000,22.33000000,3411762.30000000
4462,2023-01-14 16:00:00,22.34000000,23.43000000,22.15000000,23.06000000,2508499.01000000
4463,2023-01-14 20:00:00,23.05000000,24.75000000,22.49000000,24.24000000,2059786.07000000
4464,2023-01-15 00:00:00,24.23000000,25.00000000,22.52000000,23.06000000,3810772.70000000
4465,2023-01-15 04:00:00,23.07000000,23.17000000,22.13000000,22.62000000,1125468.06000000
4466,2023-01-15 08:00:00,22.63000000,23.08000000,21.98000000,22.90000000,1394822.01000000
4467,2023-01-15 12:00:00,22.89000000,23.88000000,22.71000000,23.69000000,2115135.31000000
4468,2023-01-15 16:00:00,23.69000000,23.80000000,22.97000000,23.36000000,1659059.81000000
4469,2023-01-15 20:00:00,23.35000000,23.40000000,22.58000000,22.89000000,1152770.66000000
4470,2023-01-16 00:00:00,22.90000000,24.19000000,22.45000000,23.22000000,1895827.16000000
4471,2023-01-16 04:00:00,23.23000000,25.00000000,23.03000000,24.25000000,2320343.70000000
4472,2023-01-16 08:00:00,24.25000000,24.27000000,22.85000000,23.38000000,1784203.56000000
4473,2023-01-16 12:00:00,23.39000000,23.54000000,22.30000000,23.08000000,1657162.79000000
4474,2023-01-16 16:00:00,23.08000000,23.80000000,22.85000000,23.55000000,1376360.38000000
4475,2023-01-16 20:00:00,23.55000000,24.24000000,23.31000000,23.58000000,1009470.69000000
4476,2023-01-17 00:00:00,23.58000000,23.84000000,22.79000000,23.19000000,1156501.50000000
4477,2023-01-17 04:00:00,23.19000000,23.80000000,23.14000000,23.41000000,870853.48000000
4478,2023-01-17 08:00:00,23.42000000,23.94000000,23.35000000,23.74000000,848175.95000000
4479,2023-01-17 12:00:00,23.75000000,23.95000000,23.15000000,23.27000000,1598940.01000000
4480,2023-01-17 16:00:00,23.27000000,23.56000000,23.04000000,23.43000000,796477.26000000
4481,2023-01-17 20:00:00,23.43000000,23.68000000,22.70000000,22.86000000,785994.48000000
4482,2023-01-18 00:00:00,22.86000000,23.33000000,22.59000000,23.04000000,1533411.11000000
4483,2023-01-18 04:00:00,23.04000000,23.31000000,22.85000000,22.98000000,609016.62000000
4484,2023-01-18 08:00:00,22.98000000,22.99000000,22.12000000,22.52000000,949696.59000000
4485,2023-01-18 12:00:00,22.52000000,23.65000000,20.78000000,21.79000000,2398730.51000000
4486,2023-01-18 16:00:00,21.78000000,22.53000000,20.34000000,21.77000000,4072403.78000000
4487,2023-01-18 20:00:00,21.78000000,21.87000000,20.70000000,20.79000000,1778451.71000000
4488,2023-01-19 00:00:00,20.78000000,21.54000000,20.77000000,21.35000000,1339470.58000000
4489,2023-01-19 04:00:00,21.35000000,21.79000000,21.26000000,21.30000000,490111.19000000
4490,2023-01-19 08:00:00,21.30000000,21.50000000,20.80000000,20.93000000,649355.44000000
4491,2023-01-19 12:00:00,20.93000000,21.19000000,20.41000000,21.07000000,1670994.72000000
4492,2023-01-19 16:00:00,21.07000000,21.74000000,20.86000000,21.65000000,1218175.80000000
4493,2023-01-19 20:00:00,21.66000000,21.88000000,21.31000000,21.40000000,745237.34000000
4494,2023-01-20 00:00:00,21.40000000,21.64000000,21.02000000,21.33000000,753062.36000000
4495,2023-01-20 04:00:00,21.34000000,21.41000000,20.93000000,21.07000000,526686.39000000
4496,2023-01-20 08:00:00,21.07000000,21.24000000,20.96000000,21.14000000,362992.68000000
4497,2023-01-20 12:00:00,21.13000000,21.54000000,21.07000000,21.42000000,653397.98000000
4498,2023-01-20 16:00:00,21.43000000,23.40000000,21.40000000,23.29000000,2448711.54000000
4499,2023-01-20 20:00:00,23.30000000,25.82000000,23.28000000,25.51000000,4907582.44000000
4500,2023-01-21 00:00:00,25.51000000,25.87000000,24.24000000,24.83000000,2978717.31000000
4501,2023-01-21 04:00:00,24.83000000,25.73000000,24.72000000,25.54000000,1454937.98000000
4502,2023-01-21 08:00:00,25.54000000,26.60000000,24.30000000,25.20000000,3676675.97000000
4503,2023-01-21 12:00:00,25.20000000,25.65000000,25.04000000,25.23000000,2058526.66000000
4504,2023-01-21 16:00:00,25.23000000,26.11000000,25.15000000,25.63000000,1711090.88000000
4505,2023-01-21 20:00:00,25.62000000,25.68000000,24.52000000,24.57000000,902909.89000000
4506,2023-01-22 00:00:00,24.56000000,25.32000000,24.40000000,25.00000000,1052309.19000000
4507,2023-01-22 04:00:00,24.99000000,25.45000000,24.92000000,25.13000000,743038.70000000
4508,2023-01-22 08:00:00,25.13000000,25.32000000,24.77000000,24.90000000,809607.95000000
4509,2023-01-22 12:00:00,24.90000000,25.42000000,24.64000000,24.97000000,1281368.92000000
4510,2023-01-22 16:00:00,24.96000000,25.25000000,24.72000000,24.90000000,941911.20000000
4511,2023-01-22 20:00:00,24.90000000,24.93000000,23.50000000,24.21000000,1668543.30000000
4512,2023-01-23 00:00:00,24.21000000,24.93000000,24.06000000,24.53000000,1028354.61000000
4513,2023-01-23 04:00:00,24.53000000,24.79000000,24.33000000,24.46000000,424570.89000000
4514,2023-01-23 08:00:00,24.46000000,24.80000000,24.15000000,24.62000000,879717.24000000
4515,2023-01-23 12:00:00,24.62000000,24.70000000,23.70000000,24.17000000,2073950.36000000
4516,2023-01-23 16:00:00,24.17000000,24.75000000,23.96000000,24.18000000,1203558.56000000
4517,2023-01-23 20:00:00,24.17000000,24.52000000,24.03000000,24.33000000,490332.32000000
4518,2023-01-24 00:00:00,24.32000000,25.24000000,24.06000000,24.99000000,1067135.29000000
4519,2023-01-24 04:00:00,24.98000000,25.00000000,24.63000000,24.78000000,672811.74000000
4520,2023-01-24 08:00:00,24.78000000,24.95000000,24.29000000,24.46000000,934528.82000000
4521,2023-01-24 12:00:00,24.46000000,24.58000000,23.97000000,24.48000000,994565.97000000
4522,2023-01-24 16:00:00,24.48000000,24.53000000,24.07000000,24.46000000,454585.48000000
4523,2023-01-24 20:00:00,24.46000000,24.50000000,22.25000000,22.78000000,1997938.58000000
4524,2023-01-25 00:00:00,22.77000000,22.99000000,22.24000000,22.93000000,1222859.21000000
4525,2023-01-25 04:00:00,22.93000000,23.43000000,22.86000000,23.27000000,687364.51000000
4526,2023-01-25 08:00:00,23.27000000,23.41000000,22.98000000,23.13000000,524527.22000000
4527,2023-01-25 12:00:00,23.13000000,24.55000000,22.70000000,23.32000000,2551434.96000000
4528,2023-01-25 16:00:00,23.32000000,23.79000000,23.22000000,23.73000000,813533.01000000
4529,2023-01-25 20:00:00,23.74000000,25.43000000,23.73000000,24.52000000,2532649.38000000
4530,2023-01-26 00:00:00,24.53000000,25.23000000,24.42000000,24.80000000,1061783.56000000
4531,2023-01-26 04:00:00,24.80000000,24.94000000,24.24000000,24.34000000,707650.81000000
4532,2023-01-26 08:00:00,24.33000000,24.58000000,24.06000000,24.32000000,462394.91000000
4533,2023-01-26 12:00:00,24.32000000,25.12000000,24.07000000,24.26000000,1665958.00000000
4534,2023-01-26 16:00:00,24.26000000,24.72000000,23.73000000,24.46000000,1137021.60000000
4535,2023-01-26 20:00:00,24.45000000,24.61000000,24.20000000,24.33000000,415595.22000000
4536,2023-01-27 00:00:00,24.33000000,24.53000000,23.27000000,23.73000000,1073391.08000000
4537,2023-01-27 04:00:00,23.73000000,24.05000000,23.66000000,24.03000000,295182.56000000
4538,2023-01-27 08:00:00,24.03000000,24.04000000,23.57000000,23.70000000,576255.50000000
4539,2023-01-27 12:00:00,23.70000000,24.20000000,23.32000000,23.83000000,1193551.72000000
4540,2023-01-27 16:00:00,23.82000000,24.59000000,23.81000000,24.48000000,716878.39000000
4541,2023-01-27 20:00:00,24.48000000,24.96000000,24.01000000,24.43000000,873796.51000000
4542,2023-01-28 00:00:00,24.43000000,24.88000000,24.29000000,24.50000000,569817.80000000
4543,2023-01-28 04:00:00,24.52000000,25.24000000,24.17000000,24.35000000,805522.21000000
4544,2023-01-28 08:00:00,24.36000000,24.47000000,24.18000000,24.30000000,472870.36000000
4545,2023-01-28 12:00:00,24.30000000,24.31000000,23.70000000,24.17000000,880875.92000000
4546,2023-01-28 16:00:00,24.16000000,24.22000000,23.93000000,24.12000000,299385.83000000
4547,2023-01-28 20:00:00,24.12000000,24.13000000,23.77000000,24.00000000,349411.98000000
4548,2023-01-29 00:00:00,24.00000000,24.69000000,23.73000000,24.13000000,979656.30000000
4549,2023-01-29 04:00:00,24.13000000,24.19000000,24.01000000,24.14000000,210144.19000000
4550,2023-01-29 08:00:00,24.14000000,24.51000000,24.06000000,24.36000000,447704.64000000
4551,2023-01-29 12:00:00,24.36000000,24.79000000,24.20000000,24.69000000,882563.91000000
4552,2023-01-29 16:00:00,24.68000000,26.58000000,24.46000000,26.32000000,3806463.68000000
4553,2023-01-29 20:00:00,26.32000000,26.80000000,25.94000000,26.07000000,1459373.48000000
4554,2023-01-30 00:00:00,26.07000000,26.31000000,25.21000000,25.45000000,1103915.92000000
4555,2023-01-30 04:00:00,25.46000000,25.61000000,25.25000000,25.38000000,539769.01000000
4556,2023-01-30 08:00:00,25.37000000,25.53000000,23.77000000,24.02000000,2351505.62000000
4557,2023-01-30 12:00:00,24.01000000,24.77000000,23.86000000,24.38000000,1235138.76000000
4558,2023-01-30 16:00:00,24.37000000,24.64000000,23.11000000,23.60000000,1647844.77000000
4559,2023-01-30 20:00:00,23.59000000,24.01000000,23.34000000,23.96000000,654276.04000000
4560,2023-01-31 00:00:00,23.97000000,24.28000000,23.66000000,24.01000000,568138.50000000
4561,2023-01-31 04:00:00,24.02000000,24.13000000,23.66000000,24.11000000,577697.26000000
4562,2023-01-31 08:00:00,24.11000000,24.14000000,23.49000000,23.75000000,430398.66000000
4563,2023-01-31 12:00:00,23.75000000,24.36000000,23.63000000,24.09000000,936044.00000000
4564,2023-01-31 16:00:00,24.10000000,24.47000000,24.02000000,24.21000000,647032.60000000
4565,2023-01-31 20:00:00,24.21000000,24.26000000,23.61000000,23.92000000,903076.07000000
4566,2023-02-01 00:00:00,23.93000000,24.04000000,23.67000000,23.87000000,369138.75000000
4567,2023-02-01 04:00:00,23.87000000,24.01000000,23.42000000,23.56000000,500449.01000000
4568,2023-02-01 08:00:00,23.56000000,23.63000000,23.15000000,23.54000000,733156.26000000
4569,2023-02-01 12:00:00,23.53000000,23.67000000,22.70000000,22.81000000,1163238.41000000
4570,2023-02-01 16:00:00,22.81000000,24.47000000,22.48000000,24.24000000,2475344.15000000
4571,2023-02-01 20:00:00,24.24000000,25.22000000,24.11000000,25.00000000,2063561.73000000
4572,2023-02-02 00:00:00,25.00000000,25.78000000,24.95000000,25.28000000,1405689.29000000
4573,2023-02-02 04:00:00,25.28000000,25.42000000,24.72000000,24.87000000,749433.81000000
4574,2023-02-02 08:00:00,24.86000000,25.08000000,24.80000000,25.00000000,458445.55000000
4575,2023-02-02 12:00:00,25.00000000,25.27000000,24.59000000,25.02000000,1479606.66000000
4576,2023-02-02 16:00:00,25.00000000,26.15000000,24.86000000,25.07000000,2029491.96000000
4577,2023-02-02 20:00:00,25.07000000,25.26000000,24.05000000,24.32000000,1123923.31000000
4578,2023-02-03 00:00:00,24.32000000,24.49000000,24.01000000,24.34000000,685274.56000000
4579,2023-02-03 04:00:00,24.34000000,24.54000000,24.24000000,24.32000000,416501.57000000
4580,2023-02-03 08:00:00,24.32000000,24.53000000,24.10000000,24.49000000,454977.56000000
4581,2023-02-03 12:00:00,24.49000000,25.07000000,24.05000000,24.86000000,1916364.47000000
4582,2023-02-03 16:00:00,24.86000000,25.05000000,24.35000000,24.38000000,729706.58000000
4583,2023-02-03 20:00:00,24.38000000,24.81000000,24.25000000,24.69000000,556449.57000000
4584,2023-02-04 00:00:00,24.69000000,24.82000000,24.42000000,24.46000000,314849.21000000
4585,2023-02-04 04:00:00,24.46000000,24.53000000,24.29000000,24.50000000,219786.56000000
4586,2023-02-04 08:00:00,24.51000000,24.60000000,24.41000000,24.58000000,190565.92000000
4587,2023-02-04 12:00:00,24.59000000,24.95000000,24.54000000,24.71000000,379017.52000000
4588,2023-02-04 16:00:00,24.71000000,24.80000000,24.51000000,24.66000000,445874.05000000
4589,2023-02-04 20:00:00,24.66000000,24.75000000,24.17000000,24.34000000,484066.15000000
4590,2023-02-05 00:00:00,24.34000000,24.44000000,24.05000000,24.30000000,530644.27000000
4591,2023-02-05 04:00:00,24.30000000,24.46000000,24.25000000,24.35000000,216211.80000000
4592,2023-02-05 08:00:00,24.35000000,24.45000000,24.14000000,24.19000000,330370.48000000
4593,2023-02-05 12:00:00,24.19000000,24.23000000,23.10000000,23.64000000,1982174.25000000
4594,2023-02-05 16:00:00,23.64000000,23.71000000,23.19000000,23.37000000,1167933.41000000
4595,2023-02-05 20:00:00,23.37000000,23.68000000,23.02000000,23.47000000,594970.38000000
4596,2023-02-06 00:00:00,23.46000000,23.72000000,23.25000000,23.37000000,293637.91000000
4597,2023-02-06 04:00:00,23.38000000,23.46000000,22.83000000,23.35000000,792586.75000000
4598,2023-02-06 08:00:00,23.35000000,23.40000000,23.05000000,23.32000000,295054.12000000
4599,2023-02-06 12:00:00,23.32000000,23.50000000,22.81000000,23.47000000,713551.13000000
4600,2023-02-06 16:00:00,23.47000000,23.60000000,23.15000000,23.37000000,678323.49000000
4601,2023-02-06 20:00:00,23.37000000,23.37000000,22.45000000,22.66000000,819675.98000000
4602,2023-02-07 00:00:00,22.65000000,23.17000000,22.54000000,23.06000000,374307.56000000
4603,2023-02-07 04:00:00,23.06000000,23.36000000,23.03000000,23.22000000,355058.55000000
4604,2023-02-07 08:00:00,23.21000000,23.45000000,23.10000000,23.35000000,454107.00000000
4605,2023-02-07 12:00:00,23.34000000,23.43000000,22.94000000,23.03000000,579031.59000000
4606,2023-02-07 16:00:00,23.02000000,23.86000000,22.59000000,23.27000000,2152515.71000000
4607,2023-02-07 20:00:00,23.27000000,23.96000000,23.14000000,23.82000000,985003.44000000
4608,2023-02-08 00:00:00,23.82000000,24.24000000,23.80000000,23.89000000,618276.45000000
4609,2023-02-08 04:00:00,23.88000000,23.97000000,23.58000000,23.77000000,366327.23000000
4610,2023-02-08 08:00:00,23.76000000,23.78000000,23.52000000,23.72000000,330856.45000000
4611,2023-02-08 12:00:00,23.73000000,23.98000000,23.26000000,23.28000000,1122192.08000000
4612,2023-02-08 16:00:00,23.28000000,23.47000000,22.80000000,23.09000000,1155931.75000000
4613,2023-02-08 20:00:00,23.08000000,23.27000000,22.87000000,23.22000000,376445.18000000
4614,2023-02-09 00:00:00,23.21000000,23.35000000,21.92000000,22.35000000,1498466.96000000
4615,2023-02-09 04:00:00,22.35000000,22.90000000,22.19000000,22.76000000,536550.02000000
4616,2023-02-09 08:00:00,22.76000000,22.98000000,22.72000000,22.79000000,454833.70000000
4617,2023-02-09 12:00:00,22.79000000,22.97000000,22.57000000,22.65000000,641430.62000000
4618,2023-02-09 16:00:00,22.66000000,22.70000000,21.46000000,21.80000000,1392900.25000000
4619,2023-02-09 20:00:00,21.80000000,21.80000000,20.00000000,20.48000000,1874609.09000000
4620,2023-02-10 00:00:00,20.48000000,20.90000000,20.27000000,20.79000000,1212774.35000000
4621,2023-02-10 04:00:00,20.79000000,21.10000000,20.51000000,21.10000000,711419.69000000
4622,2023-02-10 08:00:00,21.10000000,21.20000000,20.63000000,20.69000000,731608.82000000
4623,2023-02-10 12:00:00,20.69000000,21.01000000,20.44000000,20.73000000,1105187.57000000
4624,2023-02-10 16:00:00,20.72000000,20.99000000,20.52000000,20.89000000,749198.22000000
4625,2023-02-10 20:00:00,20.89000000,20.91000000,19.68000000,20.11000000,1012835.88000000
4626,2023-02-11 00:00:00,20.10000000,20.49000000,20.10000000,20.41000000,473815.76000000
4627,2023-02-11 04:00:00,20.40000000,20.42000000,20.21000000,20.34000000,214010.83000000
4628,2023-02-11 08:00:00,20.33000000,20.39000000,20.23000000,20.32000000,168442.52000000
4629,2023-02-11 12:00:00,20.31000000,20.62000000,20.28000000,20.52000000,353236.37000000
4630,2023-02-11 16:00:00,20.52000000,20.52000000,20.26000000,20.37000000,290415.06000000
4631,2023-02-11 20:00:00,20.38000000,20.92000000,20.33000000,20.81000000,359932.44000000
4632,2023-02-12 00:00:00,20.81000000,20.83000000,20.62000000,20.67000000,191972.72000000
4633,2023-02-12 04:00:00,20.67000000,21.02000000,20.63000000,20.85000000,321254.27000000
4634,2023-02-12 08:00:00,20.85000000,21.08000000,20.84000000,21.06000000,340724.50000000
4635,2023-02-12 12:00:00,21.06000000,21.59000000,20.77000000,21.43000000,805828.00000000
4636,2023-02-12 16:00:00,21.43000000,22.59000000,21.38000000,22.04000000,1797480.53000000
4637,2023-02-12 20:00:00,22.05000000,22.22000000,21.10000000,21.49000000,1167981.79000000
4638,2023-02-13 00:00:00,21.49000000,21.61000000,20.46000000,20.91000000,1850047.78000000
4639,2023-02-13 04:00:00,20.92000000,21.31000000,20.86000000,21.17000000,731916.68000000
4640,2023-02-13 08:00:00,21.17000000,21.19000000,20.04000000,20.45000000,1533639.30000000
4641,2023-02-13 12:00:00,20.45000000,20.70000000,20.36000000,20.37000000,764921.78000000
4642,2023-02-13 16:00:00,20.37000000,20.54000000,19.73000000,20.43000000,1145006.43000000
4643,2023-02-13 20:00:00,20.43000000,20.86000000,20.24000000,20.77000000,659798.07000000
4644,2023-02-14 00:00:00,20.77000000,21.08000000,20.66000000,20.83000000,583580.89000000
4645,2023-02-14 04:00:00,20.81000000,21.09000000,20.76000000,21.06000000,402328.32000000
4646,2023-02-14 08:00:00,21.06000000,21.61000000,20.76000000,21.37000000,1156595.60000000
4647,2023-02-14 12:00:00,21.37000000,22.37000000,20.88000000,21.89000000,3423073.87000000
4648,2023-02-14 16:00:00,21.89000000,22.06000000,21.63000000,22.02000000,1396374.63000000
4649,2023-02-14 20:00:00,22.02000000,22.06000000,21.54000000,21.84000000,677568.52000000
4650,2023-02-15 00:00:00,21.84000000,21.93000000,21.45000000,21.60000000,431872.71000000
4651,2023-02-15 04:00:00,21.60000000,21.68000000,21.48000000,21.53000000,254666.09000000
4652,2023-02-15 08:00:00,21.54000000,22.23000000,21.46000000,22.11000000,671743.58000000
4653,2023-02-15 12:00:00,22.11000000,22.75000000,22.11000000,22.43000000,1396909.58000000
4654,2023-02-15 16:00:00,22.42000000,23.02000000,22.27000000,23.00000000,1000641.82000000
4655,2023-02-15 20:00:00,23.01000000,23.99000000,22.93000000,23.86000000,1832070.19000000
4656,2023-02-16 00:00:00,23.86000000,24.20000000,23.56000000,23.81000000,1183894.30000000
4657,2023-02-16 04:00:00,23.82000000,23.99000000,23.54000000,23.73000000,663934.11000000
4658,2023-02-16 08:00:00,23.73000000,23.90000000,23.49000000,23.56000000,488808.12000000
4659,2023-02-16 12:00:00,23.57000000,23.88000000,23.06000000,23.86000000,1472031.55000000
4660,2023-02-16 16:00:00,23.86000000,24.14000000,23.36000000,23.59000000,1402793.38000000
4661,2023-02-16 20:00:00,23.59000000,23.61000000,22.20000000,22.24000000,1621151.17000000
4662,2023-02-17 00:00:00,22.24000000,22.80000000,21.99000000,22.68000000,677556.77000000
4663,2023-02-17 04:00:00,22.68000000,22.81000000,22.52000000,22.54000000,439996.34000000
4664,2023-02-17 08:00:00,22.54000000,22.72000000,22.46000000,22.60000000,381455.33000000
4665,2023-02-17 12:00:00,22.60000000,22.99000000,22.43000000,22.79000000,1097219.59000000
4666,2023-02-17 16:00:00,22.79000000,23.49000000,22.58000000,23.46000000,896397.03000000
4667,2023-02-17 20:00:00,23.46000000,23.54000000,22.69000000,23.14000000,1047192.69000000
4668,2023-02-18 00:00:00,23.14000000,23.63000000,23.13000000,23.34000000,406798.35000000
4669,2023-02-18 04:00:00,23.35000000,23.48000000,23.11000000,23.22000000,250894.29000000
4670,2023-02-18 08:00:00,23.22000000,23.26000000,22.92000000,23.06000000,423613.93000000
4671,2023-02-18 12:00:00,23.06000000,23.55000000,23.00000000,23.42000000,437626.48000000
4672,2023-02-18 16:00:00,23.41000000,23.94000000,23.40000000,23.48000000,719640.83000000
4673,2023-02-18 20:00:00,23.48000000,23.67000000,23.26000000,23.45000000,408937.12000000
4674,2023-02-19 00:00:00,23.46000000,23.60000000,23.20000000,23.30000000,255896.76000000
4675,2023-02-19 04:00:00,23.30000000,24.00000000,23.26000000,23.53000000,596142.13000000
4676,2023-02-19 08:00:00,23.53000000,23.73000000,23.46000000,23.69000000,393635.67000000
4677,2023-02-19 12:00:00,23.70000000,25.28000000,23.70000000,25.26000000,2431967.81000000
4678,2023-02-19 16:00:00,25.27000000,25.39000000,24.00000000,24.65000000,2694575.74000000
4679,2023-02-19 20:00:00,24.65000000,25.64000000,24.01000000,24.84000000,1943947.14000000
4680,2023-02-20 00:00:00,24.83000000,26.33000000,24.11000000,26.16000000,2642393.23000000
4681,2023-02-20 04:00:00,26.16000000,27.12000000,25.84000000,26.49000000,2723691.47000000
4682,2023-02-20 08:00:00,26.48000000,26.68000000,26.03000000,26.38000000,1406977.56000000
4683,2023-02-20 12:00:00,26.38000000,26.71000000,26.13000000,26.54000000,1354278.77000000
4684,2023-02-20 16:00:00,26.54000000,26.57000000,25.55000000,26.34000000,1551599.74000000
4685,2023-02-20 20:00:00,26.34000000,26.38000000,25.90000000,26.26000000,587298.30000000
4686,2023-02-21 00:00:00,26.26000000,26.61000000,25.78000000,26.12000000,1102306.82000000
4687,2023-02-21 04:00:00,26.12000000,26.30000000,25.71000000,26.02000000,548157.14000000
4688,2023-02-21 08:00:00,26.03000000,26.25000000,24.91000000,25.06000000,1951800.92000000
4689,2023-02-21 12:00:00,25.06000000,25.38000000,24.75000000,25.06000000,1195721.01000000
4690,2023-02-21 16:00:00,25.06000000,25.50000000,24.69000000,25.25000000,1059489.84000000
4691,2023-02-21 20:00:00,25.26000000,25.47000000,24.50000000,24.98000000,866972.29000000
4692,2023-02-22 00:00:00,24.98000000,25.24000000,23.86000000,24.44000000,1491190.61000000
4693,2023-02-22 04:00:00,24.45000000,24.48000000,23.44000000,23.82000000,1225188.91000000
4694,2023-02-22 08:00:00,23.82000000,23.83000000,23.21000000,23.56000000,1357725.00000000
4695,2023-02-22 12:00:00,23.56000000,23.80000000,23.25000000,23.65000000,1283602.48000000
4696,2023-02-22 16:00:00,23.66000000,24.15000000,23.40000000,23.78000000,1230779.42000000
4697,2023-02-22 20:00:00,23.78000000,24.35000000,23.46000000,24.16000000,585819.24000000
4698,2023-02-23 00:00:00,24.16000000,24.69000000,23.95000000,24.44000000,861529.61000000
4699,2023-02-23 04:00:00,24.45000000,24.58000000,24.23000000,24.50000000,543923.87000000
4700,2023-02-23 08:00:00,24.50000000,24.63000000,23.60000000,23.76000000,962145.90000000
4701,2023-02-23 12:00:00,23.75000000,24.39000000,23.61000000,23.88000000,1054096.72000000
4702,2023-02-23 16:00:00,23.87000000,24.08000000,23.61000000,24.04000000,577444.89000000
4703,2023-02-23 20:00:00,24.03000000,24.21000000,23.68000000,23.91000000,391825.10000000
4704,2023-02-24 00:00:00,23.91000000,24.13000000,23.69000000,23.78000000,472562.01000000
4705,2023-02-24 04:00:00,23.79000000,24.10000000,23.74000000,23.96000000,443686.32000000
4706,2023-02-24 08:00:00,23.96000000,24.07000000,23.52000000,23.78000000,609723.67000000
4707,2023-02-24 12:00:00,23.79000000,24.01000000,22.92000000,23.05000000,1208614.08000000
4708,2023-02-24 16:00:00,23.04000000,23.06000000,22.51000000,23.04000000,1450873.09000000
4709,2023-02-24 20:00:00,23.05000000,23.35000000,22.46000000,23.07000000,683429.14000000
4710,2023-02-25 00:00:00,23.07000000,23.33000000,22.93000000,22.95000000,537492.99000000
4711,2023-02-25 04:00:00,22.95000000,23.19000000,22.83000000,22.94000000,529516.85000000
4712,2023-02-25 08:00:00,22.94000000,23.05000000,22.61000000,22.77000000,581872.76000000
4713,2023-02-25 12:00:00,22.77000000,22.80000000,22.02000000,22.34000000,962437.39000000
4714,2023-02-25 16:00:00,22.34000000,22.52000000,21.65000000,21.92000000,883548.62000000
4715,2023-02-25 20:00:00,21.91000000,22.50000000,21.41000000,22.37000000,1046381.44000000
4716,2023-02-26 00:00:00,22.37000000,22.74000000,22.21000000,22.65000000,372497.77000000
4717,2023-02-26 04:00:00,22.66000000,22.84000000,22.49000000,22.79000000,282243.50000000
4718,2023-02-26 08:00:00,22.79000000,22.99000000,22.63000000,22.85000000,432523.75000000
4719,2023-02-26 12:00:00,22.85000000,22.97000000,22.55000000,22.93000000,429794.43000000
4720,2023-02-26 16:00:00,22.94000000,23.40000000,22.68000000,23.37000000,639179.27000000
4721,2023-02-26 20:00:00,23.37000000,23.53000000,22.94000000,23.25000000,661636.33000000
4722,2023-02-27 00:00:00,23.25000000,23.28000000,22.98000000,23.03000000,402575.39000000
4723,2023-02-27 04:00:00,23.04000000,23.05000000,22.76000000,22.89000000,475579.47000000
4724,2023-02-27 08:00:00,22.89000000,22.97000000,22.62000000,22.77000000,429624.52000000
4725,2023-02-27 12:00:00,22.78000000,23.41000000,22.65000000,23.06000000,1025557.48000000
4726,2023-02-27 16:00:00,23.07000000,23.14000000,22.32000000,22.54000000,886942.28000000
4727,2023-02-27 20:00:00,22.54000000,22.79000000,22.36000000,22.68000000,450418.44000000
4728,2023-02-28 00:00:00,22.68000000,22.75000000,22.42000000,22.61000000,266316.87000000
4729,2023-02-28 04:00:00,22.62000000,22.63000000,22.06000000,22.08000000,386872.75000000
4730,2023-02-28 08:00:00,22.08000000,22.32000000,22.05000000,22.20000000,272397.91000000
4731,2023-02-28 12:00:00,22.20000000,22.60000000,22.19000000,22.54000000,451626.87000000
4732,2023-02-28 16:00:00,22.54000000,22.70000000,22.18000000,22.20000000,342796.33000000
4733,2023-02-28 20:00:00,22.19000000,22.25000000,21.75000000,21.89000000,571704.48000000
4734,2023-03-01 00:00:00,21.88000000,22.41000000,21.65000000,22.32000000,487501.01000000
4735,2023-03-01 04:00:00,22.33000000,22.68000000,22.30000000,22.58000000,315248.24000000
4736,2023-03-01 08:00:00,22.59000000,22.91000000,22.54000000,22.68000000,406166.58000000
4737,2023-03-01 12:00:00,22.68000000,22.87000000,22.52000000,22.66000000,447152.87000000
4738,2023-03-01 16:00:00,22.66000000,22.67000000,22.11000000,22.15000000,419011.34000000
4739,2023-03-01 20:00:00,22.14000000,22.55000000,22.10000000,22.51000000,370522.57000000
4740,2023-03-02 00:00:00,22.50000000,22.65000000,21.89000000,22.04000000,479812.70000000
4741,2023-03-02 04:00:00,22.04000000,22.17000000,21.85000000,21.98000000,300320.65000000
4742,2023-03-02 08:00:00,21.98000000,22.10000000,21.89000000,22.08000000,283342.50000000
4743,2023-03-02 12:00:00,22.08000000,22.10000000,21.67000000,21.85000000,627757.57000000
4744,2023-03-02 16:00:00,21.84000000,22.15000000,21.70000000,22.09000000,272852.66000000
4745,2023-03-02 20:00:00,22.09000000,22.16000000,21.93000000,22.00000000,267107.28000000
4746,2023-03-03 00:00:00,22.00000000,22.02000000,20.34000000,20.86000000,1819919.10000000
4747,2023-03-03 04:00:00,20.86000000,21.24000000,20.81000000,21.06000000,379816.54000000
4748,2023-03-03 08:00:00,21.06000000,21.23000000,21.06000000,21.14000000,280340.21000000
4749,2023-03-03 12:00:00,21.14000000,21.45000000,21.02000000,21.26000000,549093.32000000
4750,2023-03-03 16:00:00,21.26000000,21.46000000,21.15000000,21.44000000,302991.90000000
4751,2023-03-03 20:00:00,21.44000000,21.53000000,21.16000000,21.42000000,303119.82000000
4752,2023-03-04 00:00:00,21.42000000,21.62000000,21.30000000,21.33000000,242138.39000000
4753,2023-03-04 04:00:00,21.33000000,21.37000000,21.03000000,21.17000000,197535.17000000
4754,2023-03-04 08:00:00,21.18000000,21.26000000,21.08000000,21.16000000,209011.73000000
4755,2023-03-04 12:00:00,21.16000000,21.19000000,20.93000000,20.96000000,242569.27000000
4756,2023-03-04 16:00:00,20.96000000,21.05000000,20.59000000,20.67000000,326518.39000000
4757,2023-03-04 20:00:00,20.68000000,21.00000000,20.20000000,20.98000000,536309.66000000
4758,2023-03-05 00:00:00,20.98000000,21.72000000,20.93000000,21.33000000,714428.91000000
4759,2023-03-05 04:00:00,21.33000000,21.44000000,21.22000000,21.31000000,140771.80000000
4760,2023-03-05 08:00:00,21.30000000,21.38000000,21.14000000,21.20000000,142062.43000000
4761,2023-03-05 12:00:00,21.20000000,21.36000000,21.16000000,21.27000000,199727.72000000
4762,2023-03-05 16:00:00,21.27000000,21.33000000,21.01000000,21.10000000,193494.75000000
4763,2023-03-05 20:00:00,21.10000000,21.33000000,20.84000000,20.97000000,342816.35000000
4764,2023-03-06 00:00:00,20.98000000,21.09000000,20.66000000,20.92000000,422198.29000000
4765,2023-03-06 04:00:00,20.92000000,20.96000000,20.60000000,20.76000000,449004.37000000
4766,2023-03-06 08:00:00,20.75000000,20.79000000,20.61000000,20.70000000,242309.09000000
4767,2023-03-06 12:00:00,20.70000000,21.10000000,20.55000000,21.06000000,384769.59000000
4768,2023-03-06 16:00:00,21.05000000,21.19000000,20.75000000,20.76000000,351215.52000000
4769,2023-03-06 20:00:00,20.76000000,20.77000000,20.47000000,20.63000000,366923.02000000
4770,2023-03-07 00:00:00,20.62000000,20.95000000,20.44000000,20.79000000,326197.63000000
4771,2023-03-07 04:00:00,20.80000000,20.86000000,20.68000000,20.71000000,201826.51000000
4772,2023-03-07 08:00:00,20.71000000,20.74000000,20.27000000,20.31000000,371874.02000000
4773,2023-03-07 12:00:00,20.31000000,20.64000000,19.92000000,20.42000000,1097136.93000000
4774,2023-03-07 16:00:00,20.42000000,20.51000000,19.97000000,20.02000000,545134.49000000
4775,2023-03-07 20:00:00,20.01000000,20.29000000,19.71000000,20.25000000,562662.41000000
4776,2023-03-08 00:00:00,20.25000000,20.39000000,19.80000000,20.00000000,487614.31000000
4777,2023-03-08 04:00:00,20.00000000,20.07000000,19.13000000,19.19000000,854080.11000000
4778,2023-03-08 08:00:00,19.20000000,19.53000000,19.16000000,19.34000000,524759.03000000
4779,2023-03-08 12:00:00,19.33000000,19.38000000,18.64000000,19.24000000,1788894.58000000
4780,2023-03-08 16:00:00,19.24000000,19.41000000,18.47000000,18.68000000,974143.03000000
4781,2023-03-08 20:00:00,18.68000000,18.96000000,18.10000000,18.41000000,1197312.47000000
4782,2023-03-09 00:00:00,18.41000000,18.68000000,18.37000000,18.58000000,587060.91000000
4783,2023-03-09 04:00:00,18.59000000,18.78000000,18.48000000,18.50000000,333988.39000000
4784,2023-03-09 08:00:00,18.50000000,18.61000000,18.24000000,18.54000000,582989.18000000
4785,2023-03-09 12:00:00,18.54000000,18.68000000,18.14000000,18.35000000,1415970.23000000
4786,2023-03-09 16:00:00,18.36000000,18.40000000,17.50000000,17.74000000,1971823.83000000
4787,2023-03-09 20:00:00,17.74000000,17.74000000,16.69000000,17.33000000,2940716.42000000
4788,2023-03-10 00:00:00,17.34000000,17.36000000,16.79000000,17.16000000,1274343.71000000
4789,2023-03-10 04:00:00,17.15000000,17.19000000,16.60000000,16.98000000,1122512.06000000
4790,2023-03-10 08:00:00,16.99000000,17.03000000,16.00000000,16.71000000,2054231.12000000
4791,2023-03-10 12:00:00,16.71000000,17.93000000,16.59000000,17.67000000,3119685.16000000
4792,2023-03-10 16:00:00,17.66000000,17.97000000,17.43000000,17.78000000,1124014.42000000
4793,2023-03-10 20:00:00,17.77000000,18.36000000,17.46000000,18.17000000,825416.18000000
4794,2023-03-11 00:00:00,18.17000000,18.89000000,18.02000000,18.18000000,1497399.93000000
4795,2023-03-11 04:00:00,18.18000000,18.28000000,16.96000000,17.07000000,1276636.89000000
4796,2023-03-11 08:00:00,17.06000000,17.76000000,16.94000000,17.40000000,1355772.78000000
4797,2023-03-11 12:00:00,17.41000000,17.53000000,17.07000000,17.14000000,657023.09000000
4798,2023-03-11 16:00:00,17.15000000,17.96000000,17.00000000,17.95000000,926701.86000000
4799,2023-03-11 20:00:00,17.95000000,18.20000000,17.83000000,18.07000000,879571.86000000
4800,2023-03-12 00:00:00,18.07000000,18.13000000,17.78000000,17.92000000,427676.15000000
4801,2023-03-12 04:00:00,17.93000000,18.10000000,17.71000000,17.83000000,419310.22000000
4802,2023-03-12 08:00:00,17.84000000,18.28000000,17.80000000,18.13000000,412631.21000000
4803,2023-03-12 12:00:00,18.13000000,18.14000000,17.74000000,17.84000000,606391.01000000
4804,2023-03-12 16:00:00,17.85000000,18.84000000,17.78000000,18.38000000,1761561.98000000
4805,2023-03-12 20:00:00,18.38000000,20.53000000,18.37000000,20.20000000,2928276.06000000
4806,2023-03-13 00:00:00,20.19000000,20.58000000,19.46000000,19.54000000,1890251.68000000
4807,2023-03-13 04:00:00,19.54000000,19.85000000,19.52000000,19.75000000,790218.61000000
4808,2023-03-13 08:00:00,19.74000000,19.79000000,18.90000000,19.21000000,1302486.68000000
4809,2023-03-13 12:00:00,19.22000000,21.47000000,18.87000000,20.71000000,4351833.27000000
4810,2023-03-13 16:00:00,20.71000000,20.99000000,20.32000000,20.52000000,1507240.95000000
4811,2023-03-13 20:00:00,20.52000000,20.62000000,20.15000000,20.40000000,810071.12000000
4812,2023-03-14 00:00:00,20.40000000,20.50000000,20.15000000,20.42000000,633476.48000000
4813,2023-03-14 04:00:00,20.42000000,20.68000000,19.93000000,20.00000000,784064.18000000
4814,2023-03-14 08:00:00,20.01000000,20.23000000,19.75000000,20.12000000,742180.09000000
4815,2023-03-14 12:00:00,20.12000000,22.12000000,20.03000000,21.91000000,3993469.65000000
4816,2023-03-14 16:00:00,21.91000000,22.00000000,20.34000000,20.91000000,2404501.91000000
4817,2023-03-14 20:00:00,20.91000000,21.04000000,20.23000000,20.86000000,1255172.08000000
4818,2023-03-15 00:00:00,20.86000000,21.22000000,20.58000000,21.04000000,728798.00000000
4819,2023-03-15 04:00:00,21.05000000,21.46000000,20.98000000,21.24000000,554982.76000000
4820,2023-03-15 08:00:00,21.23000000,21.24000000,20.17000000,20.58000000,914357.96000000
4821,2023-03-15 12:00:00,20.59000000,21.02000000,19.07000000,19.24000000,2622334.65000000
4822,2023-03-15 16:00:00,19.25000000,19.44000000,18.70000000,19.09000000,2178683.19000000
4823,2023-03-15 20:00:00,19.09000000,19.48000000,19.00000000,19.24000000,662012.16000000
4824,2023-03-16 00:00:00,19.25000000,19.49000000,18.88000000,19.32000000,649609.46000000
4825,2023-03-16 04:00:00,19.32000000,19.63000000,19.05000000,19.51000000,609323.96000000
4826,2023-03-16 08:00:00,19.51000000,19.82000000,19.26000000,19.67000000,781438.60000000
4827,2023-03-16 12:00:00,19.66000000,19.71000000,19.03000000,19.58000000,1065285.55000000
4828,2023-03-16 16:00:00,19.59000000,19.90000000,19.28000000,19.75000000,770152.97000000
4829,2023-03-16 20:00:00,19.76000000,19.78000000,19.27000000,19.67000000,506072.14000000
4830,2023-03-17 00:00:00,19.67000000,20.26000000,19.42000000,19.99000000,783897.25000000
4831,2023-03-17 04:00:00,20.00000000,20.27000000,19.88000000,20.01000000,636820.12000000
4832,2023-03-17 08:00:00,20.01000000,20.73000000,19.93000000,20.68000000,930634.78000000
4833,2023-03-17 12:00:00,20.69000000,20.69000000,19.81000000,20.04000000,1023726.50000000
4834,2023-03-17 16:00:00,20.03000000,20.63000000,19.90000000,20.54000000,924639.18000000
4835,2023-03-17 20:00:00,20.55000000,21.69000000,20.32000000,21.60000000,1554028.32000000
4836,2023-03-18 00:00:00,21.60000000,22.94000000,21.27000000,22.64000000,2426843.25000000
4837,2023-03-18 04:00:00,22.64000000,22.87000000,22.11000000,22.18000000,997769.86000000
4838,2023-03-18 08:00:00,22.17000000,22.51000000,21.78000000,22.49000000,915942.69000000
4839,2023-03-18 12:00:00,22.48000000,22.52000000,21.44000000,21.84000000,1162181.63000000
4840,2023-03-18 16:00:00,21.83000000,22.39000000,21.22000000,21.93000000,1193165.89000000
4841,2023-03-18 20:00:00,21.93000000,22.17000000,21.05000000,21.20000000,722068.93000000
4842,2023-03-19 00:00:00,21.20000000,21.85000000,21.19000000,21.82000000,473188.92000000
4843,2023-03-19 04:00:00,21.82000000,21.93000000,21.29000000,21.56000000,453334.49000000
4844,2023-03-19 08:00:00,21.55000000,21.77000000,21.22000000,21.70000000,562514.31000000
4845,2023-03-19 12:00:00,21.69000000,22.13000000,21.48000000,22.01000000,728200.73000000
4846,2023-03-19 16:00:00,22.00000000,22.43000000,21.97000000,22.19000000,1171110.28000000
4847,2023-03-19 20:00:00,22.20000000,22.29000000,21.70000000,21.86000000,902641.30000000
4848,2023-03-20 00:00:00,21.86000000,22.97000000,21.61000000,21.69000000,1805687.05000000
4849,2023-03-20 04:00:00,21.69000000,23.16000000,21.35000000,23.09000000,1532236.28000000
4850,2023-03-20 08:00:00,23.10000000,23.60000000,22.91000000,23.32000000,2046637.72000000
4851,2023-03-20 12:00:00,23.33000000,23.91000000,22.93000000,23.17000000,1798760.91000000
4852,2023-03-20 16:00:00,23.16000000,23.44000000,21.83000000,22.13000000,1990089.59000000
4853,2023-03-20 20:00:00,22.14000000,22.79000000,22.00000000,22.13000000,883017.58000000
4854,2023-03-21 00:00:00,22.13000000,22.73000000,22.00000000,22.45000000,1009579.27000000
4855,2023-03-21 04:00:00,22.45000000,22.63000000,21.70000000,21.93000000,835940.03000000
4856,2023-03-21 08:00:00,21.94000000,22.52000000,21.51000000,22.44000000,1112451.63000000
4857,2023-03-21 12:00:00,22.45000000,23.33000000,22.35000000,22.92000000,1673096.65000000
4858,2023-03-21 16:00:00,22.92000000,23.20000000,22.12000000,22.52000000,1246155.61000000
4859,2023-03-21 20:00:00,22.52000000,22.67000000,22.25000000,22.53000000,670644.19000000
4860,2023-03-22 00:00:00,22.52000000,22.53000000,22.02000000,22.30000000,576902.20000000
4861,2023-03-22 04:00:00,22.31000000,22.56000000,22.20000000,22.31000000,546526.57000000
4862,2023-03-22 08:00:00,22.31000000,22.71000000,22.10000000,22.48000000,867184.35000000
4863,2023-03-22 12:00:00,22.48000000,23.09000000,22.32000000,22.63000000,1170701.52000000
4864,2023-03-22 16:00:00,22.64000000,22.95000000,20.93000000,21.10000000,3846459.83000000
4865,2023-03-22 20:00:00,21.10000000,21.85000000,20.96000000,21.42000000,1594518.51000000
4866,2023-03-23 00:00:00,21.41000000,21.60000000,21.08000000,21.26000000,633172.20000000
4867,2023-03-23 04:00:00,21.26000000,21.73000000,21.19000000,21.70000000,469482.13000000
4868,2023-03-23 08:00:00,21.70000000,21.80000000,21.57000000,21.76000000,400730.33000000
4869,2023-03-23 12:00:00,21.76000000,22.66000000,21.38000000,22.40000000,1400359.65000000
4870,2023-03-23 16:00:00,22.39000000,22.95000000,21.70000000,22.09000000,1599014.91000000
4871,2023-03-23 20:00:00,22.09000000,22.25000000,21.89000000,22.16000000,546652.14000000
4872,2023-03-24 00:00:00,22.16000000,22.27000000,22.02000000,22.09000000,332575.96000000
4873,2023-03-24 04:00:00,22.08000000,22.14000000,21.87000000,21.99000000,319121.92000000
4874,2023-03-24 08:00:00,21.98000000,22.02000000,21.46000000,21.73000000,661055.71000000
4875,2023-03-24 12:00:00,21.73000000,21.73000000,20.99000000,21.20000000,736877.21000000
4876,2023-03-24 16:00:00,21.21000000,21.33000000,20.26000000,20.75000000,2173280.94000000
4877,2023-03-24 20:00:00,20.76000000,20.80000000,20.33000000,20.66000000,773086.47000000
4878,2023-03-25 00:00:00,20.66000000,20.93000000,20.62000000,20.72000000,371256.57000000
4879,2023-03-25 04:00:00,20.73000000,20.81000000,20.50000000,20.62000000,239414.87000000
4880,2023-03-25 08:00:00,20.61000000,20.71000000,20.40000000,20.66000000,300108.96000000
4881,2023-03-25 12:00:00,20.66000000,20.98000000,20.56000000,20.87000000,475581.28000000
4882,2023-03-25 16:00:00,20.88000000,20.91000000,20.09000000,20.14000000,606578.19000000
4883,2023-03-25 20:00:00,20.13000000,20.45000000,20.11000000,20.41000000,345193.69000000
4884,2023-03-26 00:00:00,20.40000000,20.76000000,20.29000000,20.67000000,267460.26000000
4885,2023-03-26 04:00:00,20.67000000,20.88000000,20.63000000,20.76000000,176432.39000000
4886,2023-03-26 08:00:00,20.76000000,20.96000000,20.70000000,20.83000000,326428.90000000
4887,2023-03-26 12:00:00,20.84000000,21.14000000,20.74000000,20.82000000,538512.29000000
4888,2023-03-26 16:00:00,20.82000000,21.01000000,20.65000000,20.92000000,263740.03000000
4889,2023-03-26 20:00:00,20.91000000,21.10000000,20.76000000,20.94000000,276025.22000000
4890,2023-03-27 00:00:00,20.94000000,20.99000000,20.57000000,20.72000000,293093.04000000
4891,2023-03-27 04:00:00,20.71000000,20.75000000,20.37000000,20.45000000,358929.27000000
4892,2023-03-27 08:00:00,20.44000000,20.66000000,20.35000000,20.61000000,338338.09000000
4893,2023-03-27 12:00:00,20.61000000,20.71000000,19.33000000,19.78000000,1565537.03000000
4894,2023-03-27 16:00:00,19.77000000,19.97000000,19.60000000,19.68000000,653870.76000000
4895,2023-03-27 20:00:00,19.69000000,19.95000000,19.59000000,19.91000000,346616.19000000
4896,2023-03-28 00:00:00,19.91000000,19.99000000,19.60000000,19.71000000,340325.45000000
4897,2023-03-28 04:00:00,19.72000000,20.08000000,19.71000000,19.88000000,343076.26000000
4898,2023-03-28 08:00:00,19.88000000,20.19000000,19.61000000,20.09000000,487542.54000000
4899,2023-03-28 12:00:00,20.10000000,20.40000000,19.82000000,20.24000000,806862.42000000
4900,2023-03-28 16:00:00,20.25000000,20.88000000,20.04000000,20.70000000,910908.07000000
4901,2023-03-28 20:00:00,20.70000000,20.75000000,20.23000000,20.45000000,427747.67000000
4902,2023-03-29 00:00:00,20.45000000,20.87000000,20.43000000,20.66000000,341477.45000000
4903,2023-03-29 04:00:00,20.66000000,21.29000000,20.62000000,21.20000000,714252.37000000
4904,2023-03-29 08:00:00,21.20000000,21.56000000,21.11000000,21.20000000,724629.62000000
4905,2023-03-29 12:00:00,21.21000000,21.36000000,20.95000000,21.24000000,685214.01000000
4906,2023-03-29 16:00:00,21.23000000,21.25000000,20.95000000,21.17000000,505793.39000000
4907,2023-03-29 20:00:00,21.18000000,21.33000000,20.91000000,21.10000000,406156.44000000
4908,2023-03-30 00:00:00,21.10000000,21.67000000,20.58000000,21.06000000,1311054.07000000
4909,2023-03-30 04:00:00,21.06000000,21.22000000,20.85000000,21.03000000,488476.66000000
4910,2023-03-30 08:00:00,21.02000000,21.05000000,20.52000000,20.68000000,557102.83000000
4911,2023-03-30 12:00:00,20.68000000,20.70000000,20.41000000,20.53000000,818698.49000000
4912,2023-03-30 16:00:00,20.54000000,20.54000000,20.16000000,20.49000000,782809.57000000
4913,2023-03-30 20:00:00,20.50000000,20.73000000,20.38000000,20.55000000,391436.16000000
4914,2023-03-31 00:00:00,20.55000000,20.75000000,20.44000000,20.53000000,383842.76000000
4915,2023-03-31 04:00:00,20.54000000,20.62000000,20.04000000,20.29000000,468997.61000000
4916,2023-03-31 08:00:00,20.29000000,20.42000000,20.22000000,20.32000000,298561.04000000
4917,2023-03-31 12:00:00,20.31000000,21.00000000,20.20000000,20.87000000,924822.82000000
4918,2023-03-31 16:00:00,20.87000000,21.01000000,20.69000000,20.97000000,528732.02000000
4919,2023-03-31 20:00:00,20.98000000,21.49000000,20.83000000,21.16000000,623435.02000000
4920,2023-04-01 00:00:00,21.15000000,21.34000000,20.92000000,21.03000000,449477.06000000
4921,2023-04-01 04:00:00,21.03000000,21.28000000,20.84000000,21.02000000,354734.23000000
4922,2023-04-01 08:00:00,21.02000000,21.11000000,20.92000000,21.03000000,225019.33000000
4923,2023-04-01 12:00:00,21.02000000,21.09000000,20.86000000,20.96000000,249587.28000000
4924,2023-04-01 16:00:00,20.96000000,21.04000000,20.74000000,20.94000000,321993.54000000
4925,2023-04-01 20:00:00,20.94000000,21.22000000,20.94000000,21.08000000,223652.11000000
4926,2023-04-02 00:00:00,21.07000000,21.15000000,20.88000000,21.02000000,168332.61000000
4927,2023-04-02 04:00:00,21.03000000,21.30000000,20.92000000,21.18000000,199641.18000000
4928,2023-04-02 08:00:00,21.18000000,21.20000000,20.97000000,20.99000000,196357.18000000
4929,2023-04-02 12:00:00,20.98000000,21.00000000,20.43000000,20.58000000,606662.44000000
4930,2023-04-02 16:00:00,20.59000000,20.68000000,20.23000000,20.34000000,386247.26000000
4931,2023-04-02 20:00:00,20.34000000,20.57000000,20.27000000,20.52000000,265104.91000000
4932,2023-04-03 00:00:00,20.52000000,20.56000000,19.94000000,20.04000000,540266.98000000
4933,2023-04-03 04:00:00,20.04000000,20.27000000,20.00000000,20.26000000,279924.01000000
4934,2023-04-03 08:00:00,20.27000000,20.58000000,20.25000000,20.41000000,541846.49000000
4935,2023-04-03 12:00:00,20.40000000,20.60000000,20.07000000,20.32000000,503266.81000000
4936,2023-04-03 16:00:00,20.33000000,20.96000000,20.15000000,20.90000000,1087176.03000000
4937,2023-04-03 20:00:00,20.91000000,20.99000000,20.05000000,20.45000000,1031605.25000000
4938,2023-04-04 00:00:00,20.45000000,20.57000000,20.28000000,20.42000000,273681.59000000
4939,2023-04-04 04:00:00,20.42000000,20.65000000,20.33000000,20.52000000,266634.57000000
4940,2023-04-04 08:00:00,20.53000000,21.00000000,20.47000000,20.97000000,579025.81000000
4941,2023-04-04 12:00:00,20.97000000,21.26000000,20.68000000,20.86000000,846370.90000000
4942,2023-04-04 16:00:00,20.86000000,21.01000000,20.75000000,20.94000000,297052.20000000
4943,2023-04-04 20:00:00,20.94000000,21.08000000,20.83000000,20.92000000,252098.82000000
4944,2023-04-05 00:00:00,20.91000000,21.34000000,20.83000000,21.14000000,556930.00000000
4945,2023-04-05 04:00:00,21.14000000,21.31000000,21.11000000,21.19000000,303875.96000000
4946,2023-04-05 08:00:00,21.18000000,21.28000000,21.07000000,21.18000000,289705.54000000
4947,2023-04-05 12:00:00,21.19000000,21.24000000,20.58000000,20.80000000,893690.35000000
4948,2023-04-05 16:00:00,20.81000000,20.97000000,20.64000000,20.92000000,372041.99000000
4949,2023-04-05 20:00:00,20.91000000,21.04000000,20.82000000,20.97000000,186828.42000000
4950,2023-04-06 00:00:00,20.96000000,20.99000000,20.51000000,20.83000000,317440.00000000
4951,2023-04-06 04:00:00,20.83000000,20.83000000,20.62000000,20.64000000,164148.87000000
4952,2023-04-06 08:00:00,20.63000000,20.76000000,20.43000000,20.69000000,372865.47000000
4953,2023-04-06 12:00:00,20.68000000,20.82000000,20.46000000,20.74000000,395782.29000000
4954,2023-04-06 16:00:00,20.75000000,20.86000000,20.61000000,20.72000000,246772.71000000
4955,2023-04-06 20:00:00,20.72000000,20.78000000,20.53000000,20.62000000,177271.16000000
4956,2023-04-07 00:00:00,20.62000000,20.78000000,20.40000000,20.55000000,250506.66000000
4957,2023-04-07 04:00:00,20.56000000,20.57000000,20.22000000,20.28000000,292955.96000000
4958,2023-04-07 08:00:00,20.28000000,20.44000000,20.23000000,20.31000000,212203.40000000
4959,2023-04-07 12:00:00,20.32000000,20.64000000,20.27000000,20.54000000,250617.72000000
4960,2023-04-07 16:00:00,20.54000000,20.57000000,20.42000000,20.49000000,104288.59000000
4961,2023-04-07 20:00:00,20.49000000,20.53000000,20.35000000,20.44000000,110290.14000000
4962,2023-04-08 00:00:00,20.44000000,20.50000000,20.27000000,20.48000000,154901.70000000
4963,2023-04-08 04:00:00,20.47000000,20.74000000,20.44000000,20.60000000,223265.69000000
4964,2023-04-08 08:00:00,20.60000000,20.65000000,20.52000000,20.57000000,102945.26000000
4965,2023-04-08 12:00:00,20.57000000,20.58000000,20.33000000,20.45000000,176734.57000000
4966,2023-04-08 16:00:00,20.45000000,20.45000000,20.07000000,20.20000000,327417.04000000
4967,2023-04-08 20:00:00,20.20000000,20.24000000,19.85000000,20.04000000,623729.22000000
4968,2023-04-09 00:00:00,20.04000000,20.23000000,20.02000000,20.11000000,189662.35000000
4969,2023-04-09 04:00:00,20.10000000,20.25000000,19.87000000,20.01000000,186914.09000000
4970,2023-04-09 08:00:00,20.01000000,20.20000000,19.95000000,20.19000000,125279.93000000
4971,2023-04-09 12:00:00,20.18000000,20.32000000,20.00000000,20.13000000,167774.57000000
4972,2023-04-09 16:00:00,20.12000000,20.42000000,20.06000000,20.27000000,214999.33000000
4973,2023-04-09 20:00:00,20.28000000,20.44000000,20.20000000,20.28000000,166978.57000000
4974,2023-04-10 00:00:00,20.29000000,20.35000000,20.13000000,20.26000000,138405.62000000
4975,2023-04-10 04:00:00,20.26000000,20.33000000,20.18000000,20.23000000,86399.25000000
4976,2023-04-10 08:00:00,20.24000000,20.44000000,20.22000000,20.29000000,167454.14000000
4977,2023-04-10 12:00:00,20.29000000,20.31000000,20.08000000,20.22000000,249365.97000000
4978,2023-04-10 16:00:00,20.22000000,20.71000000,20.17000000,20.69000000,557882.40000000
4979,2023-04-10 20:00:00,20.69000000,20.95000000,20.53000000,20.89000000,415622.26000000
4980,2023-04-11 00:00:00,20.89000000,21.30000000,20.82000000,21.27000000,710098.94000000
4981,2023-04-11 04:00:00,21.27000000,22.68000000,21.21000000,22.47000000,2163752.83000000
4982,2023-04-11 08:00:00,22.47000000,22.60000000,22.20000000,22.21000000,883954.61000000
4983,2023-04-11 12:00:00,22.22000000,23.50000000,22.12000000,23.32000000,2045321.79000000
4984,2023-04-11 16:00:00,23.32000000,23.68000000,23.03000000,23.42000000,1522471.32000000
4985,2023-04-11 20:00:00,23.43000000,23.47000000,22.82000000,22.98000000,972260.50000000
4986,2023-04-12 00:00:00,22.99000000,23.55000000,22.29000000,22.56000000,1636785.47000000
4987,2023-04-12 04:00:00,22.56000000,24.05000000,22.50000000,23.69000000,2000132.78000000
4988,2023-04-12 08:00:00,23.69000000,23.90000000,23.27000000,23.50000000,1117351.96000000
4989,2023-04-12 12:00:00,23.50000000,24.48000000,23.26000000,23.61000000,2825991.88000000
4990,2023-04-12 16:00:00,23.61000000,24.48000000,23.54000000,23.89000000,2090608.58000000
4991,2023-04-12 20:00:00,23.89000000,24.18000000,23.61000000,23.80000000,703392.41000000
4992,2023-04-13 00:00:00,23.81000000,24.13000000,23.63000000,24.00000000,771656.44000000
4993,2023-04-13 04:00:00,24.00000000,24.29000000,23.87000000,24.13000000,582717.35000000
4994,2023-04-13 08:00:00,24.13000000,24.55000000,23.90000000,24.31000000,1177169.43000000
4995,2023-04-13 12:00:00,24.31000000,25.30000000,24.26000000,24.63000000,2345143.47000000
4996,2023-04-13 16:00:00,24.62000000,24.89000000,24.38000000,24.73000000,718020.50000000
4997,2023-04-13 20:00:00,24.74000000,24.79000000,24.29000000,24.43000000,468678.59000000
4998,2023-04-14 00:00:00,24.43000000,25.44000000,24.21000000,25.08000000,1868297.26000000
4999,2023-04-14 04:00:00,25.09000000,25.49000000,24.84000000,24.90000000,988252.61000000
5000,2023-04-14 08:00:00,24.90000000,25.13000000,24.80000000,25.02000000,545720.89000000
5001,2023-04-14 12:00:00,25.01000000,25.09000000,23.79000000,23.83000000,1450893.37000000
5002,2023-04-14 16:00:00,23.83000000,24.73000000,23.73000000,24.52000000,981225.77000000
5003,2023-04-14 20:00:00,24.53000000,24.98000000,24.43000000,24.71000000,597736.91000000
5004,2023-04-15 00:00:00,24.72000000,24.80000000,24.14000000,24.26000000,497362.90000000
5005,2023-04-15 04:00:00,24.26000000,24.50000000,24.00000000,24.41000000,342789.63000000
5006,2023-04-15 08:00:00,24.42000000,24.52000000,24.21000000,24.35000000,573001.48000000
5007,2023-04-15 12:00:00,24.35000000,24.51000000,24.16000000,24.34000000,436262.87000000
5008,2023-04-15 16:00:00,24.34000000,24.41000000,23.84000000,24.04000000,745015.22000000
5009,2023-04-15 20:00:00,24.04000000,24.15000000,23.81000000,24.05000000,266994.82000000
5010,2023-04-16 00:00:00,24.05000000,24.48000000,23.81000000,24.32000000,548854.45000000
5011,2023-04-16 04:00:00,24.32000000,24.44000000,24.18000000,24.25000000,274532.74000000
5012,2023-04-16 08:00:00,24.25000000,24.34000000,23.99000000,24.05000000,286429.61000000
5013,2023-04-16 12:00:00,24.06000000,24.35000000,23.99000000,24.32000000,271205.40000000
5014,2023-04-16 16:00:00,24.32000000,24.83000000,24.19000000,24.53000000,584540.44000000
5015,2023-04-16 20:00:00,24.54000000,25.49000000,24.31000000,25.34000000,1505855.03000000
5016,2023-04-17 00:00:00,25.34000000,26.00000000,24.80000000,25.81000000,1790076.07000000
5017,2023-04-17 04:00:00,25.81000000,25.97000000,25.08000000,25.12000000,814534.17000000
5018,2023-04-17 08:00:00,25.12000000,25.38000000,24.60000000,24.92000000,829603.33000000
5019,2023-04-17 12:00:00,24.91000000,25.46000000,24.28000000,24.53000000,1361654.94000000
5020,2023-04-17 16:00:00,24.54000000,24.89000000,24.34000000,24.73000000,512370.28000000
5021,2023-04-17 20:00:00,24.73000000,24.80000000,24.46000000,24.58000000,323298.71000000
5022,2023-04-18 00:00:00,24.57000000,24.67000000,24.00000000,24.42000000,632343.12000000
5023,2023-04-18 04:00:00,24.43000000,25.15000000,24.35000000,25.10000000,572522.82000000
5024,2023-04-18 08:00:00,25.10000000,25.44000000,24.86000000,25.34000000,665796.85000000
5025,2023-04-18 12:00:00,25.35000000,25.40000000,24.83000000,24.92000000,733268.39000000
5026,2023-04-18 16:00:00,24.92000000,25.00000000,24.42000000,24.68000000,534062.85000000
5027,2023-04-18 20:00:00,24.68000000,24.91000000,24.58000000,24.82000000,339510.57000000
5028,2023-04-19 00:00:00,24.82000000,24.98000000,24.53000000,24.61000000,323245.63000000
5029,2023-04-19 04:00:00,24.61000000,24.78000000,24.26000000,24.36000000,616429.30000000
5030,2023-04-19 08:00:00,24.36000000,24.37000000,21.71000000,23.21000000,3222855.94000000
5031,2023-04-19 12:00:00,23.21000000,23.55000000,22.93000000,23.33000000,921751.86000000
5032,2023-04-19 16:00:00,23.34000000,23.49000000,22.83000000,22.99000000,626274.08000000
5033,2023-04-19 20:00:00,22.98000000,23.16000000,22.14000000,22.66000000,939991.18000000
5034,2023-04-20 00:00:00,22.66000000,23.09000000,22.37000000,22.86000000,484669.02000000
5035,2023-04-20 04:00:00,22.87000000,23.08000000,22.57000000,22.61000000,794034.28000000
5036,2023-04-20 08:00:00,22.60000000,22.87000000,22.23000000,22.33000000,835022.62000000
5037,2023-04-20 12:00:00,22.34000000,23.18000000,22.06000000,22.13000000,1148539.55000000
5038,2023-04-20 16:00:00,22.13000000,22.44000000,21.59000000,21.79000000,1785372.78000000
5039,2023-04-20 20:00:00,21.78000000,22.30000000,21.68000000,22.20000000,438574.31000000
5040,2023-04-21 00:00:00,22.19000000,22.41000000,21.99000000,22.31000000,300357.65000000
5041,2023-04-21 04:00:00,22.31000000,22.36000000,21.81000000,22.26000000,513373.58000000
5042,2023-04-21 08:00:00,22.26000000,22.40000000,21.93000000,22.03000000,367518.63000000
5043,2023-04-21 12:00:00,22.02000000,22.30000000,21.80000000,21.88000000,596299.85000000
5044,2023-04-21 16:00:00,21.87000000,21.94000000,21.00000000,21.21000000,1629573.36000000
5045,2023-04-21 20:00:00,21.21000000,21.50000000,21.00000000,21.25000000,787373.30000000
5046,2023-04-22 00:00:00,21.26000000,21.40000000,21.05000000,21.37000000,264878.80000000
5047,2023-04-22 04:00:00,21.38000000,21.50000000,21.23000000,21.27000000,153816.32000000
5048,2023-04-22 08:00:00,21.28000000,21.40000000,21.21000000,21.37000000,149697.35000000
5049,2023-04-22 12:00:00,21.37000000,21.74000000,21.36000000,21.74000000,491746.29000000
5050,2023-04-22 16:00:00,21.73000000,21.94000000,21.61000000,21.77000000,453268.65000000
5051,2023-04-22 20:00:00,21.77000000,21.99000000,21.69000000,21.79000000,317806.68000000
5052,2023-04-23 00:00:00,21.79000000,21.80000000,21.44000000,21.72000000,225561.69000000
5053,2023-04-23 04:00:00,21.71000000,22.15000000,21.68000000,22.07000000,377710.84000000
5054,2023-04-23 08:00:00,22.07000000,22.21000000,21.92000000,22.13000000,508130.62000000
5055,2023-04-23 12:00:00,22.13000000,22.25000000,21.48000000,21.66000000,535081.98000000
5056,2023-04-23 16:00:00,21.65000000,21.69000000,20.91000000,21.19000000,832963.08000000
5057,2023-04-23 20:00:00,21.19000000,21.55000000,21.09000000,21.47000000,274691.44000000
5058,2023-04-24 00:00:00,21.47000000,22.02000000,21.26000000,21.72000000,614338.31000000
5059,2023-04-24 04:00:00,21.72000000,21.79000000,21.18000000,21.29000000,469381.48000000
5060,2023-04-24 08:00:00,21.28000000,21.74000000,21.13000000,21.74000000,422342.52000000
5061,2023-04-24 12:00:00,21.73000000,22.00000000,21.29000000,21.35000000,693027.01000000
5062,2023-04-24 16:00:00,21.34000000,21.56000000,21.00000000,21.32000000,688868.70000000
5063,2023-04-24 20:00:00,21.32000000,21.48000000,21.26000000,21.38000000,232656.14000000
5064,2023-04-25 00:00:00,21.39000000,21.46000000,20.82000000,20.87000000,504424.46000000
5065,2023-04-25 04:00:00,20.88000000,21.16000000,20.84000000,20.89000000,411095.26000000
5066,2023-04-25 08:00:00,20.88000000,21.05000000,20.73000000,21.00000000,542144.60000000
5067,2023-04-25 12:00:00,21.01000000,21.17000000,20.76000000,20.88000000,673672.84000000
5068,2023-04-25 16:00:00,20.87000000,21.30000000,20.77000000,21.17000000,504036.52000000
5069,2023-04-25 20:00:00,21.18000000,21.97000000,21.16000000,21.93000000,679225.86000000
5070,2023-04-26 00:00:00,21.94000000,22.08000000,21.73000000,21.80000000,326917.56000000
5071,2023-04-26 04:00:00,21.81000000,22.17000000,21.81000000,21.92000000,450496.10000000
5072,2023-04-26 08:00:00,21.93000000,22.64000000,21.92000000,22.46000000,838633.96000000
5073,2023-04-26 12:00:00,22.46000000,22.97000000,22.45000000,22.68000000,1364531.97000000
5074,2023-04-26 16:00:00,22.67000000,22.85000000,20.80000000,21.09000000,1960644.51000000
5075,2023-04-26 20:00:00,21.09000000,21.54000000,20.36000000,21.28000000,1716644.03000000
5076,2023-04-27 00:00:00,21.28000000,22.08000000,21.18000000,21.63000000,1349063.74000000
5077,2023-04-27 04:00:00,21.62000000,22.00000000,21.51000000,21.68000000,496710.29000000
5078,2023-04-27 08:00:00,21.67000000,21.77000000,21.52000000,21.65000000,382423.78000000
5079,2023-04-27 12:00:00,21.64000000,22.46000000,21.31000000,22.25000000,1145736.96000000
5080,2023-04-27 16:00:00,22.25000000,22.52000000,22.03000000,22.33000000,826815.80000000
5081,2023-04-27 20:00:00,22.33000000,22.49000000,22.13000000,22.33000000,502364.46000000
5082,2023-04-28 00:00:00,22.34000000,22.68000000,22.19000000,22.31000000,382250.65000000
5083,2023-04-28 04:00:00,22.31000000,22.65000000,22.30000000,22.61000000,302048.96000000
5084,2023-04-28 08:00:00,22.62000000,22.87000000,22.34000000,22.49000000,563417.43000000
5085,2023-04-28 12:00:00,22.49000000,22.75000000,22.16000000,22.38000000,635426.96000000
5086,2023-04-28 16:00:00,22.38000000,23.47000000,22.37000000,23.31000000,1963451.63000000
5087,2023-04-28 20:00:00,23.32000000,23.50000000,23.12000000,23.34000000,575728.75000000
5088,2023-04-29 00:00:00,23.34000000,23.49000000,23.20000000,23.30000000,333135.02000000
5089,2023-04-29 04:00:00,23.31000000,23.41000000,23.13000000,23.26000000,238289.01000000
5090,2023-04-29 08:00:00,23.26000000,23.36000000,23.18000000,23.29000000,279509.96000000
5091,2023-04-29 12:00:00,23.28000000,23.89000000,23.25000000,23.35000000,1247283.16000000
5092,2023-04-29 16:00:00,23.34000000,23.40000000,22.90000000,23.31000000,473487.16000000
5093,2023-04-29 20:00:00,23.30000000,23.31000000,22.92000000,23.19000000,622995.24000000
5094,2023-04-30 00:00:00,23.18000000,23.21000000,22.97000000,23.15000000,227881.53000000
5095,2023-04-30 04:00:00,23.15000000,23.49000000,23.07000000,23.42000000,289103.62000000
5096,2023-04-30 08:00:00,23.42000000,23.74000000,23.42000000,23.49000000,359368.57000000
5097,2023-04-30 12:00:00,23.49000000,23.99000000,23.33000000,23.67000000,632432.88000000
5098,2023-04-30 16:00:00,23.68000000,23.88000000,23.04000000,23.18000000,797836.28000000
5099,2023-04-30 20:00:00,23.18000000,23.33000000,22.69000000,22.74000000,804320.52000000
5100,2023-05-01 00:00:00,22.73000000,22.88000000,21.91000000,22.18000000,1369271.87000000
5101,2023-05-01 04:00:00,22.18000000,22.38000000,22.01000000,22.33000000,346635.04000000
5102,2023-05-01 08:00:00,22.34000000,22.36000000,22.14000000,22.21000000,261421.85000000
5103,2023-05-01 12:00:00,22.21000000,22.31000000,21.74000000,21.89000000,700061.59000000
5104,2023-05-01 16:00:00,21.89000000,22.00000000,21.54000000,21.74000000,716342.85000000
5105,2023-05-01 20:00:00,21.74000000,22.07000000,21.60000000,21.96000000,364901.01000000
5106,2023-05-02 00:00:00,21.95000000,22.02000000,21.75000000,21.87000000,203969.95000000
5107,2023-05-02 04:00:00,21.87000000,22.01000000,21.75000000,21.91000000,171807.63000000
5108,2023-05-02 08:00:00,21.91000000,22.06000000,21.80000000,21.98000000,348227.03000000
5109,2023-05-02 12:00:00,21.99000000,22.31000000,21.77000000,22.19000000,1042310.92000000
5110,2023-05-02 16:00:00,22.19000000,22.38000000,22.09000000,22.29000000,442102.58000000
5111,2023-05-02 20:00:00,22.30000000,22.35000000,22.16000000,22.25000000,358394.98000000
5112,2023-05-03 00:00:00,22.25000000,22.27000000,21.75000000,21.89000000,484563.64000000
5113,2023-05-03 04:00:00,21.89000000,22.01000000,21.60000000,21.75000000,484817.28000000
5114,2023-05-03 08:00:00,21.74000000,21.85000000,21.34000000,21.41000000,557328.71000000
5115,2023-05-03 12:00:00,21.40000000,21.52000000,21.23000000,21.33000000,806941.91000000
5116,2023-05-03 16:00:00,21.32000000,21.72000000,21.27000000,21.40000000,951487.18000000
5117,2023-05-03 20:00:00,21.41000000,22.30000000,21.39000000,22.24000000,896836.56000000
5118,2023-05-04 00:00:00,22.24000000,22.49000000,22.13000000,22.24000000,572061.19000000
5119,2023-05-04 04:00:00,22.23000000,22.35000000,22.10000000,22.12000000,257185.70000000
5120,2023-05-04 08:00:00,22.11000000,22.45000000,22.08000000,22.24000000,340246.88000000
5121,2023-05-04 12:00:00,22.25000000,22.33000000,21.76000000,21.82000000,766575.66000000
5122,2023-05-04 16:00:00,21.81000000,21.92000000,21.61000000,21.75000000,390438.91000000
5123,2023-05-04 20:00:00,21.75000000,21.80000000,21.62000000,21.74000000,203127.22000000
5124,2023-05-05 00:00:00,21.74000000,22.12000000,21.67000000,21.90000000,430174.02000000
5125,2023-05-05 04:00:00,21.90000000,22.01000000,21.66000000,21.79000000,367972.71000000
5126,2023-05-05 08:00:00,21.78000000,22.04000000,21.77000000,22.01000000,272029.48000000
5127,2023-05-05 12:00:00,22.02000000,22.49000000,21.56000000,22.32000000,1022544.48000000
5128,2023-05-05 16:00:00,22.32000000,22.95000000,22.31000000,22.87000000,1128484.58000000
5129,2023-05-05 20:00:00,22.88000000,23.07000000,22.76000000,22.82000000,415198.80000000
5130,2023-05-06 00:00:00,22.82000000,23.23000000,22.64000000,22.72000000,543739.68000000
5131,2023-05-06 04:00:00,22.72000000,22.80000000,22.54000000,22.64000000,355089.89000000
5132,2023-05-06 08:00:00,22.63000000,22.68000000,22.44000000,22.67000000,353793.42000000
5133,2023-05-06 12:00:00,22.67000000,22.69000000,21.56000000,21.79000000,1051412.91000000
5134,2023-05-06 16:00:00,21.78000000,22.16000000,21.73000000,21.98000000,376337.66000000
5135,2023-05-06 20:00:00,21.98000000,22.02000000,21.82000000,21.91000000,169372.10000000
5136,2023-05-07 00:00:00,21.91000000,22.03000000,21.72000000,21.88000000,351629.40000000
5137,2023-05-07 04:00:00,21.88000000,22.07000000,21.87000000,22.05000000,134011.39000000
5138,2023-05-07 08:00:00,22.06000000,22.24000000,21.93000000,22.10000000,278404.55000000
5139,2023-05-07 12:00:00,22.10000000,22.56000000,22.10000000,22.46000000,503629.07000000
5140,2023-05-07 16:00:00,22.46000000,22.78000000,22.36000000,22.44000000,711965.48000000
5141,2023-05-07 20:00:00,22.44000000,22.57000000,21.63000000,21.66000000,974745.08000000
5142,2023-05-08 00:00:00,21.65000000,21.81000000,20.75000000,21.30000000,1155316.37000000
5143,2023-05-08 04:00:00,21.30000000,21.44000000,20.92000000,21.22000000,562475.41000000
5144,2023-05-08 08:00:00,21.22000000,21.32000000,21.05000000,21.26000000,648881.24000000
5145,2023-05-08 12:00:00,21.27000000,21.39000000,21.07000000,21.16000000,686846.99000000
5146,2023-05-08 16:00:00,21.16000000,21.20000000,20.00000000,20.39000000,1650861.75000000
5147,2023-05-08 20:00:00,20.39000000,20.75000000,20.32000000,20.62000000,550042.79000000
5148,2023-05-09 00:00:00,20.63000000,20.80000000,20.51000000,20.62000000,360680.24000000
5149,2023-05-09 04:00:00,20.63000000,20.72000000,20.41000000,20.69000000,324403.30000000
5150,2023-05-09 08:00:00,20.69000000,20.81000000,20.51000000,20.81000000,349376.98000000
5151,2023-05-09 12:00:00,20.81000000,21.00000000,20.49000000,20.55000000,606834.42000000
5152,2023-05-09 16:00:00,20.55000000,20.85000000,20.40000000,20.62000000,449427.47000000
5153,2023-05-09 20:00:00,20.61000000,20.73000000,20.42000000,20.65000000,284751.19000000
5154,2023-05-10 00:00:00,20.66000000,20.88000000,20.61000000,20.70000000,370677.33000000
5155,2023-05-10 04:00:00,20.71000000,20.82000000,20.53000000,20.54000000,349275.35000000
5156,2023-05-10 08:00:00,20.55000000,20.76000000,20.48000000,20.75000000,298632.54000000
5157,2023-05-10 12:00:00,20.75000000,21.31000000,20.64000000,21.09000000,1250251.79000000
5158,2023-05-10 16:00:00,21.08000000,21.19000000,19.74000000,20.96000000,2051911.07000000
5159,2023-05-10 20:00:00,20.96000000,21.28000000,20.85000000,20.91000000,736422.22000000
5160,2023-05-11 00:00:00,20.92000000,20.93000000,20.52000000,20.55000000,347420.55000000
5161,2023-05-11 04:00:00,20.55000000,20.70000000,20.53000000,20.60000000,186284.49000000
5162,2023-05-11 08:00:00,20.59000000,20.64000000,20.31000000,20.49000000,321260.50000000
5163,2023-05-11 12:00:00,20.50000000,20.76000000,19.90000000,20.17000000,1298887.12000000
5164,2023-05-11 16:00:00,20.16000000,20.20000000,19.69000000,20.00000000,1256246.19000000
5165,2023-05-11 20:00:00,20.01000000,20.31000000,19.96000000,20.17000000,311616.25000000
5166,2023-05-12 00:00:00,20.17000000,20.28000000,19.83000000,19.98000000,310620.69000000
5167,2023-05-12 04:00:00,19.98000000,20.21000000,19.80000000,20.09000000,353799.98000000
5168,2023-05-12 08:00:00,20.09000000,20.36000000,20.05000000,20.28000000,312068.88000000
5169,2023-05-12 12:00:00,20.27000000,20.75000000,20.27000000,20.30000000,670945.00000000
5170,2023-05-12 16:00:00,20.29000000,20.54000000,19.91000000,20.49000000,818478.19000000
5171,2023-05-12 20:00:00,20.48000000,20.95000000,20.41000000,20.90000000,610539.44000000
5172,2023-05-13 00:00:00,20.91000000,21.19000000,20.80000000,21.15000000,417362.62000000
5173,2023-05-13 04:00:00,21.15000000,21.25000000,20.98000000,21.22000000,333428.24000000
5174,2023-05-13 08:00:00,21.22000000,21.29000000,21.03000000,21.08000000,247818.03000000
5175,2023-05-13 12:00:00,21.08000000,21.13000000,20.77000000,20.87000000,364787.27000000
5176,2023-05-13 16:00:00,20.87000000,21.13000000,20.79000000,20.94000000,247220.27000000
5177,2023-05-13 20:00:00,20.94000000,21.03000000,20.83000000,20.84000000,224805.18000000
5178,2023-05-14 00:00:00,20.83000000,21.00000000,20.62000000,20.94000000,573692.24000000
5179,2023-05-14 04:00:00,20.95000000,21.20000000,20.91000000,21.09000000,230512.03000000
5180,2023-05-14 08:00:00,21.10000000,21.12000000,20.94000000,20.97000000,88237.28000000
5181,2023-05-14 12:00:00,20.96000000,21.28000000,20.85000000,21.18000000,313603.25000000
5182,2023-05-14 16:00:00,21.17000000,21.20000000,20.86000000,20.93000000,190203.79000000
5183,2023-05-14 20:00:00,20.92000000,20.99000000,20.82000000,20.93000000,157126.49000000
5184,2023-05-15 00:00:00,20.93000000,21.29000000,20.60000000,21.22000000,789868.92000000
5185,2023-05-15 04:00:00,21.23000000,21.50000000,21.10000000,21.39000000,481011.10000000
5186,2023-05-15 08:00:00,21.39000000,21.52000000,21.26000000,21.28000000,387280.02000000
5187,2023-05-15 12:00:00,21.29000000,21.46000000,21.18000000,21.37000000,381999.94000000
5188,2023-05-15 16:00:00,21.38000000,21.49000000,21.11000000,21.16000000,425868.29000000
5189,2023-05-15 20:00:00,21.16000000,21.17000000,20.93000000,20.99000000,392289.56000000
5190,2023-05-16 00:00:00,20.98000000,21.13000000,20.67000000,20.86000000,468864.91000000
5191,2023-05-16 04:00:00,20.86000000,21.07000000,20.75000000,21.04000000,349093.00000000
5192,2023-05-16 08:00:00,21.05000000,21.11000000,20.80000000,20.88000000,244925.96000000
5193,2023-05-16 12:00:00,20.87000000,20.90000000,20.65000000,20.78000000,543910.86000000
5194,2023-05-16 16:00:00,20.78000000,20.82000000,20.47000000,20.50000000,410115.70000000
5195,2023-05-16 20:00:00,20.50000000,20.73000000,20.43000000,20.67000000,705491.01000000
5196,2023-05-17 00:00:00,20.68000000,21.08000000,20.58000000,20.96000000,404528.10000000
5197,2023-05-17 04:00:00,20.97000000,21.01000000,20.53000000,20.56000000,368199.68000000
5198,2023-05-17 08:00:00,20.56000000,20.69000000,20.47000000,20.52000000,334964.58000000
5199,2023-05-17 12:00:00,20.53000000,20.73000000,20.42000000,20.59000000,414986.90000000
5200,2023-05-17 16:00:00,20.59000000,21.15000000,20.54000000,21.03000000,688507.37000000
5201,2023-05-17 20:00:00,21.03000000,21.23000000,20.93000000,21.06000000,403227.38000000
5202,2023-05-18 00:00:00,21.06000000,21.09000000,20.88000000,21.03000000,313603.66000000
5203,2023-05-18 04:00:00,21.04000000,21.05000000,20.75000000,20.92000000,385525.12000000
5204,2023-05-18 08:00:00,20.93000000,20.96000000,20.74000000,20.84000000,353871.02000000
5205,2023-05-18 12:00:00,20.83000000,20.84000000,20.47000000,20.53000000,542602.88000000
5206,2023-05-18 16:00:00,20.52000000,20.60000000,20.07000000,20.34000000,795290.79000000
5207,2023-05-18 20:00:00,20.34000000,20.52000000,20.28000000,20.34000000,233477.05000000
5208,2023-05-19 00:00:00,20.35000000,20.42000000,20.27000000,20.34000000,232688.64000000
5209,2023-05-19 04:00:00,20.34000000,20.48000000,20.30000000,20.44000000,132628.33000000
5210,2023-05-19 08:00:00,20.43000000,20.52000000,20.37000000,20.45000000,169429.40000000
5211,2023-05-19 12:00:00,20.45000000,20.59000000,20.21000000,20.40000000,381041.27000000
5212,2023-05-19 16:00:00,20.41000000,20.51000000,20.31000000,20.37000000,194362.96000000
5213,2023-05-19 20:00:00,20.37000000,20.40000000,20.32000000,20.36000000,104392.89000000
5214,2023-05-20 00:00:00,20.35000000,20.37000000,20.15000000,20.27000000,159801.06000000
5215,2023-05-20 04:00:00,20.27000000,20.29000000,20.08000000,20.16000000,170745.42000000
5216,2023-05-20 08:00:00,20.17000000,20.26000000,20.16000000,20.22000000,145768.60000000
5217,2023-05-20 12:00:00,20.21000000,20.31000000,20.18000000,20.28000000,104555.22000000
5218,2023-05-20 16:00:00,20.28000000,20.36000000,20.20000000,20.29000000,162564.70000000
5219,2023-05-20 20:00:00,20.29000000,20.31000000,20.21000000,20.28000000,113283.98000000
5220,2023-05-21 00:00:00,20.28000000,20.39000000,20.22000000,20.24000000,125034.62000000
5221,2023-05-21 04:00:00,20.24000000,20.29000000,20.22000000,20.28000000,73518.93000000
5222,2023-05-21 08:00:00,20.29000000,20.33000000,20.08000000,20.15000000,213026.78000000
5223,2023-05-21 12:00:00,20.14000000,20.19000000,19.81000000,19.94000000,563344.81000000
5224,2023-05-21 16:00:00,19.93000000,20.01000000,19.83000000,19.98000000,342095.72000000
5225,2023-05-21 20:00:00,19.98000000,20.06000000,19.33000000,19.61000000,659313.92000000
5226,2023-05-22 00:00:00,19.61000000,19.68000000,19.28000000,19.54000000,472971.21000000
5227,2023-05-22 04:00:00,19.54000000,19.79000000,19.52000000,19.69000000,227106.14000000
5228,2023-05-22 08:00:00,19.69000000,19.92000000,19.69000000,19.87000000,308324.95000000
5229,2023-05-22 12:00:00,19.87000000,20.03000000,19.57000000,19.67000000,486832.84000000
5230,2023-05-22 16:00:00,19.67000000,19.76000000,19.57000000,19.68000000,303260.00000000
5231,2023-05-22 20:00:00,19.69000000,19.75000000,19.51000000,19.53000000,256432.18000000
5232,2023-05-23 00:00:00,19.52000000,20.18000000,19.42000000,20.04000000,671932.99000000
5233,2023-05-23 04:00:00,20.04000000,20.11000000,19.74000000,19.84000000,366492.68000000
5234,2023-05-23 08:00:00,19.85000000,19.94000000,19.74000000,19.92000000,256021.35000000
5235,2023-05-23 12:00:00,19.92000000,20.07000000,19.81000000,20.00000000,436930.88000000
5236,2023-05-23 16:00:00,20.01000000,20.16000000,19.88000000,20.02000000,454764.71000000
5237,2023-05-23 20:00:00,20.03000000,20.12000000,19.98000000,20.02000000,280112.72000000
5238,2023-05-24 00:00:00,20.02000000,20.07000000,19.44000000,19.56000000,524684.53000000
5239,2023-05-24 04:00:00,19.55000000,19.60000000,19.38000000,19.42000000,367799.43000000
5240,2023-05-24 08:00:00,19.43000000,19.56000000,19.31000000,19.42000000,244814.68000000
5241,2023-05-24 12:00:00,19.43000000,19.49000000,18.66000000,19.17000000,1054704.02000000
5242,2023-05-24 16:00:00,19.17000000,19.29000000,19.04000000,19.19000000,353987.76000000
5243,2023-05-24 20:00:00,19.20000000,19.37000000,19.15000000,19.22000000,234611.15000000
5244,2023-05-25 00:00:00,19.22000000,19.40000000,18.77000000,19.37000000,515845.49000000
5245,2023-05-25 04:00:00,19.38000000,19.47000000,19.27000000,19.27000000,235493.67000000
5246,2023-05-25 08:00:00,19.27000000,19.42000000,19.24000000,19.38000000,277651.22000000
5247,2023-05-25 12:00:00,19.39000000,19.58000000,19.18000000,19.24000000,281869.48000000
5248,2023-05-25 16:00:00,19.24000000,19.43000000,19.19000000,19.31000000,253992.47000000
5249,2023-05-25 20:00:00,19.32000000,19.34000000,19.21000000,19.25000000,127890.56000000
5250,2023-05-26 00:00:00,19.25000000,19.36000000,19.18000000,19.29000000,149789.24000000
5251,2023-05-26 04:00:00,19.29000000,19.31000000,19.08000000,19.30000000,183769.67000000
5252,2023-05-26 08:00:00,19.30000000,19.35000000,19.25000000,19.29000000,147122.76000000
5253,2023-05-26 12:00:00,19.30000000,19.56000000,19.21000000,19.43000000,303259.65000000
5254,2023-05-26 16:00:00,19.43000000,19.50000000,19.30000000,19.46000000,155275.51000000
5255,2023-05-26 20:00:00,19.47000000,19.50000000,19.34000000,19.35000000,95055.69000000
5256,2023-05-27 00:00:00,19.35000000,19.50000000,19.33000000,19.48000000,77035.76000000
5257,2023-05-27 04:00:00,19.47000000,19.64000000,19.44000000,19.53000000,122668.88000000
5258,2023-05-27 08:00:00,19.53000000,19.54000000,19.44000000,19.48000000,125349.18000000
5259,2023-05-27 12:00:00,19.48000000,19.61000000,19.43000000,19.61000000,176790.86000000
5260,2023-05-27 16:00:00,19.61000000,19.69000000,19.51000000,19.67000000,208860.47000000
5261,2023-05-27 20:00:00,19.66000000,20.54000000,19.66000000,20.43000000,855289.88000000
5262,2023-05-28 00:00:00,20.42000000,20.79000000,20.29000000,20.48000000,778837.89000000
5263,2023-05-28 04:00:00,20.49000000,20.56000000,20.42000000,20.49000000,204639.31000000
5264,2023-05-28 08:00:00,20.48000000,20.67000000,20.40000000,20.52000000,321556.97000000
5265,2023-05-28 12:00:00,20.52000000,20.67000000,20.42000000,20.50000000,259898.85000000
5266,2023-05-28 16:00:00,20.50000000,20.99000000,20.47000000,20.77000000,570986.25000000
5267,2023-05-28 20:00:00,20.77000000,21.19000000,20.71000000,20.81000000,738540.30000000
5268,2023-05-29 00:00:00,20.81000000,20.98000000,20.64000000,20.70000000,513409.64000000
5269,2023-05-29 04:00:00,20.71000000,20.78000000,20.54000000,20.73000000,242698.63000000
5270,2023-05-29 08:00:00,20.73000000,20.78000000,20.61000000,20.74000000,245153.37000000
5271,2023-05-29 12:00:00,20.75000000,20.78000000,20.41000000,20.48000000,453592.26000000
5272,2023-05-29 16:00:00,20.47000000,20.59000000,20.26000000,20.51000000,596610.27000000
5273,2023-05-29 20:00:00,20.50000000,20.68000000,20.43000000,20.57000000,170888.21000000
5274,2023-05-30 00:00:00,20.57000000,21.17000000,20.46000000,20.86000000,736902.67000000
5275,2023-05-30 04:00:00,20.87000000,20.92000000,20.66000000,20.74000000,313053.30000000
5276,2023-05-30 08:00:00,20.75000000,21.37000000,20.74000000,21.28000000,577843.45000000
5277,2023-05-30 12:00:00,21.28000000,21.40000000,20.88000000,20.96000000,750894.19000000
5278,2023-05-30 16:00:00,20.95000000,21.39000000,20.80000000,21.36000000,591885.76000000
5279,2023-05-30 20:00:00,21.36000000,21.39000000,21.14000000,21.25000000,222074.54000000
5280,2023-05-31 00:00:00,21.25000000,21.33000000,20.94000000,21.10000000,281632.57000000
5281,2023-05-31 04:00:00,21.10000000,21.14000000,20.47000000,20.72000000,704191.66000000
5282,2023-05-31 08:00:00,20.72000000,20.81000000,20.52000000,20.61000000,280005.62000000
5283,2023-05-31 12:00:00,20.61000000,20.70000000,20.37000000,20.48000000,385784.52000000
5284,2023-05-31 16:00:00,20.47000000,20.73000000,20.45000000,20.64000000,244433.65000000
5285,2023-05-31 20:00:00,20.64000000,20.84000000,20.63000000,20.81000000,154577.94000000
5286,2023-06-01 00:00:00,20.82000000,20.98000000,20.41000000,20.70000000,489397.50000000
5287,2023-06-01 04:00:00,20.70000000,20.74000000,20.55000000,20.61000000,184922.29000000
5288,2023-06-01 08:00:00,20.62000000,20.73000000,20.58000000,20.72000000,181120.74000000
5289,2023-06-01 12:00:00,20.71000000,20.90000000,20.62000000,20.69000000,370898.47000000
5290,2023-06-01 16:00:00,20.69000000,20.86000000,20.50000000,20.68000000,346070.58000000
5291,2023-06-01 20:00:00,20.67000000,20.71000000,20.41000000,20.49000000,159887.89000000
5292,2023-06-02 00:00:00,20.49000000,20.78000000,20.30000000,20.76000000,293977.52000000
5293,2023-06-02 04:00:00,20.77000000,21.14000000,20.71000000,20.98000000,426843.73000000
5294,2023-06-02 08:00:00,20.98000000,21.30000000,20.98000000,21.25000000,362159.85000000
5295,2023-06-02 12:00:00,21.25000000,21.30000000,20.95000000,21.19000000,441142.77000000
5296,2023-06-02 16:00:00,21.18000000,21.37000000,21.06000000,21.29000000,285586.76000000
5297,2023-06-02 20:00:00,21.30000000,21.37000000,21.18000000,21.26000000,258455.48000000
5298,2023-06-03 00:00:00,21.26000000,21.31000000,21.07000000,21.12000000,170153.39000000
5299,2023-06-03 04:00:00,21.12000000,21.19000000,21.03000000,21.17000000,121653.26000000
5300,2023-06-03 08:00:00,21.18000000,21.24000000,21.08000000,21.18000000,270231.02000000
5301,2023-06-03 12:00:00,21.17000000,21.25000000,21.08000000,21.25000000,159738.98000000
5302,2023-06-03 16:00:00,21.24000000,21.35000000,21.04000000,21.06000000,256335.37000000
5303,2023-06-03 20:00:00,21.06000000,21.19000000,20.95000000,21.19000000,152803.86000000
5304,2023-06-04 00:00:00,21.19000000,21.31000000,21.03000000,21.25000000,178125.00000000
5305,2023-06-04 04:00:00,21.26000000,21.82000000,21.22000000,21.60000000,467105.42000000
5306,2023-06-04 08:00:00,21.61000000,21.73000000,21.46000000,21.70000000,233189.21000000
5307,2023-06-04 12:00:00,21.70000000,22.15000000,21.69000000,22.05000000,803005.69000000
5308,2023-06-04 16:00:00,22.04000000,22.29000000,21.90000000,22.21000000,571231.30000000
5309,2023-06-04 20:00:00,22.21000000,22.30000000,21.78000000,21.82000000,547350.54000000
5310,2023-06-05 00:00:00,21.83000000,22.06000000,21.51000000,21.54000000,689128.61000000
5311,2023-06-05 04:00:00,21.53000000,21.69000000,21.39000000,21.66000000,434249.93000000
5312,2023-06-05 08:00:00,21.66000000,21.69000000,21.50000000,21.60000000,398652.16000000
5313,2023-06-05 12:00:00,21.61000000,21.61000000,19.84000000,19.93000000,1768310.01000000
5314,2023-06-05 16:00:00,19.92000000,20.58000000,19.03000000,20.03000000,2406807.45000000
5315,2023-06-05 20:00:00,20.03000000,20.14000000,19.67000000,20.00000000,517892.08000000
5316,2023-06-06 00:00:00,20.01000000,20.03000000,19.71000000,20.00000000,344591.76000000
5317,2023-06-06 04:00:00,19.99000000,20.12000000,19.86000000,20.11000000,433571.68000000
5318,2023-06-06 08:00:00,20.10000000,20.12000000,19.82000000,19.88000000,249819.30000000
5319,2023-06-06 12:00:00,19.88000000,20.08000000,19.23000000,19.94000000,1742366.29000000
5320,2023-06-06 16:00:00,19.95000000,20.66000000,19.91000000,20.59000000,1111256.32000000
5321,2023-06-06 20:00:00,20.58000000,20.70000000,20.23000000,20.38000000,501928.79000000
5322,2023-06-07 00:00:00,20.38000000,20.53000000,20.01000000,20.15000000,454245.96000000
5323,2023-06-07 04:00:00,20.15000000,20.25000000,19.96000000,20.01000000,246392.05000000
5324,2023-06-07 08:00:00,20.01000000,20.10000000,19.57000000,19.95000000,558764.76000000
5325,2023-06-07 12:00:00,19.95000000,19.96000000,19.22000000,19.32000000,849311.26000000
5326,2023-06-07 16:00:00,19.32000000,19.32000000,18.60000000,18.97000000,1109052.79000000
5327,2023-06-07 20:00:00,18.98000000,18.99000000,18.50000000,18.64000000,624504.13000000
5328,2023-06-08 00:00:00,18.64000000,18.88000000,18.23000000,18.47000000,535075.34000000
5329,2023-06-08 04:00:00,18.47000000,18.78000000,18.39000000,18.64000000,442998.18000000
5330,2023-06-08 08:00:00,18.65000000,18.83000000,18.55000000,18.79000000,417705.80000000
5331,2023-06-08 12:00:00,18.79000000,19.00000000,18.71000000,18.92000000,635932.82000000
5332,2023-06-08 16:00:00,18.92000000,18.93000000,18.56000000,18.86000000,345472.90000000
5333,2023-06-08 20:00:00,18.85000000,19.11000000,18.82000000,18.89000000,292528.97000000
5334,2023-06-09 00:00:00,18.88000000,18.92000000,18.59000000,18.76000000,312752.98000000
5335,2023-06-09 04:00:00,18.76000000,18.81000000,18.47000000,18.59000000,256051.16000000
5336,2023-06-09 08:00:00,18.58000000,19.37000000,18.55000000,19.27000000,582950.85000000
5337,2023-06-09 12:00:00,19.27000000,19.33000000,18.49000000,18.70000000,908627.02000000
5338,2023-06-09 16:00:00,18.71000000,18.71000000,17.22000000,17.39000000,1651999.16000000
5339,2023-06-09 20:00:00,17.39000000,17.75000000,17.11000000,17.40000000,1043074.32000000
5340,2023-06-10 00:00:00,17.40000000,17.43000000,16.03000000,16.29000000,2170498.45000000
5341,2023-06-10 04:00:00,16.29000000,16.47000000,12.80000000,14.42000000,6671106.66000000
5342,2023-06-10 08:00:00,14.42000000,15.07000000,14.25000000,14.92000000,2342382.28000000
5343,2023-06-10 12:00:00,14.92000000,14.93000000,14.42000000,14.77000000,1834029.69000000
5344,2023-06-10 16:00:00,14.77000000,15.87000000,14.52000000,15.32000000,3044008.00000000
5345,2023-06-10 20:00:00,15.33000000,15.89000000,15.19000000,15.61000000,1149709.75000000
5346,2023-06-11 00:00:00,15.61000000,15.79000000,15.39000000,15.57000000,791933.25000000
5347,2023-06-11 04:00:00,15.57000000,15.73000000,15.28000000,15.40000000,828634.44000000
5348,2023-06-11 08:00:00,15.40000000,15.71000000,15.29000000,15.53000000,815840.74000000
5349,2023-06-11 12:00:00,15.53000000,15.68000000,15.11000000,15.22000000,1002163.41000000
5350,2023-06-11 16:00:00,15.22000000,16.18000000,15.14000000,16.00000000,1607186.07000000
5351,2023-06-11 20:00:00,16.00000000,16.15000000,15.37000000,15.55000000,1018259.37000000
5352,2023-06-12 00:00:00,15.55000000,15.60000000,14.90000000,15.10000000,1049700.32000000
5353,2023-06-12 04:00:00,15.09000000,15.31000000,15.00000000,15.09000000,546058.13000000
5354,2023-06-12 08:00:00,15.09000000,15.69000000,15.02000000,15.40000000,927888.33000000
5355,2023-06-12 12:00:00,15.40000000,15.47000000,15.14000000,15.20000000,681627.74000000
5356,2023-06-12 16:00:00,15.20000000,15.33000000,14.74000000,14.96000000,1223559.27000000
5357,2023-06-12 20:00:00,14.95000000,15.39000000,14.90000000,15.19000000,766524.20000000
5358,2023-06-13 00:00:00,15.19000000,15.52000000,15.00000000,15.34000000,751179.50000000
5359,2023-06-13 04:00:00,15.33000000,15.52000000,15.12000000,15.43000000,442418.86000000
5360,2023-06-13 08:00:00,15.43000000,15.69000000,15.35000000,15.64000000,875317.11000000
5361,2023-06-13 12:00:00,15.63000000,16.00000000,14.76000000,14.80000000,1661885.08000000
5362,2023-06-13 16:00:00,14.80000000,15.16000000,14.78000000,14.97000000,641699.19000000
5363,2023-06-13 20:00:00,14.97000000,15.08000000,14.86000000,15.04000000,441774.53000000
5364,2023-06-14 00:00:00,15.03000000,15.30000000,14.92000000,15.25000000,320893.14000000
5365,2023-06-14 04:00:00,15.24000000,15.27000000,15.00000000,15.05000000,334905.19000000
5366,2023-06-14 08:00:00,15.06000000,15.24000000,15.04000000,15.20000000,243405.90000000
5367,2023-06-14 12:00:00,15.21000000,15.29000000,15.01000000,15.11000000,388275.89000000
5368,2023-06-14 16:00:00,15.10000000,15.37000000,14.87000000,15.09000000,1149352.70000000
5369,2023-06-14 20:00:00,15.09000000,15.13000000,14.06000000,14.48000000,1542058.71000000
5370,2023-06-15 00:00:00,14.49000000,15.08000000,14.42000000,14.92000000,764581.35000000
5371,2023-06-15 04:00:00,14.92000000,14.93000000,14.64000000,14.81000000,594431.01000000
5372,2023-06-15 08:00:00,14.81000000,14.92000000,14.45000000,14.65000000,915690.60000000
5373,2023-06-15 12:00:00,14.66000000,14.79000000,14.37000000,14.48000000,867353.88000000
5374,2023-06-15 16:00:00,14.48000000,14.82000000,14.18000000,14.77000000,875232.39000000
5375,2023-06-15 20:00:00,14.76000000,15.07000000,14.59000000,14.77000000,683359.62000000
5376,2023-06-16 00:00:00,14.78000000,14.87000000,14.63000000,14.80000000,199437.33000000
5377,2023-06-16 04:00:00,14.80000000,14.99000000,14.78000000,14.85000000,273870.18000000
5378,2023-06-16 08:00:00,14.85000000,14.95000000,14.53000000,14.56000000,364101.39000000
5379,2023-06-16 12:00:00,14.57000000,15.09000000,14.38000000,15.00000000,799198.72000000
5380,2023-06-16 16:00:00,15.01000000,15.47000000,14.89000000,15.28000000,845195.46000000
5381,2023-06-16 20:00:00,15.28000000,15.44000000,15.22000000,15.31000000,328087.01000000
5382,2023-06-17 00:00:00,15.32000000,15.43000000,15.16000000,15.42000000,255876.03000000
5383,2023-06-17 04:00:00,15.42000000,16.12000000,15.36000000,15.85000000,1020170.96000000
5384,2023-06-17 08:00:00,15.86000000,15.95000000,15.72000000,15.77000000,369614.13000000
5385,2023-06-17 12:00:00,15.76000000,15.92000000,15.56000000,15.65000000,396788.84000000
5386,2023-06-17 16:00:00,15.65000000,15.79000000,15.62000000,15.65000000,295594.90000000
5387,2023-06-17 20:00:00,15.66000000,15.77000000,15.59000000,15.64000000,162276.54000000
5388,2023-06-18 00:00:00,15.65000000,15.67000000,15.41000000,15.59000000,235421.36000000
5389,2023-06-18 04:00:00,15.59000000,15.70000000,15.47000000,15.59000000,193453.09000000
5390,2023-06-18 08:00:00,15.59000000,15.75000000,15.50000000,15.72000000,184944.74000000
5391,2023-06-18 12:00:00,15.73000000,15.79000000,15.61000000,15.72000000,179029.69000000
5392,2023-06-18 16:00:00,15.71000000,15.83000000,15.68000000,15.81000000,184564.83000000
5393,2023-06-18 20:00:00,15.82000000,15.84000000,15.28000000,15.45000000,626274.73000000
5394,2023-06-19 00:00:00,15.45000000,15.58000000,15.34000000,15.49000000,216399.13000000
5395,2023-06-19 04:00:00,15.48000000,15.54000000,15.41000000,15.48000000,157439.88000000
5396,2023-06-19 08:00:00,15.48000000,15.57000000,15.41000000,15.56000000,135135.73000000
5397,2023-06-19 12:00:00,15.57000000,15.70000000,15.45000000,15.56000000,259378.06000000
5398,2023-06-19 16:00:00,15.56000000,15.98000000,15.43000000,15.85000000,750752.40000000
5399,2023-06-19 20:00:00,15.85000000,16.14000000,15.79000000,16.10000000,371213.07000000
5400,2023-06-20 00:00:00,16.10000000,16.30000000,16.00000000,16.02000000,522971.71000000
5401,2023-06-20 04:00:00,16.03000000,16.13000000,15.92000000,15.98000000,183218.59000000
5402,2023-06-20 08:00:00,15.97000000,15.98000000,15.80000000,15.93000000,203978.92000000
5403,2023-06-20 12:00:00,15.93000000,16.10000000,15.73000000,15.95000000,479913.49000000
5404,2023-06-20 16:00:00,15.95000000,16.50000000,15.85000000,16.36000000,1085312.22000000
5405,2023-06-20 20:00:00,16.36000000,16.69000000,16.28000000,16.64000000,530186.79000000
5406,2023-06-21 00:00:00,16.65000000,17.21000000,16.56000000,16.76000000,850664.58000000
5407,2023-06-21 04:00:00,16.76000000,16.97000000,16.70000000,16.83000000,466731.33000000
5408,2023-06-21 08:00:00,16.82000000,16.90000000,16.64000000,16.79000000,404857.25000000
5409,2023-06-21 12:00:00,16.79000000,17.09000000,16.54000000,16.89000000,910940.25000000
5410,2023-06-21 16:00:00,16.88000000,17.29000000,16.81000000,17.12000000,1039760.65000000
5411,2023-06-21 20:00:00,17.13000000,17.40000000,16.95000000,17.23000000,473964.93000000
5412,2023-06-22 00:00:00,17.23000000,17.75000000,17.17000000,17.53000000,537548.16000000
5413,2023-06-22 04:00:00,17.54000000,17.56000000,17.14000000,17.37000000,582986.86000000
5414,2023-06-22 08:00:00,17.38000000,17.40000000,16.62000000,16.86000000,927245.76000000
5415,2023-06-22 12:00:00,16.85000000,17.16000000,16.66000000,16.90000000,696861.99000000
5416,2023-06-22 16:00:00,16.89000000,17.11000000,16.79000000,16.93000000,522943.93000000
5417,2023-06-22 20:00:00,16.94000000,16.95000000,16.57000000,16.62000000,279725.73000000
5418,2023-06-23 00:00:00,16.62000000,16.80000000,16.52000000,16.78000000,330719.21000000
5419,2023-06-23 04:00:00,16.78000000,16.86000000,16.68000000,16.78000000,246313.44000000
5420,2023-06-23 08:00:00,16.78000000,16.84000000,16.54000000,16.59000000,349403.13000000
5421,2023-06-23 12:00:00,16.60000000,17.05000000,16.16000000,16.98000000,1625839.21000000
5422,2023-06-23 16:00:00,16.98000000,17.27000000,16.81000000,17.13000000,1607547.40000000
5423,2023-06-23 20:00:00,17.12000000,17.53000000,16.92000000,17.13000000,691774.13000000
5424,2023-06-24 00:00:00,17.14000000,17.53000000,17.05000000,17.37000000,742167.58000000
5425,2023-06-24 04:00:00,17.37000000,17.42000000,17.02000000,17.07000000,340440.11000000
5426,2023-06-24 08:00:00,17.07000000,17.32000000,17.06000000,17.21000000,260157.54000000
5427,2023-06-24 12:00:00,17.22000000,17.39000000,16.50000000,16.62000000,799507.85000000
5428,2023-06-24 16:00:00,16.62000000,16.80000000,16.42000000,16.69000000,502835.34000000
5429,2023-06-24 20:00:00,16.69000000,16.69000000,16.37000000,16.64000000,263593.47000000
5430,2023-06-25 00:00:00,16.64000000,16.99000000,16.57000000,16.98000000,294209.85000000
5431,2023-06-25 04:00:00,16.98000000,17.37000000,16.92000000,17.28000000,515245.18000000
5432,2023-06-25 08:00:00,17.27000000,17.38000000,17.02000000,17.24000000,497076.26000000
5433,2023-06-25 12:00:00,17.25000000,17.30000000,16.76000000,17.12000000,697444.80000000
5434,2023-06-25 16:00:00,17.12000000,17.28000000,16.88000000,16.99000000,498760.16000000
5435,2023-06-25 20:00:00,16.98000000,17.11000000,16.80000000,16.96000000,220305.00000000
5436,2023-06-26 00:00:00,16.96000000,16.97000000,16.54000000,16.75000000,573348.32000000
5437,2023-06-26 04:00:00,16.76000000,17.06000000,16.61000000,16.93000000,320970.17000000
5438,2023-06-26 08:00:00,16.93000000,16.97000000,16.72000000,16.92000000,278045.41000000
5439,2023-06-26 12:00:00,16.92000000,17.12000000,16.74000000,16.82000000,467311.04000000
5440,2023-06-26 16:00:00,16.82000000,16.82000000,16.09000000,16.31000000,968807.20000000
5441,2023-06-26 20:00:00,16.31000000,16.33000000,15.89000000,16.27000000,448110.26000000
5442,2023-06-27 00:00:00,16.27000000,16.50000000,16.13000000,16.50000000,371199.59000000
5443,2023-06-27 04:00:00,16.50000000,16.74000000,16.35000000,16.73000000,397730.05000000
5444,2023-06-27 08:00:00,16.74000000,16.78000000,16.51000000,16.69000000,400367.66000000
5445,2023-06-27 12:00:00,16.70000000,16.83000000,16.33000000,16.39000000,767023.29000000
5446,2023-06-27 16:00:00,16.39000000,16.81000000,16.34000000,16.72000000,505613.43000000
5447,2023-06-27 20:00:00,16.71000000,16.93000000,16.48000000,16.63000000,509173.43000000
5448,2023-06-28 00:00:00,16.63000000,16.65000000,16.12000000,16.39000000,792979.43000000
5449,2023-06-28 04:00:00,16.39000000,16.39000000,15.79000000,15.98000000,781858.24000000
5450,2023-06-28 08:00:00,15.97000000,16.23000000,15.91000000,16.21000000,375992.82000000
5451,2023-06-28 12:00:00,16.21000000,16.52000000,16.08000000,16.33000000,709949.14000000
5452,2023-06-28 16:00:00,16.33000000,16.41000000,15.60000000,15.90000000,927361.83000000
5453,2023-06-28 20:00:00,15.90000000,16.10000000,15.77000000,15.97000000,452110.83000000
5454,2023-06-29 00:00:00,15.98000000,16.19000000,15.87000000,16.03000000,280096.33000000
5455,2023-06-29 04:00:00,16.03000000,16.35000000,16.00000000,16.26000000,293099.21000000
5456,2023-06-29 08:00:00,16.26000000,18.28000000,16.24000000,18.06000000,3450492.46000000
5457,2023-06-29 12:00:00,18.06000000,18.24000000,17.26000000,17.68000000,2119493.80000000
5458,2023-06-29 16:00:00,17.67000000,17.80000000,17.52000000,17.73000000,916651.78000000
5459,2023-06-29 20:00:00,17.73000000,18.06000000,17.44000000,17.99000000,888418.15000000
5460,2023-06-30 00:00:00,18.00000000,19.08000000,17.86000000,18.95000000,2433543.72000000
5461,2023-06-30 04:00:00,18.96000000,19.07000000,18.41000000,18.80000000,1319725.44000000
5462,2023-06-30 08:00:00,18.79000000,19.02000000,18.58000000,18.88000000,892280.93000000
5463,2023-06-30 12:00:00,18.88000000,19.56000000,17.01000000,18.28000000,3800730.01000000
5464,2023-06-30 16:00:00,18.28000000,20.03000000,18.17000000,19.10000000,2329438.45000000
5465,2023-06-30 20:00:00,19.10000000,19.36000000,18.81000000,18.86000000,678297.94000000
5466,2023-07-01 00:00:00,18.85000000,19.00000000,18.16000000,18.30000000,976594.97000000
5467,2023-07-01 04:00:00,18.31000000,18.48000000,17.90000000,18.45000000,1089805.41000000
5468,2023-07-01 08:00:00,18.44000000,18.51000000,18.19000000,18.33000000,458176.87000000
5469,2023-07-01 12:00:00,18.34000000,18.57000000,18.25000000,18.44000000,431568.59000000
5470,2023-07-01 16:00:00,18.44000000,18.49000000,18.25000000,18.33000000,278210.51000000
5471,2023-07-01 20:00:00,18.33000000,18.74000000,18.33000000,18.70000000,280735.58000000
5472,2023-07-02 00:00:00,18.70000000,18.91000000,18.53000000,18.76000000,827666.71000000
5473,2023-07-02 04:00:00,18.76000000,19.50000000,18.56000000,19.22000000,1181714.10000000
5474,2023-07-02 08:00:00,19.22000000,19.41000000,19.00000000,19.04000000,597756.13000000
5475,2023-07-02 12:00:00,19.04000000,19.39000000,18.77000000,19.29000000,1025061.82000000
5476,2023-07-02 16:00:00,19.29000000,19.49000000,19.07000000,19.36000000,631492.36000000
5477,2023-07-02 20:00:00,19.37000000,19.74000000,19.24000000,19.45000000,609083.96000000
5478,2023-07-03 00:00:00,19.46000000,19.66000000,19.17000000,19.58000000,439596.14000000
5479,2023-07-03 04:00:00,19.57000000,19.58000000,19.23000000,19.43000000,379217.62000000
5480,2023-07-03 08:00:00,19.42000000,19.51000000,19.30000000,19.47000000,325870.08000000
5481,2023-07-03 12:00:00,19.46000000,19.50000000,18.94000000,19.29000000,846663.90000000
5482,2023-07-03 16:00:00,19.28000000,19.35000000,19.02000000,19.28000000,515430.59000000
5483,2023-07-03 20:00:00,19.28000000,19.32000000,18.87000000,19.26000000,558408.51000000
5484,2023-07-04 00:00:00,19.25000000,19.50000000,19.21000000,19.29000000,378220.68000000
5485,2023-07-04 04:00:00,19.29000000,19.32000000,19.06000000,19.10000000,270516.97000000
5486,2023-07-04 08:00:00,19.09000000,19.25000000,19.07000000,19.23000000,225601.80000000
5487,2023-07-04 12:00:00,19.23000000,19.94000000,19.21000000,19.84000000,1031425.68000000
5488,2023-07-04 16:00:00,19.84000000,19.86000000,19.30000000,19.50000000,777600.82000000
5489,2023-07-04 20:00:00,19.50000000,19.57000000,19.09000000,19.13000000,412926.23000000
5490,2023-07-05 00:00:00,19.14000000,19.30000000,19.10000000,19.28000000,189095.73000000
5491,2023-07-05 04:00:00,19.29000000,19.38000000,19.19000000,19.32000000,207241.67000000
5492,2023-07-05 08:00:00,19.32000000,19.53000000,18.32000000,18.71000000,939298.19000000
5493,2023-07-05 12:00:00,18.70000000,18.90000000,18.44000000,18.59000000,540333.40000000
5494,2023-07-05 16:00:00,18.59000000,18.88000000,18.51000000,18.60000000,295402.29000000
5495,2023-07-05 20:00:00,18.60000000,19.04000000,18.54000000,19.00000000,244537.23000000
5496,2023-07-06 00:00:00,18.99000000,19.75000000,18.95000000,19.46000000,1160564.03000000
5497,2023-07-06 04:00:00,19.45000000,19.74000000,19.32000000,19.59000000,572255.93000000
5498,2023-07-06 08:00:00,19.60000000,20.36000000,19.54000000,19.90000000,1619888.08000000
5499,2023-07-06 12:00:00,19.89000000,19.92000000,18.82000000,19.71000000,2008091.13000000
5500,2023-07-06 16:00:00,19.70000000,21.00000000,19.50000000,20.91000000,2529815.89000000
5501,2023-07-06 20:00:00,20.91000000,20.98000000,19.60000000,19.61000000,1707401.93000000
5502,2023-07-07 00:00:00,19.61000000,20.52000000,19.45000000,20.21000000,1219186.14000000
5503,2023-07-07 04:00:00,20.20000000,20.30000000,19.26000000,19.46000000,1080276.46000000
5504,2023-07-07 08:00:00,19.45000000,20.35000000,19.26000000,20.17000000,1681262.86000000
5505,2023-07-07 12:00:00,20.17000000,21.90000000,20.17000000,21.23000000,3532029.17000000
5506,2023-07-07 16:00:00,21.22000000,21.54000000,21.04000000,21.43000000,1489016.33000000
5507,2023-07-07 20:00:00,21.43000000,21.86000000,21.15000000,21.50000000,792325.52000000
5508,2023-07-08 00:00:00,21.51000000,21.99000000,21.43000000,21.70000000,883661.32000000
5509,2023-07-08 04:00:00,21.70000000,22.13000000,21.32000000,21.99000000,1319410.05000000
5510,2023-07-08 08:00:00,21.98000000,22.50000000,21.79000000,21.94000000,1541611.34000000
5511,2023-07-08 12:00:00,21.93000000,21.99000000,21.37000000,21.52000000,1074117.27000000
5512,2023-07-08 16:00:00,21.52000000,22.00000000,21.40000000,21.62000000,1098945.57000000
5513,2023-07-08 20:00:00,21.62000000,21.99000000,21.42000000,21.81000000,555275.71000000
5514,2023-07-09 00:00:00,21.82000000,22.38000000,21.53000000,21.66000000,990308.72000000
5515,2023-07-09 04:00:00,21.67000000,21.87000000,21.40000000,21.56000000,472642.90000000
5516,2023-07-09 08:00:00,21.57000000,21.89000000,21.50000000,21.62000000,506092.50000000
5517,2023-07-09 12:00:00,21.62000000,21.85000000,21.10000000,21.25000000,1009868.14000000
5518,2023-07-09 16:00:00,21.25000000,21.40000000,21.17000000,21.29000000,356194.61000000
5519,2023-07-09 20:00:00,21.29000000,21.48000000,20.99000000,21.32000000,532254.89000000
5520,2023-07-10 00:00:00,21.32000000,21.37000000,20.78000000,21.25000000,1244273.28000000
5521,2023-07-10 04:00:00,21.25000000,21.28000000,20.56000000,20.74000000,672933.34000000
5522,2023-07-10 08:00:00,20.73000000,20.88000000,20.47000000,20.80000000,740257.81000000
5523,2023-07-10 12:00:00,20.80000000,21.30000000,20.66000000,21.15000000,832851.31000000
5524,2023-07-10 16:00:00,21.16000000,21.62000000,20.91000000,21.58000000,767329.61000000
5525,2023-07-10 20:00:00,21.59000000,21.81000000,21.08000000,21.30000000,1413444.59000000
5526,2023-07-11 00:00:00,21.30000000,21.80000000,21.20000000,21.74000000,780418.35000000
5527,2023-07-11 04:00:00,21.74000000,22.26000000,21.70000000,22.11000000,985646.07000000
5528,2023-07-11 08:00:00,22.11000000,22.15000000,21.83000000,22.05000000,576117.71000000
5529,2023-07-11 12:00:00,22.04000000,22.37000000,21.87000000,22.13000000,1228030.12000000
5530,2023-07-11 16:00:00,22.14000000,22.19000000,21.90000000,21.97000000,494393.05000000
5531,2023-07-11 20:00:00,21.97000000,22.11000000,21.74000000,22.07000000,552205.41000000
5532,2023-07-12 00:00:00,22.06000000,22.27000000,21.89000000,21.91000000,561692.95000000
5533,2023-07-12 04:00:00,21.91000000,22.16000000,21.86000000,22.03000000,398049.20000000
5534,2023-07-12 08:00:00,22.02000000,22.18000000,21.94000000,22.13000000,486640.64000000
5535,2023-07-12 12:00:00,22.13000000,22.80000000,21.98000000,22.42000000,2805369.15000000
5536,2023-07-12 16:00:00,22.42000000,22.47000000,21.74000000,21.84000000,1171482.93000000
5537,2023-07-12 20:00:00,21.84000000,22.14000000,21.76000000,21.94000000,662879.08000000
5538,2023-07-13 00:00:00,21.93000000,22.02000000,21.56000000,21.65000000,606532.34000000
5539,2023-07-13 04:00:00,21.65000000,21.95000000,21.42000000,21.76000000,682727.38000000
5540,2023-07-13 08:00:00,21.77000000,22.49000000,21.72000000,22.41000000,796426.70000000
5541,2023-07-13 12:00:00,22.42000000,25.40000000,22.11000000,24.06000000,3890638.87000000
5542,2023-07-13 16:00:00,24.06000000,26.82000000,24.06000000,26.20000000,8423872.85000000
5543,2023-07-13 20:00:00,26.19000000,26.21000000,25.36000000,26.01000000,1701940.88000000
5544,2023-07-14 00:00:00,26.01000000,32.13000000,25.60000000,28.54000000,7551859.20000000
5545,2023-07-14 04:00:00,28.54000000,28.91000000,28.22000000,28.71000000,1972597.08000000
5546,2023-07-14 08:00:00,28.71000000,29.98000000,27.64000000,28.05000000,2840361.97000000
5547,2023-07-14 12:00:00,28.05000000,28.34000000,27.38000000,28.17000000,1500629.20000000
5548,2023-07-14 16:00:00,28.17000000,28.24000000,25.56000000,26.07000000,3836463.13000000
5549,2023-07-14 20:00:00,26.07000000,26.91000000,25.23000000,26.67000000,1870003.23000000
5550,2023-07-15 00:00:00,26.67000000,28.02000000,26.45000000,27.15000000,2963090.22000000
5551,2023-07-15 04:00:00,27.15000000,28.94000000,27.12000000,28.73000000,2394545.83000000
5552,2023-07-15 08:00:00,28.72000000,29.12000000,28.44000000,28.93000000,1723468.76000000
5553,2023-07-15 12:00:00,28.93000000,29.04000000,27.42000000,27.56000000,1826829.54000000
5554,2023-07-15 16:00:00,27.56000000,28.19000000,27.01000000,27.90000000,1410410.94000000
5555,2023-07-15 20:00:00,27.90000000,27.90000000,27.21000000,27.46000000,724313.36000000
5556,2023-07-16 00:00:00,27.47000000,27.95000000,26.46000000,27.03000000,1804289.58000000
5557,2023-07-16 04:00:00,27.03000000,27.94000000,27.03000000,27.70000000,843567.64000000
5558,2023-07-16 08:00:00,27.70000000,28.33000000,27.65000000,28.06000000,1021535.41000000
5559,2023-07-16 12:00:00,28.07000000,28.70000000,27.92000000,28.10000000,1252325.20000000
5560,2023-07-16 16:00:00,28.10000000,28.12000000,27.32000000,27.37000000,930921.01000000
5561,2023-07-16 20:00:00,27.36000000,27.77000000,27.07000000,27.42000000,856277.77000000
5562,2023-07-17 00:00:00,27.41000000,28.44000000,27.20000000,28.02000000,1173651.60000000
5563,2023-07-17 04:00:00,28.01000000,28.49000000,27.35000000,27.64000000,934103.55000000
5564,2023-07-17 08:00:00,27.63000000,27.64000000,26.55000000,27.13000000,1618223.02000000
5565,2023-07-17 12:00:00,27.14000000,27.39000000,26.36000000,27.01000000,1309136.51000000
5566,2023-07-17 16:00:00,27.01000000,27.26000000,25.55000000,26.18000000,2234012.11000000
5567,2023-07-17 20:00:00,26.18000000,27.00000000,26.15000000,26.80000000,1393710.85000000
5568,2023-07-18 00:00:00,26.80000000,27.09000000,26.41000000,26.56000000,666632.52000000
5569,2023-07-18 04:00:00,26.57000000,26.61000000,25.66000000,25.71000000,1254845.54000000
5570,2023-07-18 08:00:00,25.71000000,26.12000000,24.87000000,25.02000000,1830564.56000000
5571,2023-07-18 12:00:00,25.02000000,25.69000000,24.76000000,25.53000000,1301073.56000000
5572,2023-07-18 16:00:00,25.52000000,25.78000000,24.87000000,25.29000000,876121.96000000
5573,2023-07-18 20:00:00,25.30000000,25.58000000,25.05000000,25.54000000,398077.74000000
5574,2023-07-19 00:00:00,25.54000000,26.59000000,25.35000000,26.40000000,969389.70000000
5575,2023-07-19 04:00:00,26.40000000,26.52000000,26.08000000,26.21000000,524318.74000000
5576,2023-07-19 08:00:00,26.21000000,26.50000000,25.67000000,26.48000000,618167.05000000
5577,2023-07-19 12:00:00,26.48000000,26.73000000,25.83000000,26.37000000,1019981.73000000
5578,2023-07-19 16:00:00,26.36000000,26.91000000,26.19000000,26.77000000,953600.48000000
5579,2023-07-19 20:00:00,26.77000000,26.99000000,26.26000000,26.31000000,881447.54000000
5580,2023-07-20 00:00:00,26.31000000,26.81000000,26.14000000,26.49000000,523559.31000000
5581,2023-07-20 04:00:00,26.49000000,26.95000000,26.31000000,26.87000000,565461.35000000
5582,2023-07-20 08:00:00,26.86000000,27.38000000,26.80000000,27.16000000,936799.67000000
5583,2023-07-20 12:00:00,27.15000000,27.24000000,25.57000000,25.69000000,1436771.64000000
5584,2023-07-20 16:00:00,25.69000000,25.77000000,25.21000000,25.39000000,900371.65000000
5585,2023-07-20 20:00:00,25.40000000,25.68000000,25.03000000,25.38000000,614314.96000000
5586,2023-07-21 00:00:00,25.38000000,25.62000000,25.08000000,25.49000000,492354.97000000
5587,2023-07-21 04:00:00,25.49000000,25.51000000,25.13000000,25.18000000,416709.30000000
5588,2023-07-21 08:00:00,25.17000000,25.47000000,25.06000000,25.28000000,475540.49000000
5589,2023-07-21 12:00:00,25.28000000,25.60000000,25.25000000,25.31000000,706179.90000000
5590,2023-07-21 16:00:00,25.30000000,26.00000000,25.17000000,25.79000000,813057.95000000
5591,2023-07-21 20:00:00,25.80000000,25.91000000,25.46000000,25.50000000,391601.77000000
5592,2023-07-22 00:00:00,25.51000000,25.97000000,25.45000000,25.84000000,363368.88000000
5593,2023-07-22 04:00:00,25.84000000,25.86000000,25.59000000,25.77000000,192554.94000000
5594,2023-07-22 08:00:00,25.77000000,25.89000000,25.40000000,25.60000000,323537.83000000
5595,2023-07-22 12:00:00,25.60000000,25.76000000,25.51000000,25.68000000,212915.12000000
5596,2023-07-22 16:00:00,25.69000000,25.75000000,25.22000000,25.29000000,393212.50000000
5597,2023-07-22 20:00:00,25.30000000,25.37000000,24.00000000,24.52000000,897308.94000000
5598,2023-07-23 00:00:00,24.52000000,24.80000000,24.15000000,24.71000000,536538.85000000
5599,2023-07-23 04:00:00,24.72000000,24.91000000,24.62000000,24.68000000,338097.93000000
5600,2023-07-23 08:00:00,24.69000000,24.86000000,24.63000000,24.67000000,211516.14000000
5601,2023-07-23 12:00:00,24.67000000,24.71000000,24.51000000,24.69000000,252599.41000000
5602,2023-07-23 16:00:00,24.69000000,25.26000000,24.69000000,24.90000000,683800.94000000
5603,2023-07-23 20:00:00,24.90000000,25.00000000,24.52000000,24.76000000,319036.52000000
5604,2023-07-24 00:00:00,24.76000000,24.83000000,24.23000000,24.35000000,393844.88000000
5605,2023-07-24 04:00:00,24.34000000,24.69000000,24.07000000,24.58000000,293085.98000000
5606,2023-07-24 08:00:00,24.57000000,24.63000000,23.05000000,23.63000000,1302857.13000000
5607,2023-07-24 12:00:00,23.62000000,23.68000000,22.89000000,23.21000000,1092379.84000000
5608,2023-07-24 16:00:00,23.21000000,23.50000000,23.07000000,23.31000000,501657.75000000
5609,2023-07-24 20:00:00,23.31000000,23.61000000,23.23000000,23.37000000,458240.64000000
5610,2023-07-25 00:00:00,23.36000000,23.52000000,23.13000000,23.37000000,340223.56000000
5611,2023-07-25 04:00:00,23.38000000,23.39000000,22.96000000,23.09000000,343967.45000000
5612,2023-07-25 08:00:00,23.09000000,23.40000000,23.03000000,23.17000000,275843.99000000
5613,2023-07-25 12:00:00,23.18000000,23.60000000,22.73000000,23.22000000,917812.49000000
5614,2023-07-25 16:00:00,23.22000000,23.46000000,23.07000000,23.17000000,407584.26000000
5615,2023-07-25 20:00:00,23.16000000,23.36000000,23.12000000,23.27000000,236763.69000000
5616,2023-07-26 00:00:00,23.28000000,23.69000000,23.17000000,23.52000000,645721.52000000
5617,2023-07-26 04:00:00,23.51000000,23.62000000,23.37000000,23.48000000,276355.14000000
5618,2023-07-26 08:00:00,23.47000000,23.98000000,23.43000000,23.82000000,683936.83000000
5619,2023-07-26 12:00:00,23.82000000,25.00000000,23.81000000,24.91000000,1550101.75000000
5620,2023-07-26 16:00:00,24.92000000,25.68000000,24.50000000,25.37000000,2100613.68000000
5621,2023-07-26 20:00:00,25.37000000,25.59000000,25.07000000,25.17000000,776987.66000000
5622,2023-07-27 00:00:00,25.18000000,25.53000000,24.66000000,24.93000000,869164.82000000
5623,2023-07-27 04:00:00,24.93000000,25.36000000,24.93000000,25.02000000,520991.04000000
5624,2023-07-27 08:00:00,25.01000000,25.50000000,24.92000000,25.39000000,596947.83000000
5625,2023-07-27 12:00:00,25.38000000,25.65000000,25.04000000,25.16000000,1062891.13000000
5626,2023-07-27 16:00:00,25.15000000,25.34000000,24.71000000,24.94000000,835834.75000000
5627,2023-07-27 20:00:00,24.95000000,25.25000000,24.76000000,25.10000000,321827.49000000
5628,2023-07-28 00:00:00,25.10000000,25.40000000,24.83000000,24.94000000,363690.34000000
5629,2023-07-28 04:00:00,24.94000000,25.03000000,24.56000000,24.63000000,383955.77000000
5630,2023-07-28 08:00:00,24.63000000,24.84000000,24.54000000,24.63000000,313985.41000000
5631,2023-07-28 12:00:00,24.63000000,25.56000000,24.63000000,25.23000000,964123.28000000
5632,2023-07-28 16:00:00,25.23000000,25.42000000,24.83000000,25.05000000,484312.10000000
5633,2023-07-28 20:00:00,25.04000000,25.12000000,24.81000000,24.82000000,226617.28000000
5634,2023-07-29 00:00:00,24.82000000,25.21000000,24.75000000,25.13000000,289640.32000000
5635,2023-07-29 04:00:00,25.13000000,25.25000000,25.04000000,25.07000000,303839.80000000
5636,2023-07-29 08:00:00,25.07000000,25.18000000,24.94000000,24.97000000,287059.02000000
5637,2023-07-29 12:00:00,24.96000000,25.21000000,24.92000000,25.08000000,295632.18000000
5638,2023-07-29 16:00:00,25.07000000,25.35000000,25.03000000,25.22000000,401654.73000000
5639,2023-07-29 20:00:00,25.22000000,25.39000000,25.13000000,25.17000000,191138.02000000
5640,2023-07-30 00:00:00,25.17000000,25.21000000,25.01000000,25.02000000,242091.93000000
5641,2023-07-30 04:00:00,25.02000000,25.13000000,24.84000000,24.93000000,201499.84000000
5642,2023-07-30 08:00:00,24.93000000,25.06000000,24.83000000,24.97000000,217619.67000000
5643,2023-07-30 12:00:00,24.97000000,25.10000000,24.73000000,24.90000000,404467.33000000
5644,2023-07-30 16:00:00,24.89000000,25.00000000,23.87000000,24.24000000,858378.35000000
5645,2023-07-30 20:00:00,24.24000000,24.33000000,23.47000000,24.25000000,850601.51000000
5646,2023-07-31 00:00:00,24.25000000,24.79000000,24.12000000,24.64000000,570819.89000000
5647,2023-07-31 04:00:00,24.65000000,24.69000000,24.37000000,24.49000000,354918.58000000
5648,2023-07-31 08:00:00,24.49000000,24.60000000,24.35000000,24.46000000,306207.62000000
5649,2023-07-31 12:00:00,24.46000000,24.71000000,23.91000000,23.92000000,819237.28000000
5650,2023-07-31 16:00:00,23.93000000,24.15000000,23.52000000,23.68000000,645926.19000000
5651,2023-07-31 20:00:00,23.68000000,23.93000000,23.56000000,23.73000000,470255.52000000
5652,2023-08-01 00:00:00,23.72000000,23.99000000,22.88000000,23.40000000,1041122.98000000
5653,2023-08-01 04:00:00,23.39000000,23.65000000,23.26000000,23.48000000,440165.43000000
5654,2023-08-01 08:00:00,23.48000000,23.63000000,23.30000000,23.33000000,280202.29000000
5655,2023-08-01 12:00:00,23.34000000,23.48000000,22.84000000,23.27000000,774746.41000000
5656,2023-08-01 16:00:00,23.27000000,23.80000000,23.19000000,23.62000000,555081.28000000
5657,2023-08-01 20:00:00,23.62000000,24.07000000,23.47000000,24.05000000,506761.82000000
5658,2023-08-02 00:00:00,24.06000000,24.29000000,23.64000000,23.67000000,775990.17000000
5659,2023-08-02 04:00:00,23.67000000,23.81000000,23.58000000,23.64000000,302745.40000000
5660,2023-08-02 08:00:00,23.63000000,23.72000000,23.42000000,23.68000000,367542.96000000
5661,2023-08-02 12:00:00,23.69000000,23.72000000,23.10000000,23.26000000,665311.35000000
5662,2023-08-02 16:00:00,23.25000000,23.33000000,22.82000000,23.18000000,884852.41000000
5663,2023-08-02 20:00:00,23.17000000,23.33000000,23.01000000,23.15000000,312238.38000000
5664,2023-08-03 00:00:00,23.14000000,23.38000000,23.07000000,23.24000000,250566.14000000
5665,2023-08-03 04:00:00,23.25000000,23.28000000,22.44000000,22.71000000,714146.82000000
5666,2023-08-03 08:00:00,22.71000000,22.85000000,22.45000000,22.75000000,573890.35000000
5667,2023-08-03 12:00:00,22.75000000,23.11000000,22.60000000,22.79000000,550884.75000000
5668,2023-08-03 16:00:00,22.80000000,23.08000000,22.70000000,22.89000000,407269.29000000
5669,2023-08-03 20:00:00,22.89000000,23.11000000,22.47000000,22.65000000,485095.67000000
5670,2023-08-04 00:00:00,22.65000000,22.79000000,22.48000000,22.74000000,419587.83000000
5671,2023-08-04 04:00:00,22.75000000,23.02000000,22.65000000,22.97000000,354864.76000000
5672,2023-08-04 08:00:00,22.96000000,23.07000000,22.83000000,22.91000000,263558.37000000
5673,2023-08-04 12:00:00,22.91000000,23.57000000,22.86000000,23.35000000,958262.52000000
5674,2023-08-04 16:00:00,23.36000000,23.46000000,22.76000000,22.94000000,681530.15000000
5675,2023-08-04 20:00:00,22.94000000,23.03000000,22.49000000,22.80000000,547250.29000000
5676,2023-08-05 00:00:00,22.80000000,22.83000000,22.49000000,22.73000000,382836.21000000
5677,2023-08-05 04:00:00,22.72000000,22.88000000,22.56000000,22.77000000,180652.79000000
5678,2023-08-05 08:00:00,22.77000000,22.94000000,22.71000000,22.79000000,179653.14000000
5679,2023-08-05 12:00:00,22.79000000,22.81000000,22.49000000,22.59000000,364718.13000000
5680,2023-08-05 16:00:00,22.59000000,22.70000000,22.23000000,22.59000000,521151.08000000
5681,2023-08-05 20:00:00,22.59000000,22.70000000,22.49000000,22.65000000,152290.04000000
5682,2023-08-06 00:00:00,22.66000000,22.90000000,22.58000000,22.84000000,283219.33000000
5683,2023-08-06 04:00:00,22.83000000,23.13000000,22.82000000,23.02000000,406621.36000000
5684,2023-08-06 08:00:00,23.03000000,23.48000000,22.99000000,23.21000000,699107.77000000
5685,2023-08-06 12:00:00,23.21000000,23.26000000,22.85000000,23.07000000,426081.20000000
